Compañia,Desc. compañia,Auxiliar,Desc. auxiliar,Tercero,C.Costo,C.O. ,U.N.,Desc. Moneda alt.,Saldo inicial,Saldo final,Unnamed: 11,SCOA6DIG,Tag 1,Tag 2,Tag 3,Tag 4,Tag 5,Tag 6,Tag 7,Tag 8,Tag 9
3,FONDO DE INVERSION COLETIVA INTERES,111505003,(FI) PICHINCHA Cta No. 410216321,,,1,99,PESOS,"55919562,97","56494467,82",,111505,Activo,,Activo Corriente,Efectivo y equivales de efectivo,Bancos nacionales,,,Disponible,
3,FONDO DE INVERSION COLETIVA INTERES,111505004,(FI) PICHINCHA Cta No. 410216369,,,1,99,PESOS,"21719686,68","21719686,68",,111505,Activo,,Activo Corriente,Efectivo y equivales de efectivo,Bancos nacionales,,,Disponible,
3,FONDO DE INVERSION COLETIVA INTERES,111505008,(FI) BOGOTA Cta No.049216468            ,,,1,99,PESOS,"239338260,0","6727679,0",,111505,Activo,,Activo Corriente,Efectivo y equivales de efectivo,Bancos nacionales,,,Disponible,
3,FONDO DE INVERSION COLETIVA INTERES,111505018,(FI) IRIS FINANCIERA Cta No.100607692719,,,1,99,PESOS,"2063586549,08","102766240,91",,111505,Activo,,Activo Corriente,Efectivo y equivales de efectivo,Bancos nacionales,,,Disponible,
3,FONDO DE INVERSION COLETIVA INTERES,111505019,(FI) BANCOLOMBIA Cta No. 03151519278,,,1,99,PESOS,"220430990,24","224384843,31",,111505,Activo,,Activo Corriente,Efectivo y equivales de efectivo,Bancos nacionales,,,Disponible,
3,FONDO DE INVERSION COLETIVA INTERES,111505020,(FI) BOGOTA Cta No.049219793,,,1,99,PESOS,"32119916,04","32119916,04",,111505,Activo,,Activo Corriente,Efectivo y equivales de efectivo,Bancos nacionales,,,Disponible,
3,FONDO DE INVERSION COLETIVA INTERES,111505022,(FI) COOPCENTRAL Cta No. 419009424,,,1,99,PESOS,"170935261,0","172612873,17",,111505,Activo,,Activo Corriente,Efectivo y equivales de efectivo,Bancos nacionales,,,Disponible,
3,FONDO DE INVERSION COLETIVA INTERES,111505024,(FI) BCO DAVIVIENDA Cta No. 482869977652,,,1,99,PESOS,"321001182,0","312519310,0",,111505,Activo,,Activo Corriente,Efectivo y equivales de efectivo,Bancos nacionales,,,Disponible,
3,FONDO DE INVERSION COLETIVA INTERES,111505025,(FI) IRIS FINANCIERA Cta No.100173520553,,,1,99,PESOS,"14369590757,08","14944950828,32",,111505,Activo,,Activo Corriente,Efectivo y equivales de efectivo,Bancos nacionales,,,Disponible,
3,FONDO DE INVERSION COLETIVA INTERES,111505026,(FI) SERFINANZA Cta No. 212001051872,,,1,99,PESOS,"8561230,11","8867340,24",,111505,Activo,,Activo Corriente,Efectivo y equivales de efectivo,Bancos nacionales,,,Disponible,
3,FONDO DE INVERSION COLETIVA INTERES,111505028,(FI) BANCOLDEX Cta No. 0000046973,,,1,99,PESOS,"1867716098,5","1928603994,98",,111505,Activo,,Activo Corriente,Efectivo y equivales de efectivo,Bancos nacionales,,,Disponible,
3,FONDO DE INVERSION COLETIVA INTERES,111505031,(FI) BCO DAVIVIENDA Cta No. 482800035982,,,1,99,PESOS,"132864765202,03","83849165479,97",,111505,Activo,,Activo Corriente,Efectivo y equivales de efectivo,Bancos nacionales,,,Disponible,
3,FONDO DE INVERSION COLETIVA INTERES,111505035,(FI) JP MORGAN Cta No. 2600000084,,,1,99,PESOS,"100000000,0","100000000,0",,111505,Activo,,Activo Corriente,Efectivo y equivales de efectivo,Bancos nacionales,,,Disponible,
3,FONDO DE INVERSION COLETIVA INTERES,111505038,(FI) COLPATRIA Cta No. 0131004990,,,1,99,PESOS,"191426776,43","191426776,43",,111505,Activo,,Activo Corriente,Efectivo y equivales de efectivo,Bancos nacionales,,,Disponible,
3,FONDO DE INVERSION COLETIVA INTERES,111505040,(FI) BNP PARIBAS Cta No.0500100018800173,,,1,99,PESOS,"72596438,54","75052791,06",,111505,Activo,,Activo Corriente,Efectivo y equivales de efectivo,Bancos nacionales,,,Disponible,
3,FONDO DE INVERSION COLETIVA INTERES,111505041,(FI) BCO CAJA SOCIAL Cta No.24132212302,,,1,99,PESOS,"9495324301,13","9799638795,74",,111505,Activo,,Activo Corriente,Efectivo y equivales de efectivo,Bancos nacionales,,,Disponible,
3,FONDO DE INVERSION COLETIVA INTERES,111505042,(FI) BCO SANTANDER Cta 100000326        ,,,1,99,PESOS,"12144411,99","12566801,09",,111505,Activo,,Activo Corriente,Efectivo y equivales de efectivo,Bancos nacionales,,,Disponible,
3,FONDO DE INVERSION COLETIVA INTERES,111505044,(FI) BCO SUDAMERIS Cta No. 91000023480,,,1,99,PESOS,"103195822907,14","30133000456,07",,111505,Activo,,Activo Corriente,Efectivo y equivales de efectivo,Bancos nacionales,,,Disponible,
3,FONDO DE INVERSION COLETIVA INTERES,111505045,(FI) BANCO W Cta No. 0000100064598200003,,,1,99,PESOS,"13539374111,09","8545500755,53",,111505,Activo,,Activo Corriente,Efectivo y equivales de efectivo,Bancos nacionales,,,Disponible,
3,FONDO DE INVERSION COLETIVA INTERES,111505046,(FI) BANCOOMEVA Cta No. 050302983001,,,1,99,PESOS,"39998036059,78","24343466123,33",,111505,Activo,,Activo Corriente,Efectivo y equivales de efectivo,Bancos nacionales,,,Disponible,
3,FONDO DE INVERSION COLETIVA INTERES,111505047,(FI) BNP PARIBAS Cta No 0500100018800367,,,1,99,PESOS,"146065,23","151007,43",,111505,Activo,,Activo Corriente,Efectivo y equivales de efectivo,Bancos nacionales,,,Disponible,
3,FONDO DE INVERSION COLETIVA INTERES,111505048,(FI) BANCO AV VILLAS Cta No. 059040204,,,1,99,PESOS,"7974529673,5","16411624590,78",,111505,Activo,,Activo Corriente,Efectivo y equivales de efectivo,Bancos nacionales,,,Disponible,
3,FONDO DE INVERSION COLETIVA INTERES,111505049,(FI) BCO SERFINANZA Cta No. 212001545415,,,1,99,PESOS,"2039666919,43","3764286179,19",,111505,Activo,,Activo Corriente,Efectivo y equivales de efectivo,Bancos nacionales,,,Disponible,
3,FONDO DE INVERSION COLETIVA INTERES,111505051,(FI) BANCO ITAU Cta No. 007075634,,,1,99,PESOS,"286806533,1","7841324057,41",,111505,Activo,,Activo Corriente,Efectivo y equivales de efectivo,Bancos nacionales,,,Disponible,
3,FONDO DE INVERSION COLETIVA INTERES,111505055,(FI) AV VILLAS Cta No.065035206         ,,,1,99,PESOS,"42112178,78","15500703,24",,111505,Activo,,Activo Corriente,Efectivo y equivales de efectivo,Bancos nacionales,,,Disponible,
3,FONDO DE INVERSION COLETIVA INTERES,111505056,(FI) BCO PICHINCHA Cta No.411285380,,,1,99,PESOS,"3550455438,02","3930558562,75",,111505,Activo,,Activo Corriente,Efectivo y equivales de efectivo,Bancos nacionales,,,Disponible,
3,FONDO DE INVERSION COLETIVA INTERES,111505057,(FI) BCO COLPATRIA Cta No.0072967709,,,1,99,PESOS,"2601416500,85","15063066603,66",,111505,Activo,,Activo Corriente,Efectivo y equivales de efectivo,Bancos nacionales,,,Disponible,
3,FONDO DE INVERSION COLETIVA INTERES,111505058,(FI) BCO FALABELLA Cta No.159920000166,,,1,99,PESOS,"4765777590,44","6153359456,99",,111505,Activo,,Activo Corriente,Efectivo y equivales de efectivo,Bancos nacionales,,,Disponible,
3,FONDO DE INVERSION COLETIVA INTERES,111505059,(FI) BCO AGRARIO Cta No.408203020911,,,1,99,PESOS,"8877845101,89","10697751292,24",,111505,Activo,,Activo Corriente,Efectivo y equivales de efectivo,Bancos nacionales,,,Disponible,
3,FONDO DE INVERSION COLETIVA INTERES,111505060,(FI) BANCO CITIBANK Cta No.5060135055,,,1,99,PESOS,"7999614059,58","18215497874,6",,111505,Activo,,Activo Corriente,Efectivo y equivales de efectivo,Bancos nacionales,,,Disponible,
3,FONDO DE INVERSION COLETIVA INTERES,111505110,(FI) BOGOTA Cta No. 049292840,,,1,99,PESOS,"4578377095,0","2821360456,55",,111505,Activo,,Activo Corriente,Efectivo y equivales de efectivo,Bancos nacionales,,,Disponible,
3,FONDO DE INVERSION COLETIVA INTERES,111505111,(FI) BCO PICHINCHA Cta No. 410949183,,,1,99,PESOS,"12981391,94","12981391,94",,111505,Activo,,Activo Corriente,Efectivo y equivales de efectivo,Bancos nacionales,,,Disponible,
3,FONDO DE INVERSION COLETIVA INTERES,111505119,(FI)BANCO CAJA SOCIAL Cta No.21002165133,,,1,99,PESOS,"1030768060,71","30699083,71",,111505,Activo,,Activo Corriente,Efectivo y equivales de efectivo,Bancos nacionales,,,Disponible,
3,FONDO DE INVERSION COLETIVA INTERES,111505141,(FI) BANCOLOMBIA Cta No.12619962499,,,1,99,PESOS,"524470,45","524470,45",,111505,Activo,,Activo Corriente,Efectivo y equivales de efectivo,Bancos nacionales,,,Disponible,
3,FONDO DE INVERSION COLETIVA INTERES,111505147,(FI) AV VILLAS Cta No.065035214,,,1,99,PESOS,"61665687,12","61098176,12",,111505,Activo,,Activo Corriente,Efectivo y equivales de efectivo,Bancos nacionales,,,Disponible,
3,FONDO DE INVERSION COLETIVA INTERES,111505148,(FI) JP MORGAN Cta. 2600000083,,,1,99,PESOS,"1200813910,98","7792442727,31",,111505,Activo,,Activo Corriente,Efectivo y equivales de efectivo,Bancos nacionales,,,Disponible,
3,FONDO DE INVERSION COLETIVA INTERES,111505150,(FI) CORPBANCA Cta No.051006755,,,1,99,PESOS,"6942809,45","7163475,81",,111505,Activo,,Activo Corriente,Efectivo y equivales de efectivo,Bancos nacionales,,,Disponible,
3,FONDO DE INVERSION COLETIVA INTERES,111505155,(FI) BBVA COLOMBIA S.A. Cta No.401003090,,,1,99,PESOS,"13317200,39","12793804,39",,111505,Activo,,Activo Corriente,Efectivo y equivales de efectivo,Bancos nacionales,,,Disponible,
3,FONDO DE INVERSION COLETIVA INTERES,111505196,(FI) DAVIVIENDA Cta No.005070366637,,,1,99,PESOS,"41226482425,01","46065397809,03",,111505,Activo,,Activo Corriente,Efectivo y equivales de efectivo,Bancos nacionales,,,Disponible,
3,FONDO DE INVERSION COLETIVA INTERES,111505197,(FI)BBVA Cta No.895000586,,,1,99,PESOS,"30522137635,43","16784318530,01",,111505,Activo,,Activo Corriente,Efectivo y equivales de efectivo,Bancos nacionales,,,Disponible,
3,FONDO DE INVERSION COLETIVA INTERES,111505198,(FI)BBVA Cta No.895000636,,,1,99,PESOS,"21016503,18","15955060,18",,111505,Activo,,Activo Corriente,Efectivo y equivales de efectivo,Bancos nacionales,,,Disponible,
3,FONDO DE INVERSION COLETIVA INTERES,111505010,(FI) OCCIDENTE Cta No.288810997         ,,,1,99,PESOS,"5180085834,14","5067615817,39",,111505,Activo,,Activo Corriente,Efectivo y equivales de efectivo,Bancos nacionales,,,Disponible,
3,FONDO DE INVERSION COLETIVA INTERES,111505015,(FI) BCO DAVIVIENDA Cta No.005069995545,,,1,99,PESOS,"1442826013,8","1672478036,45",,111505,Activo,,Activo Corriente,Efectivo y equivales de efectivo,Bancos nacionales,,,Disponible,
3,FONDO DE INVERSION COLETIVA INTERES,111505016,(FI) DAVIVIENDA Cta No.005000219997     ,,,1,99,PESOS,"4340585544,23","1195728470,49",,111505,Activo,,Activo Corriente,Efectivo y equivales de efectivo,Bancos nacionales,,,Disponible,
3,FONDO DE INVERSION COLETIVA INTERES,111505021,(FI) BANCOLOMBIA Cta No. 03152648354,,,1,99,PESOS,"17998683,94","17998683,94",,111505,Activo,,Activo Corriente,Efectivo y equivales de efectivo,Bancos nacionales,,,Disponible,
3,FONDO DE INVERSION COLETIVA INTERES,111505029,(FI) BCO FINANDINA Cta No. 9990023042,,,1,99,PESOS,"28218445,32","28236074,47",,111505,Activo,,Activo Corriente,Efectivo y equivales de efectivo,Bancos nacionales,,,Disponible,
3,FONDO DE INVERSION COLETIVA INTERES,111505030,(FI) BCO FINANDINA Cta No. 9990023051,,,1,99,PESOS,"2528150508,93","4458888654,7",,111505,Activo,,Activo Corriente,Efectivo y equivales de efectivo,Bancos nacionales,,,Disponible,
3,FONDO DE INVERSION COLETIVA INTERES,111505032,(FI) BCO BOGOTA Cta No. 049335037,,,1,99,PESOS,"16608096956,32","30937912349,44",,111505,Activo,,Activo Corriente,Efectivo y equivales de efectivo,Bancos nacionales,,,Disponible,
3,FONDO DE INVERSION COLETIVA INTERES,111505033,(FI) BCO SANTANDER Cta No. 100010895,,,1,99,PESOS,"25234190102,31","10777184201,16",,111505,Activo,,Activo Corriente,Efectivo y equivales de efectivo,Bancos nacionales,,,Disponible,
3,FONDO DE INVERSION COLETIVA INTERES,111505034,(FI) BCO OCCIDENTE Cta No. 219885878,,,1,99,PESOS,"202410976023,91","83534611769,9",,111505,Activo,,Activo Corriente,Efectivo y equivales de efectivo,Bancos nacionales,,,Disponible,
3,FONDO DE INVERSION COLETIVA INTERES,111505036,(FI) BANCO COOPCENTRA Cta No. 419009626,,,1,99,PESOS,"1646126264,0","1971460557,0",,111505,Activo,,Activo Corriente,Efectivo y equivales de efectivo,Bancos nacionales,,,Disponible,
3,FONDO DE INVERSION COLETIVA INTERES,111505037,(FI) COLPATRIA Cta No.0132160767        ,,,1,99,PESOS,"10060172985,29","93673047,37",,111505,Activo,,Activo Corriente,Efectivo y equivales de efectivo,Bancos nacionales,,,Disponible,
3,FONDO DE INVERSION COLETIVA INTERES,111505052,(FI) BANCO POPULAR Cta No. 500805563532,,,1,99,PESOS,"18364482255,19","4660303853,04",,111505,Activo,,Activo Corriente,Efectivo y equivales de efectivo,Bancos nacionales,,,Disponible,
3,FONDO DE INVERSION COLETIVA INTERES,111505053,(FI) BANCOLOMBIA Cta No. 69000008134,,,1,99,PESOS,"109949385877,82","79965988641,97",,111505,Activo,,Activo Corriente,Efectivo y equivales de efectivo,Bancos nacionales,,,Disponible,
3,FONDO DE INVERSION COLETIVA INTERES,111505054,(FI) ITAU HELM BANK Cta No. 007075999,,,1,99,PESOS,"5653499389,2","7035360185,17",,111505,Activo,,Activo Corriente,Efectivo y equivales de efectivo,Bancos nacionales,,,Disponible,
3,FONDO DE INVERSION COLETIVA INTERES,111505070,(FI) ITAU HELM BANK Cta No.007302011,,,1,99,PESOS,"11039342,29","11390247,51",,111505,Activo,,Activo Corriente,Efectivo y equivales de efectivo,Bancos nacionales,,,Disponible,
3,FONDO DE INVERSION COLETIVA INTERES,111505080,(FI) POPULAR Cta No.066720632           ,,,1,99,PESOS,"15984307,56","16582839,05",,111505,Activo,,Activo Corriente,Efectivo y equivales de efectivo,Bancos nacionales,,,Disponible,
3,FONDO DE INVERSION COLETIVA INTERES,111505093,(FI) OCCIDENTE Cta No.288073661,,,1,99,PESOS,"943145212,5","906796842,08",,111505,Activo,,Activo Corriente,Efectivo y equivales de efectivo,Bancos nacionales,,,Disponible,
3,FONDO DE INVERSION COLETIVA INTERES,111505094,(FI) BANCOLOMBIA Cta No.17854124973,,,1,99,PESOS,"1040058249,96","1727118467,99",,111505,Activo,,Activo Corriente,Efectivo y equivales de efectivo,Bancos nacionales,,,Disponible,
3,FONDO DE INVERSION COLETIVA INTERES,111505100,(FI) GNB SUDAMERIS Cta No.90060000070,,,1,99,PESOS,"104125948,74","107984096,87",,111505,Activo,,Activo Corriente,Efectivo y equivales de efectivo,Bancos nacionales,,,Disponible,
3,FONDO DE INVERSION COLETIVA INTERES,111505118,(FI) AGRARIO COL Cta No.08200102765,,,1,99,PESOS,"3701722632,41","3562596456,39",,111505,Activo,,Activo Corriente,Efectivo y equivales de efectivo,Bancos nacionales,,,Disponible,
3,FONDO DE INVERSION COLETIVA INTERES,111505167,(FI) COLPATRIA Cta No.0131072201,,,1,99,PESOS,"228973410,17","227747710,17",,111505,Activo,,Activo Corriente,Efectivo y equivales de efectivo,Bancos nacionales,,,Disponible,
3,FONDO DE INVERSION COLETIVA INTERES,111505177,(FI) OCCIDENTE Cta No.288049240,,,1,99,PESOS,"918174172,29","918159802,29",,111505,Activo,,Activo Corriente,Efectivo y equivales de efectivo,Bancos nacionales,,,Disponible,
3,FONDO DE INVERSION COLETIVA INTERES,111505181,(FI) CITIBANK Cta No.0060135096,,,1,99,PESOS,"23832309,27","23761632,27",,111505,Activo,,Activo Corriente,Efectivo y equivales de efectivo,Bancos nacionales,,,Disponible,
3,FONDO DE INVERSION COLETIVA INTERES,111505183,(FI) BCO CAJA SOCIAL Cta No. 21003873196,,,1,99,PESOS,"163715256,21","122101154,26",,111505,Activo,,Activo Corriente,Efectivo y equivales de efectivo,Bancos nacionales,,,Disponible,
3,FONDO DE INVERSION COLETIVA INTERES,111505190,(FI) BANCOLOMBIA Cta No.12606106520,,,1,99,PESOS,"113067489,81","53645265,69",,111505,Activo,,Activo Corriente,Efectivo y equivales de efectivo,Bancos nacionales,,,Disponible,
3,FONDO DE INVERSION COLETIVA INTERES,111505195,(FI) DAVIVIENDA Cta No.005069999380,,,1,99,PESOS,"13173907601,19","15292534483,67",,111505,Activo,,Activo Corriente,Efectivo y equivales de efectivo,Bancos nacionales,,,Disponible,
3,FONDO DE INVERSION COLETIVA INTERES,111505320,(FI) BANCOLOMBIA Cta No.04882033479,,,1,99,PESOS,"325806872,25","263120387,13",,111505,Activo,,Activo Corriente,Efectivo y equivales de efectivo,Bancos nacionales,,,Disponible,
3,FONDO DE INVERSION COLETIVA INTERES,111505322,(FI) DAVIVIENDA Cta No.005069992096,,,1,99,PESOS,"5565251225,54","9579669102,49",,111505,Activo,,Activo Corriente,Efectivo y equivales de efectivo,Bancos nacionales,,,Disponible,
3,FONDO DE INVERSION COLETIVA INTERES,111505324,(FI) AVVILLAS Cta No.059028852,,,1,99,PESOS,"1609904260,32","2113891120,29",,111505,Activo,,Activo Corriente,Efectivo y equivales de efectivo,Bancos nacionales,,,Disponible,
3,FONDO DE INVERSION COLETIVA INTERES,111505325,(FI) SUDAMERIS Cta No.100004951,,,1,99,PESOS,"36544566,0","8924747,0",,111505,Activo,,Activo Corriente,Efectivo y equivales de efectivo,Bancos nacionales,,,Disponible,
3,FONDO DE INVERSION COLETIVA INTERES,111505326,(FI) BANCOLOMBIA Cta No.03100026963,,,1,99,PESOS,"6949596096,93","2947010416,01",,111505,Activo,,Activo Corriente,Efectivo y equivales de efectivo,Bancos nacionales,,,Disponible,
3,FONDO DE INVERSION COLETIVA INTERES,111505327,(FI) OCCIDENTE Cta No.288860729,,,1,99,PESOS,"311104850,94","200092601,94",,111505,Activo,,Activo Corriente,Efectivo y equivales de efectivo,Bancos nacionales,,,Disponible,
3,FONDO DE INVERSION COLETIVA INTERES,111505328,(FI) BBVA Cta No. 895001808,,,1,99,PESOS,"185367883,37","185367883,37",,111505,Activo,,Activo Corriente,Efectivo y equivales de efectivo,Bancos nacionales,,,Disponible,
3,FONDO DE INVERSION COLETIVA INTERES,111505329,(FI) POPULAR Cta No. 110066127499,,,1,99,PESOS,"596089912,87","440977838,45",,111505,Activo,,Activo Corriente,Efectivo y equivales de efectivo,Bancos nacionales,,,Disponible,
3,FONDO DE INVERSION COLETIVA INTERES,111505395,(FI) REPUBLICA Cta No.62255468,,,1,99,PESOS,"9944130,8","10152487,9",,111505,Activo,,Activo Corriente,Efectivo y equivales de efectivo,Bancos nacionales,,,Disponible,
3,FONDO DE INVERSION COLETIVA INTERES,111505471,(FI) POPULAR Cta No.066122755,,,1,99,PESOS,"9682400,0","0,0",,111505,Activo,,Activo Corriente,Efectivo y equivales de efectivo,Bancos nacionales,,,Disponible,
3,FONDO DE INVERSION COLETIVA INTERES,111505617,(FI) CITIBANK Cta No.5060135012,,,1,99,PESOS,"77386768,54","81137079,45",,111505,Activo,,Activo Corriente,Efectivo y equivales de efectivo,Bancos nacionales,,,Disponible,
3,FONDO DE INVERSION COLETIVA INTERES,111505621,(FI) BANCOOMEVA Cta No.050301555601,,,1,99,PESOS,"3357497,98","1622927,86",,111505,Activo,,Activo Corriente,Efectivo y equivales de efectivo,Bancos nacionales,,,Disponible,
3,FONDO DE INVERSION COLETIVA INTERES,111505623,(FI) BANCOLOMBIA Cta No. 03141946140,,,1,99,PESOS,"153059988,05","219905925,65",,111505,Activo,,Activo Corriente,Efectivo y equivales de efectivo,Bancos nacionales,,,Disponible,
3,FONDO DE INVERSION COLETIVA INTERES,111505624,(FI) BANCOLOMBIA Cta No. 03147542506,,,1,99,PESOS,"487671,68","482816,1",,111505,Activo,,Activo Corriente,Efectivo y equivales de efectivo,Bancos nacionales,,,Disponible,
3,FONDO DE INVERSION COLETIVA INTERES,111505632,(FI) CAJA SOCIAL cta No. 21003295006,,,1,99,PESOS,"65899768,53","65899768,53",,111505,Activo,,Activo Corriente,Efectivo y equivales de efectivo,Bancos nacionales,,,Disponible,
3,FONDO DE INVERSION COLETIVA INTERES,111505888,(FI) BANCO W Cta No.AHO 900064598200001,,,1,99,PESOS,"555723974,28","576563850,69",,111505,Activo,,Activo Corriente,Efectivo y equivales de efectivo,Bancos nacionales,,,Disponible,
3,FONDO DE INVERSION COLETIVA INTERES,111505202,(FI) Colpatria Cta Cte No.4521024785,,,1,99,PESOS,"861693323,53","170414107,97",,111505,Activo,,Activo Corriente,Efectivo y equivales de efectivo,Bancos nacionales,,,Disponible,
3,FONDO DE INVERSION COLETIVA INTERES,111505203,(FI) Colpatria Cta Cte No.4521024793,,,1,99,PESOS,"133020188,32","119272172,79",,111505,Activo,,Activo Corriente,Efectivo y equivales de efectivo,Bancos nacionales,,,Disponible,
3,FONDO DE INVERSION COLETIVA INTERES,111505204,(FI) Bogotá Cta Cte No.049292014,,,1,99,PESOS,"1125261542,0","946870132,0",,111505,Activo,,Activo Corriente,Efectivo y equivales de efectivo,Bancos nacionales,,,Disponible,
3,FONDO DE INVERSION COLETIVA INTERES,111505210,(FI) CAJA SOCIAL Cta No.24009362523,,,1,99,PESOS,"26124833,79","25985297,97",,111505,Activo,,Activo Corriente,Efectivo y equivales de efectivo,Bancos nacionales,,,Disponible,
3,FONDO DE INVERSION COLETIVA INTERES,111505216,(FI) AGRARIO Cta Cte No. 308200006572,,,1,99,PESOS,"14064576,4","14064576,4",,111505,Activo,,Activo Corriente,Efectivo y equivales de efectivo,Bancos nacionales,,,Disponible,
3,FONDO DE INVERSION COLETIVA INTERES,111505323,(FI) ITAU CORPBANCA Cta No.007463540,,,1,99,PESOS,"34085020,93","33339083,56",,111505,Activo,,Activo Corriente,Efectivo y equivales de efectivo,Bancos nacionales,,,Disponible,
3,FONDO DE INVERSION COLETIVA INTERES,111505622,(FI) DAVIVIENDA Cta No. 005069994324,,,1,99,PESOS,"226617150,5","325963177,23",,111505,Activo,,Activo Corriente,Efectivo y equivales de efectivo,Bancos nacionales,,,Disponible,
3,FONDO DE INVERSION COLETIVA INTERES,111505631,(FI) AGRARIO Cta No. 408203013514,,,1,99,PESOS,"717158,61","5684051,61",,111505,Activo,,Activo Corriente,Efectivo y equivales de efectivo,Bancos nacionales,,,Disponible,
3,FONDO DE INVERSION COLETIVA INTERES,111505846,(FI) BOGOTA Cta No. 049265010,,,1,99,PESOS,"21358020,47","21358020,47",,111505,Activo,,Activo Corriente,Efectivo y equivales de efectivo,Bancos nacionales,,,Disponible,
3,FONDO DE INVERSION COLETIVA INTERES,111505847,(FI) BANCO FALABELLA Cta No.156060093761,,,1,99,PESOS,"461338324,17","472494875,67",,111505,Activo,,Activo Corriente,Efectivo y equivales de efectivo,Bancos nacionales,,,Disponible,
3,FONDO DE INVERSION COLETIVA INTERES,111505848,(FI) BANCOLOMBIA Cta No.03193322764,,,1,99,PESOS,"459072,02","216451,61",,111505,Activo,,Activo Corriente,Efectivo y equivales de efectivo,Bancos nacionales,,,Disponible,
3,FONDO DE INVERSION COLETIVA INTERES,111505885,(FI) AGRARIO Cta No.308200007539,,,1,99,PESOS,"245056268,97","307649312,31",,111505,Activo,,Activo Corriente,Efectivo y equivales de efectivo,Bancos nacionales,,,Disponible,
3,FONDO DE INVERSION COLETIVA INTERES,111505887,(FI) BANCO W Cta No. AHO 900064598200002,,,1,99,PESOS,"999997384,0","999997384,0",,111505,Activo,,Activo Corriente,Efectivo y equivales de efectivo,Bancos nacionales,,,Disponible,
3,FONDO DE INVERSION COLETIVA INTERES,111510001,(FI) Davivienda Panamá CTA:10001016616,,,1,99,DÓLAR,"0,0","18111320,94",,111510,Activo,,Activo Corriente,Efectivo y equivales de efectivo,Bancos del Exterior,,,Disponible,
3,FONDO DE INVERSION COLETIVA INTERES,111595010,(FI) CORFICOLOMBIANA Cta No.2111618,,,1,99,PESOS,"1590664027,7","2130505577,7",,111595,Activo,,Activo Corriente,Efectivo y equivales de efectivo,Bancos del Exterior,,,Disponible,
3,FONDO DE INVERSION COLETIVA INTERES,130115115,OTROS EMISORES NACIONALES               ,,,1,99,PESOS,"2039855704100,0","2021670553500,0",,130115,Activo,,Activo no corriente,Inversiones a valor razonable con efectos en resultados,Instrumentos de Deuda,,,Inversiones,
3,FONDO DE INVERSION COLETIVA INTERES,161695010,GMF POR COBRAR,,,1,99,PESOS,"0,0","8280000,0",,161695,Activo,,Activo Corriente,Cuentas por cobrar,Deudores,,,,
3,FONDO DE INVERSION COLETIVA INTERES,161695012,(FI) OCCIDENTE Cau No.288810997,,,1,99,PESOS,"3629734,64","24435730,41",,161695,Activo,,Activo Corriente,Cuentas por cobrar,Deudores,,,,
3,FONDO DE INVERSION COLETIVA INTERES,161695015,GASTOS VARIOS DE ADMON                  ,,,1,99,PESOS,"23192008,25","41575052,77",,161695,Activo,,Activo Corriente,Cuentas por cobrar,Deudores,,,,
3,FONDO DE INVERSION COLETIVA INTERES,161695018,(FI) IRIS FINANCIERA Cta No.100607692719,,,1,99,PESOS,"14535423,57","880884,21",,161695,Activo,,Activo Corriente,Cuentas por cobrar,Deudores,,,,
3,FONDO DE INVERSION COLETIVA INTERES,161695020,(FI) BCO OCCIDENTE Cta No. 219885878,,,1,99,PESOS,"106091615,55","69285627,37",,161695,Activo,,Activo Corriente,Cuentas por cobrar,Deudores,,,,
3,FONDO DE INVERSION COLETIVA INTERES,161695022,(FI) COOPCENTRAL Cta No. 419009424,,,1,99,PESOS,"1117409,13","1127489,52",,161695,Activo,,Activo Corriente,Cuentas por cobrar,Deudores,,,,
3,FONDO DE INVERSION COLETIVA INTERES,161695025,(FI) IRIS FINANCIERA Cta No. 10017352055,,,1,99,PESOS,"101664765,94","134632771,38",,161695,Activo,,Activo Corriente,Cuentas por cobrar,Deudores,,,,
3,FONDO DE INVERSION COLETIVA INTERES,161695030,(FI) BCO FINANDINA Cta No. 9990023051,,,1,99,PESOS,"66037120,94","87217184,05",,161695,Activo,,Activo Corriente,Cuentas por cobrar,Deudores,,,,
3,FONDO DE INVERSION COLETIVA INTERES,161695039,(FI) BANCO W Cta No. 0000100064598200003,,,1,99,PESOS,"92697872,63","82271499,34",,161695,Activo,,Activo Corriente,Cuentas por cobrar,Deudores,,,,
3,FONDO DE INVERSION COLETIVA INTERES,161695040,(FI) BCO CAJA SOCIAL Cta No.24132212302,,,1,99,PESOS,"30269848,77","26441425,6",,161695,Activo,,Activo Corriente,Cuentas por cobrar,Deudores,,,,
3,FONDO DE INVERSION COLETIVA INTERES,161695043,(FI) BCO SANTANDER Cau No. 100000326,,,1,99,PESOS,"3995811,65","3990666,79",,161695,Activo,,Activo Corriente,Cuentas por cobrar,Deudores,,,,
3,FONDO DE INVERSION COLETIVA INTERES,161695044,(FI) BCO SUDAMERIS Cta No. 91000023480,,,1,99,PESOS,"237871152,14","363451442,05",,161695,Activo,,Activo Corriente,Cuentas por cobrar,Deudores,,,,
3,FONDO DE INVERSION COLETIVA INTERES,161695045,CUENTA CORRIENTE                        ,,,1,99,PESOS,"0,0","10642338881,56",,161695,Activo,,Activo Corriente,Cuentas por cobrar,Deudores,,,,
3,FONDO DE INVERSION COLETIVA INTERES,161695050,(FI) BANCO ITAU Cta No. 007075634,,,1,99,PESOS,"104427,44","26929884,29",,161695,Activo,,Activo Corriente,Cuentas por cobrar,Deudores,,,,
3,FONDO DE INVERSION COLETIVA INTERES,161695058,(FI) BCO FALABELLA Cta No.159920000166,,,1,99,PESOS,"1827945,54","18160100,32",,161695,Activo,,Activo Corriente,Cuentas por cobrar,Deudores,,,,
3,FONDO DE INVERSION COLETIVA INTERES,161695059,(FI) BCO AGRARIO Cta No.408203020911,,,1,99,PESOS,"3047718,68","6751357,95",,161695,Activo,,Activo Corriente,Cuentas por cobrar,Deudores,,,,
3,FONDO DE INVERSION COLETIVA INTERES,161695060,(FI) BANCO CITIBANK Cta No.5060135055,,,1,99,PESOS,"58789859,07","24994251,94",,161695,Activo,,Activo Corriente,Cuentas por cobrar,Deudores,,,,
3,FONDO DE INVERSION COLETIVA INTERES,161695071,(FI) HELM BANK S A Cau No.007302011,,,1,99,PESOS,"4019,49","7784,86",,161695,Activo,,Activo Corriente,Cuentas por cobrar,Deudores,,,,
3,FONDO DE INVERSION COLETIVA INTERES,161695081,(FI) POPULAR Cau No.066720632,,,1,99,PESOS,"3276847,57","3283265,0",,161695,Activo,,Activo Corriente,Cuentas por cobrar,Deudores,,,,
3,FONDO DE INVERSION COLETIVA INTERES,161695101,(FI) GNB SUDAMERIS Cau No.90060000070,,,1,99,PESOS,"754838,87","949422,02",,161695,Activo,,Activo Corriente,Cuentas por cobrar,Deudores,,,,
3,FONDO DE INVERSION COLETIVA INTERES,161695196,(FI) DAVIVIENDA Cta Cau No.005070366637,,,1,99,PESOS,"16863591,2","35229323,4",,161695,Activo,,Activo Corriente,Cuentas por cobrar,Deudores,,,,
3,FONDO DE INVERSION COLETIVA INTERES,161695197,(FI)BBVA Cta Cau No.895000586,,,1,99,PESOS,"1659614,74","1368949,11",,161695,Activo,,Activo Corriente,Cuentas por cobrar,Deudores,,,,
3,FONDO DE INVERSION COLETIVA INTERES,161695209,(FI) CAJA SOCIAL Cau No.24009362523,,,1,99,PESOS,"88231,45","107809,1",,161695,Activo,,Activo Corriente,Cuentas por cobrar,Deudores,,,,
3,FONDO DE INVERSION COLETIVA INTERES,161695618,(FI) CITIBANK Cau No.5060135012,,,1,99,PESOS,"16020,95","22518,61",,161695,Activo,,Activo Corriente,Cuentas por cobrar,Deudores,,,,
3,FONDO DE INVERSION COLETIVA INTERES,161695621,(FI) BANCOOMEVA Cau No. 050301555601,,,1,99,PESOS,"77204,85","76844,34",,161695,Activo,,Activo Corriente,Cuentas por cobrar,Deudores,,,,
3,FONDO DE INVERSION COLETIVA INTERES,161695847,(FI) FALABELLA Cau No. 156060093761,,,1,99,PESOS,"6642141,1","6757369,64",,161695,Activo,,Activo Corriente,Cuentas por cobrar,Deudores,,,,
3,FONDO DE INVERSION COLETIVA INTERES,122005010,COMP DE TRANSF DE INV EN OP. SIM,,,1,99,PESOS,"407325380115,05","439729227296,44",,,,,,,,,,,
3,FONDO DE INVERSION COLETIVA INTERES,130105105,TÍTULOS DE TESORERÍA -TES,,,1,99,PESOS,"229441490149,32","318838972200,0",,130105,Activo,,Activo no corriente,Inversiones a valor razonable con efectos en resultados,Instrumentos de Deuda,,,Inversiones,
3,FONDO DE INVERSION COLETIVA INTERES,160560001,DEPÓSITOS DE CONTRACCIÓN MONETARIA,,,1,99,PESOS,"0,0","5340443,07",,,,,,,,,,,
3,FONDO DE INVERSION COLETIVA INTERES,161695002,(FI) Davivienda Panamá Cta. 10001016616,,,1,99,PESOS,"0,0","74276,33",,161695,Activo,,Activo Corriente,Cuentas por cobrar,Deudores,,,,
3,FONDO DE INVERSION COLETIVA INTERES,161695004,(LD) BCO DAVIVIENDA cta No.482800025215,,,1,99,PESOS,"186751,62","169984,64",,161695,Activo,,Activo Corriente,Cuentas por cobrar,Deudores,,,,
3,FONDO DE INVERSION COLETIVA INTERES,161695009,(FI) BOGOTA Cau No.049216468,,,1,99,PESOS,"1564579,61","1182453,09",,161695,Activo,,Activo Corriente,Cuentas por cobrar,Deudores,,,,
3,FONDO DE INVERSION COLETIVA INTERES,161695014,(FI) CORFICOLOMBIANA Cta No.21110090,,,1,99,PESOS,"306884,85","306884,85",,161695,Activo,,Activo Corriente,Cuentas por cobrar,Deudores,,,,
3,FONDO DE INVERSION COLETIVA INTERES,161695017,(FI) DAVIVIENDA Cau No.005000219997,,,1,99,PESOS,"1775505,84","914454,39",,161695,Activo,,Activo Corriente,Cuentas por cobrar,Deudores,,,,
3,FONDO DE INVERSION COLETIVA INTERES,161695026,(FI) SERFINANZA Cta No. 212001051872,,,1,99,PESOS,"55942,54","50487,3",,161695,Activo,,Activo Corriente,Cuentas por cobrar,Deudores,,,,
3,FONDO DE INVERSION COLETIVA INTERES,161695028,(FI) BANCOLDEX Cta No. 0000046973,,,1,99,PESOS,"1819299,53","1854399,12",,161695,Activo,,Activo Corriente,Cuentas por cobrar,Deudores,,,,
3,FONDO DE INVERSION COLETIVA INTERES,161695029,(FI) BCO FINANDINA Cta No. 9990023042,,,1,99,PESOS,"334681,61","548639,72",,161695,Activo,,Activo Corriente,Cuentas por cobrar,Deudores,,,,
3,FONDO DE INVERSION COLETIVA INTERES,161695031,(FI) BCO DAVIVIENDA Cta No. 482800035982,,,1,99,PESOS,"54348005,26","64125124,44",,161695,Activo,,Activo Corriente,Cuentas por cobrar,Deudores,,,,
3,FONDO DE INVERSION COLETIVA INTERES,161695032,(FI) BCO BOGOTA Cta No. 049335037,,,1,99,PESOS,"325469605,52","225372912,23",,161695,Activo,,Activo Corriente,Cuentas por cobrar,Deudores,,,,
3,FONDO DE INVERSION COLETIVA INTERES,161695034,(FI) BCO SANTANDER Cta No. 100010895,,,1,99,PESOS,"24276379,21","8529084,21",,161695,Activo,,Activo Corriente,Cuentas por cobrar,Deudores,,,,
3,FONDO DE INVERSION COLETIVA INTERES,161695036,(FI) BANCO COOPCENTRA Cta No. 419009626,,,1,99,PESOS,"15727409,15","8838152,03",,161695,Activo,,Activo Corriente,Cuentas por cobrar,Deudores,,,,
3,FONDO DE INVERSION COLETIVA INTERES,161695038,(FI) COLPATRIA Cau No.0132160767,,,1,99,PESOS,"17080685,26","630109,47",,161695,Activo,,Activo Corriente,Cuentas por cobrar,Deudores,,,,
3,FONDO DE INVERSION COLETIVA INTERES,161695041,(FI) BNP PARIBAS Cau No.500100018800173,,,1,99,PESOS,"125429,14","155698,6",,161695,Activo,,Activo Corriente,Cuentas por cobrar,Deudores,,,,
3,FONDO DE INVERSION COLETIVA INTERES,161695046,(FI) BANCOOMEVA Cta No. 050302983001,,,1,99,PESOS,"29097532,8","20883679,86",,161695,Activo,,Activo Corriente,Cuentas por cobrar,Deudores,,,,
3,FONDO DE INVERSION COLETIVA INTERES,161695047,(FI) BNP PARIBAS Cta No 0500100018800367,,,1,99,PESOS,"87,2","16148,15",,161695,Activo,,Activo Corriente,Cuentas por cobrar,Deudores,,,,
3,FONDO DE INVERSION COLETIVA INTERES,161695048,(FI) BANCO AV VILLAS Cta No. 059040204,,,1,99,PESOS,"70630466,89","156797452,1",,161695,Activo,,Activo Corriente,Cuentas por cobrar,Deudores,,,,
3,FONDO DE INVERSION COLETIVA INTERES,161695049,(FI) BCO SERFINANZA Cta No. 212001545415,,,1,99,PESOS,"12167052,44","21432382,7",,161695,Activo,,Activo Corriente,Cuentas por cobrar,Deudores,,,,
3,FONDO DE INVERSION COLETIVA INTERES,161695052,(FI) BANCO POPULAR Cta No. 500805563532,,,1,99,PESOS,"11340540,38","12718718,87",,161695,Activo,,Activo Corriente,Cuentas por cobrar,Deudores,,,,
3,FONDO DE INVERSION COLETIVA INTERES,161695053,(FI) BANCOLOMBIA Cta No. 69000008134,,,1,99,PESOS,"30700562,86","25119900,1",,161695,Activo,,Activo Corriente,Cuentas por cobrar,Deudores,,,,
3,FONDO DE INVERSION COLETIVA INTERES,161695054,(FI) ITAU HELM BANK Cta No. 007075999,,,1,99,PESOS,"2069718,94","4819687,19",,161695,Activo,,Activo Corriente,Cuentas por cobrar,Deudores,,,,
3,FONDO DE INVERSION COLETIVA INTERES,161695055,(FI) BCO PICHINCHA Cta No.411285380,,,1,99,PESOS,"11111458,0","12663522,91",,161695,Activo,,Activo Corriente,Cuentas por cobrar,Deudores,,,,
3,FONDO DE INVERSION COLETIVA INTERES,161695056,(FI) AV VILLAS Cau No.065035206,,,1,99,PESOS,"-65873855,56","-65930508,34",,161695,Activo,,Activo Corriente,Cuentas por cobrar,Deudores,,,,
3,FONDO DE INVERSION COLETIVA INTERES,161695057,(FI) BCO COLPATRIA Cta No.0072967709,,,1,99,PESOS,"86316252,23","73116689,44",,161695,Activo,,Activo Corriente,Cuentas por cobrar,Deudores,,,,
3,FONDO DE INVERSION COLETIVA INTERES,161695090,(FI) JP MORGAN Cau No. 2600000083,,,1,99,PESOS,"536840,18","6279656,76",,161695,Activo,,Activo Corriente,Cuentas por cobrar,Deudores,,,,
3,FONDO DE INVERSION COLETIVA INTERES,161695151,(FI) CORPBANCA Cau No.051006755,,,1,99,PESOS,"950274,29","952812,94",,161695,Activo,,Activo Corriente,Cuentas por cobrar,Deudores,,,,
3,FONDO DE INVERSION COLETIVA INTERES,161695153,(FI) MULTIBANK Cau No.200230315804,,,1,99,PESOS,"90000,0","90000,0",,161695,Activo,,Activo Corriente,Cuentas por cobrar,Deudores,,,,
3,FONDO DE INVERSION COLETIVA INTERES,161695321,(FI) BANCOLOMBIA Cau No.04882033479,,,1,99,PESOS,"226325,8","153245,2",,161695,Activo,,Activo Corriente,Cuentas por cobrar,Deudores,,,,
3,FONDO DE INVERSION COLETIVA INTERES,161695382,(FI) CORFICOLOMBIANA Cau No.2111618,,,1,99,PESOS,"2206427,74","3562171,77",,161695,Activo,,Activo Corriente,Cuentas por cobrar,Deudores,,,,
3,FONDO DE INVERSION COLETIVA INTERES,161695619,(FI)BNP PARIBAS Cau No. 0500100018800270,,,1,99,PESOS,"23790,97","23790,97",,161695,Activo,,Activo Corriente,Cuentas por cobrar,Deudores,,,,
3,FONDO DE INVERSION COLETIVA INTERES,161695631,(FI) AGRARIO Cau No. 408203013514,,,1,99,PESOS,"132483,86","132526,62",,161695,Activo,,Activo Corriente,Cuentas por cobrar,Deudores,,,,
3,FONDO DE INVERSION COLETIVA INTERES,161695883,(FI) BANCO W  Cta Cau No. 6900490021,,,1,99,PESOS,"12595803,66","12595803,66",,161695,Activo,,Activo Corriente,Cuentas por cobrar,Deudores,,,,
3,FONDO DE INVERSION COLETIVA INTERES,161695884,(FI) BANCO W  Cta Cau No. 6900490078,,,1,99,PESOS,"677384,0","677384,0",,161695,Activo,,Activo Corriente,Cuentas por cobrar,Deudores,,,,
3,FONDO DE INVERSION COLETIVA INTERES,161795020,OTROS,,,1,99,PESOS,"0,0","10044000,0",,161795,Activo,,Activo Corriente,Cuentas por cobrar,Deudores,,,,
3,FONDO DE INVERSION COLETIVA INTERES,162825010,EN GARANTIA,,,1,99,PESOS,"20585045058,0","30585045058,0",,162825,Activo,,Activo Corriente,Cuentas por cobrar,Deudores,,,,
3,FONDO DE INVERSION COLETIVA INTERES,192595003,REVISORIA FISCAL                        ,,,1,99,PESOS,"0,0","50529,69",,192595,Activo,,Activo Corriente,Otros activos,Gatos pagados por anticipados,,,,
3,FONDO DE INVERSION COLETIVA INTERES,250110015,COMISION DE ADMINISTRACION              ,,,1,99,PESOS,"-255064390,65","-373811308,39",,250110,Total pasivo + patrimonio,Pasivo,Pasivo Corriente,Cuentas por pagar,Comision de administracion.,,,,
3,FONDO DE INVERSION COLETIVA INTERES,250305011,RENDIMIENTOS FINANCIEROS CAPITALIZADOS  ,,,1,99,PESOS,"-15892385,0","-52224708,0",,250305,Total pasivo + patrimonio,Pasivo,Pasivo Corriente,Cuentas por pagar,Impuestos,,,,
3,FONDO DE INVERSION COLETIVA INTERES,352505010,PARTICIPACIONES EN FDO DE INVERSIÓN COLE,,,1,99,PESOS,"-3538552857328,25","-3376787658785,22",,352505,Total pasivo + patrimonio,Patrimonio,,Patrimonio especiales,Participaciones en fondos de inversión colectiva,,,,
3,FONDO DE INVERSION COLETIVA INTERES,161695887,(FI) BANCO W  Cta Cau No.900064598200001,,,1,99,PESOS,"69068129,76","106885170,54",,161695,Activo,,Activo Corriente,Cuentas por cobrar,Deudores,,,,
3,FONDO DE INVERSION COLETIVA INTERES,161695888,(FI) BANCO W  Cta Cau No.900064598200001,,,1,99,PESOS,"3850383,54","4795020,29",,161695,Activo,,Activo Corriente,Cuentas por cobrar,Deudores,,,,
3,FONDO DE INVERSION COLETIVA INTERES,192595001,CALIFICADORA DE VALORES                 ,,,1,99,PESOS,"0,0","1465686,31",,192595,Activo,,Activo Corriente,Otros activos,Gatos pagados por anticipados,,,,
3,FONDO DE INVERSION COLETIVA INTERES,250110033,COMISION CUSTODIO,,,1,99,PESOS,"-35830294,18","-13499049,07",,250110,Total pasivo + patrimonio,Pasivo,Pasivo Corriente,Cuentas por pagar,Comision de administracion.,,,,
3,FONDO DE INVERSION COLETIVA INTERES,253105110,CUENTA COMPENSACION,,,1,99,PESOS,"-18640900283,03","-12415309296,4",,253105,Total pasivo + patrimonio,Pasivo,Pasivo Corriente,Cuentas por pagar,Acreedores varios,,,,
3,FONDO DE INVERSION COLETIVA INTERES,352510010,PARTICIPACIONES POR IDENTIFICAR,,,1,99,PESOS,"-22954331313,14","-40753345327,51",,352510,Total pasivo + patrimonio,Patrimonio,,Patrimonio especiales,Participaciones en fondos de inversión colectiva,,,,
3,FONDO DE INVERSION COLETIVA INTERES,410595001,DEPÓSITOS DE CONTRACCIÓN MONETARIA,,,1,99,PESOS,"0,0","-1494977443,07",,,,,,,,,,,
3,FONDO DE INVERSION COLETIVA INTERES,410705115,OTROS EMISORES NACIONALES               ,,,1,99,PESOS,"0,0","-29935837074,96",,410705,Total pasivo + patrimonio,Patrimonio,Utilidad o perdida del ejercicio,Ingresos ordinarios,Valoracion Intrumentos de Deuda,,,,
3,FONDO DE INVERSION COLETIVA INTERES,411405015,INGRESO POR OP REPO,,,1,99,PESOS,"0,0","-638897987,5",,411405,Total pasivo + patrimonio,Patrimonio,Utilidad o perdida del ejercicio,Ingresos ordinarios,,,,,
3,FONDO DE INVERSION COLETIVA INTERES,411495004,(FI) PICHINCHA Cau No. 410216321        ,,,1,99,PESOS,"0,0","-891650,84",,411495,Total pasivo + patrimonio,Patrimonio,Utilidad o perdida del ejercicio,Ingresos ordinarios,Otros rendimientos financieros,,,,
3,FONDO DE INVERSION COLETIVA INTERES,411495009,(FI) BOGOTA Cau No.049216468            ,,,1,99,PESOS,"0,0","-8063076,48",,411495,Total pasivo + patrimonio,Patrimonio,Utilidad o perdida del ejercicio,Ingresos ordinarios,Otros rendimientos financieros,,,,
3,FONDO DE INVERSION COLETIVA INTERES,411495013,(FI) Davivienda Panamá Cta. 10001016616,,,1,99,PESOS,"0,0","-19567883,54",,411495,Total pasivo + patrimonio,Patrimonio,Utilidad o perdida del ejercicio,Ingresos ordinarios,Otros rendimientos financieros,,,,
3,FONDO DE INVERSION COLETIVA INTERES,411495017,(FI) DAVIVIENDA Cau No.005000219997     ,,,1,99,PESOS,"0,0","-146420636,81",,411495,Total pasivo + patrimonio,Patrimonio,Utilidad o perdida del ejercicio,Ingresos ordinarios,Otros rendimientos financieros,,,,
3,FONDO DE INVERSION COLETIVA INTERES,411495019,(FI) IRIS FINANCIERA Cta No.100607692719,,,1,99,PESOS,"0,0","-25525152,47",,411495,Total pasivo + patrimonio,Patrimonio,Utilidad o perdida del ejercicio,Ingresos ordinarios,Otros rendimientos financieros,,,,
3,FONDO DE INVERSION COLETIVA INTERES,411495025,(FI) IRIS FINANCIERA Cta No. 10017352055,,,1,99,PESOS,"0,0","-523825776,89",,411495,Total pasivo + patrimonio,Patrimonio,Utilidad o perdida del ejercicio,Ingresos ordinarios,Otros rendimientos financieros,,,,
3,FONDO DE INVERSION COLETIVA INTERES,411495026,(FI) SERFINANZA Cta No. 212001051872,,,1,99,PESOS,"0,0","-300654,89",,411495,Total pasivo + patrimonio,Patrimonio,Utilidad o perdida del ejercicio,Ingresos ordinarios,Otros rendimientos financieros,,,,
3,FONDO DE INVERSION COLETIVA INTERES,411495028,(FI) BANCOLDEX Cta No. 0000046973,,,1,99,PESOS,"0,0","-60922996,07",,411495,Total pasivo + patrimonio,Patrimonio,Utilidad o perdida del ejercicio,Ingresos ordinarios,Otros rendimientos financieros,,,,
3,FONDO DE INVERSION COLETIVA INTERES,411495029,(FI) BCO FINANDINA Cta No. 9990023042,,,1,99,PESOS,"0,0","-231587,26",,411495,Total pasivo + patrimonio,Patrimonio,Utilidad o perdida del ejercicio,Ingresos ordinarios,Otros rendimientos financieros,,,,
3,FONDO DE INVERSION COLETIVA INTERES,411495030,(FI) BCO FINANDINA Cta No. 9990023051,,,1,99,PESOS,"0,0","-94494514,21",,411495,Total pasivo + patrimonio,Patrimonio,Utilidad o perdida del ejercicio,Ingresos ordinarios,Otros rendimientos financieros,,,,
3,FONDO DE INVERSION COLETIVA INTERES,411495034,(FI) BCO SANTANDER Cta No. 100010895,,,1,99,PESOS,"0,0","-696473819,85",,411495,Total pasivo + patrimonio,Patrimonio,Utilidad o perdida del ejercicio,Ingresos ordinarios,Otros rendimientos financieros,,,,
3,FONDO DE INVERSION COLETIVA INTERES,411495038,(FI) COLPATRIA Cau No.0132160767        ,,,1,99,PESOS,"0,0","-17503326,11",,411495,Total pasivo + patrimonio,Patrimonio,Utilidad o perdida del ejercicio,Ingresos ordinarios,Otros rendimientos financieros,,,,
3,FONDO DE INVERSION COLETIVA INTERES,411495039,(FI) BANCO W Cta No. 0000100064598200003,,,1,99,PESOS,"0,0","-555700271,15",,411495,Total pasivo + patrimonio,Patrimonio,Utilidad o perdida del ejercicio,Ingresos ordinarios,Otros rendimientos financieros,,,,
3,FONDO DE INVERSION COLETIVA INTERES,411495040,(FI) BCO CAJA SOCIAL Cta No.24132212302,,,1,99,PESOS,"0,0","-110463109,35",,411495,Total pasivo + patrimonio,Patrimonio,Utilidad o perdida del ejercicio,Ingresos ordinarios,Otros rendimientos financieros,,,,
3,FONDO DE INVERSION COLETIVA INTERES,411495043,(FI) BCO SANTANDER Cau 100000326        ,,,1,99,PESOS,"0,0","-417244,24",,411495,Total pasivo + patrimonio,Patrimonio,Utilidad o perdida del ejercicio,Ingresos ordinarios,Otros rendimientos financieros,,,,
3,FONDO DE INVERSION COLETIVA INTERES,411495044,(FI) BCO SUDAMERIS Cta No. 91000023480,,,1,99,PESOS,"0,0","-2402890587,94",,411495,Total pasivo + patrimonio,Patrimonio,Utilidad o perdida del ejercicio,Ingresos ordinarios,Otros rendimientos financieros,,,,
3,FONDO DE INVERSION COLETIVA INTERES,411495046,(FI) BANCOOMEVA Cta No. 050302983001,,,1,99,PESOS,"0,0","-1500837661,41",,411495,Total pasivo + patrimonio,Patrimonio,Utilidad o perdida del ejercicio,Ingresos ordinarios,Otros rendimientos financieros,,,,
3,FONDO DE INVERSION COLETIVA INTERES,411495047,(FI) BNP PARIBAS Cta No 0500100018800367,,,1,99,PESOS,"0,0","-21003,15",,411495,Total pasivo + patrimonio,Patrimonio,Utilidad o perdida del ejercicio,Ingresos ordinarios,Otros rendimientos financieros,,,,
3,FONDO DE INVERSION COLETIVA INTERES,411495048,(FI) BANCO AV VILLAS Cta No. 059040204,,,1,99,PESOS,"0,0","-1075971936,55",,411495,Total pasivo + patrimonio,Patrimonio,Utilidad o perdida del ejercicio,Ingresos ordinarios,Otros rendimientos financieros,,,,
3,FONDO DE INVERSION COLETIVA INTERES,411495049,(FI) BCO SERFINANZA Cta No. 212001545415,,,1,99,PESOS,"0,0","-164122590,02",,411495,Total pasivo + patrimonio,Patrimonio,Utilidad o perdida del ejercicio,Ingresos ordinarios,Otros rendimientos financieros,,,,
3,FONDO DE INVERSION COLETIVA INTERES,411495050,(FI) BANCO ITAU Cta No. 007075634,,,1,99,PESOS,"0,0","-288714304,41",,411495,Total pasivo + patrimonio,Patrimonio,Utilidad o perdida del ejercicio,Ingresos ordinarios,Otros rendimientos financieros,,,,
3,FONDO DE INVERSION COLETIVA INTERES,411495054,(FI) ITAU HELM BANK Cta No. 007075999,,,1,99,PESOS,"0,0","-368908239,5",,411495,Total pasivo + patrimonio,Patrimonio,Utilidad o perdida del ejercicio,Ingresos ordinarios,Otros rendimientos financieros,,,,
3,FONDO DE INVERSION COLETIVA INTERES,411495055,(FI) BCO PICHINCHA Cta No.411285380,,,1,99,PESOS,"0,0","-41606090,64",,411495,Total pasivo + patrimonio,Patrimonio,Utilidad o perdida del ejercicio,Ingresos ordinarios,Otros rendimientos financieros,,,,
3,FONDO DE INVERSION COLETIVA INTERES,411495057,(FI) BCO COLPATRIA Cta No.0072967709,,,1,99,PESOS,"0,0","-503937210,41",,411495,Total pasivo + patrimonio,Patrimonio,Utilidad o perdida del ejercicio,Ingresos ordinarios,Otros rendimientos financieros,,,,
3,FONDO DE INVERSION COLETIVA INTERES,411495059,(FI) BCO AGRARIO Cta No.408203020911,,,1,99,PESOS,"0,0","-459344060,27",,411495,Total pasivo + patrimonio,Patrimonio,Utilidad o perdida del ejercicio,Ingresos ordinarios,Otros rendimientos financieros,,,,
3,FONDO DE INVERSION COLETIVA INTERES,411495081,(FI) POPULAR Cau No.066720632           ,,,1,99,PESOS,"0,0","-604948,92",,411495,Total pasivo + patrimonio,Patrimonio,Utilidad o perdida del ejercicio,Ingresos ordinarios,Otros rendimientos financieros,,,,
3,FONDO DE INVERSION COLETIVA INTERES,411495196,(FI) DAVIVIENDA Cta Cau No.005070366637,,,1,99,PESOS,"0,0","-1542084599,05",,411495,Total pasivo + patrimonio,Patrimonio,Utilidad o perdida del ejercicio,Ingresos ordinarios,Otros rendimientos financieros,,,,
3,FONDO DE INVERSION COLETIVA INTERES,411495225,(FI) CAJA SOCIAL Cau No.24009362523     ,,,1,99,PESOS,"0,0","-473683,83",,411495,Total pasivo + patrimonio,Patrimonio,Utilidad o perdida del ejercicio,Ingresos ordinarios,Otros rendimientos financieros,,,,
3,FONDO DE INVERSION COLETIVA INTERES,411495300,INTERESES TÍTULOS,,,1,99,PESOS,"0,0","-56082387939,13",,411495,Total pasivo + patrimonio,Patrimonio,Utilidad o perdida del ejercicio,Ingresos ordinarios,Otros rendimientos financieros,,,,
3,FONDO DE INVERSION COLETIVA INTERES,411495382,(FI) CORFICOLOMBIANA Cau No.2111618     ,,,1,99,PESOS,"0,0","-541287294,03",,411495,Total pasivo + patrimonio,Patrimonio,Utilidad o perdida del ejercicio,Ingresos ordinarios,Otros rendimientos financieros,,,,
3,FONDO DE INVERSION COLETIVA INTERES,411495618,(FI) CITIBANK Cau No.5060135012         ,,,1,99,PESOS,"0,0","-4230051,48",,411495,Total pasivo + patrimonio,Patrimonio,Utilidad o perdida del ejercicio,Ingresos ordinarios,Otros rendimientos financieros,,,,
3,FONDO DE INVERSION COLETIVA INTERES,411495847,(FI) FALABELLA Cau No. 156060093761,,,1,99,PESOS,"0,0","-11271780,04",,411495,Total pasivo + patrimonio,Patrimonio,Utilidad o perdida del ejercicio,Ingresos ordinarios,Otros rendimientos financieros,,,,
3,FONDO DE INVERSION COLETIVA INTERES,410355010,REND X COMPROMISOS DE TRANSF OP SIM,,,1,99,PESOS,"0,0","-29977101162,39",,410355,Total pasivo + patrimonio,Patrimonio,Utilidad o perdida del ejercicio,Ingresos ordinarios,Otros rendimientos financieros,,,,
3,FONDO DE INVERSION COLETIVA INTERES,410705105,TÍTULOS DE TESORERÍA -TES               ,,,1,99,PESOS,"0,0","-10422463329,91",,410705,Total pasivo + patrimonio,Patrimonio,Utilidad o perdida del ejercicio,Ingresos ordinarios,Valoracion Intrumentos de Deuda,,,,
3,FONDO DE INVERSION COLETIVA INTERES,411495012,(FI) OCCIDENTE Cau No.288810997         ,,,1,99,PESOS,"0,0","-317825674,58",,411495,Total pasivo + patrimonio,Patrimonio,Utilidad o perdida del ejercicio,Ingresos ordinarios,Otros rendimientos financieros,,,,
3,FONDO DE INVERSION COLETIVA INTERES,411495020,(FI) BCO OCCIDENTE Cta No. 219885878,,,1,99,PESOS,"0,0","-3635553844,88",,411495,Total pasivo + patrimonio,Patrimonio,Utilidad o perdida del ejercicio,Ingresos ordinarios,Otros rendimientos financieros,,,,
3,FONDO DE INVERSION COLETIVA INTERES,411495022,(FI) COOPCENTRAL Cta No. 419009424,,,1,99,PESOS,"0,0","-2052593,39",,411495,Total pasivo + patrimonio,Patrimonio,Utilidad o perdida del ejercicio,Ingresos ordinarios,Otros rendimientos financieros,,,,
3,FONDO DE INVERSION COLETIVA INTERES,411495031,(FI) BCO DAVIVIENDA Cta No. 482800035982,,,1,99,PESOS,"0,0","-3699736084,26",,411495,Total pasivo + patrimonio,Patrimonio,Utilidad o perdida del ejercicio,Ingresos ordinarios,Otros rendimientos financieros,,,,
3,FONDO DE INVERSION COLETIVA INTERES,411495032,(FI) BCO BOGOTA Cta No. 049335037,,,1,99,PESOS,"0,0","-1358720034,71",,411495,Total pasivo + patrimonio,Patrimonio,Utilidad o perdida del ejercicio,Ingresos ordinarios,Otros rendimientos financieros,,,,
3,FONDO DE INVERSION COLETIVA INTERES,411495036,(FI) BANCO COOPCENTRA Cta No. 419009626,,,1,99,PESOS,"0,0","-49445814,88",,411495,Total pasivo + patrimonio,Patrimonio,Utilidad o perdida del ejercicio,Ingresos ordinarios,Otros rendimientos financieros,,,,
3,FONDO DE INVERSION COLETIVA INTERES,411495041,(FI) BNP PARIBAS Cau No.0500100018800173,,,1,99,PESOS,"0,0","-2486621,98",,411495,Total pasivo + patrimonio,Patrimonio,Utilidad o perdida del ejercicio,Ingresos ordinarios,Otros rendimientos financieros,,,,
3,FONDO DE INVERSION COLETIVA INTERES,411495052,(FI) BANCO POPULAR Cta No. 500805563532,,,1,99,PESOS,"0,0","-1123144187,7",,411495,Total pasivo + patrimonio,Patrimonio,Utilidad o perdida del ejercicio,Ingresos ordinarios,Otros rendimientos financieros,,,,
3,FONDO DE INVERSION COLETIVA INTERES,411495053,(FI) BANCOLOMBIA Cta No. 69000008134,,,1,99,PESOS,"0,0","-1195022075,43",,411495,Total pasivo + patrimonio,Patrimonio,Utilidad o perdida del ejercicio,Ingresos ordinarios,Otros rendimientos financieros,,,,
3,FONDO DE INVERSION COLETIVA INTERES,411495056,(FI) AV VILLAS Cau No.065035206         ,,,1,99,PESOS,"0,0","-918701,68",,411495,Total pasivo + patrimonio,Patrimonio,Utilidad o perdida del ejercicio,Ingresos ordinarios,Otros rendimientos financieros,,,,
3,FONDO DE INVERSION COLETIVA INTERES,411495058,(FI) BCO FALABELLA Cta No.159920000166,,,1,99,PESOS,"0,0","-319530776,67",,411495,Total pasivo + patrimonio,Patrimonio,Utilidad o perdida del ejercicio,Ingresos ordinarios,Otros rendimientos financieros,,,,
3,FONDO DE INVERSION COLETIVA INTERES,411495060,(FI) BANCO CITIBANK Cta No.5060135055,,,1,99,PESOS,"0,0","-215500615,47",,411495,Total pasivo + patrimonio,Patrimonio,Utilidad o perdida del ejercicio,Ingresos ordinarios,Otros rendimientos financieros,,,,
3,FONDO DE INVERSION COLETIVA INTERES,411495071,(FI) HELM BANK S.A. Cau No.007302011    ,,,1,99,PESOS,"0,0","-354670,59",,411495,Total pasivo + patrimonio,Patrimonio,Utilidad o perdida del ejercicio,Ingresos ordinarios,Otros rendimientos financieros,,,,
3,FONDO DE INVERSION COLETIVA INTERES,411495090,(FI) JP MORGAN Cau 2600000083,,,1,99,PESOS,"0,0","-897829132,91",,411495,Total pasivo + patrimonio,Patrimonio,Utilidad o perdida del ejercicio,Ingresos ordinarios,Otros rendimientos financieros,,,,
3,FONDO DE INVERSION COLETIVA INTERES,411495101,(FI) GNB SUDAMERIS Cau No.90060000070   ,,,1,99,PESOS,"0,0","-4052731,28",,411495,Total pasivo + patrimonio,Patrimonio,Utilidad o perdida del ejercicio,Ingresos ordinarios,Otros rendimientos financieros,,,,
3,FONDO DE INVERSION COLETIVA INTERES,411495151,(FI) CORPBANCA Cta No.051006755,,,1,99,PESOS,"0,0","-223204,88",,411495,Total pasivo + patrimonio,Patrimonio,Utilidad o perdida del ejercicio,Ingresos ordinarios,Otros rendimientos financieros,,,,
3,FONDO DE INVERSION COLETIVA INTERES,411495197,(FI)BBVA Cta Cau No.895000586,,,1,99,PESOS,"0,0","-107118778,24",,411495,Total pasivo + patrimonio,Patrimonio,Utilidad o perdida del ejercicio,Ingresos ordinarios,Otros rendimientos financieros,,,,
3,FONDO DE INVERSION COLETIVA INTERES,411495321,(FI) BANCOLOMBIA Cau No.04882033479     ,,,1,99,PESOS,"0,0","-65482067,69",,411495,Total pasivo + patrimonio,Patrimonio,Utilidad o perdida del ejercicio,Ingresos ordinarios,Otros rendimientos financieros,,,,
3,FONDO DE INVERSION COLETIVA INTERES,411495621,(FI) BANCOOMEVA Cau No. 050301555601,,,1,99,PESOS,"0,0","-81517,37",,411495,Total pasivo + patrimonio,Patrimonio,Utilidad o perdida del ejercicio,Ingresos ordinarios,Otros rendimientos financieros,,,,
3,FONDO DE INVERSION COLETIVA INTERES,411495631,(FI) AGRARIO Cta No. 408203013514,,,1,99,PESOS,"0,0","-30048,76",,411495,Total pasivo + patrimonio,Patrimonio,Utilidad o perdida del ejercicio,Ingresos ordinarios,Otros rendimientos financieros,,,,
3,FONDO DE INVERSION COLETIVA INTERES,411495887,(FI) BANCO W  Cta Cau No.900064598200002,,,1,99,PESOS,"0,0","-37817040,78",,411495,Total pasivo + patrimonio,Patrimonio,Utilidad o perdida del ejercicio,Ingresos ordinarios,Otros rendimientos financieros,,,,
3,FONDO DE INVERSION COLETIVA INTERES,411495888,(FI) BANCO W  Cta Cau No.900064598200001,,,1,99,PESOS,"0,0","-21784513,16",,411495,Total pasivo + patrimonio,Patrimonio,Utilidad o perdida del ejercicio,Ingresos ordinarios,Otros rendimientos financieros,,,,
3,FONDO DE INVERSION COLETIVA INTERES,412505105,TÍTULOS DE TESORERÍA -TES,,,1,99,PESOS,"0,0","-8474335,31",,412505,Total pasivo + patrimonio,Patrimonio,Utilidad o perdida del ejercicio,Ingresos ordinarios,A valor Razonable Instrumentos de Deuda.,,,,
3,FONDO DE INVERSION COLETIVA INTERES,412505115,OTROS EMISORES NACIONALES,,,1,99,PESOS,"0,0","-2000,0",,412505,Total pasivo + patrimonio,Patrimonio,Utilidad o perdida del ejercicio,Ingresos ordinarios,A valor Razonable Instrumentos de Deuda.,,,,
3,FONDO DE INVERSION COLETIVA INTERES,412917020,UTILIDAD DERIVADOS DE MONEDA,,,1,99,PESOS,"0,0","-103830,0",,412917,Total pasivo + patrimonio,Patrimonio,Utilidad o perdida del ejercicio,Ingresos ordinarios,,,,,
3,FONDO DE INVERSION COLETIVA INTERES,413515010,DIFERENCIA EN CAMBIO,,,1,99,PESOS,"0,0","-549169431,57",,413515,Total pasivo + patrimonio,Patrimonio,Utilidad o perdida del ejercicio,Ingresos ordinarios,Diferencia en cambio,,,,
3,FONDO DE INVERSION COLETIVA INTERES,419595030,OTROS,,,1,99,PESOS,"0,0","-10401928,43",,419595,Total pasivo + patrimonio,Patrimonio,Utilidad o perdida del ejercicio,Ingresos ordinarios,Valoración Propiedades de Inversión,,,,
3,FONDO DE INVERSION COLETIVA INTERES,510605115,OTROS EMISORES NACIONALES,,,1,99,PESOS,"0,0","4501579699,96",,510605,Total pasivo + patrimonio,Patrimonio,Utilidad o perdida del ejercicio,Costos y gastos,Gastos de operaciones,Disminucion en el Valor Razonables inst. de Deuda,,,
3,FONDO DE INVERSION COLETIVA INTERES,512505105,TÍTULOS DE TESORERÍA -TES,,,1,99,PESOS,"0,0","24412672,56",,512505,Total pasivo + patrimonio,Patrimonio,Utilidad o perdida del ejercicio,Costos y gastos,Gastos de operaciones,Otras Emisores Nacionales,,,
3,FONDO DE INVERSION COLETIVA INTERES,512905010,FORWARDS DE COMPRA DE MONEDAS PESO/DÓLAR,,,1,99,PESOS,"0,0","62289000,0",,,,,,,,,,,
3,FONDO DE INVERSION COLETIVA INTERES,513015003,REVISORIA FISCAL                        ,,,1,99,PESOS,"0,0","10274563,37",,513015,Total pasivo + patrimonio,Patrimonio,Utilidad o perdida del ejercicio,Costos y gastos,Gastos de operaciones,Revisoría Fiscal,,,
3,FONDO DE INVERSION COLETIVA INTERES,519095006,CUENTAS DE DEPOSITO (CUD),,,1,99,PESOS,"0,0","1718954,8",,519095,Total pasivo + patrimonio,Patrimonio,Utilidad o perdida del ejercicio,Costos y gastos,Gastos de operaciones,Otros gastos de operación,,,
3,FONDO DE INVERSION COLETIVA INTERES,519095007,COMISION SAE CUSTODIO,,,1,99,PESOS,"0,0","3790693,43",,519095,Total pasivo + patrimonio,Patrimonio,Utilidad o perdida del ejercicio,Costos y gastos,Gastos de operaciones,Otros gastos de operación,,,
3,FONDO DE INVERSION COLETIVA INTERES,590505010,CANCELACION DE INGRESOS RF,,,1,99,PESOS,"0,0","9808380469,55",,590505,Total pasivo + patrimonio,Patrimonio,,,,,,,
3,FONDO DE INVERSION COLETIVA INTERES,590505015,CANCELACION DE INGRESOS RV,,,1,99,PESOS,"0,0","3013,42",,590505,Total pasivo + patrimonio,Patrimonio,,,,,,,
3,FONDO DE INVERSION COLETIVA INTERES,810505105,TÍTULOS DE TESORERÍA -TES,,,1,99,PESOS,"229441490149,32","318838972200,0",,810505,,,,,,,,,
3,FONDO DE INVERSION COLETIVA INTERES,821505010,EN TITULOS DE TESORERIA - TES,,,1,99,PESOS,"-402932389025,26","-441816010577,9",,,,,,,,,,,
3,FONDO DE INVERSION COLETIVA INTERES,830505010,DEUDORAS POR CONTRA,,,1,99,PESOS,"-2269297194249,33","-2340509525700,0",,,,,,,,,,,
6,FONDO DE INVERSION COLECTIVA ACCIONES GLOBALES,111505003,(FA) BANCOLOMBIA Cta No. 04882034297,,,1,99,PESOS,"5221475,26","16253647,63",,111505,Activo,,Activo Corriente,Efectivo y equivales de efectivo,Bancos nacionales,,,Disponible,
6,FONDO DE INVERSION COLECTIVA ACCIONES GLOBALES,111505005,(FA) DAVIVIENDA Cta No.005069993078,,,1,99,PESOS,"3333367,19","3332020,63",,111505,Activo,,Activo Corriente,Efectivo y equivales de efectivo,Bancos nacionales,,,Disponible,
3,FONDO DE INVERSION COLETIVA INTERES,510440010,COMPDE TRANSFERENCIA EN OPER REPO       ,,,1,99,PESOS,"0,0","29584500,0",,510440,Total pasivo + patrimonio,Patrimonio,Utilidad o perdida del ejercicio,Costos y gastos,Gastos de operaciones,,,,
3,FONDO DE INVERSION COLETIVA INTERES,511325010,COMISION CUSTODIA FIJA                  ,,,1,99,PESOS,"0,0","263462945,1",,511325,Total pasivo + patrimonio,Patrimonio,Utilidad o perdida del ejercicio,Costos y gastos,Gastos de operaciones,Comisión custodia fija,,,
3,FONDO DE INVERSION COLETIVA INTERES,511512010,GASTOS BANCARIOS                        ,,,1,99,PESOS,"0,0","617155588,2",,511512,Total pasivo + patrimonio,Patrimonio,Utilidad o perdida del ejercicio,Costos y gastos,Gastos de operaciones,Gastos bancarios,,,
3,FONDO DE INVERSION COLETIVA INTERES,511548010,COMISION DE ADMINISTRACION R.F.         ,,,1,99,PESOS,"0,0","19773810331,29",,511548,Total pasivo + patrimonio,Patrimonio,Utilidad o perdida del ejercicio,Costos y gastos,Gastos de operaciones,Comisión administración,,,
3,FONDO DE INVERSION COLETIVA INTERES,511595010,COMISION BURSATILES,,,1,99,PESOS,"0,0","1175874,7",,511595,Total pasivo + patrimonio,Patrimonio,Utilidad o perdida del ejercicio,Costos y gastos,Gastos de operaciones,Comisión Bursatil,,,
3,FONDO DE INVERSION COLETIVA INTERES,512505115,OTROS EMISORES NACIONALES,,,1,99,PESOS,"0,0","26685850,0",,512505,Total pasivo + patrimonio,Patrimonio,Utilidad o perdida del ejercicio,Costos y gastos,Gastos de operaciones,Otras Emisores Nacionales,,,
3,FONDO DE INVERSION COLETIVA INTERES,513095010,CALIFICADORA DE VALORES,,,1,99,PESOS,"0,0","14213006,37",,513095,Total pasivo + patrimonio,Patrimonio,Utilidad o perdida del ejercicio,Costos y gastos,Gastos de operaciones,Otros honorarios,,,
3,FONDO DE INVERSION COLETIVA INTERES,513535010,DIFERENCIA EN CAMBIO,,,1,99,PESOS,"0,0","366215521,06",,513535,Total pasivo + patrimonio,Patrimonio,Utilidad o perdida del ejercicio,Costos y gastos,Gastos de operaciones,Reexpresion de Activos,,,
3,FONDO DE INVERSION COLETIVA INTERES,514005010,IMPUESTO A LOS MOVIMIENTOS FINANCIEROS  ,,,1,99,PESOS,"0,0","17245830,13",,514005,Total pasivo + patrimonio,Patrimonio,Utilidad o perdida del ejercicio,Costos y gastos,Gastos de operaciones,Gravamen a los movimientos financieros,Impuestos y tasas,,
3,FONDO DE INVERSION COLETIVA INTERES,514005011,IMPOVENTAS,,,1,99,PESOS,"0,0","1877861,67",,514005,Total pasivo + patrimonio,Patrimonio,Utilidad o perdida del ejercicio,Costos y gastos,Gastos de operaciones,Gravamen a los movimientos financieros,Impuestos y tasas,,
3,FONDO DE INVERSION COLETIVA INTERES,519095004,MERCADO ELECTRONICO COLOMBIANO (MEC),,,1,99,PESOS,"0,0","3853870,32",,519095,Total pasivo + patrimonio,Patrimonio,Utilidad o perdida del ejercicio,Costos y gastos,Gastos de operaciones,Otros gastos de operación,,,
3,FONDO DE INVERSION COLETIVA INTERES,519095999,OTROS,,,1,99,PESOS,"0,0","1327,12",,519095,Total pasivo + patrimonio,Patrimonio,Utilidad o perdida del ejercicio,Costos y gastos,Gastos de operaciones,Otros gastos de operación,,,
3,FONDO DE INVERSION COLETIVA INTERES,590505020,UTILIDAD/PERDIDA PAGADA EN REDENCIONES,,,1,99,PESOS,"0,0","117813903362,32",,590505,Total pasivo + patrimonio,Patrimonio,,,,,,,
3,FONDO DE INVERSION COLETIVA INTERES,810505115,OTROS EMISORES NACIONALES               ,,,1,99,PESOS,"2039855704100,0","2021670553500,0",,810505,,,,,,,,,
3,FONDO DE INVERSION COLETIVA INTERES,840505010,ACREEDORAS POR CONTRA,,,1,99,PESOS,"402932389025,27","441816010577,9",,840505,,,,,,,,,
6,FONDO DE INVERSION COLECTIVA ACCIONES GLOBALES,111505001,(FA) Colpatria Cta No. 0062513018,,,1,99,PESOS,"2547615,38","2601411,58",,111505,Activo,,Activo Corriente,Efectivo y equivales de efectivo,Bancos nacionales,,,Disponible,
6,FONDO DE INVERSION COLECTIVA ACCIONES GLOBALES,111505012,(FA) BANCO BBVA Cta Ah No. 895000111,,,1,99,PESOS,"82251,0","82251,0",,111505,Activo,,Activo Corriente,Efectivo y equivales de efectivo,Bancos nacionales,,,Disponible,
6,FONDO DE INVERSION COLECTIVA ACCIONES GLOBALES,111505194,(FA) DAVIVIENDA Cta No.005070366652,,,1,99,PESOS,"139084246,88","22218237,66",,111505,Activo,,Activo Corriente,Efectivo y equivales de efectivo,Bancos nacionales,,,Disponible,
6,FONDO DE INVERSION COLECTIVA ACCIONES GLOBALES,111505385,(FA) REPUBLICA Cta No.62255443,,,1,99,PESOS,"1,11","358201,11",,111505,Activo,,Activo Corriente,Efectivo y equivales de efectivo,Bancos nacionales,,,Disponible,
6,FONDO DE INVERSION COLECTIVA ACCIONES GLOBALES,111505492,(FA) DAVIVIENDA Cta No.005070350797,,,1,99,PESOS,"18868841,44","79262908,63",,111505,Activo,,Activo Corriente,Efectivo y equivales de efectivo,Bancos nacionales,,,Disponible,
6,FONDO DE INVERSION COLECTIVA ACCIONES GLOBALES,111510156,BCO BOGOTA MIAMI CTA: 90829,,,1,99,DÓLAR,"18916897,8","25324062,75",,111510,Activo,,Activo Corriente,Efectivo y equivales de efectivo,Bancos del Exterior,,,Disponible,
6,FONDO DE INVERSION COLECTIVA ACCIONES GLOBALES,122005010,COMP DE TRANSF DE INV EN OP. SIM,,,1,99,PESOS,"0,0","372602348,0",,,,,,,,,,,
6,FONDO DE INVERSION COLECTIVA ACCIONES GLOBALES,130210200,EMISORES EXTRANJEROS,,,1,99,DÓLAR,"17047558137,53","20010459030,56",,130210,Activo,,Activo no corriente,Inversiones a valor razonable con efectos en resultados,Instrumentos de patrimonio,,,Inversiones,
6,FONDO DE INVERSION COLECTIVA ACCIONES GLOBALES,135115200,DERECHO DE COMPRA TITULOS,,,1,99,DÓLAR,"2244156045,77","0,0",,135115,Activo,,Activo no corriente,Inversiones a valor razonable con efectos en resultados,,,,Inversiones,
6,FONDO DE INVERSION COLECTIVA ACCIONES GLOBALES,135120300,DERECHO DE VENTA TITULOS,,,1,99,PESOS,"2593240,0","2593240,0",,135120,Activo,,Activo no corriente,Inversiones a valor razonable con efectos en resultados,,,,Inversiones,
6,FONDO DE INVERSION COLECTIVA ACCIONES GLOBALES,135140300,OBLIGACION DE COMPRA TITULOS,,,1,99,PESOS,"5646560,0","5646560,0",,135140,Activo,,Activo no corriente,Inversiones a valor razonable con efectos en resultados,,,,Inversiones,
6,FONDO DE INVERSION COLECTIVA ACCIONES GLOBALES,135145200,OBLIGACION DE VENTA SOBRE TÍTULOS,,,1,99,DÓLAR,"-462812518,43","0,0",,135145,Activo,,Activo no corriente,Inversiones a valor razonable con efectos en resultados,,,,Inversiones,
6,FONDO DE INVERSION COLECTIVA ACCIONES GLOBALES,161695004,(LD) BCO DAVIVIENDA cta No.482800025215,,,1,99,PESOS,"774304,68","784889,47",,161695,Activo,,Activo Corriente,Cuentas por cobrar,Deudores,,,,
6,FONDO DE INVERSION COLECTIVA ACCIONES GLOBALES,161695010,(FA) BCO OCCIDENTE Cta No. 219886793,,,1,99,PESOS,"391590,69","350765,88",,161695,Activo,,Activo Corriente,Cuentas por cobrar,Deudores,,,,
6,FONDO DE INVERSION COLECTIVA ACCIONES GLOBALES,161695012,(AA) Davivienda Panam Ah Cta.10001015157,,,1,99,PESOS,"-1102,19","52163,36",,161695,Activo,,Activo Corriente,Cuentas por cobrar,Deudores,,,,
6,FONDO DE INVERSION COLECTIVA ACCIONES GLOBALES,161695034,(FA) BOGOTA Cau No.049216492,,,1,99,PESOS,"471857,5","208423,4",,161695,Activo,,Activo Corriente,Cuentas por cobrar,Deudores,,,,
6,FONDO DE INVERSION COLECTIVA ACCIONES GLOBALES,161695130,(FA) ALL FUNDS Cau No. 1110500576003,,,1,99,DÓLAR,"6921710,23","6765337,11",,161695,Activo,,Activo Corriente,Cuentas por cobrar,Deudores,,,,
6,FONDO DE INVERSION COLECTIVA ACCIONES GLOBALES,161695160,(FA) OCCIDENTAL BANK Cau No. 509078,,,1,99,DÓLAR,"1350673,18","1393291,45",,161695,Activo,,Activo Corriente,Cuentas por cobrar,Deudores,,,,
6,FONDO DE INVERSION COLECTIVA ACCIONES GLOBALES,161695194,(FA) DAVIVIENDA Cta Cau No.005070366652,,,1,99,PESOS,"60416,4","20516,13",,161695,Activo,,Activo Corriente,Cuentas por cobrar,Deudores,,,,
6,FONDO DE INVERSION COLECTIVA ACCIONES GLOBALES,161695494,(FA) DAVIVIENDA Cau No. 005069994274,,,1,99,PESOS,"582,21","582,21",,161695,Activo,,Activo Corriente,Cuentas por cobrar,Deudores,,,,
6,FONDO DE INVERSION COLECTIVA ACCIONES GLOBALES,162825010,EN GARANTIA,,,1,99,PESOS,"25224444,0","182443889,0",,162825,Activo,,Activo Corriente,Cuentas por cobrar,Deudores,,,,
6,FONDO DE INVERSION COLECTIVA ACCIONES GLOBALES,192595002,CUENTAS DE DEPOSITO (CUD),,,1,99,PESOS,"0,0","0,07",,192595,Activo,,Activo Corriente,Otros activos,Gatos pagados por anticipados,,,,
6,FONDO DE INVERSION COLECTIVA ACCIONES GLOBALES,192595003,REVISORIA FISCAL                        ,,,1,99,PESOS,"0,0","204586,21",,192595,Activo,,Activo Corriente,Otros activos,Gatos pagados por anticipados,,,,
6,FONDO DE INVERSION COLECTIVA ACCIONES GLOBALES,225015011,DERECHO COMPRA SOBRE TITULOS,,,1,99,PESOS,"0,0","130279860,0",,225015,Total pasivo + patrimonio,Pasivo,Pasivo Corriente,,,,,,
6,FONDO DE INVERSION COLECTIVA ACCIONES GLOBALES,250110015,COMISION DE ADMINISTRACION              ,,,1,99,PESOS,"-1697482,3","-2636042,97",,250110,Total pasivo + patrimonio,Pasivo,Pasivo Corriente,Cuentas por pagar,Comision de administracion.,,,,
6,FONDO DE INVERSION COLECTIVA ACCIONES GLOBALES,253105110,CUENTA COMPENSACION,,,2,99,PESOS,"-380822292,76","-380822292,76",,253105,Total pasivo + patrimonio,Pasivo,Pasivo Corriente,Cuentas por pagar,Acreedores varios,,,,
6,FONDO DE INVERSION COLECTIVA ACCIONES GLOBALES,111505006,(FA) BCO BOGOTÁ Cta No.049335045,,,1,99,PESOS,"52627887,61","4368493,61",,111505,Activo,,Activo Corriente,Efectivo y equivales de efectivo,Bancos nacionales,,,Disponible,
6,FONDO DE INVERSION COLECTIVA ACCIONES GLOBALES,111505007,(FA) BANCOLOMBIA Cta No.69000008135,,,1,99,PESOS,"234280671,48","28202548,2",,111505,Activo,,Activo Corriente,Efectivo y equivales de efectivo,Bancos nacionales,,,Disponible,
6,FONDO DE INVERSION COLECTIVA ACCIONES GLOBALES,111505008,(FA) BANCO COLPATRIA Cta No.0072967710,,,1,99,PESOS,"112224409,08","12012552,35",,111505,Activo,,Activo Corriente,Efectivo y equivales de efectivo,Bancos nacionales,,,Disponible,
6,FONDO DE INVERSION COLECTIVA ACCIONES GLOBALES,111505010,(FA) BCO OCCIDENTE Cta No. 219886793,,,1,99,PESOS,"611769570,72","361191950,85",,111505,Activo,,Activo Corriente,Efectivo y equivales de efectivo,Bancos nacionales,,,Disponible,
6,FONDO DE INVERSION COLECTIVA ACCIONES GLOBALES,111505033,(FA) BOGOTA Cta No.049216492            ,,,1,99,PESOS,"69355284,5","21686804,5",,111505,Activo,,Activo Corriente,Efectivo y equivales de efectivo,Bancos nacionales,,,Disponible,
6,FONDO DE INVERSION COLECTIVA ACCIONES GLOBALES,111505035,(FA) OCCIDENTE Cta No.288821390         ,,,1,99,PESOS,"27145426,13","6055520,61",,111505,Activo,,Activo Corriente,Efectivo y equivales de efectivo,Bancos nacionales,,,Disponible,
6,FONDO DE INVERSION COLECTIVA ACCIONES GLOBALES,111505106,(FA) BANCOLOMBIA Cta No.17854125032,,,1,99,PESOS,"5807226,48","5165,89",,111505,Activo,,Activo Corriente,Efectivo y equivales de efectivo,Bancos nacionales,,,Disponible,
6,FONDO DE INVERSION COLECTIVA ACCIONES GLOBALES,111510001,(AA) Davivienda Panam Ah Cta:10001015157,,,1,99,DÓLAR,"21800607,0","21571503,84",,111510,Activo,,Activo Corriente,Efectivo y equivales de efectivo,Bancos del Exterior,,,Disponible,
6,FONDO DE INVERSION COLECTIVA ACCIONES GLOBALES,111510130,ALL FUNDS CTA: 1110500576003,,,1,99,DÓLAR,"5476470,1","3843813,83",,111510,Activo,,Activo Corriente,Efectivo y equivales de efectivo,Bancos del Exterior,,,Disponible,
6,FONDO DE INVERSION COLECTIVA ACCIONES GLOBALES,111510154,CITIBANK NEW YORK CTA: 27075100,,,1,99,DÓLAR,"2585916597,84","39413326,68",,111510,Activo,,Activo Corriente,Efectivo y equivales de efectivo,Bancos del Exterior,,,Disponible,
6,FONDO DE INVERSION COLECTIVA ACCIONES GLOBALES,111510155,BANCOLOMBIA PANAMA CTA: 80100008440,,,1,99,DÓLAR,"22205883,21","21766372,17",,111510,Activo,,Activo Corriente,Efectivo y equivales de efectivo,Bancos del Exterior,,,Disponible,
6,FONDO DE INVERSION COLECTIVA ACCIONES GLOBALES,111510160,OCCIDENTAL BANK BARBADOS CTA: 509078,,,1,99,DÓLAR,"22519186,11","22046095,51",,111510,Activo,,Activo Corriente,Efectivo y equivales de efectivo,Bancos del Exterior,,,Disponible,
6,FONDO DE INVERSION COLECTIVA ACCIONES GLOBALES,130205300,EMISORES  NACIONALES,,,1,99,PESOS,"-388079954,96","63995784,31",,130205,Activo,,Activo no corriente,Inversiones a valor razonable con efectos en resultados,Instrumentos de patrimonio,,,Inversiones,
6,FONDO DE INVERSION COLECTIVA ACCIONES GLOBALES,130205300,EMISORES  NACIONALES,,,2,99,PESOS,"880278914,96","880278914,96",,130205,Activo,,Activo no corriente,Inversiones a valor razonable con efectos en resultados,Instrumentos de patrimonio,,,Inversiones,
6,FONDO DE INVERSION COLECTIVA ACCIONES GLOBALES,135120200,DERECHO DE VENTA SOBRE TÍTULOS,,,1,99,DÓLAR,"464327748,79","0,0",,135120,Activo,,Activo no corriente,Inversiones a valor razonable con efectos en resultados,,,,Inversiones,
6,FONDO DE INVERSION COLECTIVA ACCIONES GLOBALES,135120300,DERECHO DE VENTA TITULOS,,,2,99,PESOS,"-2593240,0","-2593240,0",,135120,Activo,,Activo no corriente,Inversiones a valor razonable con efectos en resultados,,,,Inversiones,
6,FONDO DE INVERSION COLECTIVA ACCIONES GLOBALES,135140200,OBLIGACION DE COMPRA TITULOS,,,1,99,DÓLAR,"-2241207075,54","0,0",,135140,Activo,,Activo no corriente,Inversiones a valor razonable con efectos en resultados,,,,Inversiones,
6,FONDO DE INVERSION COLECTIVA ACCIONES GLOBALES,135140300,OBLIGACION DE COMPRA TITULOS,,,2,99,PESOS,"-5646560,0","-5646560,0",,135140,Activo,,Activo no corriente,Inversiones a valor razonable con efectos en resultados,,,,Inversiones,
6,FONDO DE INVERSION COLECTIVA ACCIONES GLOBALES,135305010,DERECHO DE MONEDAS,,,1,99,PESOS,"3050452000,0","2608462000,0",,135305,Activo,,Activo no corriente,Inversiones a valor razonable con efectos en resultados,,,,Inversiones,
6,FONDO DE INVERSION COLECTIVA ACCIONES GLOBALES,135305015,OBLIGACION MONEDAS,,,1,99,PESOS,"-3050452000,0","-2608462000,0",,135305,Activo,,Activo no corriente,Inversiones a valor razonable con efectos en resultados,,,,Inversiones,
6,FONDO DE INVERSION COLECTIVA ACCIONES GLOBALES,161695002,(FA) BANCOLOMBIA Cta No.69000008135,,,1,99,PESOS,"61317,06","106703,18",,161695,Activo,,Activo Corriente,Cuentas por cobrar,Deudores,,,,
6,FONDO DE INVERSION COLECTIVA ACCIONES GLOBALES,161695005,(FA) DAVIVIENDA Cta No. 482800035990,,,1,99,PESOS,"95214,27","95214,27",,161695,Activo,,Activo Corriente,Cuentas por cobrar,Deudores,,,,
6,FONDO DE INVERSION COLECTIVA ACCIONES GLOBALES,161695007,(FA) BCO BOGOTÁ Cta No.049335045,,,1,99,PESOS,"343894,53","30803,49",,161695,Activo,,Activo Corriente,Cuentas por cobrar,Deudores,,,,
6,FONDO DE INVERSION COLECTIVA ACCIONES GLOBALES,161695008,(FA) BANCO COLPATRIA Cta No.0072967710,,,1,99,PESOS,"724512,33","148113,2",,161695,Activo,,Activo Corriente,Cuentas por cobrar,Deudores,,,,
6,FONDO DE INVERSION COLECTIVA ACCIONES GLOBALES,161695015,GASTOS VARIOS DE ADMON,,,1,99,PESOS,"0,0","-140488,07",,161695,Activo,,Activo Corriente,Cuentas por cobrar,Deudores,,,,
6,FONDO DE INVERSION COLECTIVA ACCIONES GLOBALES,161695018,(FA) Colpatria Cta Cau No. 0062513018,,,1,99,PESOS,"27589,12","28153,51",,161695,Activo,,Activo Corriente,Cuentas por cobrar,Deudores,,,,
6,FONDO DE INVERSION COLECTIVA ACCIONES GLOBALES,161695036,(FA) OCCIDENTE Cau No.288821390,,,1,99,PESOS,"406102,67","393971,87",,161695,Activo,,Activo Corriente,Cuentas por cobrar,Deudores,,,,
6,FONDO DE INVERSION COLECTIVA ACCIONES GLOBALES,161695045,CUENTA CORRIENTE                        ,,,1,99,PESOS,"3950107,77","0,0",,161695,Activo,,Activo Corriente,Cuentas por cobrar,Deudores,,,,
6,FONDO DE INVERSION COLECTIVA ACCIONES GLOBALES,161695197,(FA) BBVA Cau No. 895000610,,,1,99,PESOS,"31341,5","31341,5",,161695,Activo,,Activo Corriente,Cuentas por cobrar,Deudores,,,,
6,FONDO DE INVERSION COLECTIVA ACCIONES GLOBALES,161695255,(FA) Bancol pan Cau No. 80100008440,,,1,99,DÓLAR,"18367,84","17387,69",,161695,Activo,,Activo Corriente,Cuentas por cobrar,Deudores,,,,
6,FONDO DE INVERSION COLECTIVA ACCIONES GLOBALES,161695491,(FA) POPULAR Cau No.220063102297,,,1,99,PESOS,"36,57","36,57",,161695,Activo,,Activo Corriente,Cuentas por cobrar,Deudores,,,,
6,FONDO DE INVERSION COLECTIVA ACCIONES GLOBALES,161695492,(FA) DAVIVIENDA Cau No.5070350797,,,1,99,PESOS,"18896,63","71796,07",,161695,Activo,,Activo Corriente,Cuentas por cobrar,Deudores,,,,
6,FONDO DE INVERSION COLECTIVA ACCIONES GLOBALES,225040011,OBLIGACION DE COMPRA SOBRE TITULOS,,,1,99,PESOS,"0,0","-130500000,0",,225040,Total pasivo + patrimonio,Pasivo,Pasivo Corriente,,,,,,
6,FONDO DE INVERSION COLECTIVA ACCIONES GLOBALES,250110033,COMISION CUSTODIO,,,1,99,PESOS,"-85000,0","-325000,01",,250110,Total pasivo + patrimonio,Pasivo,Pasivo Corriente,Cuentas por pagar,Comision de administracion.,,,,
6,FONDO DE INVERSION COLECTIVA ACCIONES GLOBALES,250305011,RENDIMIENTOS FINANCIEROS CAPITALIZADOS  ,,,1,99,PESOS,"-3726,0","-31,0",,250305,Total pasivo + patrimonio,Pasivo,Pasivo Corriente,Cuentas por pagar,Impuestos,,,,
6,FONDO DE INVERSION COLECTIVA ACCIONES GLOBALES,253105110,CUENTA COMPENSACION,,,1,99,PESOS,"364381621,52","312562902,66",,253105,Total pasivo + patrimonio,Pasivo,Pasivo Corriente,Cuentas por pagar,Acreedores varios,,,,
6,FONDO DE INVERSION COLECTIVA ACCIONES GLOBALES,253105135,CUMPLIMIENTO DERIVADOS,,,1,99,PESOS,"-20601000,0","-17207000,0",,253105,Total pasivo + patrimonio,Pasivo,Pasivo Corriente,Cuentas por pagar,Acreedores varios,,,,
6,FONDO DE INVERSION COLECTIVA ACCIONES GLOBALES,410805200,EMISORES EXTRANJEROS,,,1,99,PESOS,"0,0","-3001056757,94",,410805,Total pasivo + patrimonio,Patrimonio,Utilidad o perdida del ejercicio,Ingresos ordinarios,Por aumento en el valor de mercado Inst. de Pat.,,,,
6,FONDO DE INVERSION COLECTIVA ACCIONES GLOBALES,411405015,INGRESO POR OP REPO,,,1,99,PESOS,"0,0","-1662507,18",,411405,Total pasivo + patrimonio,Patrimonio,Utilidad o perdida del ejercicio,Ingresos ordinarios,,,,,
6,FONDO DE INVERSION COLECTIVA ACCIONES GLOBALES,411415020,DIVIDENDOS                              ,,,1,99,PESOS,"0,0","-3749830,0",,411415,Total pasivo + patrimonio,Patrimonio,Utilidad o perdida del ejercicio,Ingresos ordinarios,Dividendos,,,,
6,FONDO DE INVERSION COLECTIVA ACCIONES GLOBALES,411495002,(FA) BANCOLOMBIA Cta No.69000008135,,,1,99,PESOS,"0,0","-1122998,88",,411495,Total pasivo + patrimonio,Patrimonio,Utilidad o perdida del ejercicio,Ingresos ordinarios,Otros rendimientos financieros,,,,
6,FONDO DE INVERSION COLECTIVA ACCIONES GLOBALES,352505010,PARTICIPACIONES EN FDO DE INVERSIÓN COLE,,,1,99,PESOS,"-21505217306,07","-22123042145,15",,352505,Total pasivo + patrimonio,Patrimonio,,Patrimonio especiales,Participaciones en fondos de inversión colectiva,,,,
6,FONDO DE INVERSION COLECTIVA ACCIONES GLOBALES,352510010,PARTICIPACIONES POR IDENTIFICAR,,,1,99,PESOS,"-231885,82","-250695,2",,352510,Total pasivo + patrimonio,Patrimonio,,Patrimonio especiales,Participaciones en fondos de inversión colectiva,,,,
6,FONDO DE INVERSION COLECTIVA ACCIONES GLOBALES,410355010,REND X COMPROMISOS DE TRANSF OP SIM,,,1,99,PESOS,"0,0","-2462234,0",,410355,Total pasivo + patrimonio,Patrimonio,Utilidad o perdida del ejercicio,Ingresos ordinarios,Otros rendimientos financieros,,,,
6,FONDO DE INVERSION COLECTIVA ACCIONES GLOBALES,410805300,EMISORES NACIONALES,,,1,99,PESOS,"0,0","-42534373,27",,410805,Total pasivo + patrimonio,Patrimonio,Utilidad o perdida del ejercicio,Ingresos ordinarios,Por aumento en el valor de mercado Inst. de Pat.,,,,
6,FONDO DE INVERSION COLECTIVA ACCIONES GLOBALES,411495007,(FA) BCO BOGOTÁ Cta No.049335045,,,1,99,PESOS,"0,0","-1427514,96",,411495,Total pasivo + patrimonio,Patrimonio,Utilidad o perdida del ejercicio,Ingresos ordinarios,Otros rendimientos financieros,,,,
6,FONDO DE INVERSION COLECTIVA ACCIONES GLOBALES,411495008,(FA) BANCO COLPATRIA Cta No.0072967710,,,1,99,PESOS,"0,0","-2012060,0",,411495,Total pasivo + patrimonio,Patrimonio,Utilidad o perdida del ejercicio,Ingresos ordinarios,Otros rendimientos financieros,,,,
6,FONDO DE INVERSION COLECTIVA ACCIONES GLOBALES,411495010,(FA) BCO OCCIDENTE Cta No. 219886793,,,1,99,PESOS,"0,0","-8656848,42",,411495,Total pasivo + patrimonio,Patrimonio,Utilidad o perdida del ejercicio,Ingresos ordinarios,Otros rendimientos financieros,,,,
6,FONDO DE INVERSION COLECTIVA ACCIONES GLOBALES,411495012,(AA) Davivienda Panam Ah Cta.10001015157,,,1,99,PESOS,"0,0","-283833,88",,411495,Total pasivo + patrimonio,Patrimonio,Utilidad o perdida del ejercicio,Ingresos ordinarios,Otros rendimientos financieros,,,,
6,FONDO DE INVERSION COLECTIVA ACCIONES GLOBALES,411495036,(FA) OCCIDENTE Cau No.288821390         ,,,1,99,PESOS,"0,0","-1837984,14",,411495,Total pasivo + patrimonio,Patrimonio,Utilidad o perdida del ejercicio,Ingresos ordinarios,Otros rendimientos financieros,,,,
6,FONDO DE INVERSION COLECTIVA ACCIONES GLOBALES,411495130,(FA) ALL FUNDS Cau No. 1110500576003,,,1,99,DÓLAR,"0,0","-19847,59",,411495,Total pasivo + patrimonio,Patrimonio,Utilidad o perdida del ejercicio,Ingresos ordinarios,Otros rendimientos financieros,,,,
6,FONDO DE INVERSION COLECTIVA ACCIONES GLOBALES,411495492,(FA) DAVIVIENDA Cta No.5070350797,,,1,99,PESOS,"0,0","-422682,63",,411495,Total pasivo + patrimonio,Patrimonio,Utilidad o perdida del ejercicio,Ingresos ordinarios,Otros rendimientos financieros,,,,
6,FONDO DE INVERSION COLECTIVA ACCIONES GLOBALES,412917010,FUTUROS DE MONEDAS,,,1,99,PESOS,"0,0","-69940000,0",,412917,Total pasivo + patrimonio,Patrimonio,Utilidad o perdida del ejercicio,Ingresos ordinarios,,,,,
6,FONDO DE INVERSION COLECTIVA ACCIONES GLOBALES,412917020,UTILIDAD DERIVADOS DE MONEDA,,,1,99,PESOS,"0,0","-159496000,0",,412917,Total pasivo + patrimonio,Patrimonio,Utilidad o perdida del ejercicio,Ingresos ordinarios,,,,,
6,FONDO DE INVERSION COLECTIVA ACCIONES GLOBALES,413515010,REEXPRESION DE ACTIVOS,,,1,99,PESOS,"0,0","-106658260,31",,413515,Total pasivo + patrimonio,Patrimonio,Utilidad o perdida del ejercicio,Ingresos ordinarios,Diferencia en cambio,,,,
6,FONDO DE INVERSION COLECTIVA ACCIONES GLOBALES,419595999,OTROS,,,1,99,PESOS,"0,0","-3,96",,419595,Total pasivo + patrimonio,Patrimonio,Utilidad o perdida del ejercicio,Ingresos ordinarios,Valoración Propiedades de Inversión,,,,
6,FONDO DE INVERSION COLECTIVA ACCIONES GLOBALES,510805200,EMISORES EXTRANJEROS,,,1,99,PESOS,"0,0","1396444711,8",,510805,Total pasivo + patrimonio,Patrimonio,Utilidad o perdida del ejercicio,Costos y gastos,Gastos de operaciones,Disminución en el valor de mercado Inst. de Pat.,,,
6,FONDO DE INVERSION COLECTIVA ACCIONES GLOBALES,511325002,COMISION CUSTODIA VARIABLE              ,,,1,99,PESOS,"0,0","6163099,84",,511325,Total pasivo + patrimonio,Patrimonio,Utilidad o perdida del ejercicio,Costos y gastos,Gastos de operaciones,Comisión custodia fija,,,
6,FONDO DE INVERSION COLECTIVA ACCIONES GLOBALES,511325010,COMISION CUSTODIA FIJA                  ,,,1,99,PESOS,"0,0","966258,16",,511325,Total pasivo + patrimonio,Patrimonio,Utilidad o perdida del ejercicio,Costos y gastos,Gastos de operaciones,Comisión custodia fija,,,
6,FONDO DE INVERSION COLECTIVA ACCIONES GLOBALES,511595070,COMISIONES OP DEL EXTERIOR,,,1,99,PESOS,"0,0","4348550,62",,511595,Total pasivo + patrimonio,Patrimonio,Utilidad o perdida del ejercicio,Costos y gastos,Gastos de operaciones,Comisión Bursatil,,,
6,FONDO DE INVERSION COLECTIVA ACCIONES GLOBALES,513015003,REVISORIA FISCAL                        ,,,1,99,PESOS,"0,0","10658421,78",,513015,Total pasivo + patrimonio,Patrimonio,Utilidad o perdida del ejercicio,Costos y gastos,Gastos de operaciones,Revisoría Fiscal,,,
6,FONDO DE INVERSION COLECTIVA ACCIONES GLOBALES,513535010,REEXPRESION ACTIVOS,,,1,99,PESOS,"0,0","103247450,36",,513535,Total pasivo + patrimonio,Patrimonio,Utilidad o perdida del ejercicio,Costos y gastos,Gastos de operaciones,Reexpresion de Activos,,,
6,FONDO DE INVERSION COLECTIVA ACCIONES GLOBALES,514005010,IMPUESTO A LOS MOVIMIENTOS FINANCIEROS  ,,,1,99,PESOS,"0,0","52416,8",,514005,Total pasivo + patrimonio,Patrimonio,Utilidad o perdida del ejercicio,Costos y gastos,Gastos de operaciones,Gravamen a los movimientos financieros,Impuestos y tasas,,
6,FONDO DE INVERSION COLECTIVA ACCIONES GLOBALES,519095006,CUENTAS DE DEPOSITO (CUD),,,1,99,PESOS,"0,0","1722111,85",,519095,Total pasivo + patrimonio,Patrimonio,Utilidad o perdida del ejercicio,Costos y gastos,Gastos de operaciones,Otros gastos de operación,,,
6,FONDO DE INVERSION COLECTIVA ACCIONES GLOBALES,590505015,CANCELACION DE INGRESOS RV,,,1,99,PESOS,"0,0","1566712899,24",,590505,Total pasivo + patrimonio,Patrimonio,,,,,,,
6,FONDO DE INVERSION COLECTIVA ACCIONES GLOBALES,821505010,EN TITULOS DE TESORERIA - TES,,,1,99,PESOS,"0,0","-372902720,0",,,,,,,,,,,
10,FIC DIVERSIFICADO MODERADO,111505004,(DM) OCCIDENTE Cta No. 219885894,,,1,99,PESOS,"1769607607,79","450140252,36",,111505,Activo,,Activo Corriente,Efectivo y equivales de efectivo,Bancos nacionales,,,Disponible,
10,FIC DIVERSIFICADO MODERADO,111505006,(DM) BANCO COLPATRIA Cta No. 0072967712,,,1,99,PESOS,"53107350,39","63789989,31",,111505,Activo,,Activo Corriente,Efectivo y equivales de efectivo,Bancos nacionales,,,Disponible,
10,FIC DIVERSIFICADO MODERADO,111505147,(FR) DAVIVIENDA Cta No. 005069993326,,,1,99,PESOS,"2001000,0","2382176,0",,111505,Activo,,Activo Corriente,Efectivo y equivales de efectivo,Bancos nacionales,,,Disponible,
10,FIC DIVERSIFICADO MODERADO,111505193,(BA) BCO BOGOTA Cta Ah No. 049280159,,,1,99,PESOS,"6238289,0","6458249,0",,111505,Activo,,Activo Corriente,Efectivo y equivales de efectivo,Bancos nacionales,,,Disponible,
10,FIC DIVERSIFICADO MODERADO,111505196,(EA) DAVIVIENDA Cta Cte. No 005069993052,,,1,99,PESOS,"89155543,4","49142077,73",,111505,Activo,,Activo Corriente,Efectivo y equivales de efectivo,Bancos nacionales,,,Disponible,
10,FIC DIVERSIFICADO MODERADO,111510130,ALL FUNDS CTA: 1160500576000,,,1,99,DOLARES,"13271922,61","3766462,36",,111510,Activo,,Activo Corriente,Efectivo y equivales de efectivo,Bancos del Exterior,,,Disponible,
10,FIC DIVERSIFICADO MODERADO,130115115,OTROS EMISORES NACIONALES               ,,,1,99,PESOS,"14671966750,0","5132387200,0",,130115,Activo,,Activo no corriente,Inversiones a valor razonable con efectos en resultados,Instrumentos de Deuda,,,Inversiones,
10,FIC DIVERSIFICADO MODERADO,130205300,EMISORES  NACIONALES,,,1,99,PESOS,"5000059239,3","7212626139,15",,130205,Activo,,Activo no corriente,Inversiones a valor razonable con efectos en resultados,Instrumentos de patrimonio,,,Inversiones,
10,FIC DIVERSIFICADO MODERADO,135305010,DERECHO DE MONEDAS,,,1,99,PESOS,"5128484000,0","8170010000,0",,135305,Activo,,Activo no corriente,Inversiones a valor razonable con efectos en resultados,,,,Inversiones,
10,FIC DIVERSIFICADO MODERADO,135305015,OBLIGACION DE MONEDAS,,,1,99,PESOS,"-5128484000,0","-8170010000,0",,135305,Activo,,Activo no corriente,Inversiones a valor razonable con efectos en resultados,,,,Inversiones,
10,FIC DIVERSIFICADO MODERADO,161695001,(DM) DAVIVIENDA Cta No.482800036014,,,1,99,PESOS,"49834,28","48501,76",,161695,Activo,,Activo Corriente,Cuentas por cobrar,Deudores,,,,
10,FIC DIVERSIFICADO MODERADO,161695002,(DM) BCO BOGOTA Cta No.049335060,,,1,99,PESOS,"2014355,64","866139,8",,161695,Activo,,Activo Corriente,Cuentas por cobrar,Deudores,,,,
10,FIC DIVERSIFICADO MODERADO,161695005,(DM) BANCOLOMBIA Cta No. 69000008137,,,1,99,PESOS,"57275,69","12924,95",,161695,Activo,,Activo Corriente,Cuentas por cobrar,Deudores,,,,
10,FIC DIVERSIFICADO MODERADO,161695007,(DM) Davivienda Panama CTA. 10001015160,,,1,99,PESOS,"0,0","395430,7",,161695,Activo,,Activo Corriente,Cuentas por cobrar,Deudores,,,,
10,FIC DIVERSIFICADO MODERADO,161695015,GASTOS VARIOS DE ADMON                  ,,,1,99,PESOS,"0,0","1350,67",,161695,Activo,,Activo Corriente,Cuentas por cobrar,Deudores,,,,
10,FIC DIVERSIFICADO MODERADO,161695124,(EA) Bco Popular cau No. 220066149154,,,1,99,PESOS,"152,29","152,29",,161695,Activo,,Activo Corriente,Cuentas por cobrar,Deudores,,,,
10,FIC DIVERSIFICADO MODERADO,161695130,ALL FUNDS Cau. 1160500576000 CTE,,,1,99,DOLARES,"13304362,32","13049556,49",,161695,Activo,,Activo Corriente,Cuentas por cobrar,Deudores,,,,
6,FONDO DE INVERSION COLECTIVA ACCIONES GLOBALES,411495004,(FA) BANCOLOMBIA Cau No.04882034297,,,1,99,PESOS,"0,0","-141181,82",,411495,Total pasivo + patrimonio,Patrimonio,Utilidad o perdida del ejercicio,Ingresos ordinarios,Otros rendimientos financieros,,,,
6,FONDO DE INVERSION COLECTIVA ACCIONES GLOBALES,411495018,(FA) Colpatria Cta No. 0062513018,,,1,99,PESOS,"0,0","-81057,05",,411495,Total pasivo + patrimonio,Patrimonio,Utilidad o perdida del ejercicio,Ingresos ordinarios,Otros rendimientos financieros,,,,
6,FONDO DE INVERSION COLECTIVA ACCIONES GLOBALES,411495034,(FA) BOGOTA Cau No.049216492            ,,,1,99,PESOS,"0,0","-2068275,9",,411495,Total pasivo + patrimonio,Patrimonio,Utilidad o perdida del ejercicio,Ingresos ordinarios,Otros rendimientos financieros,,,,
6,FONDO DE INVERSION COLECTIVA ACCIONES GLOBALES,411495160,(FA) OCCIDENTAL BANK Cau No. 509078,,,1,99,DÓLAR,"0,0","-71972,11",,411495,Total pasivo + patrimonio,Patrimonio,Utilidad o perdida del ejercicio,Ingresos ordinarios,Otros rendimientos financieros,,,,
6,FONDO DE INVERSION COLECTIVA ACCIONES GLOBALES,411495194,(FA) DAVIVIENDA Cta Cau No.005070366652,,,1,99,PESOS,"0,0","-4463800,37",,411495,Total pasivo + patrimonio,Patrimonio,Utilidad o perdida del ejercicio,Ingresos ordinarios,Otros rendimientos financieros,,,,
6,FONDO DE INVERSION COLECTIVA ACCIONES GLOBALES,411495255,CAUS  BANCOLOMBIA PANAMA 80100008440 AHO,,,1,99,DÓLAR,"0,0","-29195,21",,411495,Total pasivo + patrimonio,Patrimonio,Utilidad o perdida del ejercicio,Ingresos ordinarios,Otros rendimientos financieros,,,,
6,FONDO DE INVERSION COLECTIVA ACCIONES GLOBALES,411495999,OTROS,,,1,99,PESOS,"0,0","-1,89",,411495,Total pasivo + patrimonio,Patrimonio,Utilidad o perdida del ejercicio,Ingresos ordinarios,Otros rendimientos financieros,,,,
6,FONDO DE INVERSION COLECTIVA ACCIONES GLOBALES,412510200,EMISORES EXTRANJEROS,,,1,99,PESOS,"0,0","-355612471,89",,412510,Total pasivo + patrimonio,Patrimonio,Utilidad o perdida del ejercicio,Ingresos ordinarios,A valor Razonable Instrumentos de Pat.,,,,
6,FONDO DE INVERSION COLECTIVA ACCIONES GLOBALES,413515015,UT/PER REEXPRESIÓN OTROS ACTIVOS (DER CO,,,1,99,PESOS,"0,0","-717600,0",,413515,Total pasivo + patrimonio,Patrimonio,Utilidad o perdida del ejercicio,Ingresos ordinarios,Diferencia en cambio,,,,
6,FONDO DE INVERSION COLECTIVA ACCIONES GLOBALES,413535015,UT/PER REEXPRESIÓN OTROS PASIVOS (OBL VE,,,1,99,PESOS,"0,0","-1210100,0",,413535,Total pasivo + patrimonio,Patrimonio,Utilidad o perdida del ejercicio,Ingresos ordinarios,Por reexpresion de otros pasivos,,,,
6,FONDO DE INVERSION COLECTIVA ACCIONES GLOBALES,511512010,GASTOS BANCARIOS                        ,,,1,99,PESOS,"0,0","4399817,33",,511512,Total pasivo + patrimonio,Patrimonio,Utilidad o perdida del ejercicio,Costos y gastos,Gastos de operaciones,Gastos bancarios,,,
6,FONDO DE INVERSION COLECTIVA ACCIONES GLOBALES,511548010,COMISION DE ADMINISTRACION R.F.         ,,,1,99,PESOS,"0,0","127945729,79",,511548,Total pasivo + patrimonio,Patrimonio,Utilidad o perdida del ejercicio,Costos y gastos,Gastos de operaciones,Comisión administración,,,
6,FONDO DE INVERSION COLECTIVA ACCIONES GLOBALES,512510200,EMISORES EXTRANJEROS,,,1,99,PESOS,"0,0","219329374,0",,512510,Total pasivo + patrimonio,Patrimonio,Utilidad o perdida del ejercicio,Costos y gastos,Gastos de operaciones,,,,
6,FONDO DE INVERSION COLECTIVA ACCIONES GLOBALES,512917010,PERDIDA FUTUROS DE MONEDAS,,,1,99,PESOS,"0,0","49818500,0",,512917,Total pasivo + patrimonio,Patrimonio,Utilidad o perdida del ejercicio,Costos y gastos,Gastos de operaciones,,,,
6,FONDO DE INVERSION COLECTIVA ACCIONES GLOBALES,512917020,VALORACION FUTUROS DE MONEDAS,,,1,99,PESOS,"0,0","161589500,0",,512917,Total pasivo + patrimonio,Patrimonio,Utilidad o perdida del ejercicio,Costos y gastos,Gastos de operaciones,,,,
6,FONDO DE INVERSION COLECTIVA ACCIONES GLOBALES,513535015,UT/PER REEXPRESIÓN OTROS PASIVOS (OBL VE,,,1,99,PESOS,"0,0","554280,0",,513535,Total pasivo + patrimonio,Patrimonio,Utilidad o perdida del ejercicio,Costos y gastos,Gastos de operaciones,Reexpresion de Activos,,,
6,FONDO DE INVERSION COLECTIVA ACCIONES GLOBALES,514005011,IMPOVENTAS,,,1,99,PESOS,"0,0","2123280,62",,514005,Total pasivo + patrimonio,Patrimonio,Utilidad o perdida del ejercicio,Costos y gastos,Gastos de operaciones,Gravamen a los movimientos financieros,Impuestos y tasas,,
6,FONDO DE INVERSION COLECTIVA ACCIONES GLOBALES,519095004,MERCADO ELECTRONICO COLOMBIANO (MEC),,,1,99,PESOS,"0,0","205974,57",,519095,Total pasivo + patrimonio,Patrimonio,Utilidad o perdida del ejercicio,Costos y gastos,Gastos de operaciones,Otros gastos de operación,,,
6,FONDO DE INVERSION COLECTIVA ACCIONES GLOBALES,519095007,SAE CUSTODIO,,,1,99,PESOS,"0,0","92662,66",,519095,Total pasivo + patrimonio,Patrimonio,Utilidad o perdida del ejercicio,Costos y gastos,Gastos de operaciones,Otros gastos de operación,,,
6,FONDO DE INVERSION COLECTIVA ACCIONES GLOBALES,519095999,OTROS,,,1,99,PESOS,"0,0","5,32",,519095,Total pasivo + patrimonio,Patrimonio,Utilidad o perdida del ejercicio,Costos y gastos,Gastos de operaciones,Otros gastos de operación,,,
6,FONDO DE INVERSION COLECTIVA ACCIONES GLOBALES,590505010,CANCELACION DE INGRESOS RF,,,1,99,PESOS,"0,0","104336613,52",,590505,Total pasivo + patrimonio,Patrimonio,,,,,,,
6,FONDO DE INVERSION COLECTIVA ACCIONES GLOBALES,590505020,UTILIDAD/PERDIDA PAGADA EN REDENCIONES,,,1,99,PESOS,"0,0","7027735,14",,590505,Total pasivo + patrimonio,Patrimonio,,,,,,,
6,FONDO DE INVERSION COLECTIVA ACCIONES GLOBALES,810505205,EMISORES NACIONALES                     ,,,1,99,PESOS,"492198960,0","944274699,27",,810505,,,,,,,,,
6,FONDO DE INVERSION COLECTIVA ACCIONES GLOBALES,810505210,EMISORES EXTRANJEROS,,,1,99,PESOS,"17047558137,51","20010459030,56",,810505,,,,,,,,,
6,FONDO DE INVERSION COLECTIVA ACCIONES GLOBALES,830505010,DEUDORAS POR CONTRA,,,1,99,PESOS,"-17539757097,51","-20954733729,83",,,,,,,,,,,
6,FONDO DE INVERSION COLECTIVA ACCIONES GLOBALES,840505010,ACREEDORAS POR CONTRA,,,1,99,PESOS,"0,0","372902720,0",,840505,,,,,,,,,
10,FIC DIVERSIFICADO MODERADO,111505001,(DM) DAVIVIENDA Cta No.482800036014,,,1,99,PESOS,"46444395,81","23099101,56",,111505,Activo,,Activo Corriente,Efectivo y equivales de efectivo,Bancos nacionales,,,Disponible,
10,FIC DIVERSIFICADO MODERADO,111505002,(DM) BCO BOGOTA Cta No.049335060,,,1,99,PESOS,"308267204,19","97112326,49",,111505,Activo,,Activo Corriente,Efectivo y equivales de efectivo,Bancos nacionales,,,Disponible,
10,FIC DIVERSIFICADO MODERADO,111505005,(DM) BANCOLOMBIA Cta No. 69000008137,,,1,99,PESOS,"221966541,86","37928875,14",,111505,Activo,,Activo Corriente,Efectivo y equivales de efectivo,Bancos nacionales,,,Disponible,
10,FIC DIVERSIFICADO MODERADO,111505087,(FR) BANCOLOMBIA Cta No.04882034670     ,,,1,99,PESOS,"22118161,24","36209860,93",,111505,Activo,,Activo Corriente,Efectivo y equivales de efectivo,Bancos nacionales,,,Disponible,
10,FIC DIVERSIFICADO MODERADO,111505115,(BA) BANCO COLPATRIA Cta No.0062513021,,,1,99,PESOS,"6337783,65","6337783,65",,111505,Activo,,Activo Corriente,Efectivo y equivales de efectivo,Bancos nacionales,,,Disponible,
10,FIC DIVERSIFICADO MODERADO,111505140,(FR) BANCOLOMBIA Cta No.17854124724,,,1,99,PESOS,"129637571,05","26852963,62",,111505,Activo,,Activo Corriente,Efectivo y equivales de efectivo,Bancos nacionales,,,Disponible,
10,FIC DIVERSIFICADO MODERADO,111505142,(FR) OCCIDENTE Cta No. 288854078,,,1,99,PESOS,"2641823,64","33407006,42",,111505,Activo,,Activo Corriente,Efectivo y equivales de efectivo,Bancos nacionales,,,Disponible,
10,FIC DIVERSIFICADO MODERADO,111505144,(BA) DAVIVIENDA Cta No. 5070361620,,,1,99,PESOS,"15723275,64","177909513,02",,111505,Activo,,Activo Corriente,Efectivo y equivales de efectivo,Bancos nacionales,,,Disponible,
10,FIC DIVERSIFICADO MODERADO,111505192,(BA) DAVIVIENDA Cta No.005070366645,,,1,99,PESOS,"6704040,04","8425003,2",,111505,Activo,,Activo Corriente,Efectivo y equivales de efectivo,Bancos nacionales,,,Disponible,
10,FIC DIVERSIFICADO MODERADO,111505390,(FR) REPUBLICA Cta No.62255450,,,1,99,PESOS,"188019,66","5176706,51",,111505,Activo,,Activo Corriente,Efectivo y equivales de efectivo,Bancos nacionales,,,Disponible,
10,FIC DIVERSIFICADO MODERADO,111510001,Davivienda Panama AH CTA: 10001015160,,,1,99,DOLARES,"168216907,57","159545347,15",,111510,Activo,,Activo Corriente,Efectivo y equivales de efectivo,Bancos del Exterior,,,Disponible,
10,FIC DIVERSIFICADO MODERADO,111510125,CITIBANK NEW YORK CTA: 27075300,,,1,99,DOLARES,"54987758,76","9516477,51",,111510,Activo,,Activo Corriente,Efectivo y equivales de efectivo,Bancos del Exterior,,,Disponible,
10,FIC DIVERSIFICADO MODERADO,111510140,BANCOLOMBIA PANAMA CTA: 80100007240,,,1,99,DOLARES,"21788058,44","17802099,0",,111510,Activo,,Activo Corriente,Efectivo y equivales de efectivo,Bancos del Exterior,,,Disponible,
10,FIC DIVERSIFICADO MODERADO,111510145,BANCO DE BOGOTA MIAMI CTA: 79681,,,1,99,DOLARES,"24251951,4","26960839,5",,111510,Activo,,Activo Corriente,Efectivo y equivales de efectivo,Bancos del Exterior,,,Disponible,
10,FIC DIVERSIFICADO MODERADO,111510150,OCCIDENTAL BANK BARBADOS CTA: 509086,,,1,99,DOLARES,"23820638,54","1023685052,77",,111510,Activo,,Activo Corriente,Efectivo y equivales de efectivo,Bancos del Exterior,,,Disponible,
10,FIC DIVERSIFICADO MODERADO,122005010,COMP DE TRANSF DE INV EN OP. SIM,,,1,99,PESOS,"0,0","1397258804,0",,,,,,,,,,,
10,FIC DIVERSIFICADO MODERADO,161695143,(FR) BBVA Cau No. 870002821,,,1,99,PESOS,"1574,28","1574,28",,161695,Activo,,Activo Corriente,Cuentas por cobrar,Deudores,,,,
10,FIC DIVERSIFICADO MODERADO,161695149,(EA) Bco Citibank Cau No. 5082432118,,,1,99,PESOS,"146468,28","146468,28",,161695,Activo,,Activo Corriente,Cuentas por cobrar,Deudores,,,,
10,FIC DIVERSIFICADO MODERADO,161695192,(BA) DAVIVIENDA Cta Cau No.005070366645,,,1,99,PESOS,"24420,16","28121,04",,161695,Activo,,Activo Corriente,Cuentas por cobrar,Deudores,,,,
10,FIC DIVERSIFICADO MODERADO,161695193,(BA) BCO BOGOTA Cau No. 049280159,,,1,99,PESOS,"281366,21","291158,09",,161695,Activo,,Activo Corriente,Cuentas por cobrar,Deudores,,,,
10,FIC DIVERSIFICADO MODERADO,161695197,(BA) BBVA Cta Cau No.895000594,,,1,99,PESOS,"1120,84","1120,84",,161695,Activo,,Activo Corriente,Cuentas por cobrar,Deudores,,,,
10,FIC DIVERSIFICADO MODERADO,225040011,OBLIGACION DE COMPRA SOBRE TITULOS,,,1,99,PESOS,"-645967500,0","0,0",,225040,Total pasivo + patrimonio,Pasivo,Pasivo Corriente,,,,,,
10,FIC DIVERSIFICADO MODERADO,250110033,COMISION CUSTODIO,,,1,99,PESOS,"-1555511,58","-1544022,49",,250110,Total pasivo + patrimonio,Pasivo,Pasivo Corriente,Cuentas por pagar,Comision de administracion.,,,,
10,FIC DIVERSIFICADO MODERADO,250305011,RENDIMIENTOS FINANCIEROS CAPITALIZADOS  ,,,1,99,PESOS,"0,0","-20353,0",,250305,Total pasivo + patrimonio,Pasivo,Pasivo Corriente,Cuentas por pagar,Impuestos,,,,
10,FIC DIVERSIFICADO MODERADO,253105024,COMPENSACION DERIVADOS,,,1,99,PESOS,"0,0","-60880000,0",,253105,Total pasivo + patrimonio,Pasivo,Pasivo Corriente,Cuentas por pagar,Acreedores varios,,,,
10,FIC DIVERSIFICADO MODERADO,253105110,CUENTA COMPENSACION,,,1,99,PESOS,"-71314266,62","-373044373,3",,253105,Total pasivo + patrimonio,Pasivo,Pasivo Corriente,Cuentas por pagar,Acreedores varios,,,,
10,FIC DIVERSIFICADO MODERADO,410705115,OTROS EMISORES NACIONALES               ,,,1,99,PESOS,"0,0","-6940200,0",,410705,Total pasivo + patrimonio,Patrimonio,Utilidad o perdida del ejercicio,Ingresos ordinarios,Valoracion Intrumentos de Deuda,,,,
10,FIC DIVERSIFICADO MODERADO,410805200,EMISORES EXTRANJEROS,,,1,99,PESOS,"0,0","-743867369,51",,410805,Total pasivo + patrimonio,Patrimonio,Utilidad o perdida del ejercicio,Ingresos ordinarios,Por aumento en el valor de mercado Inst. de Pat.,,,,
10,FIC DIVERSIFICADO MODERADO,411405015,INGRESO POR OP REPO,,,1,99,PESOS,"0,0","-5889664,65",,411405,Total pasivo + patrimonio,Patrimonio,Utilidad o perdida del ejercicio,Ingresos ordinarios,,,,,
10,FIC DIVERSIFICADO MODERADO,411415020,DIVIDENDOS                              ,,,1,99,PESOS,"0,0","-29576760,77",,411415,Total pasivo + patrimonio,Patrimonio,Utilidad o perdida del ejercicio,Ingresos ordinarios,Dividendos,,,,
10,FIC DIVERSIFICADO MODERADO,411495002,(DM) BCO BOGOTA Cta No.049335060,,,1,99,PESOS,"0,0","-9254932,16",,411495,Total pasivo + patrimonio,Patrimonio,Utilidad o perdida del ejercicio,Ingresos ordinarios,Otros rendimientos financieros,,,,
10,FIC DIVERSIFICADO MODERADO,411495005,(DM) BANCOLOMBIA Cta No. 69000008137,,,1,99,PESOS,"0,0","-3518777,97",,411495,Total pasivo + patrimonio,Patrimonio,Utilidad o perdida del ejercicio,Ingresos ordinarios,Otros rendimientos financieros,,,,
10,FIC DIVERSIFICADO MODERADO,411495006,(DM) BANCO COLPATRIA Cta No. 0072967712,,,1,99,PESOS,"0,0","-1922189,84",,411495,Total pasivo + patrimonio,Patrimonio,Utilidad o perdida del ejercicio,Ingresos ordinarios,Otros rendimientos financieros,,,,
10,FIC DIVERSIFICADO MODERADO,411495015,RENDIMIENTOS INVERSIONES EN FICS,,,1,99,PESOS,"0,0","-120071314,14",,411495,Total pasivo + patrimonio,Patrimonio,Utilidad o perdida del ejercicio,Ingresos ordinarios,Otros rendimientos financieros,,,,
10,FIC DIVERSIFICADO MODERADO,411495040,(EA) Bancolombia cau No. 80100007240,,,1,99,PESOS,"0,0","-23376,46",,411495,Total pasivo + patrimonio,Patrimonio,Utilidad o perdida del ejercicio,Ingresos ordinarios,Otros rendimientos financieros,,,,
10,FIC DIVERSIFICADO MODERADO,411495088,(FR) BANCOLOMBIA Cau No.04882034670     ,,,1,99,PESOS,"0,0","-390056,49",,411495,Total pasivo + patrimonio,Patrimonio,Utilidad o perdida del ejercicio,Ingresos ordinarios,Otros rendimientos financieros,,,,
10,FIC DIVERSIFICADO MODERADO,411495115,(BA) BANCO COLPATRIA Cau No.0062513021,,,1,99,PESOS,"0,0","-199378,89",,411495,Total pasivo + patrimonio,Patrimonio,Utilidad o perdida del ejercicio,Ingresos ordinarios,Otros rendimientos financieros,,,,
10,FIC DIVERSIFICADO MODERADO,411495142,(FR) OCCIDENTES Cau No. 288854078,,,1,99,PESOS,"0,0","-36540105,17",,411495,Total pasivo + patrimonio,Patrimonio,Utilidad o perdida del ejercicio,Ingresos ordinarios,Otros rendimientos financieros,,,,
10,FIC DIVERSIFICADO MODERADO,411495300,INTERESES TÍTULOS,,,1,99,PESOS,"0,0","-1236336479,0",,411495,Total pasivo + patrimonio,Patrimonio,Utilidad o perdida del ejercicio,Ingresos ordinarios,Otros rendimientos financieros,,,,
10,FIC DIVERSIFICADO MODERADO,411495999,OTROS,,,1,99,PESOS,"0,0","-132869,23",,411495,Total pasivo + patrimonio,Patrimonio,Utilidad o perdida del ejercicio,Ingresos ordinarios,Otros rendimientos financieros,,,,
10,FIC DIVERSIFICADO MODERADO,412505115,OTROS EMISORES NACIONALES               ,,,1,99,PESOS,"0,0","-291100,0",,412505,Total pasivo + patrimonio,Patrimonio,Utilidad o perdida del ejercicio,Ingresos ordinarios,A valor Razonable Instrumentos de Deuda.,,,,
10,FIC DIVERSIFICADO MODERADO,412510200,EMISORES EXTRANJEROS,,,1,99,PESOS,"0,0","-196705620,21",,412510,Total pasivo + patrimonio,Patrimonio,Utilidad o perdida del ejercicio,Ingresos ordinarios,A valor Razonable Instrumentos de Pat.,,,,
10,FIC DIVERSIFICADO MODERADO,413515010,POR REEXPRESION DE OTROS ACTIVOS,,,1,99,PESOS,"0,0","-231655657,55",,413515,Total pasivo + patrimonio,Patrimonio,Utilidad o perdida del ejercicio,Ingresos ordinarios,Diferencia en cambio,,,,
10,FIC DIVERSIFICADO MODERADO,413515015,UT/PER REEXPRESIÓN OTROS ACTIVOS (DER CO,,,1,99,PESOS,"0,0","-559850,0",,413515,Total pasivo + patrimonio,Patrimonio,Utilidad o perdida del ejercicio,Ingresos ordinarios,Diferencia en cambio,,,,
10,FIC DIVERSIFICADO MODERADO,413535015,UT/PER REEXPRESIÓN OTROS PASIVOS (OBL VE,,,1,99,PESOS,"0,0","-2821050,0",,413535,Total pasivo + patrimonio,Patrimonio,Utilidad o perdida del ejercicio,Ingresos ordinarios,Por reexpresion de otros pasivos,,,,
10,FIC DIVERSIFICADO MODERADO,510605105,TÍTULOS DE TESORERÍA -TES,,,1,99,PESOS,"0,0","989143063,17",,510605,Total pasivo + patrimonio,Patrimonio,Utilidad o perdida del ejercicio,Costos y gastos,Gastos de operaciones,Disminucion en el Valor Razonables inst. de Deuda,,,
10,FIC DIVERSIFICADO MODERADO,511512010,GASTOS BANCARIOS                        ,,,1,99,PESOS,"0,0","9353203,8",,511512,Total pasivo + patrimonio,Patrimonio,Utilidad o perdida del ejercicio,Costos y gastos,Gastos de operaciones,Gastos bancarios,,,
10,FIC DIVERSIFICADO MODERADO,511548010,COMISION DE ADMINISTRACION R.F.         ,,,1,99,PESOS,"0,0","406304881,62",,511548,Total pasivo + patrimonio,Patrimonio,Utilidad o perdida del ejercicio,Costos y gastos,Gastos de operaciones,Comisión administración,,,
10,FIC DIVERSIFICADO MODERADO,512505105,TÍTULOS DE TESORERÍA -TES               ,,,1,99,PESOS,"0,0","1536217,73",,512505,Total pasivo + patrimonio,Patrimonio,Utilidad o perdida del ejercicio,Costos y gastos,Gastos de operaciones,Otras Emisores Nacionales,,,
10,FIC DIVERSIFICADO MODERADO,512505115,OTROS EMISORES NACIONALES               ,,,1,99,PESOS,"0,0","3263850,0",,512505,Total pasivo + patrimonio,Patrimonio,Utilidad o perdida del ejercicio,Costos y gastos,Gastos de operaciones,Otras Emisores Nacionales,,,
10,FIC DIVERSIFICADO MODERADO,512510200,EMISORES EXTRANJEROS,,,1,99,PESOS,"0,0","223838782,31",,512510,Total pasivo + patrimonio,Patrimonio,Utilidad o perdida del ejercicio,Costos y gastos,Gastos de operaciones,,,,
10,FIC DIVERSIFICADO MODERADO,512917010,PERDIDA FUTUROS DE MONEDAS,,,1,99,PESOS,"0,0","151258500,0",,512917,Total pasivo + patrimonio,Patrimonio,Utilidad o perdida del ejercicio,Costos y gastos,Gastos de operaciones,,,,
10,FIC DIVERSIFICADO MODERADO,512917020,VALORACION FUTUROS DE MONEDAS,,,1,99,PESOS,"0,0","301465000,0",,512917,Total pasivo + patrimonio,Patrimonio,Utilidad o perdida del ejercicio,Costos y gastos,Gastos de operaciones,,,,
10,FIC DIVERSIFICADO MODERADO,514005011,IMPOVENTAS,,,1,99,PESOS,"0,0","1146002,42",,514005,Total pasivo + patrimonio,Patrimonio,Utilidad o perdida del ejercicio,Costos y gastos,Gastos de operaciones,Gravamen a los movimientos financieros,Impuestos y tasas,,
10,FIC DIVERSIFICADO MODERADO,519095004,MERCADO ELECTRONICO COLOMBIANO (MEC),,,1,99,PESOS,"0,0","2900555,98",,519095,Total pasivo + patrimonio,Patrimonio,Utilidad o perdida del ejercicio,Costos y gastos,Gastos de operaciones,Otros gastos de operación,,,
10,FIC DIVERSIFICADO MODERADO,519095006,CUENTA DE DEPOSITO (CUD),,,1,99,PESOS,"0,0","1718954,8",,519095,Total pasivo + patrimonio,Patrimonio,Utilidad o perdida del ejercicio,Costos y gastos,Gastos de operaciones,Otros gastos de operación,,,
10,FIC DIVERSIFICADO MODERADO,519095007,SAE CUSTODIO,,,1,99,PESOS,"0,0","110092,59",,519095,Total pasivo + patrimonio,Patrimonio,Utilidad o perdida del ejercicio,Costos y gastos,Gastos de operaciones,Otros gastos de operación,,,
10,FIC DIVERSIFICADO MODERADO,519095999,OTROS,,,1,99,PESOS,"0,0","95,95",,519095,Total pasivo + patrimonio,Patrimonio,Utilidad o perdida del ejercicio,Costos y gastos,Gastos de operaciones,Otros gastos de operación,,,
10,FIC DIVERSIFICADO MODERADO,590505010,CANCELACION DE INGRESOS RF,,,1,99,PESOS,"0,0","-445612706,34",,590505,Total pasivo + patrimonio,Patrimonio,,,,,,,
10,FIC DIVERSIFICADO MODERADO,590505020,UTILIDAD/PERDIDA PAGADA EN REDENCIONES,,,1,99,PESOS,"0,0","1910468362,85",,590505,Total pasivo + patrimonio,Patrimonio,,,,,,,
10,FIC DIVERSIFICADO MODERADO,810505205,OTROS,,,1,99,PESOS,"3015928563,09","5134517431,79",,810505,,,,,,,,,
10,FIC DIVERSIFICADO MODERADO,130105105,TÍTULOS DE TESORERÍA -TES               ,,,1,99,PESOS,"22627499644,53","18484430500,0",,130105,Activo,,Activo no corriente,Inversiones a valor razonable con efectos en resultados,Instrumentos de Deuda,,,Inversiones,
10,FIC DIVERSIFICADO MODERADO,130210200,EMISORES EXTRANJEROS,,,1,99,DOLARES,"18677853882,9","17699501569,42",,130210,Activo,,Activo no corriente,Inversiones a valor razonable con efectos en resultados,Instrumentos de patrimonio,,,Inversiones,
10,FIC DIVERSIFICADO MODERADO,161695004,(LD) BCO DAVIVIENDA cta No.482800025215,,,1,99,PESOS,"1132716,54","399065,43",,161695,Activo,,Activo Corriente,Cuentas por cobrar,Deudores,,,,
10,FIC DIVERSIFICADO MODERADO,161695006,(DM) BANCO COLPATRIA Cta No. 0072967712,,,1,99,PESOS,"364985,03","372030,2",,161695,Activo,,Activo Corriente,Cuentas por cobrar,Deudores,,,,
10,FIC DIVERSIFICADO MODERADO,161695016,(EA) BANCOLOMBIA PMÁ Cau No. 80100001434,,,1,99,PESOS,"47705,03","47705,03",,161695,Activo,,Activo Corriente,Cuentas por cobrar,Deudores,,,,
10,FIC DIVERSIFICADO MODERADO,161695040,(EA) Bancolombia Cta Cau No. 80100007240,,,1,99,PESOS,"168986,6","166745,68",,161695,Activo,,Activo Corriente,Cuentas por cobrar,Deudores,,,,
10,FIC DIVERSIFICADO MODERADO,161695088,(FR) BANCOLOMBIA Cau No.04882034670,,,1,99,PESOS,"55555,53","90912,33",,161695,Activo,,Activo Corriente,Cuentas por cobrar,Deudores,,,,
10,FIC DIVERSIFICADO MODERADO,161695115,(BA) BANCO COLPATRIA Cau No.0062513021,,,1,99,PESOS,"90980,29","290359,18",,161695,Activo,,Activo Corriente,Cuentas por cobrar,Deudores,,,,
10,FIC DIVERSIFICADO MODERADO,161695142,(FR) OCCIDENTE Cau No. 288854078,,,1,99,PESOS,"19590,26","43965,46",,161695,Activo,,Activo Corriente,Cuentas por cobrar,Deudores,,,,
10,FIC DIVERSIFICADO MODERADO,161695144,(FR) DAVIVIENDACau No. 005070361620,,,1,99,PESOS,"-9802,97","119824,89",,161695,Activo,,Activo Corriente,Cuentas por cobrar,Deudores,,,,
10,FIC DIVERSIFICADO MODERADO,161695150,OCCIDENTAL BANK BARBADOS LTD 509086 CTE,,,1,99,DOLARES,"1951082,2","2097005,59",,161695,Activo,,Activo Corriente,Cuentas por cobrar,Deudores,,,,
10,FIC DIVERSIFICADO MODERADO,161795020,OTROS,,,1,99,PESOS,"13313500,0","0,0",,161795,Activo,,Activo Corriente,Cuentas por cobrar,Deudores,,,,
10,FIC DIVERSIFICADO MODERADO,162825010,EN GARANTIA,,,1,99,PESOS,"162646111,0","450803611,0",,162825,Activo,,Activo Corriente,Cuentas por cobrar,Deudores,,,,
10,FIC DIVERSIFICADO MODERADO,192595002,CUENTAS DE DEPOSITO (CUD)               ,,,1,99,PESOS,"0,0","0,07",,192595,Activo,,Activo Corriente,Otros activos,Gatos pagados por anticipados,,,,
10,FIC DIVERSIFICADO MODERADO,192595003,REVISORIA FISCAL,,,1,99,PESOS,"0,0","363535,27",,192595,Activo,,Activo Corriente,Otros activos,Gatos pagados por anticipados,,,,
10,FIC DIVERSIFICADO MODERADO,225015011,DERECHO COMPRA SOBRE TITULOS,,,1,99,PESOS,"645000000,0","0,0",,225015,Total pasivo + patrimonio,Pasivo,Pasivo Corriente,,,,,,
10,FIC DIVERSIFICADO MODERADO,250110015,COMISION DE ADMINISTRACION              ,,,1,99,PESOS,"-6086070,23","-7432391,52",,250110,Total pasivo + patrimonio,Pasivo,Pasivo Corriente,Cuentas por pagar,Comision de administracion.,,,,
10,FIC DIVERSIFICADO MODERADO,352505010,PARTICIPACIONES EN FDO DE INVERSIÓN COLE,,,1,99,PESOS,"-64078809292,61","-52217458138,3",,352505,Total pasivo + patrimonio,Patrimonio,,Patrimonio especiales,Participaciones en fondos de inversión colectiva,,,,
10,FIC DIVERSIFICADO MODERADO,352510010,PARTICIPACIONES POR IDENTIFICAR,,,1,99,PESOS,"-785059,87","-1110356,51",,352510,Total pasivo + patrimonio,Patrimonio,,Patrimonio especiales,Participaciones en fondos de inversión colectiva,,,,
10,FIC DIVERSIFICADO MODERADO,410355010,REND X COMPROMISOS DE TRANSF OP SIM,,,1,99,PESOS,"0,0","-47711687,0",,410355,Total pasivo + patrimonio,Patrimonio,Utilidad o perdida del ejercicio,Ingresos ordinarios,Otros rendimientos financieros,,,,
10,FIC DIVERSIFICADO MODERADO,410705105,TÍTULOS DE TESORERÍA -TES               ,,,1,99,PESOS,"0,0","-615062500,0",,410705,Total pasivo + patrimonio,Patrimonio,Utilidad o perdida del ejercicio,Ingresos ordinarios,Valoracion Intrumentos de Deuda,,,,
10,FIC DIVERSIFICADO MODERADO,410805300,EMISORES NACIONALES,,,1,99,PESOS,"0,0","-175522545,08",,410805,Total pasivo + patrimonio,Patrimonio,Utilidad o perdida del ejercicio,Ingresos ordinarios,Por aumento en el valor de mercado Inst. de Pat.,,,,
10,FIC DIVERSIFICADO MODERADO,411495001,(DM) DAVIVIENDA Cta No.482800036014,,,1,99,PESOS,"0,0","-12771081,48",,411495,Total pasivo + patrimonio,Patrimonio,Utilidad o perdida del ejercicio,Ingresos ordinarios,Otros rendimientos financieros,,,,
10,FIC DIVERSIFICADO MODERADO,411495004,(DM) OCCIDENTE Cta No. 219885894,,,1,99,PESOS,"0,0","-61588700,37",,411495,Total pasivo + patrimonio,Patrimonio,Utilidad o perdida del ejercicio,Ingresos ordinarios,Otros rendimientos financieros,,,,
10,FIC DIVERSIFICADO MODERADO,411495007,(DM) Davivienda Panama CTA. 10001015160,,,1,99,PESOS,"0,0","-2926024,96",,411495,Total pasivo + patrimonio,Patrimonio,Utilidad o perdida del ejercicio,Ingresos ordinarios,Otros rendimientos financieros,,,,
10,FIC DIVERSIFICADO MODERADO,411495130,ALL FUNDS Cau. 1160500576000 CTE,,,1,99,DOLARES,"0,0","-24509,11",,411495,Total pasivo + patrimonio,Patrimonio,Utilidad o perdida del ejercicio,Ingresos ordinarios,Otros rendimientos financieros,,,,
10,FIC DIVERSIFICADO MODERADO,411495144,(FR) DAVIVIENDACau No. 005070361620,,,1,99,PESOS,"0,0","-15565364,31",,411495,Total pasivo + patrimonio,Patrimonio,Utilidad o perdida del ejercicio,Ingresos ordinarios,Otros rendimientos financieros,,,,
10,FIC DIVERSIFICADO MODERADO,411495150,OCCIDENTAL BANK BARBADOS LTD 509086 CTE,,,1,99,DOLARES,"0,0","-188180,18",,411495,Total pasivo + patrimonio,Patrimonio,Utilidad o perdida del ejercicio,Ingresos ordinarios,Otros rendimientos financieros,,,,
10,FIC DIVERSIFICADO MODERADO,411495192,(BA) DAVIVIENDA Cta Cau No.005070366645,,,1,99,PESOS,"0,0","-1786522,69",,411495,Total pasivo + patrimonio,Patrimonio,Utilidad o perdida del ejercicio,Ingresos ordinarios,Otros rendimientos financieros,,,,
10,FIC DIVERSIFICADO MODERADO,411495193,(BA) BCO BOGOTA Cau No. 049280159,,,1,99,PESOS,"0,0","-230131,88",,411495,Total pasivo + patrimonio,Patrimonio,Utilidad o perdida del ejercicio,Ingresos ordinarios,Otros rendimientos financieros,,,,
10,FIC DIVERSIFICADO MODERADO,412917010,FUTUROS DE MONEDAS,,,1,99,PESOS,"0,0","-275322749,95",,412917,Total pasivo + patrimonio,Patrimonio,Utilidad o perdida del ejercicio,Ingresos ordinarios,,,,,
10,FIC DIVERSIFICADO MODERADO,412917020,UTILIDAD DERIVADOS DE MONEDA,,,1,99,PESOS,"0,0","-222350000,0",,412917,Total pasivo + patrimonio,Patrimonio,Utilidad o perdida del ejercicio,Ingresos ordinarios,,,,,
10,FIC DIVERSIFICADO MODERADO,510440010,COMP DE TRANSFERENCIA EN OPER REPO,,,1,99,PESOS,"0,0","93717,75",,510440,Total pasivo + patrimonio,Patrimonio,Utilidad o perdida del ejercicio,Costos y gastos,Gastos de operaciones,,,,
10,FIC DIVERSIFICADO MODERADO,510605115,OTROS EMISORES NACIONALES,,,1,99,PESOS,"0,0","295477000,0",,510605,Total pasivo + patrimonio,Patrimonio,Utilidad o perdida del ejercicio,Costos y gastos,Gastos de operaciones,Disminucion en el Valor Razonables inst. de Deuda,,,
10,FIC DIVERSIFICADO MODERADO,510805200,EMISORES EXTRANJEROS,,,1,99,PESOS,"0,0","78596463,07",,510805,Total pasivo + patrimonio,Patrimonio,Utilidad o perdida del ejercicio,Costos y gastos,Gastos de operaciones,Disminución en el valor de mercado Inst. de Pat.,,,
10,FIC DIVERSIFICADO MODERADO,511325010,COMISION CUSTODIA FIJA                  ,,,1,99,PESOS,"0,0","588188,78",,511325,Total pasivo + patrimonio,Patrimonio,Utilidad o perdida del ejercicio,Costos y gastos,Gastos de operaciones,Comisión custodia fija,,,
10,FIC DIVERSIFICADO MODERADO,511595070,COMISIONES OP DEL EXTERIOR,,,1,99,PESOS,"0,0","3335069,84",,511595,Total pasivo + patrimonio,Patrimonio,Utilidad o perdida del ejercicio,Costos y gastos,Gastos de operaciones,Comisión Bursatil,,,
10,FIC DIVERSIFICADO MODERADO,513015003,REVISORIA FISCAL                        ,,,1,99,PESOS,"0,0","6031592,32",,513015,Total pasivo + patrimonio,Patrimonio,Utilidad o perdida del ejercicio,Costos y gastos,Gastos de operaciones,Revisoría Fiscal,,,
10,FIC DIVERSIFICADO MODERADO,513535010,POR REEXPRESION DE OTROS ACTIVOS,,,1,99,PESOS,"0,0","252745173,57",,513535,Total pasivo + patrimonio,Patrimonio,Utilidad o perdida del ejercicio,Costos y gastos,Gastos de operaciones,Reexpresion de Activos,,,
10,FIC DIVERSIFICADO MODERADO,514005010,IMPUESTO A LOS MOVIMIENTOS FINANCIEROS  ,,,1,99,PESOS,"0,0","160843,91",,514005,Total pasivo + patrimonio,Patrimonio,Utilidad o perdida del ejercicio,Costos y gastos,Gastos de operaciones,Gravamen a los movimientos financieros,Impuestos y tasas,,
10,FIC DIVERSIFICADO MODERADO,519095030,DESVALORIZACION FONDOS ABIERTOS,,,1,99,PESOS,"0,0","26093283,08",,519095,Total pasivo + patrimonio,Patrimonio,Utilidad o perdida del ejercicio,Costos y gastos,Gastos de operaciones,Otros gastos de operación,,,
10,FIC DIVERSIFICADO MODERADO,590505015,CANCELACION DE INGRESOS RV,,,1,99,PESOS,"0,0","-162269440,15",,590505,Total pasivo + patrimonio,Patrimonio,,,,,,,
10,FIC DIVERSIFICADO MODERADO,810505105,TÍTULOS DE TESORERÍA -TES               ,,,1,99,PESOS,"22627499644,53","18484430500,0",,810505,,,,,,,,,
10,FIC DIVERSIFICADO MODERADO,810505115,OTROS EMISORES NACIONALES               ,,,1,99,PESOS,"14671966750,0","5132387200,0",,810505,,,,,,,,,
10,FIC DIVERSIFICADO MODERADO,821505010,EN TITULOS DE TESORERIA - TES,,,1,99,PESOS,"0,0","-1398385200,0",,,,,,,,,,,
10,FIC DIVERSIFICADO MODERADO,810505210,EMISORES EXTRANJEROS,,,1,99,PESOS,"18677845882,99","17699493569,43",,810505,,,,,,,,,
10,FIC DIVERSIFICADO MODERADO,830505010,DEUDORAS POR CONTRA,,,1,99,PESOS,"-58993240840,61","-46450828701,22",,,,,,,,,,,
10,FIC DIVERSIFICADO MODERADO,840505010,ACREEDORAS POR CONTRA,,,1,99,PESOS,"0,0","1398385200,0",,840505,,,,,,,,,
133,FCP CORREDORES CAPITAL  I,111505130,(CP) BANCOLOMBIA Cta No.69000001707,,,1,99,PESOS,"804,13","815,78",,111505,Activo,,Activo Corriente,Efectivo y equivales de efectivo,Bancos nacionales,,,Disponible,
133,FCP CORREDORES CAPITAL  I,130205300,EMISORES  NACIONALES,,,1,99,PESOS,"451771145671,4","438878915254,84",,130205,Activo,,Activo no corriente,Inversiones a valor razonable con efectos en resultados,Instrumentos de patrimonio,,,Inversiones,
133,FCP CORREDORES CAPITAL  I,161695015,GASTOS VARIOS DE ADMON                  ,,,1,99,PESOS,"0,0","13,11",,161695,Activo,,Activo Corriente,Cuentas por cobrar,Deudores,,,,
133,FCP CORREDORES CAPITAL  I,161695123,(CK) BANCOLOMBIA Cau No.04872908752,,,1,99,PESOS,"153379,1","425007,31",,161695,Activo,,Activo Corriente,Cuentas por cobrar,Deudores,,,,
133,FCP CORREDORES CAPITAL  I,192595015,COMISION ADMINISTRACION                 ,,,1,99,PESOS,"58349441,26","0,0",,192595,Activo,,Activo Corriente,Otros activos,Gatos pagados por anticipados,,,,
133,FCP CORREDORES CAPITAL  I,192595030,AMORTIZACION COMISION DE ADMON,,,1,99,PESOS,"0,0","116698882,26",,192595,Activo,,Activo Corriente,Otros activos,Gatos pagados por anticipados,,,,
133,FCP CORREDORES CAPITAL  I,352505010,PARTICIPACIONES EN FDO DE INVERSIÓN COLE,,,1,99,PESOS,"-452460995393,19","-440045719651,22",,352505,Total pasivo + patrimonio,Patrimonio,,Patrimonio especiales,Participaciones en fondos de inversión colectiva,,,,
133,FCP CORREDORES CAPITAL  I,411495130,(CP) BANCOLOMBIA Cta cau No.69000001707,,,1,99,PESOS,"0,0","-11,75",,411495,Total pasivo + patrimonio,Patrimonio,Utilidad o perdida del ejercicio,Ingresos ordinarios,Otros rendimientos financieros,,,,
133,FCP CORREDORES CAPITAL  I,510805010,POR DISMINUCION EN EL VALOR DE MERCADO,,,1,99,PESOS,"0,0","12892230416,56",,510805,Total pasivo + patrimonio,Patrimonio,Utilidad o perdida del ejercicio,Costos y gastos,Gastos de operaciones,Disminución en el valor de mercado Inst. de Pat.,,,
133,FCP CORREDORES CAPITAL  I,513015003,REVISORIA FISCAL                        ,,,1,99,PESOS,"0,0","6274250,0",,513015,Total pasivo + patrimonio,Patrimonio,Utilidad o perdida del ejercicio,Costos y gastos,Gastos de operaciones,Revisoría Fiscal,,,
133,FCP CORREDORES CAPITAL  I,514005011,IMPOVENTAS                              ,,,1,99,PESOS,"0,0","6390447,7",,514005,Total pasivo + patrimonio,Patrimonio,Utilidad o perdida del ejercicio,Costos y gastos,Gastos de operaciones,Gravamen a los movimientos financieros,Impuestos y tasas,,
133,FCP CORREDORES CAPITAL  I,590505010,CANCELACION DE INGRESOS RF,,,1,99,PESOS,"0,0","429675893,98",,590505,Total pasivo + patrimonio,Patrimonio,,,,,,,
133,FCP CORREDORES CAPITAL  I,590505015,CANCELACION DE INGRESOS RV,,,1,99,PESOS,"0,0","-12844951635,95",,590505,Total pasivo + patrimonio,Patrimonio,,,,,,,
133,FCP CORREDORES CAPITAL  I,590505020,UTILIDAD/PERDIDA PAGADA EN REDENCIÓN,,,1,99,PESOS,"0,0","27537089630,43",,590505,Total pasivo + patrimonio,Patrimonio,,,,,,,
133,FCP CORREDORES CAPITAL  I,829595998,OTRAS CUENTAS DE ORDEN ACREEDORAS PESOS,,,1,99,PESOS,"-5983604,82","-5983604,82",,829595,,,,,,,,,
133,FCP CORREDORES CAPITAL  I,830505010,DEUDORAS POR CONTRA,,,1,99,PESOS,"-451771145671,4","-438878915254,84",,,,,,,,,,,
139,FCP TEKA COLOMBIA I - COMPARTIMENTO GP,161695526,(TK) BANCOLOMBIA Cau No.04872907349,,,1,99,PESOS,"4597,08","9510,49",,161695,Activo,,Activo Corriente,Cuentas por cobrar,Deudores,,,,
139,FCP TEKA COLOMBIA I - COMPARTIMENTO GP,250110025,OTRAS COMISIONES,,,1,99,PESOS,"0,0","-4300094,23",,250110,Total pasivo + patrimonio,Pasivo,Pasivo Corriente,Cuentas por pagar,Comision de administracion.,,,,
139,FCP TEKA COLOMBIA I - COMPARTIMENTO GP,352505010,PARTICIPACIONES EN FDO DE INVERSIÓN COLE,,,1,99,PESOS,"-38898474,85","-39709736,86",,352505,Total pasivo + patrimonio,Patrimonio,,Patrimonio especiales,Participaciones en fondos de inversión colectiva,,,,
139,FCP TEKA COLOMBIA I - COMPARTIMENTO GP,410805300,EMISORES NACIONALES,,,1,99,PESOS,"0,0","-2126230,74",,410805,Total pasivo + patrimonio,Patrimonio,Utilidad o perdida del ejercicio,Ingresos ordinarios,Por aumento en el valor de mercado Inst. de Pat.,,,,
139,FCP TEKA COLOMBIA I - COMPARTIMENTO GP,411495526,(TK) BANCOLOMBIA Cau No.04872907349     ,,,1,99,PESOS,"0,0","-236617,62",,411495,Total pasivo + patrimonio,Patrimonio,Utilidad o perdida del ejercicio,Ingresos ordinarios,Otros rendimientos financieros,,,,
139,FCP TEKA COLOMBIA I - COMPARTIMENTO GP,511325010,COMISION CUSTODIA FIJA                  ,,,1,99,PESOS,"0,0","166873,68",,511325,Total pasivo + patrimonio,Patrimonio,Utilidad o perdida del ejercicio,Costos y gastos,Gastos de operaciones,Comisión custodia fija,,,
139,FCP TEKA COLOMBIA I - COMPARTIMENTO GP,513015003,REVISORIA FISCAL                        ,,,1,99,PESOS,"0,0","63143,57",,513015,Total pasivo + patrimonio,Patrimonio,Utilidad o perdida del ejercicio,Costos y gastos,Gastos de operaciones,Revisoría Fiscal,,,
139,FCP TEKA COLOMBIA I - COMPARTIMENTO GP,513095090,OTROS HONORARIOS,,,1,99,PESOS,"0,0","70036,0",,513095,Total pasivo + patrimonio,Patrimonio,Utilidad o perdida del ejercicio,Costos y gastos,Gastos de operaciones,Otros honorarios,,,
139,FCP TEKA COLOMBIA I - COMPARTIMENTO GP,514005010,IMPUESTO A LOS MOVIMIENTOS FINANCIEROS,,,1,99,PESOS,"0,0","19739,29",,514005,Total pasivo + patrimonio,Patrimonio,Utilidad o perdida del ejercicio,Costos y gastos,Gastos de operaciones,Gravamen a los movimientos financieros,Impuestos y tasas,,
139,FCP TEKA COLOMBIA I - COMPARTIMENTO GP,590505010,UTILIDAD DEL EJERCICIO,,,1,99,PESOS,"0,0","-926398,37",,590505,Total pasivo + patrimonio,Patrimonio,,,,,,,
139,FCP TEKA COLOMBIA I - COMPARTIMENTO GP,590505015,CANCELACION DE INGRESOS RV,,,1,99,PESOS,"0,0","1737660,38",,590505,Total pasivo + patrimonio,Patrimonio,,,,,,,
139,FCP TEKA COLOMBIA I - COMPARTIMENTO GP,810505205,EMISORES NACIONALES                     ,,,1,99,PESOS,"19968990,53","20375393,27",,810505,,,,,,,,,
139,FCP TEKA COLOMBIA I - COMPARTIMENTO GP,829595998,OTRAS CUENTAS DE ORDEN ACREEDORAS PESOS,,,1,99,PESOS,"-175921770,0","-175921770,0",,829595,,,,,,,,,
141,FCP TEKA COLOMBIA I - COMPARTIMIENTO LP,130205300,EMISORES  NACIONALES,,,1,99,PESOS,"484886053,26","687469233,66",,130205,Activo,,Activo no corriente,Inversiones a valor razonable con efectos en resultados,Instrumentos de patrimonio,,,Inversiones,
141,FCP TEKA COLOMBIA I - COMPARTIMIENTO LP,161695028,(TK) BANCOLOMBIA Cau No.04872907942,,,1,99,PESOS,"606128,79","895058,23",,161695,Activo,,Activo Corriente,Cuentas por cobrar,Deudores,,,,
141,FCP TEKA COLOMBIA I - COMPARTIMIENTO LP,192595015,COMISION DE GESTIÓN,,,1,99,PESOS,"0,0","125942222,66",,192595,Activo,,Activo Corriente,Otros activos,Gatos pagados por anticipados,,,,
141,FCP TEKA COLOMBIA I - COMPARTIMIENTO LP,192595030,AMORTIZACION COMISION DE ADMON,,,1,99,PESOS,"0,0","17769602,0",,192595,Activo,,Activo Corriente,Otros activos,Gatos pagados por anticipados,,,,
141,FCP TEKA COLOMBIA I - COMPARTIMIENTO LP,352505010,PARTICIPACIONES EN FDO DE INVERSIÓN COLE,,,1,99,PESOS,"-4492777733,89","-3954344959,5",,352505,Total pasivo + patrimonio,Patrimonio,,Patrimonio especiales,Participaciones en fondos de inversión colectiva,,,,
141,FCP TEKA COLOMBIA I - COMPARTIMIENTO LP,410805300,EMISORES NACIONALES,,,1,99,PESOS,"0,0","-212616981,19",,410805,Total pasivo + patrimonio,Patrimonio,Utilidad o perdida del ejercicio,Ingresos ordinarios,Por aumento en el valor de mercado Inst. de Pat.,,,,
141,FCP TEKA COLOMBIA I - COMPARTIMIENTO LP,513015003,REVISORIA FISCAL                        ,,,1,99,PESOS,"0,0","6314356,43",,513015,Total pasivo + patrimonio,Patrimonio,Utilidad o perdida del ejercicio,Costos y gastos,Gastos de operaciones,Revisoría Fiscal,,,
141,FCP TEKA COLOMBIA I - COMPARTIMIENTO LP,590505010,CANCELACION DE INGRESOS RF,,,1,99,PESOS,"0,0","-508816455,59",,590505,Total pasivo + patrimonio,Patrimonio,,,,,,,
141,FCP TEKA COLOMBIA I - COMPARTIMIENTO LP,590505015,CANCELACION DE INGRESOS RV,,,1,99,PESOS,"0,0","-29616318,8",,590505,Total pasivo + patrimonio,Patrimonio,,,,,,,
141,FCP TEKA COLOMBIA I - COMPARTIMIENTO LP,829595998,OTRAS CUENTAS DE ORDEN ACREEDORAS PESOS,,,1,99,PESOS,"-252616065,0","-252616065,0",,829595,,,,,,,,,
141,FCP TEKA COLOMBIA I - COMPARTIMIENTO LP,830505010,DEUDORAS POR CONTRA,,,1,99,PESOS,"-1996867408,81","-2037484217,99",,,,,,,,,,,
133,FCP CORREDORES CAPITAL  I,111505122,(CK) BANCOLOMBIA CTA CTE 04872908752,,,1,99,PESOS,"631346095,64","1049679662,22",,111505,Activo,,Activo Corriente,Efectivo y equivales de efectivo,Bancos nacionales,,,Disponible,
133,FCP CORREDORES CAPITAL  I,161695045,CUENTA CORRIENTE                        ,,,1,99,PESOS,"0,0","13,88",,161695,Activo,,Activo Corriente,Cuentas por cobrar,Deudores,,,,
133,FCP CORREDORES CAPITAL  I,161695130,(CP) BANCOLOMBIA Cta cau No.69000001707,,,1,99,PESOS,"2,15","1,82",,161695,Activo,,Activo Corriente,Cuentas por cobrar,Deudores,,,,
133,FCP CORREDORES CAPITAL  I,253105110,CUENTA COMPENSACION,,,1,99,PESOS,"-0,49","0,0",,253105,Total pasivo + patrimonio,Pasivo,Pasivo Corriente,Cuentas por pagar,Acreedores varios,,,,
133,FCP CORREDORES CAPITAL  I,411415010,DIVIDENDOS,,,1,99,PESOS,"0,0","-28337282924,42",,411415,Total pasivo + patrimonio,Patrimonio,Utilidad o perdida del ejercicio,Ingresos ordinarios,Dividendos,,,,
133,FCP CORREDORES CAPITAL  I,411495123,(CK) BANCOLOMBIA Cau No.04872908752     ,,,1,99,PESOS,"0,0","-8697126,9",,411495,Total pasivo + patrimonio,Patrimonio,Utilidad o perdida del ejercicio,Ingresos ordinarios,Otros rendimientos financieros,,,,
133,FCP CORREDORES CAPITAL  I,411495999,OTROS,,,1,99,PESOS,"0,0","-9,46",,411495,Total pasivo + patrimonio,Patrimonio,Utilidad o perdida del ejercicio,Ingresos ordinarios,Otros rendimientos financieros,,,,
133,FCP CORREDORES CAPITAL  I,511325010,COMISION CUSTODIA FIJA                  ,,,1,99,PESOS,"0,0","16854240,0",,511325,Total pasivo + patrimonio,Patrimonio,Utilidad o perdida del ejercicio,Costos y gastos,Gastos de operaciones,Comisión custodia fija,,,
133,FCP CORREDORES CAPITAL  I,511512010,GASTOS BANCARIOS                        ,,,1,99,PESOS,"0,0","4096,64",,511512,Total pasivo + patrimonio,Patrimonio,Utilidad o perdida del ejercicio,Costos y gastos,Gastos de operaciones,Gastos bancarios,,,
133,FCP CORREDORES CAPITAL  I,511548010,COMISION DE ADMINISTRACION R.F.         ,,,1,99,PESOS,"0,0","291747205,7",,511548,Total pasivo + patrimonio,Patrimonio,Utilidad o perdida del ejercicio,Costos y gastos,Gastos de operaciones,Comisión administración,,,
133,FCP CORREDORES CAPITAL  I,513095090,OTROS HONORARIOS,,,1,99,PESOS,"0,0","10505430,0",,513095,Total pasivo + patrimonio,Patrimonio,Utilidad o perdida del ejercicio,Costos y gastos,Gastos de operaciones,Otros honorarios,,,
133,FCP CORREDORES CAPITAL  I,514005010,IMPUESTO A LOS MOVIMIENTOS FINANCIEROS  ,,,1,99,PESOS,"0,0","160097,47",,514005,Total pasivo + patrimonio,Patrimonio,Utilidad o perdida del ejercicio,Costos y gastos,Gastos de operaciones,Gravamen a los movimientos financieros,Impuestos y tasas,,
133,FCP CORREDORES CAPITAL  I,810505205,EMISORES NACIONALES                     ,,,1,99,PESOS,"451771145671,4","438878915254,84",,810505,,,,,,,,,
133,FCP CORREDORES CAPITAL  I,840505998,ACREEDORAS POR CONTRA PESOS,,,1,99,PESOS,"5983604,82","5983604,82",,840505,,,,,,,,,
139,FCP TEKA COLOMBIA I - COMPARTIMENTO GP,111505525,(TK) BANCOLOMBIA Cta No.04872907349     ,,,1,99,PESOS,"18924858,06","23488873,23",,111505,Activo,,Activo Corriente,Efectivo y equivales de efectivo,Bancos nacionales,,,Disponible,
139,FCP TEKA COLOMBIA I - COMPARTIMENTO GP,130205300,EMISORES  NACIONALES,,,1,99,PESOS,"4849249,23","6875243,43",,130205,Activo,,Activo no corriente,Inversiones a valor razonable con efectos en resultados,Instrumentos de patrimonio,,,Inversiones,
139,FCP TEKA COLOMBIA I - COMPARTIMENTO GP,136000300,INVERSIONES DERECHOS FIDUCIARIOS,,,1,99,PESOS,"15119741,3","13500149,84",,136000,Activo,,Activo no corriente,Inversiones a valor razonable con efectos en resultados,Inversiones derechos fiduciarios,,,Inversiones,
139,FCP TEKA COLOMBIA I - COMPARTIMENTO GP,161695045,CUENTA CORRIENTE                        ,,,1,99,PESOS,"29,18","29,1",,161695,Activo,,Activo Corriente,Cuentas por cobrar,Deudores,,,,
139,FCP TEKA COLOMBIA I - COMPARTIMENTO GP,192595030,AMORTIZACION COMISION DE ADMON,,,1,99,PESOS,"0,0","177696,0",,192595,Activo,,Activo Corriente,Otros activos,Gatos pagados por anticipados,,,,
139,FCP TEKA COLOMBIA I - COMPARTIMENTO GP,250105010,HONORARIOS,,,1,99,PESOS,"0,0","-41671,0",,250105,Total pasivo + patrimonio,Pasivo,Pasivo Corriente,Cuentas por pagar,Comision de administracion.,,,,
139,FCP TEKA COLOMBIA I - COMPARTIMENTO GP,511548010,COMISION DE ADMINISTRACION R.F.         ,,,1,99,PESOS,"0,0","872598,99",,511548,Total pasivo + patrimonio,Patrimonio,Utilidad o perdida del ejercicio,Costos y gastos,Gastos de operaciones,Comisión administración,,,
139,FCP TEKA COLOMBIA I - COMPARTIMENTO GP,511595015,OTRAS COMISIONES,,,1,99,PESOS,"0,0","302185,54",,511595,Total pasivo + patrimonio,Patrimonio,Utilidad o perdida del ejercicio,Costos y gastos,Gastos de operaciones,Comisión Bursatil,,,
139,FCP TEKA COLOMBIA I - COMPARTIMENTO GP,514005011,IMPOVENTAS                              ,,,1,99,PESOS,"0,0","57009,28",,514005,Total pasivo + patrimonio,Patrimonio,Utilidad o perdida del ejercicio,Costos y gastos,Gastos de operaciones,Gravamen a los movimientos financieros,Impuestos y tasas,,
139,FCP TEKA COLOMBIA I - COMPARTIMENTO GP,830505010,OTRAS TIT. VENDIDOS POR ENTREGAR,,,1,99,PESOS,"-19968990,53","-20375393,27",,,,,,,,,,,
139,FCP TEKA COLOMBIA I - COMPARTIMENTO GP,840505998,ACREEDORAS POR CONTRA PESOS,,,1,99,PESOS,"175921770,0","175921770,0",,840505,,,,,,,,,
141,FCP TEKA COLOMBIA I - COMPARTIMIENTO LP,111505027,(TK) BANCOLOMBIA Cta No.04872907942     ,,,1,99,PESOS,"2494984541,92","2210572564,06",,111505,Activo,,Activo Corriente,Efectivo y equivales de efectivo,Bancos nacionales,,,Disponible,
141,FCP TEKA COLOMBIA I - COMPARTIMIENTO LP,136000300,INVERSIONES DERECHOS FIDUCIARIOS,,,1,99,PESOS,"1511981355,55","1350014984,33",,136000,Activo,,Activo no corriente,Inversiones a valor razonable con efectos en resultados,Inversiones derechos fiduciarios,,,Inversiones,
141,FCP TEKA COLOMBIA I - COMPARTIMIENTO LP,161695015,GASTOS VARIOS DE ADMON                  ,,,1,99,PESOS,"0,0","16,37",,161695,Activo,,Activo Corriente,Cuentas por cobrar,Deudores,,,,
141,FCP TEKA COLOMBIA I - COMPARTIMIENTO LP,161695045,CUENTA CORRIENTE                        ,,,1,99,PESOS,"319654,37","4300100,27",,161695,Activo,,Activo Corriente,Cuentas por cobrar,Deudores,,,,
141,FCP TEKA COLOMBIA I - COMPARTIMIENTO LP,250105010,HONORARIOS,,,1,99,PESOS,"0,0","-4125482,0",,250105,Total pasivo + patrimonio,Pasivo,Pasivo Corriente,Cuentas por pagar,Comision de administracion.,,,,
141,FCP TEKA COLOMBIA I - COMPARTIMIENTO LP,250110010,COMISION CUSTODIA FIJA                  ,,,1,99,PESOS,"0,0","-4167154,0",,250110,Total pasivo + patrimonio,Pasivo,Pasivo Corriente,Cuentas por pagar,Comision de administracion.,,,,
141,FCP TEKA COLOMBIA I - COMPARTIMIENTO LP,253105110,CUENTA COMPENSACION,,,1,99,PESOS,"0,0","-434326186,08",,253105,Total pasivo + patrimonio,Pasivo,Pasivo Corriente,Cuentas por pagar,Acreedores varios,,,,
141,FCP TEKA COLOMBIA I - COMPARTIMIENTO LP,411495028,(TK) BANCOLOMBIA Cau No.04872907942     ,,,1,99,PESOS,"0,0","-25789531,49",,411495,Total pasivo + patrimonio,Patrimonio,Utilidad o perdida del ejercicio,Ingresos ordinarios,Otros rendimientos financieros,,,,
141,FCP TEKA COLOMBIA I - COMPARTIMIENTO LP,511325010,COMISION CUSTODIA FIJA                  ,,,1,99,PESOS,"0,0","16687366,32",,511325,Total pasivo + patrimonio,Patrimonio,Utilidad o perdida del ejercicio,Costos y gastos,Gastos de operaciones,Comisión custodia fija,,,
141,FCP TEKA COLOMBIA I - COMPARTIMIENTO LP,511512010,GASTOS BANCARIOS                        ,,,1,99,PESOS,"0,0","14663,54",,511512,Total pasivo + patrimonio,Patrimonio,Utilidad o perdida del ejercicio,Costos y gastos,Gastos de operaciones,Gastos bancarios,,,
141,FCP TEKA COLOMBIA I - COMPARTIMIENTO LP,511548010,COMISION DE ADMINISTRACION R.F.         ,,,1,99,PESOS,"0,0","87259939,99",,511548,Total pasivo + patrimonio,Patrimonio,Utilidad o perdida del ejercicio,Costos y gastos,Gastos de operaciones,Comisión administración,,,
141,FCP TEKA COLOMBIA I - COMPARTIMIENTO LP,511595011,COMISION GESTOR PROFESIONAL             ,,,1,99,PESOS,"0,0","618775299,79",,511595,Total pasivo + patrimonio,Patrimonio,Utilidad o perdida del ejercicio,Costos y gastos,Gastos de operaciones,Comisión Bursatil,,,
141,FCP TEKA COLOMBIA I - COMPARTIMIENTO LP,511595015,OTRAS COMISIONES,,,1,99,PESOS,"0,0","30218554,95",,511595,Total pasivo + patrimonio,Patrimonio,Utilidad o perdida del ejercicio,Costos y gastos,Gastos de operaciones,Comisión Bursatil,,,
141,FCP TEKA COLOMBIA I - COMPARTIMIENTO LP,513095090,OTROS HONORARIOS,,,1,99,PESOS,"0,0","6933584,0",,513095,Total pasivo + patrimonio,Patrimonio,Utilidad o perdida del ejercicio,Costos y gastos,Gastos de operaciones,Otros honorarios,,,
141,FCP TEKA COLOMBIA I - COMPARTIMIENTO LP,514005010,IMPUESTO A LOS MOVIMIENTOS FINANCIEROS  ,,,1,99,PESOS,"0,0","4947814,33",,514005,Total pasivo + patrimonio,Patrimonio,Utilidad o perdida del ejercicio,Costos y gastos,Gastos de operaciones,Gravamen a los movimientos financieros,Impuestos y tasas,,
141,FCP TEKA COLOMBIA I - COMPARTIMIENTO LP,514005011,IMPOVENTAS                              ,,,1,99,PESOS,"0,0","5687707,72",,514005,Total pasivo + patrimonio,Patrimonio,Utilidad o perdida del ejercicio,Costos y gastos,Gastos de operaciones,Gravamen a los movimientos financieros,Impuestos y tasas,,
141,FCP TEKA COLOMBIA I - COMPARTIMIENTO LP,810505205,EMISORES NACIONALES                     ,,,1,99,PESOS,"1996867408,81","2037484217,99",,810505,,,,,,,,,
141,FCP TEKA COLOMBIA I - COMPARTIMIENTO LP,840505998,ACREEDORAS POR CONTRA PESOS,,,1,99,PESOS,"252616065,0","252616065,0",,840505,,,,,,,,,
152,FCP INVERSOR COMPARTIMIENTO A,111505001,(IN) BANCOLOMBIA Cta No.04872908426,,,1,99,PESOS,"220124428,21","767014429,07",,111505,Activo,,Activo Corriente,Efectivo y equivales de efectivo,Bancos nacionales,,,Disponible,
152,FCP INVERSOR COMPARTIMIENTO A,111505002,(IN) DAVIVIENDA Cta No.482800051880,,,1,99,PESOS,"79175063,92","70010641,29",,111505,Activo,,Activo Corriente,Efectivo y equivales de efectivo,Bancos nacionales,,,Disponible,
152,FCP INVERSOR COMPARTIMIENTO A,130205300,EMISORES  NACIONALES,,,1,99,PESOS,"6897624142,6","4880551830,72",,130205,Activo,,Activo no corriente,Inversiones a valor razonable con efectos en resultados,Instrumentos de patrimonio,,,Inversiones,
152,FCP INVERSOR COMPARTIMIENTO A,136000300,INVERSIONES DERECHOS FIDUCIARIOS,,,1,99,PESOS,"19058245994,51","18349856186,31",,136000,Activo,,Activo no corriente,Inversiones a valor razonable con efectos en resultados,Inversiones derechos fiduciarios,,,Inversiones,
152,FCP INVERSOR COMPARTIMIENTO A,161695002,(IN) DAVIVIENDA Cta No.482800051880,,,1,99,PESOS,"564147,45","2137727,99",,161695,Activo,,Activo Corriente,Cuentas por cobrar,Deudores,,,,
152,FCP INVERSOR COMPARTIMIENTO A,161695045,CUENTA CORRIENTE,,,1,99,PESOS,"278811566,19","99377612,06",,161695,Activo,,Activo Corriente,Cuentas por cobrar,Deudores,,,,
152,FCP INVERSOR COMPARTIMIENTO A,192595030,COMISION ADMINISTRACION,,,1,99,PESOS,"0,0","9846369,13",,192595,Activo,,Activo Corriente,Otros activos,Gatos pagados por anticipados,,,,
152,FCP INVERSOR COMPARTIMIENTO A,250110010,COMISION CUSTODIA FIJA,,,1,99,PESOS,"0,0","-771585,0",,250110,Total pasivo + patrimonio,Pasivo,Pasivo Corriente,Cuentas por pagar,Comision de administracion.,,,,
152,FCP INVERSOR COMPARTIMIENTO A,253105110,CUENTA COMPENSACION,,,1,99,PESOS,"-4602,96","-3081,31",,253105,Total pasivo + patrimonio,Pasivo,Pasivo Corriente,Cuentas por pagar,Acreedores varios,,,,
152,FCP INVERSOR COMPARTIMIENTO A,410395010,OTROS RENDIMIENTOS FINANCIEROS,,,1,99,PESOS,"0,0","-688959090,0",,410395,Total pasivo + patrimonio,Patrimonio,Utilidad o perdida del ejercicio,Ingresos ordinarios,Otros rendimientos financieros,,,,
152,FCP INVERSOR COMPARTIMIENTO A,411495002,(IN) DAVIVIENDA Cta No.482800051880,,,1,99,PESOS,"0,0","-4442358,66",,411495,Total pasivo + patrimonio,Patrimonio,Utilidad o perdida del ejercicio,Ingresos ordinarios,Otros rendimientos financieros,,,,
152,FCP INVERSOR COMPARTIMIENTO A,411495015,RENDIMIENTOS INVERSIONES EN FICS,,,1,99,PESOS,"0,0","-5,07",,411495,Total pasivo + patrimonio,Patrimonio,Utilidad o perdida del ejercicio,Ingresos ordinarios,Otros rendimientos financieros,,,,
152,FCP INVERSOR COMPARTIMIENTO A,411495999,OTROS,,,1,99,PESOS,"0,0","-4602,17",,411495,Total pasivo + patrimonio,Patrimonio,Utilidad o perdida del ejercicio,Ingresos ordinarios,Otros rendimientos financieros,,,,
152,FCP INVERSOR COMPARTIMIENTO A,511512010,GASTOS BANCARIOS,,,1,99,PESOS,"0,0","7730,21",,511512,Total pasivo + patrimonio,Patrimonio,Utilidad o perdida del ejercicio,Costos y gastos,Gastos de operaciones,Gastos bancarios,,,
152,FCP INVERSOR COMPARTIMIENTO A,511548010,COMISION DE ADMINISTRACION R.F.,,,1,99,PESOS,"0,0","49231845,75",,511548,Total pasivo + patrimonio,Patrimonio,Utilidad o perdida del ejercicio,Costos y gastos,Gastos de operaciones,Comisión administración,,,
152,FCP INVERSOR COMPARTIMIENTO A,511595011,COMISION GESTOR PROFESIONAL,,,1,99,PESOS,"0,0","185215068,5",,511595,Total pasivo + patrimonio,Patrimonio,Utilidad o perdida del ejercicio,Costos y gastos,Gastos de operaciones,Comisión Bursatil,,,
152,FCP INVERSOR COMPARTIMIENTO A,514005011,IMPOVENTAS,,,1,99,PESOS,"0,0","1539372,04",,514005,Total pasivo + patrimonio,Patrimonio,Utilidad o perdida del ejercicio,Costos y gastos,Gastos de operaciones,Gravamen a los movimientos financieros,Impuestos y tasas,,
152,FCP INVERSOR COMPARTIMIENTO A,514005015,IVA COMISION GESTOR PROFESIONAL,,,1,99,PESOS,"0,0","35190863,0",,514005,Total pasivo + patrimonio,Patrimonio,Utilidad o perdida del ejercicio,Costos y gastos,Gastos de operaciones,Gravamen a los movimientos financieros,Impuestos y tasas,,
152,FCP INVERSOR COMPARTIMIENTO A,590505010,CANCELACION DE INGRESOS RF,,,1,99,PESOS,"0,0","-220549627,36",,590505,Total pasivo + patrimonio,Patrimonio,,,,,,,
152,FCP INVERSOR COMPARTIMIENTO A,830505010,DEUDORAS POR CONTRA,,,1,99,PESOS,"-25955870009,51","-23230407884,31",,,,,,,,,,,
152,FCP INVERSOR COMPARTIMIENTO A,840505998,ACREEDORAS POR CONTRA PESOS,,,1,99,PESOS,"1475736283,98","1475736283,98",,840505,,,,,,,,,
165,FCP INVERSOR COMPARTIMENTO B,111505427,(IB) BANCOLOMBIA Cta No.69000001709,,,1,99,PESOS,"10219,22","10344,19",,111505,Activo,,Activo Corriente,Efectivo y equivales de efectivo,Bancos nacionales,,,Disponible,
165,FCP INVERSOR COMPARTIMENTO B,161695003,(IN) DAVIVIENDA Cta No. 482800051898,,,1,99,PESOS,"2231,62","1030,38",,161695,Activo,,Activo Corriente,Cuentas por cobrar,Deudores,,,,
165,FCP INVERSOR COMPARTIMENTO B,161695426,(IN) BANCOLOMBIA Cau No.04872908574,,,1,99,PESOS,"2063,71","30040,48",,161695,Activo,,Activo Corriente,Cuentas por cobrar,Deudores,,,,
165,FCP INVERSOR COMPARTIMENTO B,192595015,COMISION DE GESTION,,,1,99,PESOS,"0,0","2950547,92",,192595,Activo,,Activo Corriente,Otros activos,Gatos pagados por anticipados,,,,
165,FCP INVERSOR COMPARTIMENTO B,352505010,PARTICIPACIONES EN FDO DE INVERSIÓN COLE,,,1,99,PESOS,"-1092794726,51","-1118254173,71",,352505,Total pasivo + patrimonio,Patrimonio,,Patrimonio especiales,Participaciones en fondos de inversión colectiva,,,,
165,FCP INVERSOR COMPARTIMENTO B,410805300,EMISORES NACIONALES,,,1,99,PESOS,"0,0","-33753065,5",,410805,Total pasivo + patrimonio,Patrimonio,Utilidad o perdida del ejercicio,Ingresos ordinarios,Por aumento en el valor de mercado Inst. de Pat.,,,,
165,FCP INVERSOR COMPARTIMENTO B,411495426,(IN) BANCOLOMBIA Cau No.04872908574     ,,,1,99,PESOS,"0,0","-258005,59",,411495,Total pasivo + patrimonio,Patrimonio,Utilidad o perdida del ejercicio,Ingresos ordinarios,Otros rendimientos financieros,,,,
165,FCP INVERSOR COMPARTIMENTO B,510805010,POR DISMINUCION SOBRE EL VALOR RAZONABLE,,,1,99,PESOS,"0,0","73852874,82",,510805,Total pasivo + patrimonio,Patrimonio,Utilidad o perdida del ejercicio,Costos y gastos,Gastos de operaciones,Disminución en el valor de mercado Inst. de Pat.,,,
165,FCP INVERSOR COMPARTIMENTO B,511325010,COMISION CUSTODIA FIJA                  ,,,1,99,PESOS,"0,0","201260,62",,511325,Total pasivo + patrimonio,Patrimonio,Utilidad o perdida del ejercicio,Costos y gastos,Gastos de operaciones,Comisión custodia fija,,,
165,FCP INVERSOR COMPARTIMENTO B,513015003,REVISORIA FISCAL                        ,,,1,99,PESOS,"0,0","341039,35",,513015,Total pasivo + patrimonio,Patrimonio,Utilidad o perdida del ejercicio,Costos y gastos,Gastos de operaciones,Revisoría Fiscal,,,
165,FCP INVERSOR COMPARTIMENTO B,514005010,IMPUESTO A LOS MOVIMIENTOS FINANCIEROS  ,,,1,99,PESOS,"0,0","73394,34",,514005,Total pasivo + patrimonio,Patrimonio,Utilidad o perdida del ejercicio,Costos y gastos,Gastos de operaciones,Gravamen a los movimientos financieros,Impuestos y tasas,,
165,FCP INVERSOR COMPARTIMENTO B,590505010,CANCELACION DE INGRESOS RF,,,1,99,PESOS,"0,0","-14733386,67",,590505,Total pasivo + patrimonio,Patrimonio,,,,,,,
165,FCP INVERSOR COMPARTIMENTO B,590505015,CANCELACION DE INGRESOS RV,,,1,99,PESOS,"0,0","-4807166,13",,590505,Total pasivo + patrimonio,Patrimonio,,,,,,,
165,FCP INVERSOR COMPARTIMENTO B,829595998,OTRAS CUENTAS DE ORDEN ACREEDORAS PESOS,,,1,99,PESOS,"-933500000,0","-933500000,0",,829595,,,,,,,,,
167,FDO DE CAPITAL PRIVADO ENERGETICO ANDINO-COMPART. A,111505072,(EA) BANCOLOMBIA Cta No.04872907098     ,,,1,99,PESOS,"454990824,21","0,0",,111505,Activo,,Activo Corriente,Efectivo y equivales de efectivo,Bancos nacionales,,,Disponible,
167,FDO DE CAPITAL PRIVADO ENERGETICO ANDINO-COMPART. A,161695073,(EA) BANCOLOMBIA Cau No.04872907098,,,1,99,PESOS,"110533,23","0,0",,161695,Activo,,Activo Corriente,Cuentas por cobrar,Deudores,,,,
173,FONDO DE CAPITAL PRIVADO ALTRA II,111505525,(ALTII) BANCOLOMBIA Cta No.17891607288,,,1,99,PESOS,"81884247,35","39428188,81",,111505,Activo,,Activo Corriente,Efectivo y equivales de efectivo,Bancos nacionales,,,Disponible,
173,FONDO DE CAPITAL PRIVADO ALTRA II,161695001,(ALTII) BANCOLOMBIA Cta No. 80100008101,,,1,99,PESOS,"97933,6","97933,6",,161695,Activo,,Activo Corriente,Cuentas por cobrar,Deudores,,,,
173,FONDO DE CAPITAL PRIVADO ALTRA II,161695526,(ALII) BANCOLOMBIA Cau No.17891607288,,,1,99,PESOS,"-77882,2","-81810,59",,161695,Activo,,Activo Corriente,Cuentas por cobrar,Deudores,,,,
173,FONDO DE CAPITAL PRIVADO ALTRA II,161695527,(AII) BANCOLOMBIA Cau No.69000001710,,,1,99,PESOS,"2402,24","2089,9",,161695,Activo,,Activo Corriente,Cuentas por cobrar,Deudores,,,,
173,FONDO DE CAPITAL PRIVADO ALTRA II,352505010,PARTICIPACIONES EN FDO DE INVERSIÓN COLE,,,1,99,PESOS,"-7955860604,39","-8678655674,83",,352505,Total pasivo + patrimonio,Patrimonio,,Patrimonio especiales,Participaciones en fondos de inversión colectiva,,,,
173,FONDO DE CAPITAL PRIVADO ALTRA II,410805210,EMISORES EXTRANJEROS                    ,,,1,99,PESOS,"0,0","-833703985,74",,410805,Total pasivo + patrimonio,Patrimonio,Utilidad o perdida del ejercicio,Ingresos ordinarios,Por aumento en el valor de mercado Inst. de Pat.,,,,
173,FONDO DE CAPITAL PRIVADO ALTRA II,411495526,(ALTII) BANCOLOMBIA Cta No.17891607288,,,1,99,PESOS,"0,0","-610144,6",,411495,Total pasivo + patrimonio,Patrimonio,Utilidad o perdida del ejercicio,Ingresos ordinarios,Otros rendimientos financieros,,,,
152,FCP INVERSOR COMPARTIMIENTO A,111505005,(IA) BANCOLOMBIA Cta No.69000001708,,,1,99,PESOS,"10231,04","10356,15",,111505,Activo,,Activo Corriente,Efectivo y equivales de efectivo,Bancos nacionales,,,Disponible,
152,FCP INVERSOR COMPARTIMIENTO A,161695005,(IA) BANCOLOMBIA Cta cau No.69000001708,,,1,99,PESOS,"24,9","21,84",,161695,Activo,,Activo Corriente,Cuentas por cobrar,Deudores,,,,
152,FCP INVERSOR COMPARTIMIENTO A,192595015,COMISION DE GESTION,,,1,99,PESOS,"0,0","44081186,5",,192595,Activo,,Activo Corriente,Otros activos,Gatos pagados por anticipados,,,,
152,FCP INVERSOR COMPARTIMIENTO A,352505010,PARTICIPACIONES EN FDO DE INVERSIÓN COLE,,,1,99,PESOS,"-26534550995,86","-24222111694,75",,352505,Total pasivo + patrimonio,Patrimonio,,Patrimonio especiales,Participaciones en fondos de inversión colectiva,,,,
152,FCP INVERSOR COMPARTIMIENTO A,410805300,EMISORES NACIONALES,,,1,99,PESOS,"0,0","-596270356,42",,410805,Total pasivo + patrimonio,Patrimonio,Utilidad o perdida del ejercicio,Ingresos ordinarios,Por aumento en el valor de mercado Inst. de Pat.,,,,
152,FCP INVERSOR COMPARTIMIENTO A,411495005,(IA) BANCOLOMBIA Cta cau No.69000001708,,,1,99,PESOS,"0,0","-122,05",,411495,Total pasivo + patrimonio,Patrimonio,Utilidad o perdida del ejercicio,Ingresos ordinarios,Otros rendimientos financieros,,,,
152,FCP INVERSOR COMPARTIMIENTO A,510805010,POR DISMINUCION EN EL VALOR DE MERCADO,,,1,99,PESOS,"0,0","3321732481,62",,510805,Total pasivo + patrimonio,Patrimonio,Utilidad o perdida del ejercicio,Costos y gastos,Gastos de operaciones,Disminución en el valor de mercado Inst. de Pat.,,,
152,FCP INVERSOR COMPARTIMIENTO A,511325010,COMISION CUSTODIA FIJA,,,1,99,PESOS,"0,0","3006833,38",,511325,Total pasivo + patrimonio,Patrimonio,Utilidad o perdida del ejercicio,Costos y gastos,Gastos de operaciones,Comisión custodia fija,,,
152,FCP INVERSOR COMPARTIMIENTO A,513015003,REVISORIA FISCAL,,,1,99,PESOS,"0,0","5095127,65",,513015,Total pasivo + patrimonio,Patrimonio,Utilidad o perdida del ejercicio,Costos y gastos,Gastos de operaciones,Revisoría Fiscal,,,
152,FCP INVERSOR COMPARTIMIENTO A,514005010,IMPUESTO A LOS MOVIMIENTOS FINANCIEROS,,,1,99,PESOS,"0,0","1096513,33",,514005,Total pasivo + patrimonio,Patrimonio,Utilidad o perdida del ejercicio,Costos y gastos,Gastos de operaciones,Gravamen a los movimientos financieros,Impuestos y tasas,,
152,FCP INVERSOR COMPARTIMIENTO A,590505015,CANCELACION DE INGRESOS RV,,,1,99,PESOS,"0,0","-2091889673,75",,590505,Total pasivo + patrimonio,Patrimonio,,,,,,,
152,FCP INVERSOR COMPARTIMIENTO A,810505205,EMISORES NACIONALES,,,1,99,PESOS,"25955870009,51","23230407884,31",,810505,,,,,,,,,
152,FCP INVERSOR COMPARTIMIENTO A,829595998,OTRAS CUENTAS DE ORDEN ACREEDORAS PESOS,,,1,99,PESOS,"-1475736283,98","-1475736283,98",,829595,,,,,,,,,
165,FCP INVERSOR COMPARTIMENTO B,111505003,(IN) DAVIVIENDA Cta No. 482800051898,,,1,99,PESOS,"5455661,16","1679328,99",,111505,Activo,,Activo Corriente,Efectivo y equivales de efectivo,Bancos nacionales,,,Disponible,
165,FCP INVERSOR COMPARTIMENTO B,111505425,(IN) BANCOLOMBIA Cta No.04872908574     ,,,1,99,PESOS,"8494732,98","74193807,42",,111505,Activo,,Activo Corriente,Efectivo y equivales de efectivo,Bancos nacionales,,,Disponible,
165,FCP INVERSOR COMPARTIMENTO B,136000300,INVERSIONES DERECHOS FIDUCIARIOS,,,1,99,PESOS,"1078829793,32","1038729984,0",,136000,Activo,,Activo no corriente,Inversiones a valor razonable con efectos en resultados,Inversiones derechos fiduciarios,,,Inversiones,
165,FCP INVERSOR COMPARTIMENTO B,161695045,CUENTA CORRIENTE                        ,,,1,99,PESOS,"0,0","7,62",,161695,Activo,,Activo Corriente,Cuentas por cobrar,Deudores,,,,
165,FCP INVERSOR COMPARTIMENTO B,161695427,(IB) BANCOLOMBIA Cta cau No.69000001709,,,1,99,PESOS,"25,73","21,84",,161695,Activo,,Activo Corriente,Cuentas por cobrar,Deudores,,,,
165,FCP INVERSOR COMPARTIMENTO B,192595030,COMISION ADMINISTRACION                 ,,,1,99,PESOS,"0,0","659060,87",,192595,Activo,,Activo Corriente,Otros activos,Gatos pagados por anticipados,,,,
165,FCP INVERSOR COMPARTIMENTO B,253105110,CUENTA COMPENSACION,,,1,99,PESOS,"-1,23","0,0",,253105,Total pasivo + patrimonio,Pasivo,Pasivo Corriente,Cuentas por pagar,Acreedores varios,,,,
165,FCP INVERSOR COMPARTIMENTO B,410395010,OTROS RENDIMIENTOS FINANCIEROS,,,1,99,PESOS,"0,0","-38999895,0",,410395,Total pasivo + patrimonio,Patrimonio,Utilidad o perdida del ejercicio,Ingresos ordinarios,Otros rendimientos financieros,,,,
165,FCP INVERSOR COMPARTIMENTO B,411495003,(IN) DAVIVIENDA Cta No. 482800051898,,,1,99,PESOS,"0,0","-70375,53",,411495,Total pasivo + patrimonio,Patrimonio,Utilidad o perdida del ejercicio,Ingresos ordinarios,Otros rendimientos financieros,,,,
165,FCP INVERSOR COMPARTIMENTO B,411495427,(IB) BANCOLOMBIA Cta No.69000001709,,,1,99,PESOS,"0,0","-121,08",,411495,Total pasivo + patrimonio,Patrimonio,Utilidad o perdida del ejercicio,Ingresos ordinarios,Otros rendimientos financieros,,,,
165,FCP INVERSOR COMPARTIMENTO B,411495999,OTROS,,,1,99,PESOS,"0,0","-0,05",,411495,Total pasivo + patrimonio,Patrimonio,Utilidad o perdida del ejercicio,Ingresos ordinarios,Otros rendimientos financieros,,,,
165,FCP INVERSOR COMPARTIMENTO B,511512010,GASTOS BANCARIOS,,,1,99,PESOS,"0,0","2365,36",,511512,Total pasivo + patrimonio,Patrimonio,Utilidad o perdida del ejercicio,Costos y gastos,Gastos de operaciones,Gastos bancarios,,,
165,FCP INVERSOR COMPARTIMENTO B,511548010,COMISION DE ADMINISTRACION R.F.         ,,,1,99,PESOS,"0,0","3295304,25",,511548,Total pasivo + patrimonio,Patrimonio,Utilidad o perdida del ejercicio,Costos y gastos,Gastos de operaciones,Comisión administración,,,
165,FCP INVERSOR COMPARTIMENTO B,511595011,COMISION GESTOR PROFESIONAL             ,,,1,99,PESOS,"0,0","12397260,3",,511595,Total pasivo + patrimonio,Patrimonio,Utilidad o perdida del ejercicio,Costos y gastos,Gastos de operaciones,Comisión Bursatil,,,
165,FCP INVERSOR COMPARTIMENTO B,514005011,IMPOVENTAS                              ,,,1,99,PESOS,"0,0","103036,96",,514005,Total pasivo + patrimonio,Patrimonio,Utilidad o perdida del ejercicio,Costos y gastos,Gastos de operaciones,Gravamen a los movimientos financieros,Impuestos y tasas,,
165,FCP INVERSOR COMPARTIMENTO B,514005015,IVA COMISION GESTOR PROFESIONAL         ,,,1,99,PESOS,"0,0","2355479,45",,514005,Total pasivo + patrimonio,Patrimonio,Utilidad o perdida del ejercicio,Costos y gastos,Gastos de operaciones,Gravamen a los movimientos financieros,Impuestos y tasas,,
165,FCP INVERSOR COMPARTIMENTO B,519095999,OTROS,,,1,99,PESOS,"0,0","0,1",,519095,Total pasivo + patrimonio,Patrimonio,Utilidad o perdida del ejercicio,Costos y gastos,Gastos de operaciones,Otros gastos de operación,,,
165,FCP INVERSOR COMPARTIMENTO B,810505205,EMISORES NACIONALES,,,1,99,PESOS,"1078829793,32","1038729984,0",,810505,,,,,,,,,
165,FCP INVERSOR COMPARTIMENTO B,830505010,DEUDORAS POR CONTRA,,,1,99,PESOS,"-1078829793,32","-1038729984,0",,,,,,,,,,,
165,FCP INVERSOR COMPARTIMENTO B,840505998,ACREEDORAS POR CONTRA PESOS,,,1,99,PESOS,"933500000,0","933500000,0",,840505,,,,,,,,,
167,FDO DE CAPITAL PRIVADO ENERGETICO ANDINO-COMPART. A,161695045,CUENTA CORRIENTE                        ,,,1,99,PESOS,"92,67","0,0",,161695,Activo,,Activo Corriente,Cuentas por cobrar,Deudores,,,,
167,FDO DE CAPITAL PRIVADO ENERGETICO ANDINO-COMPART. A,352505010,PARTICIPACIONES EN FDO DE INVERSIÓN COLE,,,1,99,PESOS,"-455101450,11","0,0",,352505,Total pasivo + patrimonio,Patrimonio,,Patrimonio especiales,Participaciones en fondos de inversión colectiva,,,,
173,FONDO DE CAPITAL PRIVADO ALTRA II,111505527,(AII) BANCOLOMBIA Cta No.69000001710,,,1,99,PESOS,"1048282,98","1061179,78",,111505,Activo,,Activo Corriente,Efectivo y equivales de efectivo,Bancos nacionales,,,Disponible,
173,FONDO DE CAPITAL PRIVADO ALTRA II,130210300,EMISORES EXTRANJEROS,,,1,99,PESOS,"7944075976,78","8749577702,76",,130210,Activo,,Activo no corriente,Inversiones a valor razonable con efectos en resultados,Instrumentos de patrimonio,,,Inversiones,
173,FONDO DE CAPITAL PRIVADO ALTRA II,161695015,GASTOS VARIOS DE ADMON                  ,,,1,99,PESOS,"0,0","9,48",,161695,Activo,,Activo Corriente,Cuentas por cobrar,Deudores,,,,
173,FONDO DE CAPITAL PRIVADO ALTRA II,192595030,AMORTIZACION COMISION DE ADMON,,,1,99,PESOS,"0,0","5000000,0",,192595,Activo,,Activo Corriente,Otros activos,Gatos pagados por anticipados,,,,
173,FONDO DE CAPITAL PRIVADO ALTRA II,250195010,COMISION DE GESTION,,,1,99,PESOS,"-58564453,35","-116427828,74",,250195,Total pasivo + patrimonio,Pasivo,Pasivo Corriente,Cuentas por pagar,Comisión de gestión.,,,,
173,FONDO DE CAPITAL PRIVADO ALTRA II,253105110,CUENTA COMPENSACION,,,1,99,PESOS,"-12605903,01","-1790,17",,253105,Total pasivo + patrimonio,Pasivo,Pasivo Corriente,Cuentas por pagar,Acreedores varios,,,,
173,FONDO DE CAPITAL PRIVADO ALTRA II,411495999,OTROS,,,1,99,PESOS,"0,0","-0,15",,411495,Total pasivo + patrimonio,Patrimonio,Utilidad o perdida del ejercicio,Ingresos ordinarios,Otros rendimientos financieros,,,,
173,FONDO DE CAPITAL PRIVADO ALTRA II,511512010,GASTOS BANCARIOS                        ,,,1,99,PESOS,"0,0","9799,91",,511512,Total pasivo + patrimonio,Patrimonio,Utilidad o perdida del ejercicio,Costos y gastos,Gastos de operaciones,Gastos bancarios,,,
173,FONDO DE CAPITAL PRIVADO ALTRA II,511548010,COMISION DE ADMINISTRACION R.F.         ,,,1,99,PESOS,"0,0","25000000,0",,511548,Total pasivo + patrimonio,Patrimonio,Utilidad o perdida del ejercicio,Costos y gastos,Gastos de operaciones,Comisión administración,,,
173,FONDO DE CAPITAL PRIVADO ALTRA II,411495527,(AII) BANCOLOMBIA Cau No.69000001710,,,1,99,PESOS,"0,0","-12584,46",,411495,Total pasivo + patrimonio,Patrimonio,Utilidad o perdida del ejercicio,Ingresos ordinarios,Otros rendimientos financieros,,,,
173,FONDO DE CAPITAL PRIVADO ALTRA II,511325010,COMISION CUSTODIA FIJA                  ,,,1,99,PESOS,"0,0","16854240,0",,511325,Total pasivo + patrimonio,Patrimonio,Utilidad o perdida del ejercicio,Costos y gastos,Gastos de operaciones,Comisión custodia fija,,,
173,FONDO DE CAPITAL PRIVADO ALTRA II,513015003,REVISORIA FISCAL                        ,,,1,99,PESOS,"0,0","3139918,0",,513015,Total pasivo + patrimonio,Patrimonio,Utilidad o perdida del ejercicio,Costos y gastos,Gastos de operaciones,Revisoría Fiscal,,,
173,FONDO DE CAPITAL PRIVADO ALTRA II,513095090,OTROS HONORARIOS,,,1,99,PESOS,"0,0","3501810,0",,513095,Total pasivo + patrimonio,Patrimonio,Utilidad o perdida del ejercicio,Costos y gastos,Gastos de operaciones,Otros honorarios,,,
173,FONDO DE CAPITAL PRIVADO ALTRA II,514005010,IMPUESTO A LOS MOVIMIENTOS FINANCIEROS  ,,,1,99,PESOS,"0,0","164399,9",,514005,Total pasivo + patrimonio,Patrimonio,Utilidad o perdida del ejercicio,Costos y gastos,Gastos de operaciones,Gravamen a los movimientos financieros,Impuestos y tasas,,
173,FONDO DE CAPITAL PRIVADO ALTRA II,590505015,CANCELACION DE INGRESOS RV,,,1,99,PESOS,"0,0","722190104,35",,590505,Total pasivo + patrimonio,Patrimonio,,,,,,,
175,FCP TC LATAM COMPARTIMENTO A,111505001,(LT) BANCOLOMBIA Cta No.69000002514,,,1,99,PESOS,"1402974,85","1424507,25",,111505,Activo,,Activo Corriente,Efectivo y equivales de efectivo,Bancos nacionales,,,Disponible,
175,FCP TC LATAM COMPARTIMENTO A,130205300,EMISORES  NACIONALES,,,1,99,PESOS,"226577823,42","0,02",,130205,Activo,,Activo no corriente,Inversiones a valor razonable con efectos en resultados,Instrumentos de patrimonio,,,Inversiones,
175,FCP TC LATAM COMPARTIMENTO A,130210300,EMISORES EXTRANJEROS,,,1,99,PESOS,"4013136725,74","3584826802,85",,130210,Activo,,Activo no corriente,Inversiones a valor razonable con efectos en resultados,Instrumentos de patrimonio,,,Inversiones,
175,FCP TC LATAM COMPARTIMENTO A,161695002,(LA) BANCOLOMBIA PANAMA CTA.80100001881,,,1,99,PESOS,"77782,69","211657,25",,161695,Activo,,Activo Corriente,Cuentas por cobrar,Deudores,,,,
175,FCP TC LATAM COMPARTIMENTO A,161695015,GASTOS VARIOS DE ADMON                  ,,,1,99,PESOS,"0,0","4,1",,161695,Activo,,Activo Corriente,Cuentas por cobrar,Deudores,,,,
175,FCP TC LATAM COMPARTIMENTO A,161695436,(TA) BANCOLOMBIA Cau No.03141537163,,,1,99,PESOS,"25790,94","90391,07",,161695,Activo,,Activo Corriente,Cuentas por cobrar,Deudores,,,,
175,FCP TC LATAM COMPARTIMENTO A,163035010,IVA DESCONTABLE 19%,,,1,99,PESOS,"117222,4","29687,8",,163035,Activo,,Activo Corriente,Cuentas por cobrar,Deudores,,,,
175,FCP TC LATAM COMPARTIMENTO A,253105220,CUENTA COMPENSACION DIVISAS,,,1,99,DOLARES,"0,0","-36822156,75",,253105,Total pasivo + patrimonio,Pasivo,Pasivo Corriente,Cuentas por pagar,Acreedores varios,,,,
175,FCP TC LATAM COMPARTIMENTO A,411495001,(LT) BANCOLOMBIA Cta No.69000002514,,,1,99,PESOS,"0,0","-21237,38",,411495,Total pasivo + patrimonio,Patrimonio,Utilidad o perdida del ejercicio,Ingresos ordinarios,Otros rendimientos financieros,,,,
175,FCP TC LATAM COMPARTIMENTO A,411495436,(TA) BANCOLOMBIA Cau No.03141537163,,,1,99,PESOS,"0,0","-3785547,84",,411495,Total pasivo + patrimonio,Patrimonio,Utilidad o perdida del ejercicio,Ingresos ordinarios,Otros rendimientos financieros,,,,
175,FCP TC LATAM COMPARTIMENTO A,511595015,OTRAS COMISIONES,,,1,99,PESOS,"0,0","373376,9",,511595,Total pasivo + patrimonio,Patrimonio,Utilidad o perdida del ejercicio,Costos y gastos,Gastos de operaciones,Comisión Bursatil,,,
175,FCP TC LATAM COMPARTIMENTO A,512505120,EMISORES EXTRANJEROS                    ,,,1,99,PESOS,"0,0","15257333,38",,512505,Total pasivo + patrimonio,Patrimonio,Utilidad o perdida del ejercicio,Costos y gastos,Gastos de operaciones,Otras Emisores Nacionales,,,
175,FCP TC LATAM COMPARTIMENTO A,513015003,REVISORIA FISCAL                        ,,,1,99,PESOS,"0,0","5222017,24",,513015,Total pasivo + patrimonio,Patrimonio,Utilidad o perdida del ejercicio,Costos y gastos,Gastos de operaciones,Revisoría Fiscal,,,
175,FCP TC LATAM COMPARTIMENTO A,513535010,POR REEXPRESION DE  OTROS ACTIVOS,,,1,99,PESOS,"0,0","196805712,36",,513535,Total pasivo + patrimonio,Patrimonio,Utilidad o perdida del ejercicio,Costos y gastos,Gastos de operaciones,Reexpresion de Activos,,,
175,FCP TC LATAM COMPARTIMENTO A,514005011,IMPOVENTAS                              ,,,1,99,PESOS,"0,0","1946011,1",,514005,Total pasivo + patrimonio,Patrimonio,Utilidad o perdida del ejercicio,Costos y gastos,Gastos de operaciones,Gravamen a los movimientos financieros,Impuestos y tasas,,
175,FCP TC LATAM COMPARTIMENTO A,590505010,CANCELACION DE INGRESOS RF,,,1,99,PESOS,"0,0","12651360,95",,590505,Total pasivo + patrimonio,Patrimonio,,,,,,,
175,FCP TC LATAM COMPARTIMENTO A,590505015,CANCELACION DE INGRESOS RV,,,1,99,PESOS,"0,0","-578048499,09",,590505,Total pasivo + patrimonio,Patrimonio,,,,,,,
175,FCP TC LATAM COMPARTIMENTO A,810505120,EMISORES EXTRANJEROS,,,1,99,PESOS,"4965969061,3","3584826802,85",,810505,,,,,,,,,
175,FCP TC LATAM COMPARTIMENTO A,830505010,DEUDORAS POR CONTRA,,,1,99,PESOS,"-5430342238,32","-3956596072,71",,,,,,,,,,,
176,FCP TC LATAM - COMPARTIMENTO B,111505529,(TB) BANCOLOMBIA Cta No.03141537287,,,1,99,PESOS,"38948428,61","56121100,75",,111505,Activo,,Activo Corriente,Efectivo y equivales de efectivo,Bancos nacionales,,,Disponible,
176,FCP TC LATAM - COMPARTIMENTO B,111510004,(LB) BANCOLOMBIA PANAMA CTA: 80100001882,,,1,99,DOLARES,"17565137,97","207136083,89",,111510,Activo,,Activo Corriente,Efectivo y equivales de efectivo,Bancos del Exterior,,,Disponible,
176,FCP TC LATAM - COMPARTIMENTO B,130120120,EMISORES EXTRANJEROS,,,1,99,PESOS,"274476854,11","0,0",,130120,Activo,,Activo no corriente,Inversiones a valor razonable con efectos en resultados,Instrumentos de Deuda,,,Inversiones,
176,FCP TC LATAM - COMPARTIMENTO B,130205300,EMISORES  NACIONALES,,,1,99,PESOS,"64735501,96","0,01",,130205,Activo,,Activo no corriente,Inversiones a valor razonable con efectos en resultados,Instrumentos de patrimonio,,,Inversiones,
176,FCP TC LATAM - COMPARTIMENTO B,130210300,EMISORES EXTRANJEROS,,,1,99,PESOS,"1146722883,43","1024282311,35",,130210,Activo,,Activo no corriente,Inversiones a valor razonable con efectos en resultados,Instrumentos de patrimonio,,,Inversiones,
176,FCP TC LATAM - COMPARTIMENTO B,136000300,INVERSIONES DERECHOS FIDUCIARIOS,,,1,99,PESOS,"67941529,6","67941529,6",,136000,Activo,,Activo no corriente,Inversiones a valor razonable con efectos en resultados,Inversiones derechos fiduciarios,,,Inversiones,
176,FCP TC LATAM - COMPARTIMENTO B,161695004,(LD) BCO DAVIVIENDA cta No.482800025215,,,1,99,PESOS,"8183,1","48465,21",,161695,Activo,,Activo Corriente,Cuentas por cobrar,Deudores,,,,
176,FCP TC LATAM - COMPARTIMENTO B,161695045,CUENTA CORRIENTE                        ,,,1,99,PESOS,"38120686,6","323470776,37",,161695,Activo,,Activo Corriente,Cuentas por cobrar,Deudores,,,,
176,FCP TC LATAM - COMPARTIMENTO B,163035010,IVA DESCONTABLE 19%,,,1,99,PESOS,"33489,2","8482,2",,163035,Activo,,Activo Corriente,Cuentas por cobrar,Deudores,,,,
176,FCP TC LATAM - COMPARTIMENTO B,253105110,CUENTA COMPENSACION,,,1,99,PESOS,"-42635568,91","-274305046,28",,253105,Total pasivo + patrimonio,Pasivo,Pasivo Corriente,Cuentas por pagar,Acreedores varios,,,,
176,FCP TC LATAM - COMPARTIMENTO B,410705120,EMISORES EXTRANJEROS                    ,,,1,99,PESOS,"0,0","-15260152,36",,410705,Total pasivo + patrimonio,Patrimonio,Utilidad o perdida del ejercicio,Ingresos ordinarios,Valoracion Intrumentos de Deuda,,,,
176,FCP TC LATAM - COMPARTIMENTO B,411495004,(LB) BANCOLOMBIA PANAMA CTA.80100001882,,,1,99,PESOS,"0,0","-214829,5",,411495,Total pasivo + patrimonio,Patrimonio,Utilidad o perdida del ejercicio,Ingresos ordinarios,Otros rendimientos financieros,,,,
176,FCP TC LATAM - COMPARTIMENTO B,411495529,(TB) BANCOLOMBIA Cau No.03141537287,,,1,99,PESOS,"0,0","-602872,22",,411495,Total pasivo + patrimonio,Patrimonio,Utilidad o perdida del ejercicio,Ingresos ordinarios,Otros rendimientos financieros,,,,
176,FCP TC LATAM - COMPARTIMENTO B,411495999,OTROS,,,1,99,PESOS,"0,0","-50247593,46",,411495,Total pasivo + patrimonio,Patrimonio,Utilidad o perdida del ejercicio,Ingresos ordinarios,Otros rendimientos financieros,,,,
176,FCP TC LATAM - COMPARTIMENTO B,414515010,ARRENDAMIENTO INMUEBLES IVA 19%,,,1,99,PESOS,"0,0","-2033987,6",,414515,Total pasivo + patrimonio,Patrimonio,Utilidad o perdida del ejercicio,Ingresos ordinarios,Arrendamientos,,,,
176,FCP TC LATAM - COMPARTIMENTO B,511548010,COMISION DE ADMINISTRACION R.F.         ,,,1,99,PESOS,"0,0","3573847,22",,511548,Total pasivo + patrimonio,Patrimonio,Utilidad o perdida del ejercicio,Costos y gastos,Gastos de operaciones,Comisión administración,,,
176,FCP TC LATAM - COMPARTIMENTO B,511595015,OTRAS COMISIONES,,,1,99,PESOS,"0,0","106679,2",,511595,Total pasivo + patrimonio,Patrimonio,Utilidad o perdida del ejercicio,Costos y gastos,Gastos de operaciones,Comisión Bursatil,,,
176,FCP TC LATAM - COMPARTIMENTO B,512505120,EMISORES EXTRANJEROS                    ,,,1,99,PESOS,"0,0","4395091,47",,512505,Total pasivo + patrimonio,Patrimonio,Utilidad o perdida del ejercicio,Costos y gastos,Gastos de operaciones,Otras Emisores Nacionales,,,
176,FCP TC LATAM - COMPARTIMENTO B,514005011,IMPOVENTAS                              ,,,1,99,PESOS,"0,0","556003,16",,514005,Total pasivo + patrimonio,Patrimonio,Utilidad o perdida del ejercicio,Costos y gastos,Gastos de operaciones,Gravamen a los movimientos financieros,Impuestos y tasas,,
173,FONDO DE CAPITAL PRIVADO ALTRA II,511595011,COMISION GESTOR PROFESIONAL             ,,,1,99,PESOS,"0,0","49952306,4",,511595,Total pasivo + patrimonio,Patrimonio,Utilidad o perdida del ejercicio,Costos y gastos,Gastos de operaciones,Comisión Bursatil,,,
173,FONDO DE CAPITAL PRIVADO ALTRA II,514005011,IMPOVENTAS                              ,,,1,99,PESOS,"0,0","4464233,9",,514005,Total pasivo + patrimonio,Patrimonio,Utilidad o perdida del ejercicio,Costos y gastos,Gastos de operaciones,Gravamen a los movimientos financieros,Impuestos y tasas,,
173,FONDO DE CAPITAL PRIVADO ALTRA II,514005015,IVA COMISION GESTOR PROFESIONAL         ,,,1,99,PESOS,"0,0","7766912,94",,514005,Total pasivo + patrimonio,Patrimonio,Utilidad o perdida del ejercicio,Costos y gastos,Gastos de operaciones,Gravamen a los movimientos financieros,Impuestos y tasas,,
173,FONDO DE CAPITAL PRIVADO ALTRA II,515525010,RESPONSABILIDAD CIVIL,,,1,99,PESOS,"0,0","678023,33",,515525,Total pasivo + patrimonio,Patrimonio,Utilidad o perdida del ejercicio,Costos y gastos,Gastos de operaciones,Seguros,,,
173,FONDO DE CAPITAL PRIVADO ALTRA II,519095999,OTROS,,,1,99,PESOS,"0,0","0,13",,519095,Total pasivo + patrimonio,Patrimonio,Utilidad o perdida del ejercicio,Costos y gastos,Gastos de operaciones,Otros gastos de operación,,,
173,FONDO DE CAPITAL PRIVADO ALTRA II,590505010,CANCELACION DE INGRESOS RF,,,1,99,PESOS,"0,0","604966,09",,590505,Total pasivo + patrimonio,Patrimonio,,,,,,,
173,FONDO DE CAPITAL PRIVADO ALTRA II,810505210,EMISORES EXTRANJEROS,,,1,99,PESOS,"7944075976,78","8749577702,76",,810505,,,,,,,,,
173,FONDO DE CAPITAL PRIVADO ALTRA II,830505010,EMISORES EXTRANJEROS,,,1,99,PESOS,"-7944075976,78","-8749577702,76",,,,,,,,,,,
175,FCP TC LATAM COMPARTIMENTO A,111505436,(TA) BANCOLOMBIA Cta No. 03141537163,,,1,99,PESOS,"159226557,65","224197946,3",,111505,Activo,,Activo Corriente,Efectivo y equivales de efectivo,Bancos nacionales,,,Disponible,
175,FCP TC LATAM COMPARTIMENTO A,111510002,(LA) BANCOLOMBIA PANAMA CTA: 80100001881,,,1,99,DOLARES,"279445674,23","986716960,37",,111510,Activo,,Activo Corriente,Efectivo y equivales de efectivo,Bancos del Exterior,,,Disponible,
175,FCP TC LATAM COMPARTIMENTO A,130115115,OTROS EMISORES NACIONALES,,,1,99,PESOS,"0,0","133973916,24",,130115,Activo,,Activo no corriente,Inversiones a valor razonable con efectos en resultados,Instrumentos de Deuda,,,Inversiones,
175,FCP TC LATAM COMPARTIMENTO A,130120120,EMISORES EXTRANJEROS,,,1,99,PESOS,"952832335,56","0,0",,130120,Activo,,Activo no corriente,Inversiones a valor razonable con efectos en resultados,Instrumentos de Deuda,,,Inversiones,
175,FCP TC LATAM COMPARTIMENTO A,136000300,INVERSIONES DERECHOS FIDUCIARIOS,,,1,99,PESOS,"237795353,6","237795353,6",,136000,Activo,,Activo no corriente,Inversiones a valor razonable con efectos en resultados,Inversiones derechos fiduciarios,,,Inversiones,
175,FCP TC LATAM COMPARTIMENTO A,161695001,(LT) BANCOLOMBIA Cta No.69000002514,,,1,99,PESOS,"-938,58","-1233,6",,161695,Activo,,Activo Corriente,Cuentas por cobrar,Deudores,,,,
175,FCP TC LATAM COMPARTIMENTO A,161695045,CUENTA CORRIENTE                        ,,,1,99,PESOS,"133973916,24","1127255326,21",,161695,Activo,,Activo Corriente,Cuentas por cobrar,Deudores,,,,
175,FCP TC LATAM COMPARTIMENTO A,182705010,PROPIEDADES DE INVERSION,,,1,99,PESOS,"530105628,23","530105628,23",,182705,Activo,,Activo no corriente,Activos Materiales,Propiedades de Inversión,,,,
175,FCP TC LATAM COMPARTIMENTO A,192595030,AMORTIZACIÓN COMISIÓN DE ADMÓN,,,1,99,PESOS,"0,0","2082449,23",,192595,Activo,,Activo Corriente,Otros activos,Gatos pagados por anticipados,,,,
175,FCP TC LATAM COMPARTIMENTO A,250340010,SOBRE LAS VENTAS POR PAGAR 19%,,,1,99,PESOS,"-1082889,2","-270520,4",,250340,Total pasivo + patrimonio,Pasivo,Pasivo Corriente,Cuentas por pagar,Acreedores varios,,,,
175,FCP TC LATAM COMPARTIMENTO A,253105110,CUENTA COMPENSACION,,,1,99,PESOS,"-149228473,86","-972608374,0",,253105,Total pasivo + patrimonio,Pasivo,Pasivo Corriente,Cuentas por pagar,Acreedores varios,,,,
175,FCP TC LATAM COMPARTIMENTO A,352505010,PARTICIPACIONES EN FDO DE INVERSIÓN COLE,,,1,99,PESOS,"-6384405483,91","-5819008345,77",,352505,Total pasivo + patrimonio,Patrimonio,,Patrimonio especiales,Participaciones en fondos de inversión colectiva,,,,
175,FCP TC LATAM COMPARTIMENTO A,410705120,EMISORES EXTRANJEROS                    ,,,1,99,PESOS,"0,0","-52974814,12",,410705,Total pasivo + patrimonio,Patrimonio,Utilidad o perdida del ejercicio,Ingresos ordinarios,Valoracion Intrumentos de Deuda,,,,
175,FCP TC LATAM COMPARTIMENTO A,411495002,(LA) BANCOLOMBIA PANAMA CTA.80100001881,,,1,99,PESOS,"0,0","-1144825,74",,411495,Total pasivo + patrimonio,Patrimonio,Utilidad o perdida del ejercicio,Ingresos ordinarios,Otros rendimientos financieros,,,,
175,FCP TC LATAM COMPARTIMENTO A,411495999,OTROS,,,1,99,PESOS,"0,0","-175881049,59",,411495,Total pasivo + patrimonio,Patrimonio,Utilidad o perdida del ejercicio,Ingresos ordinarios,Otros rendimientos financieros,,,,
175,FCP TC LATAM COMPARTIMENTO A,413515010,DIFERENCIA EN CAMBIO,,,1,99,PESOS,"0,0","-192649754,41",,413515,Total pasivo + patrimonio,Patrimonio,Utilidad o perdida del ejercicio,Ingresos ordinarios,Diferencia en cambio,,,,
175,FCP TC LATAM COMPARTIMENTO A,414515010,ARRENDAMIENTO INMUEBLES IVA 19%,,,1,99,PESOS,"0,0","-7118956,55",,414515,Total pasivo + patrimonio,Patrimonio,Utilidad o perdida del ejercicio,Ingresos ordinarios,Arrendamientos,,,,
175,FCP TC LATAM COMPARTIMENTO A,510805010,POR DISMINUCION EN EL VALOR RAZONABLE,,,1,99,PESOS,"0,0","654887746,26",,510805,Total pasivo + patrimonio,Patrimonio,Utilidad o perdida del ejercicio,Costos y gastos,Gastos de operaciones,Disminución en el valor de mercado Inst. de Pat.,,,
175,FCP TC LATAM COMPARTIMENTO A,511325010,COMISION CUSTODIA FIJA                  ,,,1,99,PESOS,"0,0","2005057,89",,511325,Total pasivo + patrimonio,Patrimonio,Utilidad o perdida del ejercicio,Costos y gastos,Gastos de operaciones,Comisión custodia fija,,,
175,FCP TC LATAM COMPARTIMENTO A,511512010,GASTOS BANCARIOS                        ,,,1,99,PESOS,"0,0","619394,84",,511512,Total pasivo + patrimonio,Patrimonio,Utilidad o perdida del ejercicio,Costos y gastos,Gastos de operaciones,Gastos bancarios,,,
175,FCP TC LATAM COMPARTIMENTO A,511548010,COMISION DE ADMINISTRACION R.F.         ,,,1,99,PESOS,"0,0","10412246,3",,511548,Total pasivo + patrimonio,Patrimonio,Utilidad o perdida del ejercicio,Costos y gastos,Gastos de operaciones,Comisión administración,,,
175,FCP TC LATAM COMPARTIMENTO A,513095090,OTROS HONORARIOS,,,1,99,PESOS,"0,0","6270081,12",,513095,Total pasivo + patrimonio,Patrimonio,Utilidad o perdida del ejercicio,Costos y gastos,Gastos de operaciones,Otros honorarios,,,
175,FCP TC LATAM COMPARTIMENTO A,514005010,IMPUESTO A LOS MOVIMIENTOS FINANCIEROS  ,,,1,99,PESOS,"0,0","364815,51",,514005,Total pasivo + patrimonio,Patrimonio,Utilidad o perdida del ejercicio,Costos y gastos,Gastos de operaciones,Gravamen a los movimientos financieros,Impuestos y tasas,,
175,FCP TC LATAM COMPARTIMENTO A,519095010,ADMINISTRACION DE ARRENDAMIENTOS,,,1,99,PESOS,"0,0","781258,6",,519095,Total pasivo + patrimonio,Patrimonio,Utilidad o perdida del ejercicio,Costos y gastos,Gastos de operaciones,Otros gastos de operación,,,
175,FCP TC LATAM COMPARTIMENTO A,519095050,GASTOS REEMBOLSABLES,,,1,99,PESOS,"0,0","104028272,27",,519095,Total pasivo + patrimonio,Patrimonio,Utilidad o perdida del ejercicio,Costos y gastos,Gastos de operaciones,Otros gastos de operación,,,
175,FCP TC LATAM COMPARTIMENTO A,810505115,OTROS EMISORES NACIONALES,,,1,99,PESOS,"0,0","133973916,24",,810505,,,,,,,,,
175,FCP TC LATAM COMPARTIMENTO A,810505205,EMISORES NACIONALES,,,1,99,PESOS,"464373177,02","237795353,62",,810505,,,,,,,,,
175,FCP TC LATAM COMPARTIMENTO A,829595999,OTRAS CUENTAS DE ORDEN ACREEDORAS USD,,,1,99,DOLARES,"-1523995180,79","-1491978577,57",,829595,,,,,,,,,
175,FCP TC LATAM COMPARTIMENTO A,840505999,OTRAS CUENTAS DE ORDEN ACREEDORAS USD,,,1,99,PESOS,"1523995180,79","1491978577,57",,840505,,,,,,,,,
176,FCP TC LATAM - COMPARTIMENTO B,130115115,OTROS EMISORES NACIONALES,,,1,99,PESOS,"0,0","38120686,6",,130115,Activo,,Activo no corriente,Inversiones a valor razonable con efectos en resultados,Instrumentos de Deuda,,,Inversiones,
176,FCP TC LATAM - COMPARTIMENTO B,161695529,(TB) BANCOLOMBIA Cau No.03141537287,,,1,99,PESOS,"3153,19","19650,82",,161695,Activo,,Activo Corriente,Cuentas por cobrar,Deudores,,,,
176,FCP TC LATAM - COMPARTIMENTO B,182705010,PROPIEDADES DE INVERSION,,,1,99,PESOS,"151446349,89","151446349,89",,182705,Activo,,Activo no corriente,Activos Materiales,Propiedades de Inversión,,,,
176,FCP TC LATAM - COMPARTIMENTO B,192595030,AMORTIZACIÓN COMISIÓN DE ADMÓN,,,1,99,PESOS,"0,0","925782,07",,192595,Activo,,Activo Corriente,Otros activos,Gatos pagados por anticipados,,,,
176,FCP TC LATAM - COMPARTIMENTO B,250340010,SOBRE LAS VENTAS POR PAGAR 19%,,,1,99,PESOS,"-309371,6","-77291,5",,250340,Total pasivo + patrimonio,Pasivo,Pasivo Corriente,Cuentas por pagar,Acreedores varios,,,,
176,FCP TC LATAM - COMPARTIMENTO B,352505010,PARTICIPACIONES EN FDO DE INVERSIÓN COLE,,,1,99,PESOS,"-1757057257,15","-1595138880,98",,352505,Total pasivo + patrimonio,Patrimonio,,Patrimonio especiales,Participaciones en fondos de inversión colectiva,,,,
176,FCP TC LATAM - COMPARTIMENTO B,413515010,DIFERENCIA EN CAMBIO,,,1,99,PESOS,"0,0","-40118107,05",,413515,Total pasivo + patrimonio,Patrimonio,Utilidad o perdida del ejercicio,Ingresos ordinarios,Diferencia en cambio,,,,
176,FCP TC LATAM - COMPARTIMENTO B,590505010,CANCELACION DE INGRESOS RF,,,1,99,PESOS,"0,0","6183057,7",,590505,Total pasivo + patrimonio,Patrimonio,,,,,,,
176,FCP TC LATAM - COMPARTIMENTO B,590505015,CANCELACION DE INGRESOS RV,,,1,99,PESOS,"0,0","-168101433,87",,590505,Total pasivo + patrimonio,Patrimonio,,,,,,,
176,FCP TC LATAM - COMPARTIMENTO B,810505120,EMISORES EXTRANJEROS,,,1,99,PESOS,"1421199737,54","1024282311,35",,810505,,,,,,,,,
176,FCP TC LATAM - COMPARTIMENTO B,830505010,DEUDORAS POR CONTRA,,,1,99,PESOS,"-1553876769,1","-1130344527,56",,,,,,,,,,,
178,FIC RENTA FIJA MEDIANO PLAZO MULTIESCALA,111505002,(FE) BCO BOGOTA Cta No.049335052,,,1,99,PESOS,"65374770,89","1808133,04",,111505,Activo,,Activo Corriente,Efectivo y equivales de efectivo,Bancos nacionales,,,Disponible,
178,FIC RENTA FIJA MEDIANO PLAZO MULTIESCALA,111505007,(FE) BANCO BBVA Cta No. 895000075,,,1,99,PESOS,"194970780,56","51654476,52",,111505,Activo,,Activo Corriente,Efectivo y equivales de efectivo,Bancos nacionales,,,Disponible,
178,FIC RENTA FIJA MEDIANO PLAZO MULTIESCALA,111505103,(60) BANCOLOMBIA Cta No.17854124126,,,1,99,PESOS,"29133302,5","29133298,43",,111505,Activo,,Activo Corriente,Efectivo y equivales de efectivo,Bancos nacionales,,,Disponible,
178,FIC RENTA FIJA MEDIANO PLAZO MULTIESCALA,111505197,(60) DAVIVIENDA Cta No.005070366660,,,1,99,PESOS,"63262299,33","143031894,3",,111505,Activo,,Activo Corriente,Efectivo y equivales de efectivo,Bancos nacionales,,,Disponible,
178,FIC RENTA FIJA MEDIANO PLAZO MULTIESCALA,111505207,(60) DAVIVIENDA Cta No.005070350045,,,1,99,PESOS,"3453480,6","1901860064,25",,111505,Activo,,Activo Corriente,Efectivo y equivales de efectivo,Bancos nacionales,,,Disponible,
178,FIC RENTA FIJA MEDIANO PLAZO MULTIESCALA,111505208,(60) DAVIVIENDA Cta No.005069994357,,,1,99,PESOS,"56600000,0","56600000,0",,111505,Activo,,Activo Corriente,Efectivo y equivales de efectivo,Bancos nacionales,,,Disponible,
178,FIC RENTA FIJA MEDIANO PLAZO MULTIESCALA,111505400,(60) REPUBLICA Cta No.62255476,,,1,99,PESOS,"1000,19","1000,39",,111505,Activo,,Activo Corriente,Efectivo y equivales de efectivo,Bancos nacionales,,,Disponible,
178,FIC RENTA FIJA MEDIANO PLAZO MULTIESCALA,122005010,COMP DE TRANSF DE INV EN OP SIM.,,,1,99,PESOS,"0,0","1863011739,0",,,,,,,,,,,
178,FIC RENTA FIJA MEDIANO PLAZO MULTIESCALA,130115115,OTROS EMISORES NACIONALES               ,,,1,99,PESOS,"243761725450,0","144324799600,0",,130115,Activo,,Activo no corriente,Inversiones a valor razonable con efectos en resultados,Instrumentos de Deuda,,,Inversiones,
178,FIC RENTA FIJA MEDIANO PLAZO MULTIESCALA,161695003,(FE) OCCIDENTE Cta No. 219885886,,,1,99,PESOS,"562005,68","100703,18",,161695,Activo,,Activo Corriente,Cuentas por cobrar,Deudores,,,,
178,FIC RENTA FIJA MEDIANO PLAZO MULTIESCALA,161695005,(FE) BANCO COLPATRIA Cta No. 0072967711,,,1,99,PESOS,"-8196382,09","-8415385,21",,161695,Activo,,Activo Corriente,Cuentas por cobrar,Deudores,,,,
178,FIC RENTA FIJA MEDIANO PLAZO MULTIESCALA,161695016,60) CORFICOLOMBIANA Cau No.2111600,,,1,99,PESOS,"432636,76","432636,76",,161695,Activo,,Activo Corriente,Cuentas por cobrar,Deudores,,,,
178,FIC RENTA FIJA MEDIANO PLAZO MULTIESCALA,161695072,(60) CITIBANK Cta Cau No.5082432029,,,1,99,PESOS,"135140,85","135140,85",,161695,Activo,,Activo Corriente,Cuentas por cobrar,Deudores,,,,
178,FIC RENTA FIJA MEDIANO PLAZO MULTIESCALA,161695083,(60) OCCIDENTE Cau No.288839293,,,1,99,PESOS,"2835,4","202001,66",,161695,Activo,,Activo Corriente,Cuentas por cobrar,Deudores,,,,
178,FIC RENTA FIJA MEDIANO PLAZO MULTIESCALA,161695197,(60) DAVIVIENDA Cta Cau No.005070366660,,,1,99,PESOS,"25877,28","109386,15",,161695,Activo,,Activo Corriente,Cuentas por cobrar,Deudores,,,,
178,FIC RENTA FIJA MEDIANO PLAZO MULTIESCALA,161695350,(60) BANCOLOMBIA Cta Cau No.0132098160,,,1,99,PESOS,"7155,52","7303,29",,161695,Activo,,Activo Corriente,Cuentas por cobrar,Deudores,,,,
178,FIC RENTA FIJA MEDIANO PLAZO MULTIESCALA,192595001,CALIFICADORA DE VALORES                 ,,,1,99,PESOS,"0,0","1694379,39",,192595,Activo,,Activo Corriente,Otros activos,Gatos pagados por anticipados,,,,
178,FIC RENTA FIJA MEDIANO PLAZO MULTIESCALA,250110033,COMISION CUSTODIO,,,1,99,PESOS,"-6767299,82","-3166915,35",,250110,Total pasivo + patrimonio,Pasivo,Pasivo Corriente,Cuentas por pagar,Comision de administracion.,,,,
178,FIC RENTA FIJA MEDIANO PLAZO MULTIESCALA,253105003,CUENTA CORRIENTE IBA                    ,,,1,99,PESOS,"0,0","-139,0",,253105,Total pasivo + patrimonio,Pasivo,Pasivo Corriente,Cuentas por pagar,Acreedores varios,,,,
178,FIC RENTA FIJA MEDIANO PLAZO MULTIESCALA,253105110,CUENTA COMPENSACION,,,1,99,PESOS,"-1001487572,49","-385059724,47",,253105,Total pasivo + patrimonio,Pasivo,Pasivo Corriente,Cuentas por pagar,Acreedores varios,,,,
178,FIC RENTA FIJA MEDIANO PLAZO MULTIESCALA,352510010,PARTICIPACIONES POR IDENTIFICAR,,,1,99,PESOS,"-109724916,47","-112405623,01",,352510,Total pasivo + patrimonio,Patrimonio,,Patrimonio especiales,Participaciones en fondos de inversión colectiva,,,,
178,FIC RENTA FIJA MEDIANO PLAZO MULTIESCALA,410705115,OTROS EMISORES NACIONALES               ,,,1,99,PESOS,"0,0","-1270099350,0",,410705,Total pasivo + patrimonio,Patrimonio,Utilidad o perdida del ejercicio,Ingresos ordinarios,Valoracion Intrumentos de Deuda,,,,
178,FIC RENTA FIJA MEDIANO PLAZO MULTIESCALA,411495002,(FE) BCO BOGOTA Cta No.049335052,,,1,99,PESOS,"0,0","-600528,86",,411495,Total pasivo + patrimonio,Patrimonio,Utilidad o perdida del ejercicio,Ingresos ordinarios,Otros rendimientos financieros,,,,
178,FIC RENTA FIJA MEDIANO PLAZO MULTIESCALA,411495004,(FE) BANCOLOMBIA Cta No. 69000008136,,,1,99,PESOS,"0,0","-46550533,24",,411495,Total pasivo + patrimonio,Patrimonio,Utilidad o perdida del ejercicio,Ingresos ordinarios,Otros rendimientos financieros,,,,
178,FIC RENTA FIJA MEDIANO PLAZO MULTIESCALA,411495007,(FE) BANCO BBVA Cta No. 895000075,,,1,99,PESOS,"0,0","-508384,3",,411495,Total pasivo + patrimonio,Patrimonio,Utilidad o perdida del ejercicio,Ingresos ordinarios,Otros rendimientos financieros,,,,
178,FIC RENTA FIJA MEDIANO PLAZO MULTIESCALA,411495083,(60) OCCIDENTE Cta No.288839293,,,1,99,PESOS,"0,0","-440301780,51",,411495,Total pasivo + patrimonio,Patrimonio,Utilidad o perdida del ejercicio,Ingresos ordinarios,Otros rendimientos financieros,,,,
178,FIC RENTA FIJA MEDIANO PLAZO MULTIESCALA,411495196,(60) BANCOLOMBIA Cau No.17823311257     ,,,1,99,PESOS,"0,0","-1155753,57",,411495,Total pasivo + patrimonio,Patrimonio,Utilidad o perdida del ejercicio,Ingresos ordinarios,Otros rendimientos financieros,,,,
178,FIC RENTA FIJA MEDIANO PLAZO MULTIESCALA,411495300,INTERESES TÍTULOS,,,1,99,PESOS,"0,0","-13816580564,5",,411495,Total pasivo + patrimonio,Patrimonio,Utilidad o perdida del ejercicio,Ingresos ordinarios,Otros rendimientos financieros,,,,
178,FIC RENTA FIJA MEDIANO PLAZO MULTIESCALA,411495999,OTROS,,,1,99,PESOS,"0,0","-56578,22",,411495,Total pasivo + patrimonio,Patrimonio,Utilidad o perdida del ejercicio,Ingresos ordinarios,Otros rendimientos financieros,,,,
178,FIC RENTA FIJA MEDIANO PLAZO MULTIESCALA,419595025,PENALIZACIONES,,,1,99,PESOS,"0,0","-10565636,85",,419595,Total pasivo + patrimonio,Patrimonio,Utilidad o perdida del ejercicio,Ingresos ordinarios,Valoración Propiedades de Inversión,,,,
178,FIC RENTA FIJA MEDIANO PLAZO MULTIESCALA,510440010,COMPDE TRANSFERENCIA EN OPER REPO       ,,,1,99,PESOS,"0,0","260160,0",,510440,Total pasivo + patrimonio,Patrimonio,Utilidad o perdida del ejercicio,Costos y gastos,Gastos de operaciones,,,,
178,FIC RENTA FIJA MEDIANO PLAZO MULTIESCALA,510605105,TÍTULOS DE TESORERÍA -TES,,,1,99,PESOS,"0,0","8261169171,11",,510605,Total pasivo + patrimonio,Patrimonio,Utilidad o perdida del ejercicio,Costos y gastos,Gastos de operaciones,Disminucion en el Valor Razonables inst. de Deuda,,,
178,FIC RENTA FIJA MEDIANO PLAZO MULTIESCALA,511325010,COMISION CUSTODIA FIJA                  ,,,1,99,PESOS,"0,0","29157983,31",,511325,Total pasivo + patrimonio,Patrimonio,Utilidad o perdida del ejercicio,Costos y gastos,Gastos de operaciones,Comisión custodia fija,,,
178,FIC RENTA FIJA MEDIANO PLAZO MULTIESCALA,511512010,GASTOS BANCARIOS                        ,,,1,99,PESOS,"0,0","48015618,87",,511512,Total pasivo + patrimonio,Patrimonio,Utilidad o perdida del ejercicio,Costos y gastos,Gastos de operaciones,Gastos bancarios,,,
178,FIC RENTA FIJA MEDIANO PLAZO MULTIESCALA,511548010,COMISION DE ADMINISTRACION R.F.         ,,,1,99,PESOS,"0,0","1643840131,41",,511548,Total pasivo + patrimonio,Patrimonio,Utilidad o perdida del ejercicio,Costos y gastos,Gastos de operaciones,Comisión administración,,,
178,FIC RENTA FIJA MEDIANO PLAZO MULTIESCALA,512505115,OTROS EMISORES NACIONALES               ,,,1,99,PESOS,"0,0","41776150,0",,512505,Total pasivo + patrimonio,Patrimonio,Utilidad o perdida del ejercicio,Costos y gastos,Gastos de operaciones,Otras Emisores Nacionales,,,
178,FIC RENTA FIJA MEDIANO PLAZO MULTIESCALA,514005011,IMPOVENTAS,,,1,99,PESOS,"0,0","1146002,42",,514005,Total pasivo + patrimonio,Patrimonio,Utilidad o perdida del ejercicio,Costos y gastos,Gastos de operaciones,Gravamen a los movimientos financieros,Impuestos y tasas,,
178,FIC RENTA FIJA MEDIANO PLAZO MULTIESCALA,519095004,MERCADO ELECTRONICO COLOMBIA (MEC),,,1,99,PESOS,"0,0","249053,36",,519095,Total pasivo + patrimonio,Patrimonio,Utilidad o perdida del ejercicio,Costos y gastos,Gastos de operaciones,Otros gastos de operación,,,
176,FCP TC LATAM - COMPARTIMENTO B,510805010,POR DISMINUCION EN EL VALOR RAZONABLE,,,1,99,PESOS,"0,0","187176074,03",,510805,Total pasivo + patrimonio,Patrimonio,Utilidad o perdida del ejercicio,Costos y gastos,Gastos de operaciones,Disminución en el valor de mercado Inst. de Pat.,,,
176,FCP TC LATAM - COMPARTIMENTO B,511325010,COMISION CUSTODIA FIJA                  ,,,1,99,PESOS,"0,0","572873,68",,511325,Total pasivo + patrimonio,Patrimonio,Utilidad o perdida del ejercicio,Costos y gastos,Gastos de operaciones,Comisión custodia fija,,,
176,FCP TC LATAM - COMPARTIMENTO B,511512010,GASTOS BANCARIOS                        ,,,1,99,PESOS,"0,0","541846,83",,511512,Total pasivo + patrimonio,Patrimonio,Utilidad o perdida del ejercicio,Costos y gastos,Gastos de operaciones,Gastos bancarios,,,
176,FCP TC LATAM - COMPARTIMENTO B,513015003,REVISORIA FISCAL                        ,,,1,99,PESOS,"0,0","1492004,9",,513015,Total pasivo + patrimonio,Patrimonio,Utilidad o perdida del ejercicio,Costos y gastos,Gastos de operaciones,Revisoría Fiscal,,,
176,FCP TC LATAM - COMPARTIMENTO B,513095090,OTROS HONORARIOS,,,1,99,PESOS,"0,0","1791451,76",,513095,Total pasivo + patrimonio,Patrimonio,Utilidad o perdida del ejercicio,Costos y gastos,Gastos de operaciones,Otros honorarios,,,
176,FCP TC LATAM - COMPARTIMENTO B,513535010,POR REEXPRESION DE OTROS ACTIVOS,,,1,99,PESOS,"0,0","40159487,5",,513535,Total pasivo + patrimonio,Patrimonio,Utilidad o perdida del ejercicio,Costos y gastos,Gastos de operaciones,Reexpresion de Activos,,,
176,FCP TC LATAM - COMPARTIMENTO B,514005010,IMPUESTO A LOS MOVIMIENTOS FINANCIEROS  ,,,1,99,PESOS,"0,0","85221,18",,514005,Total pasivo + patrimonio,Patrimonio,Utilidad o perdida del ejercicio,Costos y gastos,Gastos de operaciones,Gravamen a los movimientos financieros,Impuestos y tasas,,
176,FCP TC LATAM - COMPARTIMENTO B,519095010,ADMINISTRACION DE ARRENDAMIENTOS,,,1,99,PESOS,"0,0","223216,73",,519095,Total pasivo + patrimonio,Patrimonio,Utilidad o perdida del ejercicio,Costos y gastos,Gastos de operaciones,Otros gastos de operación,,,
176,FCP TC LATAM - COMPARTIMENTO B,519095050,GASTOS REEMBOLSABLES,,,1,99,PESOS,"0,0","29722120,7",,519095,Total pasivo + patrimonio,Patrimonio,Utilidad o perdida del ejercicio,Costos y gastos,Gastos de operaciones,Otros gastos de operación,,,
176,FCP TC LATAM - COMPARTIMENTO B,810505115,OTROS EMISORES NACIONALES,,,1,99,PESOS,"0,0","38120686,6",,810505,,,,,,,,,
176,FCP TC LATAM - COMPARTIMENTO B,810505205,EMISORES NACIONALES                     ,,,1,99,PESOS,"132677031,56","67941529,61",,810505,,,,,,,,,
176,FCP TC LATAM - COMPARTIMENTO B,829595999,OTRAS CUENTAS DE ORDEN ACREEDORAS USD,,,1,99,DOLARES,"-284506310,69","-278529306,45",,829595,,,,,,,,,
176,FCP TC LATAM - COMPARTIMENTO B,840505999,OTRAS CUENTAS DE ORDEN ACREEDORAS USD,,,1,99,PESOS,"284506310,69","278529306,45",,840505,,,,,,,,,
178,FIC RENTA FIJA MEDIANO PLAZO MULTIESCALA,111505001,(FE) DAVIVIENDA Cta No.482800036006,,,1,99,PESOS,"3942248563,58","59415285,23",,111505,Activo,,Activo Corriente,Efectivo y equivales de efectivo,Bancos nacionales,,,Disponible,
178,FIC RENTA FIJA MEDIANO PLAZO MULTIESCALA,111505003,(FE) OCCIDENTE Cta No. 219885886,,,1,99,PESOS,"878003462,47","93727673,07",,111505,Activo,,Activo Corriente,Efectivo y equivales de efectivo,Bancos nacionales,,,Disponible,
178,FIC RENTA FIJA MEDIANO PLAZO MULTIESCALA,111505004,(FE) BANCOLOMBIA Cta No. 69000008136,,,1,99,PESOS,"235989770,59","80164244,07",,111505,Activo,,Activo Corriente,Efectivo y equivales de efectivo,Bancos nacionales,,,Disponible,
178,FIC RENTA FIJA MEDIANO PLAZO MULTIESCALA,111505005,(FE) BANCO COLPATRIA Cta No. 0072967711,,,1,99,PESOS,"71810646,4","105199223,72",,111505,Activo,,Activo Corriente,Efectivo y equivales de efectivo,Bancos nacionales,,,Disponible,
178,FIC RENTA FIJA MEDIANO PLAZO MULTIESCALA,111505082,(60) OCCIDENTE Cta No.288839293,,,1,99,PESOS,"4390580,37","188009668,25",,111505,Activo,,Activo Corriente,Efectivo y equivales de efectivo,Bancos nacionales,,,Disponible,
178,FIC RENTA FIJA MEDIANO PLAZO MULTIESCALA,111505192,DAVIVIENDA CTA NO. 005069993060,,,1,99,PESOS,"8982641,82","198730562,42",,111505,Activo,,Activo Corriente,Efectivo y equivales de efectivo,Bancos nacionales,,,Disponible,
178,FIC RENTA FIJA MEDIANO PLAZO MULTIESCALA,111505195,(60) BANCOLOMBIA Cta No.17823311257,,,1,99,PESOS,"17556662,57","10256927,05",,111505,Activo,,Activo Corriente,Efectivo y equivales de efectivo,Bancos nacionales,,,Disponible,
178,FIC RENTA FIJA MEDIANO PLAZO MULTIESCALA,111505350,(60) COLPATRIA Cta No. 0132098160,,,1,99,PESOS,"8251195,11","8485246,63",,111505,Activo,,Activo Corriente,Efectivo y equivales de efectivo,Bancos nacionales,,,Disponible,
178,FIC RENTA FIJA MEDIANO PLAZO MULTIESCALA,130105105,TÍTULOS DE TESORERÍA -TES               ,,,1,99,PESOS,"128861557191,56","90518864851,68",,130105,Activo,,Activo no corriente,Inversiones a valor razonable con efectos en resultados,Instrumentos de Deuda,,,Inversiones,
178,FIC RENTA FIJA MEDIANO PLAZO MULTIESCALA,161695001,(FE) DAVIVIENDA Cta No.482800036006,,,1,99,PESOS,"1612567,08","45438,87",,161695,Activo,,Activo Corriente,Cuentas por cobrar,Deudores,,,,
178,FIC RENTA FIJA MEDIANO PLAZO MULTIESCALA,161695002,(FE) BCO BOGOTA Cta No.049335052,,,1,99,PESOS,"427236,89","12749,75",,161695,Activo,,Activo Corriente,Cuentas por cobrar,Deudores,,,,
178,FIC RENTA FIJA MEDIANO PLAZO MULTIESCALA,161695004,(LD) BCO DAVIVIENDA cta No.482800025215,,,1,99,PESOS,"96838,1","312045,12",,161695,Activo,,Activo Corriente,Cuentas por cobrar,Deudores,,,,
178,FIC RENTA FIJA MEDIANO PLAZO MULTIESCALA,161695007,(FE) BANCO BBVA Cta No. 895000075,,,1,99,PESOS,"138,88","55,2",,161695,Activo,,Activo Corriente,Cuentas por cobrar,Deudores,,,,
178,FIC RENTA FIJA MEDIANO PLAZO MULTIESCALA,161695025,RETENCION EN LA FUENTE,,,1,99,PESOS,"10584560,0","10584560,0",,161695,Activo,,Activo Corriente,Cuentas por cobrar,Deudores,,,,
178,FIC RENTA FIJA MEDIANO PLAZO MULTIESCALA,161695196,(60) BANCOLOMBIA Cau No.17823311257,,,1,99,PESOS,"4252,89","3307,44",,161695,Activo,,Activo Corriente,Cuentas por cobrar,Deudores,,,,
178,FIC RENTA FIJA MEDIANO PLAZO MULTIESCALA,161695198,(60) BBVA Cta cau No.895000602,,,1,99,PESOS,"470734,51","470734,51",,161695,Activo,,Activo Corriente,Cuentas por cobrar,Deudores,,,,
178,FIC RENTA FIJA MEDIANO PLAZO MULTIESCALA,161695206,(60) BOGOTA Cau No.049126758,,,1,99,PESOS,"765019,26","765019,26",,161695,Activo,,Activo Corriente,Cuentas por cobrar,Deudores,,,,
178,FIC RENTA FIJA MEDIANO PLAZO MULTIESCALA,161695207,(60) DAVIVIENDA Cau No.005070350045,,,1,99,PESOS,"1412,64","1454480,94",,161695,Activo,,Activo Corriente,Cuentas por cobrar,Deudores,,,,
178,FIC RENTA FIJA MEDIANO PLAZO MULTIESCALA,162825010,EN GARANTIA,,,1,99,PESOS,"1063153724,0","1063153724,0",,162825,Activo,,Activo Corriente,Cuentas por cobrar,Deudores,,,,
178,FIC RENTA FIJA MEDIANO PLAZO MULTIESCALA,192595003,REVISORIA FISCAL                        ,,,1,99,PESOS,"0,0","234517,53",,192595,Activo,,Activo Corriente,Otros activos,Gatos pagados por anticipados,,,,
178,FIC RENTA FIJA MEDIANO PLAZO MULTIESCALA,250110015,COMISION DE ADMINISTRACION              ,,,1,99,PESOS,"-28228873,63","-26015733,89",,250110,Total pasivo + patrimonio,Pasivo,Pasivo Corriente,Cuentas por pagar,Comision de administracion.,,,,
178,FIC RENTA FIJA MEDIANO PLAZO MULTIESCALA,250305011,RENDIMIENTOS FINANCIEROS CAPITALIZADOS  ,,,1,99,PESOS,"0,0","-9721,0",,250305,Total pasivo + patrimonio,Pasivo,Pasivo Corriente,Cuentas por pagar,Impuestos,,,,
178,FIC RENTA FIJA MEDIANO PLAZO MULTIESCALA,352505010,PARTICIPACIONES EN FDO DE INVERSIÓN COLE,,,1,99,PESOS,"-378127188889,78","-240179398830,02",,352505,Total pasivo + patrimonio,Patrimonio,,Patrimonio especiales,Participaciones en fondos de inversión colectiva,,,,
178,FIC RENTA FIJA MEDIANO PLAZO MULTIESCALA,410355010,REND X COMPROMISOS DE TRANSF OP SIM,,,1,99,PESOS,"0,0","-650915853,0",,410355,Total pasivo + patrimonio,Patrimonio,Utilidad o perdida del ejercicio,Ingresos ordinarios,Otros rendimientos financieros,,,,
178,FIC RENTA FIJA MEDIANO PLAZO MULTIESCALA,410705105,TÍTULOS DE TESORERÍA -TES               ,,,1,99,PESOS,"0,0","-3110749450,89",,410705,Total pasivo + patrimonio,Patrimonio,Utilidad o perdida del ejercicio,Ingresos ordinarios,Valoracion Intrumentos de Deuda,,,,
178,FIC RENTA FIJA MEDIANO PLAZO MULTIESCALA,411405015,INGRESO OP REPO,,,1,99,PESOS,"0,0","-25682835,69",,411405,Total pasivo + patrimonio,Patrimonio,Utilidad o perdida del ejercicio,Ingresos ordinarios,,,,,
178,FIC RENTA FIJA MEDIANO PLAZO MULTIESCALA,411495001,(FE) DAVIVIENDA Cta No.482800036006,,,1,99,PESOS,"0,0","-84539592,33",,411495,Total pasivo + patrimonio,Patrimonio,Utilidad o perdida del ejercicio,Ingresos ordinarios,Otros rendimientos financieros,,,,
178,FIC RENTA FIJA MEDIANO PLAZO MULTIESCALA,411495003,(FE) OCCIDENTE Cta No. 219885886,,,1,99,PESOS,"0,0","-133588511,02",,411495,Total pasivo + patrimonio,Patrimonio,Utilidad o perdida del ejercicio,Ingresos ordinarios,Otros rendimientos financieros,,,,
178,FIC RENTA FIJA MEDIANO PLAZO MULTIESCALA,411495005,(FE) BANCO COLPATRIA Cta No. 0072967711,,,1,99,PESOS,"0,0","-5265291,47",,411495,Total pasivo + patrimonio,Patrimonio,Utilidad o perdida del ejercicio,Ingresos ordinarios,Otros rendimientos financieros,,,,
178,FIC RENTA FIJA MEDIANO PLAZO MULTIESCALA,411495197,(60) DAVIVIENDA Cta Cau No.005070366660,,,1,99,PESOS,"0,0","-42491103,84",,411495,Total pasivo + patrimonio,Patrimonio,Utilidad o perdida del ejercicio,Ingresos ordinarios,Otros rendimientos financieros,,,,
178,FIC RENTA FIJA MEDIANO PLAZO MULTIESCALA,411495207,(60) DAVIVIENDA Cau No.005070350045,,,1,99,PESOS,"0,0","-47531554,95",,411495,Total pasivo + patrimonio,Patrimonio,Utilidad o perdida del ejercicio,Ingresos ordinarios,Otros rendimientos financieros,,,,
178,FIC RENTA FIJA MEDIANO PLAZO MULTIESCALA,411495350,(60) BANCOLOMBIA Cta Cau No.0132098160,,,1,99,PESOS,"0,0","-261895,75",,411495,Total pasivo + patrimonio,Patrimonio,Utilidad o perdida del ejercicio,Ingresos ordinarios,Otros rendimientos financieros,,,,
178,FIC RENTA FIJA MEDIANO PLAZO MULTIESCALA,412505105,TÍTULOS DE TESORERÍA -TES               ,,,1,99,PESOS,"0,0","-7953949,22",,412505,Total pasivo + patrimonio,Patrimonio,Utilidad o perdida del ejercicio,Ingresos ordinarios,A valor Razonable Instrumentos de Deuda.,,,,
178,FIC RENTA FIJA MEDIANO PLAZO MULTIESCALA,412505115,OTROS EMISORES NACIONALES               ,,,1,99,PESOS,"0,0","-199400,0",,412505,Total pasivo + patrimonio,Patrimonio,Utilidad o perdida del ejercicio,Ingresos ordinarios,A valor Razonable Instrumentos de Deuda.,,,,
178,FIC RENTA FIJA MEDIANO PLAZO MULTIESCALA,510605115,OTROS EMISORES NACIONALES,,,1,99,PESOS,"0,0","3239078450,0",,510605,Total pasivo + patrimonio,Patrimonio,Utilidad o perdida del ejercicio,Costos y gastos,Gastos de operaciones,Disminucion en el Valor Razonables inst. de Deuda,,,
178,FIC RENTA FIJA MEDIANO PLAZO MULTIESCALA,512505105,TÍTULOS DE TESORERÍA -TES               ,,,1,99,PESOS,"0,0","7439144,96",,512505,Total pasivo + patrimonio,Patrimonio,Utilidad o perdida del ejercicio,Costos y gastos,Gastos de operaciones,Otras Emisores Nacionales,,,
178,FIC RENTA FIJA MEDIANO PLAZO MULTIESCALA,513015003,REVISORIA FISCAL                        ,,,1,99,PESOS,"0,0","6031592,32",,513015,Total pasivo + patrimonio,Patrimonio,Utilidad o perdida del ejercicio,Costos y gastos,Gastos de operaciones,Revisoría Fiscal,,,
178,FIC RENTA FIJA MEDIANO PLAZO MULTIESCALA,513095010,CALIFICADORA,,,1,99,PESOS,"0,0","16430655,79",,513095,Total pasivo + patrimonio,Patrimonio,Utilidad o perdida del ejercicio,Costos y gastos,Gastos de operaciones,Otros honorarios,,,
178,FIC RENTA FIJA MEDIANO PLAZO MULTIESCALA,514005010,IMPUESTO A LOS MOVIMIENTOS FINANCIEROS  ,,,1,99,PESOS,"0,0","1972924,84",,514005,Total pasivo + patrimonio,Patrimonio,Utilidad o perdida del ejercicio,Costos y gastos,Gastos de operaciones,Gravamen a los movimientos financieros,Impuestos y tasas,,
178,FIC RENTA FIJA MEDIANO PLAZO MULTIESCALA,519095006,CUENTAS DE DEPOSITO (CUD),,,1,99,PESOS,"0,0","1718954,8",,519095,Total pasivo + patrimonio,Patrimonio,Utilidad o perdida del ejercicio,Costos y gastos,Gastos de operaciones,Otros gastos de operación,,,
178,FIC RENTA FIJA MEDIANO PLAZO MULTIESCALA,590505010,CANCELACION DE INGRESOS RF,,,1,99,PESOS,"0,0","-5454796637,52",,590505,Total pasivo + patrimonio,Patrimonio,,,,,,,
178,FIC RENTA FIJA MEDIANO PLAZO MULTIESCALA,810505105,TÍTULOS DE TESORERÍA -TES               ,,,1,99,PESOS,"128861557191,56","90518864851,68",,810505,,,,,,,,,
178,FIC RENTA FIJA MEDIANO PLAZO MULTIESCALA,810505115,OTROS EMISORES NACIONALES               ,,,1,99,PESOS,"243761725450,0","144324799600,0",,810505,,,,,,,,,
178,FIC RENTA FIJA MEDIANO PLAZO MULTIESCALA,821505010,EN TITULOS DE TESORERIA - TES,,,1,99,PESOS,"0,0","-1864513599,99",,,,,,,,,,,
178,FIC RENTA FIJA MEDIANO PLAZO MULTIESCALA,830505010,DEUDORAS POR CONTRA,,,1,99,PESOS,"-372623282641,56","-234843664451,68",,,,,,,,,,,
186,FCP TC LATAM COMPARTIMENTO C,111505003,(LC) BANCOLOMBIA Cta No. 69000002515,,,1,99,PESOS,"1019421,15","1379735,07",,111505,Activo,,Activo Corriente,Efectivo y equivales de efectivo,Bancos nacionales,,,Disponible,
186,FCP TC LATAM COMPARTIMENTO C,182705010,PROPIEDADES DE INVERSION,,,1,99,PESOS,"5050562392,89","5050562392,89",,182705,Activo,,Activo no corriente,Activos Materiales,Propiedades de Inversión,,,,
186,FCP TC LATAM COMPARTIMENTO C,250340010,SOBRE LAS VENTAS POR PAGAR 19%,,,1,99,PESOS,"-10317132,8","-2579604,9",,250340,Total pasivo + patrimonio,Pasivo,Pasivo Corriente,Cuentas por pagar,Acreedores varios,,,,
186,FCP TC LATAM COMPARTIMENTO C,352505010,PARTICIPACIONES EN FDO DE INVERSIÓN COLE,,,1,99,PESOS,"-8976060925,65","-8005810702,21",,352505,Total pasivo + patrimonio,Patrimonio,,Patrimonio especiales,Participaciones en fondos de inversión colectiva,,,,
186,FCP TC LATAM COMPARTIMENTO C,411495003,(LT) BANCOLOMBIA Cta No.69000002515,,,1,99,PESOS,"0,0","-393870,08",,411495,Total pasivo + patrimonio,Patrimonio,Utilidad o perdida del ejercicio,Ingresos ordinarios,Otros rendimientos financieros,,,,
186,FCP TC LATAM COMPARTIMENTO C,511325010,COMISION CUSTODIA FIJA                  ,,,1,99,PESOS,"0,0","1374896,85",,511325,Total pasivo + patrimonio,Patrimonio,Utilidad o perdida del ejercicio,Costos y gastos,Gastos de operaciones,Comisión custodia fija,,,
186,FCP TC LATAM COMPARTIMENTO C,513015003,REVISORIA FISCAL                        ,,,1,99,PESOS,"0,0","3580811,81",,513015,Total pasivo + patrimonio,Patrimonio,Utilidad o perdida del ejercicio,Costos y gastos,Gastos de operaciones,Revisoría Fiscal,,,
186,FCP TC LATAM COMPARTIMENTO C,513095090,OTROS HONORARIOS,,,1,99,PESOS,"0,0","6422634,6",,513095,Total pasivo + patrimonio,Patrimonio,Utilidad o perdida del ejercicio,Costos y gastos,Gastos de operaciones,Otros honorarios,,,
186,FCP TC LATAM COMPARTIMENTO C,514005010,IMPUESTO A LOS MOVIMIENTOS FINANCIEROS  ,,,1,99,PESOS,"0,0","552395,44",,514005,Total pasivo + patrimonio,Patrimonio,Utilidad o perdida del ejercicio,Costos y gastos,Gastos de operaciones,Gravamen a los movimientos financieros,Impuestos y tasas,,
186,FCP TC LATAM COMPARTIMENTO C,519095050,GASTOS REEMBOLSABLES,,,1,99,PESOS,"0,0","41573788,34",,519095,Total pasivo + patrimonio,Patrimonio,Utilidad o perdida del ejercicio,Costos y gastos,Gastos de operaciones,Otros gastos de operación,,,
186,FCP TC LATAM COMPARTIMENTO C,590505010,CANCELACION DE INGRESOS RF,,,1,99,PESOS,"0,0","15749776,56",,590505,Total pasivo + patrimonio,Patrimonio,,,,,,,
186,FCP TC LATAM COMPARTIMENTO C,810505115,OTROS EMISORES NACIONALES,,,1,99,PESOS,"0,0","1477771290,03",,810505,,,,,,,,,
186,FCP TC LATAM COMPARTIMENTO C,829595999,OTRAS CUENTAS DE ORDEN ACREEDORAS USD,,,1,99,DOLARES,"-100171755,38","-98067313,46",,829595,,,,,,,,,
186,FCP TC LATAM COMPARTIMENTO C,830505010,DEUDORAS POR CONTRA,,,1,99,PESOS,"-2267548550,4","-3745319840,43",,,,,,,,,,,
186,FCP TC LATAM COMPARTIMENTO C,840505999,OTRAS CUENTAS DE ORDEN ACREEDORAS USD,,,1,99,PESOS,"100171755,38","98067313,46",,840505,,,,,,,,,
187,FCP TC LATAM COMPARTIMENTO D,111510005,(LD) BANCOLOMBIA PANAMA CTA: 80100001883,,,1,99,DOLARES,"255886528,36","484717788,57",,111510,Activo,,Activo Corriente,Efectivo y equivales de efectivo,Bancos del Exterior,,,Disponible,
187,FCP TC LATAM COMPARTIMENTO D,130205300,EMISORES  NACIONALES,,,1,99,PESOS,"79631325,64","0,01",,130205,Activo,,Activo no corriente,Inversiones a valor razonable con efectos en resultados,Instrumentos de patrimonio,,,Inversiones,
187,FCP TC LATAM COMPARTIMENTO D,130210300,EMISORES EXTRANJEROS,,,1,99,PESOS,"1410187517,41","1259721281,46",,130210,Activo,,Activo no corriente,Inversiones a valor razonable con efectos en resultados,Instrumentos de patrimonio,,,Inversiones,
187,FCP TC LATAM COMPARTIMENTO D,161695005,(LD) BANCOLOMBIA PANAMA CTA.80100001883,,,1,99,PESOS,"63077,4","105226,64",,161695,Activo,,Activo Corriente,Cuentas por cobrar,Deudores,,,,
187,FCP TC LATAM COMPARTIMENTO D,161695431,(TD) BANCOLOMBIA Cau No.03141537767,,,1,99,PESOS,"27022,1","61530,08",,161695,Activo,,Activo Corriente,Cuentas por cobrar,Deudores,,,,
187,FCP TC LATAM COMPARTIMENTO D,163035010,IVA DESCONTABLE 19%,,,1,99,PESOS,"41204,4","10470,3",,163035,Activo,,Activo Corriente,Cuentas por cobrar,Deudores,,,,
187,FCP TC LATAM COMPARTIMENTO D,352505010,PARTICIPACIONES EN FDO DE INVERSIÓN COLE,,,1,99,PESOS,"-2508107429,8","-2305520119,03",,352505,Total pasivo + patrimonio,Patrimonio,,Patrimonio especiales,Participaciones en fondos de inversión colectiva,,,,
187,FCP TC LATAM COMPARTIMENTO D,411495431,(TD) BANCOLOMBIA Cau No.03141537767,,,1,99,PESOS,"0,0","-2556762,21",,411495,Total pasivo + patrimonio,Patrimonio,Utilidad o perdida del ejercicio,Ingresos ordinarios,Otros rendimientos financieros,,,,
187,FCP TC LATAM COMPARTIMENTO D,413515010,DIFERENCIA EN CAMBIO,,,1,99,PESOS,"0,0","-104634327,52",,413515,Total pasivo + patrimonio,Patrimonio,Utilidad o perdida del ejercicio,Ingresos ordinarios,Diferencia en cambio,,,,
187,FCP TC LATAM COMPARTIMENTO D,512505120,EMISORES EXTRANJEROS                    ,,,1,99,PESOS,"0,0","5075172,54",,512505,Total pasivo + patrimonio,Patrimonio,Utilidad o perdida del ejercicio,Costos y gastos,Gastos de operaciones,Otras Emisores Nacionales,,,
187,FCP TC LATAM COMPARTIMENTO D,513015003,REVISORIA FISCAL                        ,,,1,99,PESOS,"0,0","1835166,04",,513015,Total pasivo + patrimonio,Patrimonio,Utilidad o perdida del ejercicio,Costos y gastos,Gastos de operaciones,Revisoría Fiscal,,,
187,FCP TC LATAM COMPARTIMENTO D,519095050,GASTOS REEMBOLSADOS,,,1,99,PESOS,"0,0","36562351,97",,519095,Total pasivo + patrimonio,Patrimonio,Utilidad o perdida del ejercicio,Costos y gastos,Gastos de operaciones,Otros gastos de operación,,,
178,FIC RENTA FIJA MEDIANO PLAZO MULTIESCALA,519095007,SAE CUSTODIO,,,1,99,PESOS,"0,0","745227,78",,519095,Total pasivo + patrimonio,Patrimonio,Utilidad o perdida del ejercicio,Costos y gastos,Gastos de operaciones,Otros gastos de operación,,,
178,FIC RENTA FIJA MEDIANO PLAZO MULTIESCALA,519095999,OTROS,,,1,99,PESOS,"0,0","3,95",,519095,Total pasivo + patrimonio,Patrimonio,Utilidad o perdida del ejercicio,Costos y gastos,Gastos de operaciones,Otros gastos de operación,,,
178,FIC RENTA FIJA MEDIANO PLAZO MULTIESCALA,590505020,UTILIDAD/PERDIDA PAGADA EN REDENCIONES,,,1,99,PESOS,"0,0","11851363960,81",,590505,Total pasivo + patrimonio,Patrimonio,,,,,,,
178,FIC RENTA FIJA MEDIANO PLAZO MULTIESCALA,840505010,ACREEDORAS POR CONTRA,,,1,99,PESOS,"0,0","1864513599,99",,840505,,,,,,,,,
186,FCP TC LATAM COMPARTIMENTO C,111505522,(TC) BANCOLOMBIA Cta No.03141537601,,,1,99,PESOS,"1610694712,65","1922779777,67",,111505,Activo,,Activo Corriente,Efectivo y equivales de efectivo,Bancos nacionales,,,Disponible,
186,FCP TC LATAM COMPARTIMENTO C,130115115,OTROS EMISORES NACIONALES,,,1,99,PESOS,"0,0","1477771290,03",,130115,Activo,,Activo no corriente,Inversiones a valor razonable con efectos en resultados,Instrumentos de Deuda,,,Inversiones,
186,FCP TC LATAM COMPARTIMENTO C,136000300,INVERSIONES DERECHOS FIDUCIARIOS,,,1,99,PESOS,"2267548550,4","2267548550,4",,136000,Activo,,Activo no corriente,Inversiones a valor razonable con efectos en resultados,Inversiones derechos fiduciarios,,,Inversiones,
186,FCP TC LATAM COMPARTIMENTO C,161695003,(LC) BANCOLOMBIA Cta No. 69000002515,,,1,99,PESOS,"2559,36","3128,72",,161695,Activo,,Activo Corriente,Cuentas por cobrar,Deudores,,,,
186,FCP TC LATAM COMPARTIMENTO C,161695045,CUENTA CORRIENTE                        ,,,1,99,PESOS,"1477771290,03","1477811336,79",,161695,Activo,,Activo Corriente,Cuentas por cobrar,Deudores,,,,
186,FCP TC LATAM COMPARTIMENTO C,161695522,(TC) BANCOLOMBIA Cau No.03141537601,,,1,99,PESOS,"260889,46","622960,63",,161695,Activo,,Activo Corriente,Cuentas por cobrar,Deudores,,,,
186,FCP TC LATAM COMPARTIMENTO C,163035010,IVA DESCONTABLE 19%,,,1,99,PESOS,"1116832,4","283094,8",,163035,Activo,,Activo Corriente,Cuentas por cobrar,Deudores,,,,
186,FCP TC LATAM COMPARTIMENTO C,192595030,AMORTIZACIÓN COMISIÓN DE ADMÓN,,,1,99,PESOS,"0,0","1086865,42",,192595,Activo,,Activo Corriente,Otros activos,Gatos pagados por anticipados,,,,
186,FCP TC LATAM COMPARTIMENTO C,253105110,CUENTA COMPENSACION,,,1,99,PESOS,"-1422598589,89","-4191458825,31",,253105,Total pasivo + patrimonio,Pasivo,Pasivo Corriente,Cuentas por pagar,Acreedores varios,,,,
186,FCP TC LATAM COMPARTIMENTO C,411495522,(TC) BANCOLOMBIA Cau No.03141537601,,,1,99,PESOS,"0,0","-19432508,77",,411495,Total pasivo + patrimonio,Patrimonio,Utilidad o perdida del ejercicio,Ingresos ordinarios,Otros rendimientos financieros,,,,
186,FCP TC LATAM COMPARTIMENTO C,411495999,OTROS,,,1,99,PESOS,"0,0","-0,07",,411495,Total pasivo + patrimonio,Patrimonio,Utilidad o perdida del ejercicio,Ingresos ordinarios,Otros rendimientos financieros,,,,
186,FCP TC LATAM COMPARTIMENTO C,414515010,ARRENDAMIENTO INMUEBLES IVA 19%,,,1,99,PESOS,"0,0","-67884335,6",,414515,Total pasivo + patrimonio,Patrimonio,Utilidad o perdida del ejercicio,Ingresos ordinarios,Arrendamientos,,,,
186,FCP TC LATAM COMPARTIMENTO C,511512010,GASTOS BANCARIOS                        ,,,1,99,PESOS,"0,0","677400,96",,511512,Total pasivo + patrimonio,Patrimonio,Utilidad o perdida del ejercicio,Costos y gastos,Gastos de operaciones,Gastos bancarios,,,
186,FCP TC LATAM COMPARTIMENTO C,511548010,COMISION DE ADMINISTRACION R.F.         ,,,1,99,PESOS,"0,0","5434327,2",,511548,Total pasivo + patrimonio,Patrimonio,Utilidad o perdida del ejercicio,Costos y gastos,Gastos de operaciones,Comisión administración,,,
186,FCP TC LATAM COMPARTIMENTO C,511595015,OTRAS COMISIONES,,,1,99,PESOS,"0,0","3560416,4",,511595,Total pasivo + patrimonio,Patrimonio,Utilidad o perdida del ejercicio,Costos y gastos,Gastos de operaciones,Comisión Bursatil,,,
186,FCP TC LATAM COMPARTIMENTO C,514005011,IMPOVENTAS                              ,,,1,99,PESOS,"0,0","1334407,59",,514005,Total pasivo + patrimonio,Patrimonio,Utilidad o perdida del ejercicio,Costos y gastos,Gastos de operaciones,Gravamen a los movimientos financieros,Impuestos y tasas,,
186,FCP TC LATAM COMPARTIMENTO C,519095010,ADMINISTRACION DE ARRENDAMIENTOS,,,1,99,PESOS,"0,0","7449858,77",,519095,Total pasivo + patrimonio,Patrimonio,Utilidad o perdida del ejercicio,Costos y gastos,Gastos de operaciones,Otros gastos de operación,,,
186,FCP TC LATAM COMPARTIMENTO C,810505205,EMISORES NACIONALES                     ,,,1,99,PESOS,"2267548550,4","2267548550,4",,810505,,,,,,,,,
187,FCP TC LATAM COMPARTIMENTO D,111505431,(TED) BANCOLOMBIA Cta No.03141537767,,,1,99,PESOS,"166827959,9","189779862,15",,111505,Activo,,Activo Corriente,Efectivo y equivales de efectivo,Bancos nacionales,,,Disponible,
187,FCP TC LATAM COMPARTIMENTO D,130115115,OTROS EMISORES NACIONALES,,,1,99,PESOS,"0,0","61246769,12",,130115,Activo,,Activo no corriente,Inversiones a valor razonable con efectos en resultados,Instrumentos de Deuda,,,Inversiones,
187,FCP TC LATAM COMPARTIMENTO D,130120120,EMISORES EXTRANJEROS,,,1,99,PESOS,"316948547,94","0,0",,130120,Activo,,Activo no corriente,Inversiones a valor razonable con efectos en resultados,Instrumentos de Deuda,,,Inversiones,
187,FCP TC LATAM COMPARTIMENTO D,136000300,INVERSIONES DERECHOS FIDUCIARIOS,,,1,99,PESOS,"83865325,6","83865325,6",,136000,Activo,,Activo no corriente,Inversiones a valor razonable con efectos en resultados,Inversiones derechos fiduciarios,,,Inversiones,
187,FCP TC LATAM COMPARTIMENTO D,161695045,CUENTA CORRIENTE                        ,,,1,99,PESOS,"61246769,12","390919625,08",,161695,Activo,,Activo Corriente,Cuentas por cobrar,Deudores,,,,
187,FCP TC LATAM COMPARTIMENTO D,182705010,PROPIEDADES DE INVERSION,,,1,99,PESOS,"186335426,2","186335426,2",,182705,Activo,,Activo no corriente,Activos Materiales,Propiedades de Inversión,,,,
187,FCP TC LATAM COMPARTIMENTO D,192595030,AMORTIZACIÓN COMISIÓN DE ADMÓN,,,1,99,PESOS,"0,0","1167800,64",,192595,Activo,,Activo Corriente,Otros activos,Gatos pagados por anticipados,,,,
187,FCP TC LATAM COMPARTIMENTO D,250340010,SOBRE LAS VENTAS POR PAGAR 19%,,,1,99,PESOS,"-380642,4","-95406,7",,250340,Total pasivo + patrimonio,Pasivo,Pasivo Corriente,Cuentas por pagar,Acreedores varios,,,,
187,FCP TC LATAM COMPARTIMENTO D,253105110,CUENTA COMPENSACION,,,1,99,PESOS,"-52572631,87","-352315580,12",,253105,Total pasivo + patrimonio,Pasivo,Pasivo Corriente,Cuentas por pagar,Acreedores varios,,,,
187,FCP TC LATAM COMPARTIMENTO D,410705120,EMISORES EXTRANJEROS                    ,,,1,99,PESOS,"0,0","-17621452,98",,410705,Total pasivo + patrimonio,Patrimonio,Utilidad o perdida del ejercicio,Ingresos ordinarios,Valoracion Intrumentos de Deuda,,,,
187,FCP TC LATAM COMPARTIMENTO D,411495005,(LD) BANCOLOMBIA PANAMA CTA.80100001883,,,1,99,PESOS,"0,0","-596673,32",,411495,Total pasivo + patrimonio,Patrimonio,Utilidad o perdida del ejercicio,Ingresos ordinarios,Otros rendimientos financieros,,,,
187,FCP TC LATAM COMPARTIMENTO D,411495999,OTROS,,,1,99,PESOS,"0,0","-61823289,98",,411495,Total pasivo + patrimonio,Patrimonio,Utilidad o perdida del ejercicio,Ingresos ordinarios,Otros rendimientos financieros,,,,
187,FCP TC LATAM COMPARTIMENTO D,414515010,ARRENDAMIENTO INMUEBLES IVA 19%,,,1,99,PESOS,"0,0","-2510703,4",,414515,Total pasivo + patrimonio,Patrimonio,Utilidad o perdida del ejercicio,Ingresos ordinarios,Arrendamientos,,,,
187,FCP TC LATAM COMPARTIMENTO D,510805010,POR DISMINUCION EN EL VALOR RAZONABLE,,,1,99,PESOS,"0,0","230097561,58",,510805,Total pasivo + patrimonio,Patrimonio,Utilidad o perdida del ejercicio,Costos y gastos,Gastos de operaciones,Disminución en el valor de mercado Inst. de Pat.,,,
187,FCP TC LATAM COMPARTIMENTO D,511325010,COMISION CUSTODIA FIJA                  ,,,1,99,PESOS,"0,0","704634,64",,511325,Total pasivo + patrimonio,Patrimonio,Utilidad o perdida del ejercicio,Costos y gastos,Gastos de operaciones,Comisión custodia fija,,,
187,FCP TC LATAM COMPARTIMENTO D,511512010,GASTOS BANCARIOS                        ,,,1,99,PESOS,"0,0","541846,83",,511512,Total pasivo + patrimonio,Patrimonio,Utilidad o perdida del ejercicio,Costos y gastos,Gastos de operaciones,Gastos bancarios,,,
187,FCP TC LATAM COMPARTIMENTO D,511548010,COMISION DE ADMINISTRACION R.F.         ,,,1,99,PESOS,"0,0","4510574,93",,511548,Total pasivo + patrimonio,Patrimonio,Utilidad o perdida del ejercicio,Costos y gastos,Gastos de operaciones,Comisión administración,,,
187,FCP TC LATAM COMPARTIMENTO D,511595015,OTRAS COMISIONES,,,1,99,PESOS,"0,0","131682,0",,511595,Total pasivo + patrimonio,Patrimonio,Utilidad o perdida del ejercicio,Costos y gastos,Gastos de operaciones,Comisión Bursatil,,,
187,FCP TC LATAM COMPARTIMENTO D,513095090,OTROS HONORARIOS,,,1,99,PESOS,"0,0","2203785,52",,513095,Total pasivo + patrimonio,Patrimonio,Utilidad o perdida del ejercicio,Costos y gastos,Gastos de operaciones,Otros honorarios,,,
187,FCP TC LATAM COMPARTIMENTO D,513535010,POR REEXPRESION DE OTROS ACTIVOS,,,1,99,PESOS,"0,0","109610291,13",,513535,Total pasivo + patrimonio,Patrimonio,Utilidad o perdida del ejercicio,Costos y gastos,Gastos de operaciones,Reexpresion de Activos,,,
187,FCP TC LATAM COMPARTIMENTO D,514005010,IMPUESTO A LOS MOVIMIENTOS FINANCIEROS  ,,,1,99,PESOS,"0,0","98035,93",,514005,Total pasivo + patrimonio,Patrimonio,Utilidad o perdida del ejercicio,Costos y gastos,Gastos de operaciones,Gravamen a los movimientos financieros,Impuestos y tasas,,
187,FCP TC LATAM COMPARTIMENTO D,514005011,IMPOVENTAS                              ,,,1,99,PESOS,"0,0","683883,9",,514005,Total pasivo + patrimonio,Patrimonio,Utilidad o perdida del ejercicio,Costos y gastos,Gastos de operaciones,Gravamen a los movimientos financieros,Impuestos y tasas,,
187,FCP TC LATAM COMPARTIMENTO D,590505010,CANCELACION DE INGRESOS RF,,,1,99,PESOS,"0,0","-1818037,92",,590505,Total pasivo + patrimonio,Patrimonio,,,,,,,
187,FCP TC LATAM COMPARTIMENTO D,590505015,CANCELACION DE INGRESOS RV,,,1,99,PESOS,"0,0","-200769272,85",,590505,Total pasivo + patrimonio,Patrimonio,,,,,,,
187,FCP TC LATAM COMPARTIMENTO D,810505120,EMISORES EXTRANJEROS,,,1,99,PESOS,"1727136065,35","1259721281,46",,810505,,,,,,,,,
187,FCP TC LATAM COMPARTIMENTO D,829595999,OTRAS CUENTAS DE ORDEN ACREEDORAS USD,,,1,99,DOLARES,"-1742377484,61","-1705773032,52",,829595,,,,,,,,,
187,FCP TC LATAM COMPARTIMENTO D,830505010,DEUDORAS POR CONTRA,,,1,99,PESOS,"-1890632716,59","-1404833376,19",,,,,,,,,,,
187,FCP TC LATAM COMPARTIMENTO D,840505999,OTRAS CUENTAS DE ORDEN ACREEDORAS USD,,,1,99,PESOS,"1742377484,61","1705773032,52",,840505,,,,,,,,,
200,FCP ENERGETICO ANDINO COMPARTIMENTO C,111505086,(EC) BANCOLOMBIA Cta No.69000001704,,,1,99,PESOS,"35009,56","0,0",,111505,Activo,,Activo Corriente,Efectivo y equivales de efectivo,Bancos nacionales,,,Disponible,
200,FCP ENERGETICO ANDINO COMPARTIMENTO C,161695086,(EC) BANCOLOMBIA Cta No.69000001704,,,1,99,PESOS,"88,02","0,0",,161695,Activo,,Activo Corriente,Cuentas por cobrar,Deudores,,,,
200,FCP ENERGETICO ANDINO COMPARTIMENTO C,253105110,CUENTA COMPENSACION,,,1,99,PESOS,"-89,37","0,0",,253105,Total pasivo + patrimonio,Pasivo,Pasivo Corriente,Cuentas por pagar,Acreedores varios,,,,
200,FCP ENERGETICO ANDINO COMPARTIMENTO C,352505010,PARTICIPACIONES EN FDO DE INVERSION COLE,,,1,99,PESOS,"-339432417,03","0,0",,352505,Total pasivo + patrimonio,Patrimonio,,Patrimonio especiales,Participaciones en fondos de inversión colectiva,,,,
240,FCP TC LATAM - COMPARTIMENTO E,111505531,(TE) BANCOLOMBIA Cta. 03141537881,,,1,99,PESOS,"2273250342,03","3513353301,37",,111505,Activo,,Activo Corriente,Efectivo y equivales de efectivo,Bancos nacionales,,,Disponible,
240,FCP TC LATAM - COMPARTIMENTO E,111510006,(LE) BANCOLOMBIA PANAMA CTA: 80100005498,,,1,99,DOLARES,"2360536882,79","589614176,05",,111510,Activo,,Activo Corriente,Efectivo y equivales de efectivo,Bancos del Exterior,,,Disponible,
240,FCP TC LATAM - COMPARTIMENTO E,130120120,EMISORES EXTRANJEROS,,,1,99,PESOS,"5255276395,71","0,0",,130120,Activo,,Activo no corriente,Inversiones a valor razonable con efectos en resultados,Instrumentos de Deuda,,,Inversiones,
240,FCP TC LATAM - COMPARTIMENTO E,130210300,EMISORES EXTRANJEROS,,,1,99,PESOS,"39794975421,73","39082446291,6",,130210,Activo,,Activo no corriente,Inversiones a valor razonable con efectos en resultados,Instrumentos de patrimonio,,,Inversiones,
240,FCP TC LATAM - COMPARTIMENTO E,136000300,INVERSIONES DERECHOS FIDUCIARIOS,,,1,99,PESOS,"127824271,0","30144300818,0",,136000,Activo,,Activo no corriente,Inversiones a valor razonable con efectos en resultados,Inversiones derechos fiduciarios,,,Inversiones,
240,FCP TC LATAM - COMPARTIMENTO E,136005010,INVERSIONES DERECHOS FIDUCIARIOS,,,1,99,PESOS,"31999832174,0","0,0",,136005,Activo,,Activo no corriente,Inversiones a valor razonable con efectos en resultados,Inversiones derechos fiduciarios,,,Inversiones,
240,FCP TC LATAM - COMPARTIMENTO E,161695005,(LT) BANCOLOMBIA Cta No.69000002518,,,1,99,PESOS,"0,48","0,48",,161695,Activo,,Activo Corriente,Cuentas por cobrar,Deudores,,,,
240,FCP TC LATAM - COMPARTIMENTO E,161695006,(LE) BANCOLOMBIA PANAMA CTA.80100005498,,,1,99,PESOS,"610732,73","647022,53",,161695,Activo,,Activo Corriente,Cuentas por cobrar,Deudores,,,,
240,FCP TC LATAM - COMPARTIMENTO E,161695045,CUENTA CORRIENTE                        ,,,1,99,PESOS,"0,0","5412285293,84",,161695,Activo,,Activo Corriente,Cuentas por cobrar,Deudores,,,,
240,FCP TC LATAM - COMPARTIMENTO E,161695531,(TE) BANCOLOMBIA Cau No.03141537881,,,1,99,PESOS,"552269,23","2141576,36",,161695,Activo,,Activo Corriente,Cuentas por cobrar,Deudores,,,,
240,FCP TC LATAM - COMPARTIMENTO E,253105110,CUENTA COMPENSACION,,,1,99,PESOS,"-2694852709,23","-2596503846,88",,253105,Total pasivo + patrimonio,Pasivo,Pasivo Corriente,Cuentas por pagar,Acreedores varios,,,,
240,FCP TC LATAM - COMPARTIMENTO E,410705120,EMISORES EXTRANJEROS                    ,,,1,99,PESOS,"0,0","-156243570,27",,410705,Total pasivo + patrimonio,Patrimonio,Utilidad o perdida del ejercicio,Ingresos ordinarios,Valoracion Intrumentos de Deuda,,,,
240,FCP TC LATAM - COMPARTIMENTO E,411495006,(LE) BANCOLOMBIA PANAMA CTA.80100005498,,,1,99,PESOS,"0,0","-1991311,99",,411495,Total pasivo + patrimonio,Patrimonio,Utilidad o perdida del ejercicio,Ingresos ordinarios,Otros rendimientos financieros,,,,
240,FCP TC LATAM - COMPARTIMENTO E,411495300,INTERESES TITULOS,,,1,99,PESOS,"0,0","-53586982,56",,411495,Total pasivo + patrimonio,Patrimonio,Utilidad o perdida del ejercicio,Ingresos ordinarios,Otros rendimientos financieros,,,,
240,FCP TC LATAM - COMPARTIMENTO E,411495531,(TE) BANCOLOMBIA CAU 03141537881,,,1,99,PESOS,"0,0","-50226963,48",,411495,Total pasivo + patrimonio,Patrimonio,Utilidad o perdida del ejercicio,Ingresos ordinarios,Otros rendimientos financieros,,,,
240,FCP TC LATAM - COMPARTIMENTO E,411495999,OTROS,,,1,99,PESOS,"0,0","-9269,33",,411495,Total pasivo + patrimonio,Patrimonio,Utilidad o perdida del ejercicio,Ingresos ordinarios,Otros rendimientos financieros,,,,
240,FCP TC LATAM - COMPARTIMENTO E,510805010,POR DISMINUCION EN EL VALOR RAZONABLE,,,1,99,PESOS,"0,0","398262333,23",,510805,Total pasivo + patrimonio,Patrimonio,Utilidad o perdida del ejercicio,Costos y gastos,Gastos de operaciones,Disminución en el valor de mercado Inst. de Pat.,,,
240,FCP TC LATAM - COMPARTIMENTO E,511512010,GASTOS BANCARIOS                        ,,,1,99,PESOS,"0,0","1590144,27",,511512,Total pasivo + patrimonio,Patrimonio,Utilidad o perdida del ejercicio,Costos y gastos,Gastos de operaciones,Gastos bancarios,,,
240,FCP TC LATAM - COMPARTIMENTO E,511548010,COMISION DE ADMINISTRACION R.F.         ,,,1,99,PESOS,"0,0","68748371,19",,511548,Total pasivo + patrimonio,Patrimonio,Utilidad o perdida del ejercicio,Costos y gastos,Gastos de operaciones,Comisión administración,,,
240,FCP TC LATAM - COMPARTIMENTO E,511595011,COMISION DE GESTION,,,1,99,PESOS,"0,0","315940492,36",,511595,Total pasivo + patrimonio,Patrimonio,Utilidad o perdida del ejercicio,Costos y gastos,Gastos de operaciones,Comisión Bursatil,,,
240,FCP TC LATAM - COMPARTIMENTO E,514005011,IMPOVENTAS                              ,,,1,99,PESOS,"0,0","2721488,0",,514005,Total pasivo + patrimonio,Patrimonio,Utilidad o perdida del ejercicio,Costos y gastos,Gastos de operaciones,Gravamen a los movimientos financieros,Impuestos y tasas,,
240,FCP TC LATAM - COMPARTIMENTO E,514005015,IVA COMISION GESTOR PROFESIONAL,,,1,99,PESOS,"0,0","60028693,35",,514005,Total pasivo + patrimonio,Patrimonio,Utilidad o perdida del ejercicio,Costos y gastos,Gastos de operaciones,Gravamen a los movimientos financieros,Impuestos y tasas,,
240,FCP TC LATAM - COMPARTIMENTO E,519095999,OTROS,,,1,99,PESOS,"0,0","2,98",,519095,Total pasivo + patrimonio,Patrimonio,Utilidad o perdida del ejercicio,Costos y gastos,Gastos de operaciones,Otros gastos de operación,,,
240,FCP TC LATAM - COMPARTIMENTO E,590505010,CANCELACION DE INGRESOS RF,,,1,99,PESOS,"0,0","184843878,34",,590505,Total pasivo + patrimonio,Patrimonio,,,,,,,
240,FCP TC LATAM - COMPARTIMENTO E,810505205,EMISORES NACIONALES                     ,,,1,99,PESOS,"34608640843,41","32125317675,37",,810505,,,,,,,,,
240,FCP TC LATAM - COMPARTIMENTO E,830505010,DEUDORAS POR CONTRA,,,1,99,PESOS,"-79658892660,85","-71207763966,97",,,,,,,,,,,
257,FIC INMOBILIARIO DE RENTA DAVIVIENDA CORREDORES,111505001,(FIR) Davivienda CTA AH 005000311323,,,1,99,PESOS,"969720,51","5139124,73",,111505,Activo,,Activo Corriente,Efectivo y equivales de efectivo,Bancos nacionales,,,Disponible,
257,FIC INMOBILIARIO DE RENTA DAVIVIENDA CORREDORES,111505010,(FIR) Occidente CTA CTE 288857493,,,1,99,PESOS,"16774864,33","792054007,54",,111505,Activo,,Activo Corriente,Efectivo y equivales de efectivo,Bancos nacionales,,,Disponible,
257,FIC INMOBILIARIO DE RENTA DAVIVIENDA CORREDORES,111505012,(FIR) Bco de Bogota Cta. Aho 049316169,,,1,99,PESOS,"3360086,0","3580911,0",,111505,Activo,,Activo Corriente,Efectivo y equivales de efectivo,Bancos nacionales,,,Disponible,
257,FIC INMOBILIARIO DE RENTA DAVIVIENDA CORREDORES,111505013,(FIR) Bco de Bogota Cta. cte 049316151,,,1,99,PESOS,"32522398,56","52913969,12",,111505,Activo,,Activo Corriente,Efectivo y equivales de efectivo,Bancos nacionales,,,Disponible,
257,FIC INMOBILIARIO DE RENTA DAVIVIENDA CORREDORES,111505015,(FIR) Davivienda CTA AH 482800036030,,,1,99,PESOS,"9566993,47","68425615,45",,111505,Activo,,Activo Corriente,Efectivo y equivales de efectivo,Bancos nacionales,,,Disponible,
257,FIC INMOBILIARIO DE RENTA DAVIVIENDA CORREDORES,111505016,(FIR) Occidente CTA AH 219885902,,,1,99,PESOS,"0,0","921914,97",,111505,Activo,,Activo Corriente,Efectivo y equivales de efectivo,Bancos nacionales,,,Disponible,
257,FIC INMOBILIARIO DE RENTA DAVIVIENDA CORREDORES,136000300,INVERSIONES DERECHOS FIDUCIARIOS,,,1,99,PESOS,"697616530839,46","706820105630,23",,136000,Activo,,Activo no corriente,Inversiones a valor razonable con efectos en resultados,Inversiones derechos fiduciarios,,,Inversiones,
257,FIC INMOBILIARIO DE RENTA DAVIVIENDA CORREDORES,161205010,ARRENDAMIENTOS DE BIENES PROPIOS,,,1,99,PESOS,"350849798,67","861642164,51",,161205,Activo,,Activo Corriente,Cuentas por cobrar,Deudores,,,,
257,FIC INMOBILIARIO DE RENTA DAVIVIENDA CORREDORES,161695005,(FIR) Occidente CTA AH 219885902,,,1,99,PESOS,"0,0","742,95",,161695,Activo,,Activo Corriente,Cuentas por cobrar,Deudores,,,,
257,FIC INMOBILIARIO DE RENTA DAVIVIENDA CORREDORES,161695006,(FIR) BANCO SUDAMERIS CTA AH 91000023490,,,1,99,PESOS,"137289687,45","113672748,06",,161695,Activo,,Activo Corriente,Cuentas por cobrar,Deudores,,,,
257,FIC INMOBILIARIO DE RENTA DAVIVIENDA CORREDORES,161695011,(FIR) Sudameris Cta Aho 91000017850,,,1,99,PESOS,"-190829,26","-190829,26",,161695,Activo,,Activo Corriente,Cuentas por cobrar,Deudores,,,,
257,FIC INMOBILIARIO DE RENTA DAVIVIENDA CORREDORES,161695014,(FIR) Banco Popular Cta. 500804743994,,,1,99,PESOS,"7426,09","13141,76",,161695,Activo,,Activo Corriente,Cuentas por cobrar,Deudores,,,,
257,FIC INMOBILIARIO DE RENTA DAVIVIENDA CORREDORES,161695015,GASTOS VARIOS DE ADMON                  ,,,1,99,PESOS,"23163,9","100,0",,161695,Activo,,Activo Corriente,Cuentas por cobrar,Deudores,,,,
257,FIC INMOBILIARIO DE RENTA DAVIVIENDA CORREDORES,161695019,(FIR) BANCOLOMBIA CTA No. 69000008139,,,1,99,PESOS,"691,82","159010,54",,161695,Activo,,Activo Corriente,Cuentas por cobrar,Deudores,,,,
257,FIC INMOBILIARIO DE RENTA DAVIVIENDA CORREDORES,161695045,CUENTA CORRIENTE                        ,,,1,99,PESOS,"172875636,0","3429946089,38",,161695,Activo,,Activo Corriente,Cuentas por cobrar,Deudores,,,,
257,FIC INMOBILIARIO DE RENTA DAVIVIENDA CORREDORES,161695050,SERV. PUBLICOS,,,1,99,PESOS,"65869973,77","13337376,12",,161695,Activo,,Activo Corriente,Cuentas por cobrar,Deudores,,,,
257,FIC INMOBILIARIO DE RENTA DAVIVIENDA CORREDORES,161695999,PROVEEDORES,"19066122,0",,1,99,PESOS,"2847000,0","2847000,0",,161695,Activo,,Activo Corriente,Cuentas por cobrar,Deudores,,,,
257,FIC INMOBILIARIO DE RENTA DAVIVIENDA CORREDORES,161695999,PROVEEDORES,"830033457,0",,1,99,PESOS,"647448,0","647448,0",,161695,Activo,,Activo Corriente,Cuentas por cobrar,Deudores,,,,
257,FIC INMOBILIARIO DE RENTA DAVIVIENDA CORREDORES,161695999,PROVEEDORES,"830080368,0",,1,99,PESOS,"11213597,0","11213597,0",,161695,Activo,,Activo Corriente,Cuentas por cobrar,Deudores,,,,
257,FIC INMOBILIARIO DE RENTA DAVIVIENDA CORREDORES,161695999,PROVEEDORES,"860005289,0",,1,99,PESOS,"2036960,22","2036960,44",,161695,Activo,,Activo Corriente,Cuentas por cobrar,Deudores,,,,
257,FIC INMOBILIARIO DE RENTA DAVIVIENDA CORREDORES,161695999,PROVEEDORES,"860038933,0",,1,99,PESOS,"14012000,0","14011499,78",,161695,Activo,,Activo Corriente,Cuentas por cobrar,Deudores,,,,
257,FIC INMOBILIARIO DE RENTA DAVIVIENDA CORREDORES,161695999,PROVEEDORES,"900129333,0",,1,99,PESOS,"297788,0","297788,0",,161695,Activo,,Activo Corriente,Cuentas por cobrar,Deudores,,,,
257,FIC INMOBILIARIO DE RENTA DAVIVIENDA CORREDORES,161695999,PROVEEDORES,"900383170,0",,1,99,PESOS,"3069898,0","3069898,0",,161695,Activo,,Activo Corriente,Cuentas por cobrar,Deudores,,,,
257,FIC INMOBILIARIO DE RENTA DAVIVIENDA CORREDORES,161695999,PROVEEDORES,"900388312,0",,1,99,PESOS,"4203000,0","4203000,0",,161695,Activo,,Activo Corriente,Cuentas por cobrar,Deudores,,,,
257,FIC INMOBILIARIO DE RENTA DAVIVIENDA CORREDORES,161695999,PROVEEDORES,"900470621,0",,1,99,PESOS,"4270500,0","4270500,0",,161695,Activo,,Activo Corriente,Cuentas por cobrar,Deudores,,,,
257,FIC INMOBILIARIO DE RENTA DAVIVIENDA CORREDORES,161695999,PROVEEDORES,"900559548,0",,1,99,PESOS,"900000,0","900000,0",,161695,Activo,,Activo Corriente,Cuentas por cobrar,Deudores,,,,
257,FIC INMOBILIARIO DE RENTA DAVIVIENDA CORREDORES,161695999,PROVEEDORES,"900820404,0",,1,99,PESOS,"4008960,0","4008960,0",,161695,Activo,,Activo Corriente,Cuentas por cobrar,Deudores,,,,
257,FIC INMOBILIARIO DE RENTA DAVIVIENDA CORREDORES,161695999,PROVEEDORES,"901121826,0",,1,99,PESOS,"0,06","500,06",,161695,Activo,,Activo Corriente,Cuentas por cobrar,Deudores,,,,
257,FIC INMOBILIARIO DE RENTA DAVIVIENDA CORREDORES,161695999,PROVEEDORES,"901451263,0",,1,99,PESOS,"1453846,0","1453846,0",,161695,Activo,,Activo Corriente,Cuentas por cobrar,Deudores,,,,
257,FIC INMOBILIARIO DE RENTA DAVIVIENDA CORREDORES,163020010,IMPUESTO A LAS VENTAS RETENIDO SOBRE 19%,,,1,99,PESOS,"111022626,66","44448515,65",,163020,Activo,,Activo Corriente,Cuentas por cobrar,Deudores,,,,
257,FIC INMOBILIARIO DE RENTA DAVIVIENDA CORREDORES,163035010,IVA DESCONTABLE 19%,,,1,99,PESOS,"71171474,39","0,0",,163035,Activo,,Activo Corriente,Cuentas por cobrar,Deudores,,,,
257,FIC INMOBILIARIO DE RENTA DAVIVIENDA CORREDORES,163035020,IVA DESCONTABLE 19%,"800175087,0",,1,99,PESOS,"2470000,0","3230000,0",,163035,Activo,,Activo Corriente,Cuentas por cobrar,Deudores,,,,
257,FIC INMOBILIARIO DE RENTA DAVIVIENDA CORREDORES,163035020,IVA DESCONTABLE 19%,"800182091,0",,1,99,PESOS,"16304081,26","26070852,47",,163035,Activo,,Activo Corriente,Cuentas por cobrar,Deudores,,,,
257,FIC INMOBILIARIO DE RENTA DAVIVIENDA CORREDORES,163035020,IVA DESCONTABLE 19%,"800197268,0",,1,99,PESOS,"-300764370,49","-693001069,4",,163035,Activo,,Activo Corriente,Cuentas por cobrar,Deudores,,,,
257,FIC INMOBILIARIO DE RENTA DAVIVIENDA CORREDORES,163035020,IVA DESCONTABLE 19%,"805021626,0",,1,99,PESOS,"4275000,0","4275000,0",,163035,Activo,,Activo Corriente,Cuentas por cobrar,Deudores,,,,
257,FIC INMOBILIARIO DE RENTA DAVIVIENDA CORREDORES,163035020,IVA DESCONTABLE 19%,"830033457,0",,1,99,PESOS,"16815548,53","17061578,77",,163035,Activo,,Activo Corriente,Cuentas por cobrar,Deudores,,,,
257,FIC INMOBILIARIO DE RENTA DAVIVIENDA CORREDORES,163035020,IVA DESCONTABLE 19%,"830069056,0",,1,99,PESOS,"37922134,58","46662134,58",,163035,Activo,,Activo Corriente,Cuentas por cobrar,Deudores,,,,
257,FIC INMOBILIARIO DE RENTA DAVIVIENDA CORREDORES,163035020,IVA DESCONTABLE 19%,"830115904,0",,1,99,PESOS,"602300,0","765700,0",,163035,Activo,,Activo Corriente,Cuentas por cobrar,Deudores,,,,
257,FIC INMOBILIARIO DE RENTA DAVIVIENDA CORREDORES,163035020,IVA DESCONTABLE 19%,"830142201,0",,1,99,PESOS,"96460038,66","178013059,03",,163035,Activo,,Activo Corriente,Cuentas por cobrar,Deudores,,,,
257,FIC INMOBILIARIO DE RENTA DAVIVIENDA CORREDORES,163035020,IVA DESCONTABLE 19%,"860000846,0",,1,99,PESOS,"2161376,73","3691446,73",,163035,Activo,,Activo Corriente,Cuentas por cobrar,Deudores,,,,
257,FIC INMOBILIARIO DE RENTA DAVIVIENDA CORREDORES,163035020,IVA DESCONTABLE 19%,"860005289,0",,1,99,PESOS,"5101327,75","8140327,17",,163035,Activo,,Activo Corriente,Cuentas por cobrar,Deudores,,,,
257,FIC INMOBILIARIO DE RENTA DAVIVIENDA CORREDORES,163035020,IVA DESCONTABLE 19%,"860045700,0",,1,99,PESOS,"4435132,0","5689075,0",,163035,Activo,,Activo Corriente,Cuentas por cobrar,Deudores,,,,
257,FIC INMOBILIARIO DE RENTA DAVIVIENDA CORREDORES,163035020,IVA DESCONTABLE 19%,"860058760,0",,1,99,PESOS,"10081875,0","10081875,0",,163035,Activo,,Activo Corriente,Cuentas por cobrar,Deudores,,,,
257,FIC INMOBILIARIO DE RENTA DAVIVIENDA CORREDORES,163035020,IVA DESCONTABLE 19%,"860079918,0",,1,99,PESOS,"699200,0","699200,0",,163035,Activo,,Activo Corriente,Cuentas por cobrar,Deudores,,,,
257,FIC INMOBILIARIO DE RENTA DAVIVIENDA CORREDORES,163035020,IVA DESCONTABLE 19%,"860519556,0",,1,99,PESOS,"5054000,0","5054000,0",,163035,Activo,,Activo Corriente,Cuentas por cobrar,Deudores,,,,
257,FIC INMOBILIARIO DE RENTA DAVIVIENDA CORREDORES,163035020,IVA DESCONTABLE 19%,"860536345,0",,1,99,PESOS,"0,0","275500,0",,163035,Activo,,Activo Corriente,Cuentas por cobrar,Deudores,,,,
257,FIC INMOBILIARIO DE RENTA DAVIVIENDA CORREDORES,163035020,IVA DESCONTABLE 19%,"890300412,0",,1,99,PESOS,"2731250,0","2731250,0",,163035,Activo,,Activo Corriente,Cuentas por cobrar,Deudores,,,,
187,FCP TC LATAM COMPARTIMENTO D,519095010,ADMINISTRACION DE ARRENDAMIENTOS,,,1,99,PESOS,"0,0","275533,17",,519095,Total pasivo + patrimonio,Patrimonio,Utilidad o perdida del ejercicio,Costos y gastos,Gastos de operaciones,Otros gastos de operación,,,
187,FCP TC LATAM COMPARTIMENTO D,810505115,OTROS EMISORES NACIONALES,,,1,99,PESOS,"0,0","61246769,12",,810505,,,,,,,,,
187,FCP TC LATAM COMPARTIMENTO D,810505205,EMISORES NACIONALES                     ,,,1,99,PESOS,"163496651,24","83865325,61",,810505,,,,,,,,,
200,FCP ENERGETICO ANDINO COMPARTIMENTO C,111505085,(EAC) BANCOLOMBIA Cta No.03130741559,,,1,99,PESOS,"339397408,82","0,0",,111505,Activo,,Activo Corriente,Efectivo y equivales de efectivo,Bancos nacionales,,,Disponible,
240,FCP TC LATAM - COMPARTIMENTO E,130205300,EMISORES  NACIONALES,,,1,99,PESOS,"2480984398,41","1981016857,37",,130205,Activo,,Activo no corriente,Inversiones a valor razonable con efectos en resultados,Instrumentos de patrimonio,,,Inversiones,
240,FCP TC LATAM - COMPARTIMENTO E,192595015,COMISION DE GESTION,,,1,99,PESOS,"0,0","54696719,09",,192595,Activo,,Activo Corriente,Otros activos,Gatos pagados por anticipados,,,,
240,FCP TC LATAM - COMPARTIMENTO E,192595030,AMORTIZACIÓN COMISIÓN DE ADMÓN,,,1,99,PESOS,"0,0","13696128,14",,192595,Activo,,Activo Corriente,Otros activos,Gatos pagados por anticipados,,,,
240,FCP TC LATAM - COMPARTIMENTO E,253105220,CUENTA COMPENSACION DIVISAS,,,1,99,DOLARES,"0,0","-460001084,02",,253105,Total pasivo + patrimonio,Pasivo,Pasivo Corriente,Cuentas por pagar,Acreedores varios,,,,
240,FCP TC LATAM - COMPARTIMENTO E,352505010,PARTICIPACIONES EN FDO DE INVERSIÓN COLE,,,1,99,PESOS,"-81598990178,88","-77737693253,93",,352505,Total pasivo + patrimonio,Patrimonio,,Patrimonio especiales,Participaciones en fondos de inversión colectiva,,,,
240,FCP TC LATAM - COMPARTIMENTO E,413515010,POR REEXPRESIÓN DE OTROS ACTIVOS,,,1,99,PESOS,"0,0","-205861246,62",,413515,Total pasivo + patrimonio,Patrimonio,Utilidad o perdida del ejercicio,Ingresos ordinarios,Diferencia en cambio,,,,
240,FCP TC LATAM - COMPARTIMENTO E,511325010,COMISION CUSTODIA FIJA                  ,,,1,99,PESOS,"0,0","3838253,66",,511325,Total pasivo + patrimonio,Patrimonio,Utilidad o perdida del ejercicio,Costos y gastos,Gastos de operaciones,Comisión custodia fija,,,
240,FCP TC LATAM - COMPARTIMENTO E,513015003,REVISORIA FISCAL                        ,,,1,99,PESOS,"0,0","3481751,0",,513015,Total pasivo + patrimonio,Patrimonio,Utilidad o perdida del ejercicio,Costos y gastos,Gastos de operaciones,Revisoría Fiscal,,,
240,FCP TC LATAM - COMPARTIMENTO E,513095090,OTROS HONORARIOS,,,1,99,PESOS,"0,0","14007240,01",,513095,Total pasivo + patrimonio,Patrimonio,Utilidad o perdida del ejercicio,Costos y gastos,Gastos de operaciones,Otros honorarios,,,
240,FCP TC LATAM - COMPARTIMENTO E,513535010,POR REEXPRESION DE OTROS ACTIVOS,,,1,99,PESOS,"0,0","261236648,97",,513535,Total pasivo + patrimonio,Patrimonio,Utilidad o perdida del ejercicio,Costos y gastos,Gastos de operaciones,Reexpresion de Activos,,,
240,FCP TC LATAM - COMPARTIMENTO E,514005010,IMPUESTO A LOS MOVIMIENTOS FINANCIEROS  ,,,1,99,PESOS,"0,0","1955753,1",,514005,Total pasivo + patrimonio,Patrimonio,Utilidad o perdida del ejercicio,Costos y gastos,Gastos de operaciones,Gravamen a los movimientos financieros,Impuestos y tasas,,
240,FCP TC LATAM - COMPARTIMENTO E,519095050,GASTOS REEMBOLSADOS,,,1,99,PESOS,"0,0","197405097,08",,519095,Total pasivo + patrimonio,Patrimonio,Utilidad o perdida del ejercicio,Costos y gastos,Gastos de operaciones,Otros gastos de operación,,,
240,FCP TC LATAM - COMPARTIMENTO E,590505015,CANCELACION DE INGRESOS RV,,,1,99,PESOS,"0,0","-1046140803,29",,590505,Total pasivo + patrimonio,Patrimonio,,,,,,,
240,FCP TC LATAM - COMPARTIMENTO E,810505120,EMISORES EXTRANJEROS,,,1,99,PESOS,"45050251817,44","39082446291,6",,810505,,,,,,,,,
240,FCP TC LATAM - COMPARTIMENTO E,829595999,OTRAS CUENTAS DE ORDEN ACREEDORAS USD,,,1,99,DOLARES,"-25492349258,04","-24956797412,74",,829595,,,,,,,,,
240,FCP TC LATAM - COMPARTIMENTO E,840505999,OTRAS CUENTAS DE ORDEN ACREEDORAS USD,,,1,99,PESOS,"25492349258,04","24956797412,74",,840505,,,,,,,,,
257,FIC INMOBILIARIO DE RENTA DAVIVIENDA CORREDORES,111505003,(FIR) DAVIVIENDA Cta No. 005069993474,,,1,99,PESOS,"660086,92","679328,69",,111505,Activo,,Activo Corriente,Efectivo y equivales de efectivo,Bancos nacionales,,,Disponible,
257,FIC INMOBILIARIO DE RENTA DAVIVIENDA CORREDORES,111505004,(FIR) Bancolombia CTA AH 03151159060,,,1,99,PESOS,"4721123288,18","2059630070,27",,111505,Activo,,Activo Corriente,Efectivo y equivales de efectivo,Bancos nacionales,,,Disponible,
257,FIC INMOBILIARIO DE RENTA DAVIVIENDA CORREDORES,111505005,(FIR) Bancolombia CTA CTE 03164963055,,,1,99,PESOS,"101529712,88","179328081,62",,111505,Activo,,Activo Corriente,Efectivo y equivales de efectivo,Bancos nacionales,,,Disponible,
257,FIC INMOBILIARIO DE RENTA DAVIVIENDA CORREDORES,111505006,(FIR) Bancolombia CTA CTE 03164961182,,,1,99,PESOS,"100000,0","100000,0",,111505,Activo,,Activo Corriente,Efectivo y equivales de efectivo,Bancos nacionales,,,Disponible,
257,FIC INMOBILIARIO DE RENTA DAVIVIENDA CORREDORES,111505008,(FIR) Occidente CTA AH 288857402,,,1,99,PESOS,"9088572,61","7379788,75",,111505,Activo,,Activo Corriente,Efectivo y equivales de efectivo,Bancos nacionales,,,Disponible,
257,FIC INMOBILIARIO DE RENTA DAVIVIENDA CORREDORES,111505014,(FIR) Banco Popular Cta. 500804743994,,,1,99,PESOS,"8271539,8","8274991,67",,111505,Activo,,Activo Corriente,Efectivo y equivales de efectivo,Bancos nacionales,,,Disponible,
257,FIC INMOBILIARIO DE RENTA DAVIVIENDA CORREDORES,111505017,(FIR) GNB SUDAMERIS CTA AH 91000023490,,,1,99,PESOS,"14771499343,14","23400682003,56",,111505,Activo,,Activo Corriente,Efectivo y equivales de efectivo,Bancos nacionales,,,Disponible,
257,FIC INMOBILIARIO DE RENTA DAVIVIENDA CORREDORES,111505018,(FIR) BANCO POPULAR CTA No. 500805563596,,,1,99,PESOS,"5752206,34","5967597,39",,111505,Activo,,Activo Corriente,Efectivo y equivales de efectivo,Bancos nacionales,,,Disponible,
257,FIC INMOBILIARIO DE RENTA DAVIVIENDA CORREDORES,111505019,(FIR) BANCOLOMBIA CTA No. 69000008139,,,1,99,PESOS,"2298642,44","195998088,05",,111505,Activo,,Activo Corriente,Efectivo y equivales de efectivo,Bancos nacionales,,,Disponible,
257,FIC INMOBILIARIO DE RENTA DAVIVIENDA CORREDORES,130205300,EMISORES  NACIONALES,,,1,99,PESOS,"0,0","393499587,8",,130205,Activo,,Activo no corriente,Inversiones a valor razonable con efectos en resultados,Instrumentos de patrimonio,,,Inversiones,
257,FIC INMOBILIARIO DE RENTA DAVIVIENDA CORREDORES,161695001,(FIR) DAVIVIENDA Cta Cau No.005000311323,,,1,99,PESOS,"1217913,28","1221446,86",,161695,Activo,,Activo Corriente,Cuentas por cobrar,Deudores,,,,
257,FIC INMOBILIARIO DE RENTA DAVIVIENDA CORREDORES,161695004,(LD) BCO DAVIVIENDA cta No.482800025215,,,1,99,PESOS,"740844,13","530618,63",,161695,Activo,,Activo Corriente,Cuentas por cobrar,Deudores,,,,
257,FIC INMOBILIARIO DE RENTA DAVIVIENDA CORREDORES,161695008,(FIR) Occidente CTA CAU AH 288857402,,,1,99,PESOS,"-1431830,76","-1429719,31",,161695,Activo,,Activo Corriente,Cuentas por cobrar,Deudores,,,,
257,FIC INMOBILIARIO DE RENTA DAVIVIENDA CORREDORES,161695012,(FIR) Bco de Bogota Cta. Aho 049316169,,,1,99,PESOS,"21252,65","28257,65",,161695,Activo,,Activo Corriente,Cuentas por cobrar,Deudores,,,,
257,FIC INMOBILIARIO DE RENTA DAVIVIENDA CORREDORES,161695017,(FIR) Davivienda CTA AH 482800036030,,,1,99,PESOS,"740,04","33173,33",,161695,Activo,,Activo Corriente,Cuentas por cobrar,Deudores,,,,
257,FIC INMOBILIARIO DE RENTA DAVIVIENDA CORREDORES,161695018,(FIR) BANCO POPULAR CTA No. 500805563596,,,1,99,PESOS,"1274,95","3584,36",,161695,Activo,,Activo Corriente,Cuentas por cobrar,Deudores,,,,
257,FIC INMOBILIARIO DE RENTA DAVIVIENDA CORREDORES,161695999,PROVEEDORES,"19055958,0",,1,99,PESOS,"2847000,0","2847000,0",,161695,Activo,,Activo Corriente,Cuentas por cobrar,Deudores,,,,
257,FIC INMOBILIARIO DE RENTA DAVIVIENDA CORREDORES,161695999,PROVEEDORES,"830069056,0",,1,99,PESOS,"11499942,0","11499942,0",,161695,Activo,,Activo Corriente,Cuentas por cobrar,Deudores,,,,
257,FIC INMOBILIARIO DE RENTA DAVIVIENDA CORREDORES,161695999,PROVEEDORES,"860045700,0",,1,99,PESOS,"3326700,0","3326700,0",,161695,Activo,,Activo Corriente,Cuentas por cobrar,Deudores,,,,
257,FIC INMOBILIARIO DE RENTA DAVIVIENDA CORREDORES,161695999,PROVEEDORES,"860079174,0",,1,99,PESOS,"-87121436,0","-87121436,0",,161695,Activo,,Activo Corriente,Cuentas por cobrar,Deudores,,,,
257,FIC INMOBILIARIO DE RENTA DAVIVIENDA CORREDORES,161695999,PROVEEDORES,"890903407,0",,1,99,PESOS,"16413072,0","16413072,0",,161695,Activo,,Activo Corriente,Cuentas por cobrar,Deudores,,,,
257,FIC INMOBILIARIO DE RENTA DAVIVIENDA CORREDORES,161695999,PROVEEDORES,"900451263,0",,1,99,PESOS,"316666,66","316666,66",,161695,Activo,,Activo Corriente,Cuentas por cobrar,Deudores,,,,
257,FIC INMOBILIARIO DE RENTA DAVIVIENDA CORREDORES,163035020,IVA DESCONTABLE 19%,"890903407,0",,1,99,PESOS,"38554558,7","44394225,42",,163035,Activo,,Activo Corriente,Cuentas por cobrar,Deudores,,,,
257,FIC INMOBILIARIO DE RENTA DAVIVIENDA CORREDORES,163035020,IVA DESCONTABLE 19%,"891700037,0",,1,99,PESOS,"13539715,78","13539715,78",,163035,Activo,,Activo Corriente,Cuentas por cobrar,Deudores,,,,
257,FIC INMOBILIARIO DE RENTA DAVIVIENDA CORREDORES,163035020,IVA DESCONTABLE 19%,"900038616,0",,1,99,PESOS,"26346130,74","44181498,76",,163035,Activo,,Activo Corriente,Cuentas por cobrar,Deudores,,,,
257,FIC INMOBILIARIO DE RENTA DAVIVIENDA CORREDORES,163035020,IVA DESCONTABLE 19%,"900281388,0",,1,99,PESOS,"1708936,0","1708936,0",,163035,Activo,,Activo Corriente,Cuentas por cobrar,Deudores,,,,
257,FIC INMOBILIARIO DE RENTA DAVIVIENDA CORREDORES,163035020,IVA DESCONTABLE 19%,"900346484,0",,1,99,PESOS,"0,0","19183331,38",,163035,Activo,,Activo Corriente,Cuentas por cobrar,Deudores,,,,
257,FIC INMOBILIARIO DE RENTA DAVIVIENDA CORREDORES,163035020,IVA DESCONTABLE 19%,"900383204,0",,1,99,PESOS,"52250,0","65550,0",,163035,Activo,,Activo Corriente,Cuentas por cobrar,Deudores,,,,
257,FIC INMOBILIARIO DE RENTA DAVIVIENDA CORREDORES,163035020,IVA DESCONTABLE 19%,"900388312,0",,1,99,PESOS,"1699740,0","2592341,76",,163035,Activo,,Activo Corriente,Cuentas por cobrar,Deudores,,,,
257,FIC INMOBILIARIO DE RENTA DAVIVIENDA CORREDORES,163035020,IVA DESCONTABLE 19%,"900451263,0",,1,99,PESOS,"1158401,12","2352180,05",,163035,Activo,,Activo Corriente,Cuentas por cobrar,Deudores,,,,
257,FIC INMOBILIARIO DE RENTA DAVIVIENDA CORREDORES,163035020,IVA DESCONTABLE 19%,"900470621,0",,1,99,PESOS,"3175185,0","4173200,85",,163035,Activo,,Activo Corriente,Cuentas por cobrar,Deudores,,,,
257,FIC INMOBILIARIO DE RENTA DAVIVIENDA CORREDORES,163035020,IVA DESCONTABLE 19%,"900476299,0",,1,99,PESOS,"513000,0","513000,0",,163035,Activo,,Activo Corriente,Cuentas por cobrar,Deudores,,,,
257,FIC INMOBILIARIO DE RENTA DAVIVIENDA CORREDORES,163035020,IVA DESCONTABLE 19%,"900520484,0",,1,99,PESOS,"4550975,0","7877694,5",,163035,Activo,,Activo Corriente,Cuentas por cobrar,Deudores,,,,
257,FIC INMOBILIARIO DE RENTA DAVIVIENDA CORREDORES,163035020,IVA DESCONTABLE 19%,"900638882,0",,1,99,PESOS,"303373,0","303373,0",,163035,Activo,,Activo Corriente,Cuentas por cobrar,Deudores,,,,
257,FIC INMOBILIARIO DE RENTA DAVIVIENDA CORREDORES,163035020,IVA DESCONTABLE 19%,"900682949,0",,1,99,PESOS,"23241940,0","23241940,0",,163035,Activo,,Activo Corriente,Cuentas por cobrar,Deudores,,,,
257,FIC INMOBILIARIO DE RENTA DAVIVIENDA CORREDORES,163035020,IVA DESCONTABLE 19%,"900712550,0",,1,99,PESOS,"665000,0","1742300,0",,163035,Activo,,Activo Corriente,Cuentas por cobrar,Deudores,,,,
257,FIC INMOBILIARIO DE RENTA DAVIVIENDA CORREDORES,163035020,IVA DESCONTABLE 19%,"900721360,0",,1,99,PESOS,"0,0","494000,0",,163035,Activo,,Activo Corriente,Cuentas por cobrar,Deudores,,,,
257,FIC INMOBILIARIO DE RENTA DAVIVIENDA CORREDORES,163035020,IVA DESCONTABLE 19%,"900749094,0",,1,99,PESOS,"738796,0","738796,0",,163035,Activo,,Activo Corriente,Cuentas por cobrar,Deudores,,,,
257,FIC INMOBILIARIO DE RENTA DAVIVIENDA CORREDORES,163035020,IVA DESCONTABLE 19%,"900766705,0",,1,99,PESOS,"2869000,0","2869000,0",,163035,Activo,,Activo Corriente,Cuentas por cobrar,Deudores,,,,
257,FIC INMOBILIARIO DE RENTA DAVIVIENDA CORREDORES,163035020,IVA DESCONTABLE 19%,"900814916,0",,1,99,PESOS,"15187558,68","15187558,68",,163035,Activo,,Activo Corriente,Cuentas por cobrar,Deudores,,,,
257,FIC INMOBILIARIO DE RENTA DAVIVIENDA CORREDORES,163035020,IVA DESCONTABLE 19%,"900820404,0",,1,99,PESOS,"761702,4","761702,4",,163035,Activo,,Activo Corriente,Cuentas por cobrar,Deudores,,,,
257,FIC INMOBILIARIO DE RENTA DAVIVIENDA CORREDORES,163035020,IVA DESCONTABLE 19%,"900862603,0",,1,99,PESOS,"0,0","760000,0",,163035,Activo,,Activo Corriente,Cuentas por cobrar,Deudores,,,,
257,FIC INMOBILIARIO DE RENTA DAVIVIENDA CORREDORES,163035020,IVA DESCONTABLE 19%,"900893092,0",,1,99,PESOS,"556428,49","763992,01",,163035,Activo,,Activo Corriente,Cuentas por cobrar,Deudores,,,,
257,FIC INMOBILIARIO DE RENTA DAVIVIENDA CORREDORES,163035020,IVA DESCONTABLE 19%,"900957534,0",,1,99,PESOS,"1116630,0","1971630,0",,163035,Activo,,Activo Corriente,Cuentas por cobrar,Deudores,,,,
257,FIC INMOBILIARIO DE RENTA DAVIVIENDA CORREDORES,163035020,IVA DESCONTABLE 19%,"900971113,0",,1,99,PESOS,"357200,0","357200,0",,163035,Activo,,Activo Corriente,Cuentas por cobrar,Deudores,,,,
257,FIC INMOBILIARIO DE RENTA DAVIVIENDA CORREDORES,163035020,IVA DESCONTABLE 19%,"900985947,0",,1,99,PESOS,"695685,0","758955,0",,163035,Activo,,Activo Corriente,Cuentas por cobrar,Deudores,,,,
257,FIC INMOBILIARIO DE RENTA DAVIVIENDA CORREDORES,163035020,IVA DESCONTABLE 19%,"901075830,0",,1,99,PESOS,"539600,0","539600,0",,163035,Activo,,Activo Corriente,Cuentas por cobrar,Deudores,,,,
257,FIC INMOBILIARIO DE RENTA DAVIVIENDA CORREDORES,163035020,IVA DESCONTABLE 19%,"901094828,0",,1,99,PESOS,"348648,48","348648,48",,163035,Activo,,Activo Corriente,Cuentas por cobrar,Deudores,,,,
257,FIC INMOBILIARIO DE RENTA DAVIVIENDA CORREDORES,163035020,IVA DESCONTABLE 19%,"901121826,0",,1,99,PESOS,"1908919,36","2337677,73",,163035,Activo,,Activo Corriente,Cuentas por cobrar,Deudores,,,,
257,FIC INMOBILIARIO DE RENTA DAVIVIENDA CORREDORES,163035020,IVA DESCONTABLE 19%,"901266847,0",,1,99,PESOS,"238184,0","238184,0",,163035,Activo,,Activo Corriente,Cuentas por cobrar,Deudores,,,,
257,FIC INMOBILIARIO DE RENTA DAVIVIENDA CORREDORES,163035020,IVA DESCONTABLE 19%,"901276379,0",,1,99,PESOS,"0,0","380000,0",,163035,Activo,,Activo Corriente,Cuentas por cobrar,Deudores,,,,
257,FIC INMOBILIARIO DE RENTA DAVIVIENDA CORREDORES,163035020,IVA DESCONTABLE 19%,"901464819,0",,1,99,PESOS,"3101201,28","3101201,28",,163035,Activo,,Activo Corriente,Cuentas por cobrar,Deudores,,,,
257,FIC INMOBILIARIO DE RENTA DAVIVIENDA CORREDORES,182715010,VALORACION DE PROPIEDADES DE INVERSION,,,1,99,PESOS,"128366666021,0","142402890930,0",,182715,Activo,,Activo no corriente,Activos Materiales,Valoracion de Propiedades de Inversión,,,,
257,FIC INMOBILIARIO DE RENTA DAVIVIENDA CORREDORES,192595005,IMPUESTO PREDIAL,,,1,99,PESOS,"0,0","2280288693,78",,192595,Activo,,Activo Corriente,Otros activos,Gatos pagados por anticipados,,,,
257,FIC INMOBILIARIO DE RENTA DAVIVIENDA CORREDORES,243505010,CRÉDITOS,,,1,99,PESOS,"-102077305523,62","-102077305523,62",,243505,Total pasivo + patrimonio,Pasivo,Pasivo Corriente,Créditos de bancos y otras obligaciones financieras,Otras obligaciones financieras,,,,
257,FIC INMOBILIARIO DE RENTA DAVIVIENDA CORREDORES,250225010,GASTOS FINANCIEROS,,,1,99,PESOS,"-716032644,38","-915467489,5",,250225,Total pasivo + patrimonio,Pasivo,Pasivo Corriente,Cuentas por pagar,Acreedores varios,,,,
257,FIC INMOBILIARIO DE RENTA DAVIVIENDA CORREDORES,250295050,OTROS - PROVEEDORES,"19066122,0",,1,99,PESOS,"-2562300,0","-2562300,0",,250295,Total pasivo + patrimonio,Pasivo,Pasivo Corriente,Cuentas por pagar,Acreedores varios,,,,
257,FIC INMOBILIARIO DE RENTA DAVIVIENDA CORREDORES,250295050,OTROS - PROVEEDORES,"800182091,0",,1,99,PESOS,"-0,55","0,0",,250295,Total pasivo + patrimonio,Pasivo,Pasivo Corriente,Cuentas por pagar,Acreedores varios,,,,
257,FIC INMOBILIARIO DE RENTA DAVIVIENDA CORREDORES,250295050,OTROS - PROVEEDORES,"830033457,0",,1,99,PESOS,"-770463,12","-770463,12",,250295,Total pasivo + patrimonio,Pasivo,Pasivo Corriente,Cuentas por pagar,Acreedores varios,,,,
257,FIC INMOBILIARIO DE RENTA DAVIVIENDA CORREDORES,250295050,OTROS - PROVEEDORES,"830069056,0",,1,99,PESOS,"-12419984,21","-12419983,66",,250295,Total pasivo + patrimonio,Pasivo,Pasivo Corriente,Cuentas por pagar,Acreedores varios,,,,
257,FIC INMOBILIARIO DE RENTA DAVIVIENDA CORREDORES,250295050,OTROS - PROVEEDORES,"830142201,0",,1,99,PESOS,"-0,36","-0,7",,250295,Total pasivo + patrimonio,Pasivo,Pasivo Corriente,Cuentas por pagar,Acreedores varios,,,,
257,FIC INMOBILIARIO DE RENTA DAVIVIENDA CORREDORES,250295050,OTROS - PROVEEDORES,"860005289,0",,1,99,PESOS,"-2423983,58","-2423983,96",,250295,Total pasivo + patrimonio,Pasivo,Pasivo Corriente,Cuentas por pagar,Acreedores varios,,,,
257,FIC INMOBILIARIO DE RENTA DAVIVIENDA CORREDORES,161695999,PROVEEDORES,"900520484,0",,1,99,PESOS,"2847000,0","2847000,0",,161695,Activo,,Activo Corriente,Cuentas por cobrar,Deudores,,,,
257,FIC INMOBILIARIO DE RENTA DAVIVIENDA CORREDORES,161695999,PROVEEDORES,"900704681,0",,1,99,PESOS,"290000,0","290000,0",,161695,Activo,,Activo Corriente,Cuentas por cobrar,Deudores,,,,
257,FIC INMOBILIARIO DE RENTA DAVIVIENDA CORREDORES,161695999,PROVEEDORES,"900814916,0",,1,99,PESOS,"0,06","0,06",,161695,Activo,,Activo Corriente,Cuentas por cobrar,Deudores,,,,
257,FIC INMOBILIARIO DE RENTA DAVIVIENDA CORREDORES,161695999,PROVEEDORES,"901024828,0",,1,99,PESOS,"620000,0","620000,0",,161695,Activo,,Activo Corriente,Cuentas por cobrar,Deudores,,,,
257,FIC INMOBILIARIO DE RENTA DAVIVIENDA CORREDORES,161695999,PROVEEDORES,"901067494,0",,1,99,PESOS,"58,0","58,0",,161695,Activo,,Activo Corriente,Cuentas por cobrar,Deudores,,,,
257,FIC INMOBILIARIO DE RENTA DAVIVIENDA CORREDORES,163035020,IVA DESCONTABLE 19%,"19055958,0",,1,99,PESOS,"540930,0","540930,0",,163035,Activo,,Activo Corriente,Cuentas por cobrar,Deudores,,,,
257,FIC INMOBILIARIO DE RENTA DAVIVIENDA CORREDORES,163035020,IVA DESCONTABLE 19%,"800155413,0",,1,99,PESOS,"2523560,62","4087118,5",,163035,Activo,,Activo Corriente,Cuentas por cobrar,Deudores,,,,
257,FIC INMOBILIARIO DE RENTA DAVIVIENDA CORREDORES,163035020,IVA DESCONTABLE 19%,"800220717,0",,1,99,PESOS,"0,0","155610,0",,163035,Activo,,Activo Corriente,Cuentas por cobrar,Deudores,,,,
257,FIC INMOBILIARIO DE RENTA DAVIVIENDA CORREDORES,163035020,IVA DESCONTABLE 19%,"830066664,0",,1,99,PESOS,"0,0","3762000,0",,163035,Activo,,Activo Corriente,Cuentas por cobrar,Deudores,,,,
257,FIC INMOBILIARIO DE RENTA DAVIVIENDA CORREDORES,163035020,IVA DESCONTABLE 19%,"830080368,0",,1,99,PESOS,"14914103,01","28111810,81",,163035,Activo,,Activo Corriente,Cuentas por cobrar,Deudores,,,,
257,FIC INMOBILIARIO DE RENTA DAVIVIENDA CORREDORES,163035020,IVA DESCONTABLE 19%,"830085426,0",,1,99,PESOS,"13250600,0","34948600,0",,163035,Activo,,Activo Corriente,Cuentas por cobrar,Deudores,,,,
257,FIC INMOBILIARIO DE RENTA DAVIVIENDA CORREDORES,163035020,IVA DESCONTABLE 19%,"830136915,0",,1,99,PESOS,"5792694,54","6596109,54",,163035,Activo,,Activo Corriente,Cuentas por cobrar,Deudores,,,,
257,FIC INMOBILIARIO DE RENTA DAVIVIENDA CORREDORES,163035020,IVA DESCONTABLE 19%,"860006392,0",,1,99,PESOS,"1311000,0","1311000,0",,163035,Activo,,Activo Corriente,Cuentas por cobrar,Deudores,,,,
257,FIC INMOBILIARIO DE RENTA DAVIVIENDA CORREDORES,163035020,IVA DESCONTABLE 19%,"860007324,0",,1,99,PESOS,"255360,0","255360,0",,163035,Activo,,Activo Corriente,Cuentas por cobrar,Deudores,,,,
257,FIC INMOBILIARIO DE RENTA DAVIVIENDA CORREDORES,163035020,IVA DESCONTABLE 19%,"860034313,0",,1,99,PESOS,"868062,69","868062,69",,163035,Activo,,Activo Corriente,Cuentas por cobrar,Deudores,,,,
257,FIC INMOBILIARIO DE RENTA DAVIVIENDA CORREDORES,163035020,IVA DESCONTABLE 19%,"860038933,0",,1,99,PESOS,"19098494,67","27616282,07",,163035,Activo,,Activo Corriente,Cuentas por cobrar,Deudores,,,,
257,FIC INMOBILIARIO DE RENTA DAVIVIENDA CORREDORES,163035020,IVA DESCONTABLE 19%,"860518583,0",,1,99,PESOS,"12342400,0","20056400,0",,163035,Activo,,Activo Corriente,Cuentas por cobrar,Deudores,,,,
257,FIC INMOBILIARIO DE RENTA DAVIVIENDA CORREDORES,163035020,IVA DESCONTABLE 19%,"890301839,0",,1,99,PESOS,"0,0","1499890,02",,163035,Activo,,Activo Corriente,Cuentas por cobrar,Deudores,,,,
257,FIC INMOBILIARIO DE RENTA DAVIVIENDA CORREDORES,163035020,IVA DESCONTABLE 19%,"900009495,0",,1,99,PESOS,"74858,1","470207,06",,163035,Activo,,Activo Corriente,Cuentas por cobrar,Deudores,,,,
257,FIC INMOBILIARIO DE RENTA DAVIVIENDA CORREDORES,163035020,IVA DESCONTABLE 19%,"900050036,0",,1,99,PESOS,"3961500,0","5158500,0",,163035,Activo,,Activo Corriente,Cuentas por cobrar,Deudores,,,,
257,FIC INMOBILIARIO DE RENTA DAVIVIENDA CORREDORES,163035020,IVA DESCONTABLE 19%,"900129333,0",,1,99,PESOS,"509217,48","929497,48",,163035,Activo,,Activo Corriente,Cuentas por cobrar,Deudores,,,,
257,FIC INMOBILIARIO DE RENTA DAVIVIENDA CORREDORES,163035020,IVA DESCONTABLE 19%,"900193055,0",,1,99,PESOS,"3005268,0","4049698,0",,163035,Activo,,Activo Corriente,Cuentas por cobrar,Deudores,,,,
257,FIC INMOBILIARIO DE RENTA DAVIVIENDA CORREDORES,163035020,IVA DESCONTABLE 19%,"900405835,0",,1,99,PESOS,"0,0","5605000,0",,163035,Activo,,Activo Corriente,Cuentas por cobrar,Deudores,,,,
257,FIC INMOBILIARIO DE RENTA DAVIVIENDA CORREDORES,163035020,IVA DESCONTABLE 19%,"900538663,0",,1,99,PESOS,"3850566,6","5567340,1",,163035,Activo,,Activo Corriente,Cuentas por cobrar,Deudores,,,,
257,FIC INMOBILIARIO DE RENTA DAVIVIENDA CORREDORES,163035020,IVA DESCONTABLE 19%,"900559548,0",,1,99,PESOS,"798000,0","798000,0",,163035,Activo,,Activo Corriente,Cuentas por cobrar,Deudores,,,,
257,FIC INMOBILIARIO DE RENTA DAVIVIENDA CORREDORES,163035020,IVA DESCONTABLE 19%,"900562460,0",,1,99,PESOS,"14284253,01","14284253,01",,163035,Activo,,Activo Corriente,Cuentas por cobrar,Deudores,,,,
257,FIC INMOBILIARIO DE RENTA DAVIVIENDA CORREDORES,163035020,IVA DESCONTABLE 19%,"900704681,0",,1,99,PESOS,"1997565,0","3461872,2",,163035,Activo,,Activo Corriente,Cuentas por cobrar,Deudores,,,,
257,FIC INMOBILIARIO DE RENTA DAVIVIENDA CORREDORES,163035020,IVA DESCONTABLE 19%,"900777292,0",,1,99,PESOS,"281200,0","281200,0",,163035,Activo,,Activo Corriente,Cuentas por cobrar,Deudores,,,,
257,FIC INMOBILIARIO DE RENTA DAVIVIENDA CORREDORES,163035020,IVA DESCONTABLE 19%,"900806889,0",,1,99,PESOS,"8156700,0","9063000,0",,163035,Activo,,Activo Corriente,Cuentas por cobrar,Deudores,,,,
257,FIC INMOBILIARIO DE RENTA DAVIVIENDA CORREDORES,163035020,IVA DESCONTABLE 19%,"900938808,0",,1,99,PESOS,"0,0","698915,0",,163035,Activo,,Activo Corriente,Cuentas por cobrar,Deudores,,,,
257,FIC INMOBILIARIO DE RENTA DAVIVIENDA CORREDORES,163035020,IVA DESCONTABLE 19%,"900991938,0",,1,99,PESOS,"494393,3","1842633,3",,163035,Activo,,Activo Corriente,Cuentas por cobrar,Deudores,,,,
257,FIC INMOBILIARIO DE RENTA DAVIVIENDA CORREDORES,163035020,IVA DESCONTABLE 19%,"901000911,0",,1,99,PESOS,"201974,75","201974,75",,163035,Activo,,Activo Corriente,Cuentas por cobrar,Deudores,,,,
257,FIC INMOBILIARIO DE RENTA DAVIVIENDA CORREDORES,163035020,IVA DESCONTABLE 19%,"901022772,0",,1,99,PESOS,"3293390,65","3592640,65",,163035,Activo,,Activo Corriente,Cuentas por cobrar,Deudores,,,,
257,FIC INMOBILIARIO DE RENTA DAVIVIENDA CORREDORES,163035020,IVA DESCONTABLE 19%,"901023283,0",,1,99,PESOS,"101650,0","101650,0",,163035,Activo,,Activo Corriente,Cuentas por cobrar,Deudores,,,,
257,FIC INMOBILIARIO DE RENTA DAVIVIENDA CORREDORES,163035020,IVA DESCONTABLE 19%,"901024828,0",,1,99,PESOS,"117800,0","117800,0",,163035,Activo,,Activo Corriente,Cuentas por cobrar,Deudores,,,,
257,FIC INMOBILIARIO DE RENTA DAVIVIENDA CORREDORES,163035020,IVA DESCONTABLE 19%,"901067494,0",,1,99,PESOS,"1669182,3","1669182,3",,163035,Activo,,Activo Corriente,Cuentas por cobrar,Deudores,,,,
257,FIC INMOBILIARIO DE RENTA DAVIVIENDA CORREDORES,163035020,IVA DESCONTABLE 19%,"901220744,0",,1,99,PESOS,"1176100,0","1176100,0",,163035,Activo,,Activo Corriente,Cuentas por cobrar,Deudores,,,,
257,FIC INMOBILIARIO DE RENTA DAVIVIENDA CORREDORES,163035020,IVA DESCONTABLE 19%,"901229729,0",,1,99,PESOS,"1410750,0","1410750,0",,163035,Activo,,Activo Corriente,Cuentas por cobrar,Deudores,,,,
257,FIC INMOBILIARIO DE RENTA DAVIVIENDA CORREDORES,163035020,IVA DESCONTABLE 19%,"901272339,0",,1,99,PESOS,"0,0","912064,6",,163035,Activo,,Activo Corriente,Cuentas por cobrar,Deudores,,,,
257,FIC INMOBILIARIO DE RENTA DAVIVIENDA CORREDORES,163035020,IVA DESCONTABLE 19%,"901317525,0",,1,99,PESOS,"944262,0","1612530,0",,163035,Activo,,Activo Corriente,Cuentas por cobrar,Deudores,,,,
257,FIC INMOBILIARIO DE RENTA DAVIVIENDA CORREDORES,250295050,OTROS - PROVEEDORES,"860038933,0",,1,99,PESOS,"-15132960,0","-15132959,17",,250295,Total pasivo + patrimonio,Pasivo,Pasivo Corriente,Cuentas por pagar,Acreedores varios,,,,
257,FIC INMOBILIARIO DE RENTA DAVIVIENDA CORREDORES,250295050,OTROS - PROVEEDORES,"860079174,0",,1,99,PESOS,"97653361,0","97653361,0",,250295,Total pasivo + patrimonio,Pasivo,Pasivo Corriente,Cuentas por pagar,Acreedores varios,,,,
257,FIC INMOBILIARIO DE RENTA DAVIVIENDA CORREDORES,250295050,OTROS - PROVEEDORES,"890903407,0",,1,99,PESOS,"-19531555,93","-19531555,93",,250295,Total pasivo + patrimonio,Pasivo,Pasivo Corriente,Cuentas por pagar,Acreedores varios,,,,
257,FIC INMOBILIARIO DE RENTA DAVIVIENDA CORREDORES,250295050,OTROS - PROVEEDORES,"900038616,0",,1,99,PESOS,"-0,36","-0,36",,250295,Total pasivo + patrimonio,Pasivo,Pasivo Corriente,Cuentas por pagar,Acreedores varios,,,,
257,FIC INMOBILIARIO DE RENTA DAVIVIENDA CORREDORES,250295050,OTROS - PROVEEDORES,"900451263,0",,1,99,PESOS,"-364166,16","-364166,16",,250295,Total pasivo + patrimonio,Pasivo,Pasivo Corriente,Cuentas por pagar,Acreedores varios,,,,
257,FIC INMOBILIARIO DE RENTA DAVIVIENDA CORREDORES,250295050,OTROS - PROVEEDORES,"900520484,0",,1,99,PESOS,"-3387929,28","-3387929,49",,250295,Total pasivo + patrimonio,Pasivo,Pasivo Corriente,Cuentas por pagar,Acreedores varios,,,,
257,FIC INMOBILIARIO DE RENTA DAVIVIENDA CORREDORES,250295050,OTROS - PROVEEDORES,"900538663,0",,1,99,PESOS,"-0,1","-0,1",,250295,Total pasivo + patrimonio,Pasivo,Pasivo Corriente,Cuentas por pagar,Acreedores varios,,,,
257,FIC INMOBILIARIO DE RENTA DAVIVIENDA CORREDORES,250295050,OTROS - PROVEEDORES,"900820404,0",,1,99,PESOS,"-4610304,0","-4610304,0",,250295,Total pasivo + patrimonio,Pasivo,Pasivo Corriente,Cuentas por pagar,Acreedores varios,,,,
257,FIC INMOBILIARIO DE RENTA DAVIVIENDA CORREDORES,250295050,OTROS - PROVEEDORES,"900893092,0",,1,99,PESOS,"0,0","-0,49",,250295,Total pasivo + patrimonio,Pasivo,Pasivo Corriente,Cuentas por pagar,Acreedores varios,,,,
257,FIC INMOBILIARIO DE RENTA DAVIVIENDA CORREDORES,250295050,OTROS - PROVEEDORES,"901024828,0",,1,99,PESOS,"-722300,0","-722300,0",,250295,Total pasivo + patrimonio,Pasivo,Pasivo Corriente,Cuentas por pagar,Acreedores varios,,,,
257,FIC INMOBILIARIO DE RENTA DAVIVIENDA CORREDORES,250295050,OTROS - PROVEEDORES,"901121826,0",,1,99,PESOS,"-0,07","-0,07",,250295,Total pasivo + patrimonio,Pasivo,Pasivo Corriente,Cuentas por pagar,Acreedores varios,,,,
257,FIC INMOBILIARIO DE RENTA DAVIVIENDA CORREDORES,250295050,OTROS - PROVEEDORES,"901451263,0",,1,99,PESOS,"-1671922,9","-1671922,9",,250295,Total pasivo + patrimonio,Pasivo,Pasivo Corriente,Cuentas por pagar,Acreedores varios,,,,
257,FIC INMOBILIARIO DE RENTA DAVIVIENDA CORREDORES,250305020,RETENCIÓN PROVEEDORES,"19055958,0",,1,99,PESOS,"-313170,0","-313170,0",,250305,Total pasivo + patrimonio,Pasivo,Pasivo Corriente,Cuentas por pagar,Impuestos,,,,
257,FIC INMOBILIARIO DE RENTA DAVIVIENDA CORREDORES,250305020,RETENCIÓN PROVEEDORES,"860045700,0",,1,99,PESOS,"-133068,0","-133068,0",,250305,Total pasivo + patrimonio,Pasivo,Pasivo Corriente,Cuentas por pagar,Impuestos,,,,
257,FIC INMOBILIARIO DE RENTA DAVIVIENDA CORREDORES,250305020,RETENCIÓN PROVEEDORES,"860079174,0",,1,99,PESOS,"4896937,22","4896937,22",,250305,Total pasivo + patrimonio,Pasivo,Pasivo Corriente,Cuentas por pagar,Impuestos,,,,
257,FIC INMOBILIARIO DE RENTA DAVIVIENDA CORREDORES,250305020,RETENCIÓN PROVEEDORES,"900451263,0",,1,99,PESOS,"-12663,68","-12663,68",,250305,Total pasivo + patrimonio,Pasivo,Pasivo Corriente,Cuentas por pagar,Impuestos,,,,
257,FIC INMOBILIARIO DE RENTA DAVIVIENDA CORREDORES,250305020,RETENCIÓN PROVEEDORES,"900820404,0",,1,99,PESOS,"-160358,4","-160358,4",,250305,Total pasivo + patrimonio,Pasivo,Pasivo Corriente,Cuentas por pagar,Impuestos,,,,
257,FIC INMOBILIARIO DE RENTA DAVIVIENDA CORREDORES,253105110,CUENTA COMPENSACION,,,1,99,PESOS,"-5329040824,31","-3745839060,11",,253105,Total pasivo + patrimonio,Pasivo,Pasivo Corriente,Cuentas por pagar,Acreedores varios,,,,
257,FIC INMOBILIARIO DE RENTA DAVIVIENDA CORREDORES,411495004,(FIR) BANCOLOMBIA Cau No.03151159060,,,1,99,PESOS,"0,0","-95622821,96",,411495,Total pasivo + patrimonio,Patrimonio,Utilidad o perdida del ejercicio,Ingresos ordinarios,Otros rendimientos financieros,,,,
257,FIC INMOBILIARIO DE RENTA DAVIVIENDA CORREDORES,411495005,(FIR) Occidente CTA AH 219885902,,,1,99,PESOS,"0,0","-14347,91",,411495,Total pasivo + patrimonio,Patrimonio,Utilidad o perdida del ejercicio,Ingresos ordinarios,Otros rendimientos financieros,,,,
257,FIC INMOBILIARIO DE RENTA DAVIVIENDA CORREDORES,411495006,(FIR) BANCO SUDAMERIS CTA AH 91000023490,,,1,99,PESOS,"0,0","-525765721,03",,411495,Total pasivo + patrimonio,Patrimonio,Utilidad o perdida del ejercicio,Ingresos ordinarios,Otros rendimientos financieros,,,,
257,FIC INMOBILIARIO DE RENTA DAVIVIENDA CORREDORES,411495008,(FIR) OCCIDENTE Cau No.288857402,,,1,99,PESOS,"0,0","-293327,59",,411495,Total pasivo + patrimonio,Patrimonio,Utilidad o perdida del ejercicio,Ingresos ordinarios,Otros rendimientos financieros,,,,
257,FIC INMOBILIARIO DE RENTA DAVIVIENDA CORREDORES,411495015,RENDIMIENTOS INVERSIONES EN FICS,,,1,99,PESOS,"0,0","-181691411,7",,411495,Total pasivo + patrimonio,Patrimonio,Utilidad o perdida del ejercicio,Ingresos ordinarios,Otros rendimientos financieros,,,,
257,FIC INMOBILIARIO DE RENTA DAVIVIENDA CORREDORES,411495019,(FIR) BANCOLOMBIA CTA No. 69000008139,,,1,99,PESOS,"0,0","-6184399,12",,411495,Total pasivo + patrimonio,Patrimonio,Utilidad o perdida del ejercicio,Ingresos ordinarios,Otros rendimientos financieros,,,,
257,FIC INMOBILIARIO DE RENTA DAVIVIENDA CORREDORES,411495999,OTROS,,,1,99,PESOS,"0,0","-31,35",,411495,Total pasivo + patrimonio,Patrimonio,Utilidad o perdida del ejercicio,Ingresos ordinarios,Otros rendimientos financieros,,,,
257,FIC INMOBILIARIO DE RENTA DAVIVIENDA CORREDORES,414515010,ARRENDAMIENTO INMUEBLES IVA 19%,,,1,99,PESOS,"0,0","-16965781537,25",,414515,Total pasivo + patrimonio,Patrimonio,Utilidad o perdida del ejercicio,Ingresos ordinarios,Arrendamientos,,,,
257,FIC INMOBILIARIO DE RENTA DAVIVIENDA CORREDORES,414515020,ARRENDAMIENTO INMUEBLES NO GRAVADOS,,,1,99,PESOS,"0,0","-1591347956,0",,414515,Total pasivo + patrimonio,Patrimonio,Utilidad o perdida del ejercicio,Ingresos ordinarios,Arrendamientos,,,,
257,FIC INMOBILIARIO DE RENTA DAVIVIENDA CORREDORES,419595110,ADMINISTRACION PH,,,1,99,PESOS,"0,0","-507203064,78",,419595,Total pasivo + patrimonio,Patrimonio,Utilidad o perdida del ejercicio,Ingresos ordinarios,Valoración Propiedades de Inversión,,,,
257,FIC INMOBILIARIO DE RENTA DAVIVIENDA CORREDORES,510310010,CRÉDITOS BANCOS,,,1,99,PESOS,"0,0","3839869126,67",,510310,Total pasivo + patrimonio,Patrimonio,Utilidad o perdida del ejercicio,Costos y gastos,Gastos de operaciones,Credito bancos,,,
257,FIC INMOBILIARIO DE RENTA DAVIVIENDA CORREDORES,511512010,GASTOS BANCARIOS                        ,,,1,99,PESOS,"0,0","9300762,27",,511512,Total pasivo + patrimonio,Patrimonio,Utilidad o perdida del ejercicio,Costos y gastos,Gastos de operaciones,Gastos bancarios,,,
257,FIC INMOBILIARIO DE RENTA DAVIVIENDA CORREDORES,511548010,COMISION DE ADMINISTRACION,,,1,99,PESOS,"0,0","7006620610,4",,511548,Total pasivo + patrimonio,Patrimonio,Utilidad o perdida del ejercicio,Costos y gastos,Gastos de operaciones,Comisión administración,,,
257,FIC INMOBILIARIO DE RENTA DAVIVIENDA CORREDORES,513095010,HONORARIOS MTS,,,1,99,PESOS,"0,0","455740924,0",,513095,Total pasivo + patrimonio,Patrimonio,Utilidad o perdida del ejercicio,Costos y gastos,Gastos de operaciones,Otros honorarios,,,
257,FIC INMOBILIARIO DE RENTA DAVIVIENDA CORREDORES,513095090,OTROS,,,1,99,PESOS,"0,0","1237178713,71",,513095,Total pasivo + patrimonio,Patrimonio,Utilidad o perdida del ejercicio,Costos y gastos,Gastos de operaciones,Otros honorarios,,,
257,FIC INMOBILIARIO DE RENTA DAVIVIENDA CORREDORES,515525010,SEGURO DE RESPONSABILIDAD CIVIL,,,1,99,PESOS,"0,0","250184639,0",,515525,Total pasivo + patrimonio,Patrimonio,Utilidad o perdida del ejercicio,Costos y gastos,Gastos de operaciones,Seguros,,,
257,FIC INMOBILIARIO DE RENTA DAVIVIENDA CORREDORES,516070010,PROPIEDADES DE INVERSIÓN,,,1,99,PESOS,"0,0","2355538282,14",,516070,Total pasivo + patrimonio,Patrimonio,Utilidad o perdida del ejercicio,Costos y gastos,Gastos de operaciones,Mantenimiento propiedades de inversion,,,
257,FIC INMOBILIARIO DE RENTA DAVIVIENDA CORREDORES,519095045,OTROS GTOS OPERACIONALES,,,1,99,PESOS,"0,0","13231960,0",,519095,Total pasivo + patrimonio,Patrimonio,Utilidad o perdida del ejercicio,Costos y gastos,Gastos de operaciones,Otros gastos de operación,,,
257,FIC INMOBILIARIO DE RENTA DAVIVIENDA CORREDORES,519095999,OTROS,,,1,99,PESOS,"0,0","647083,11",,519095,Total pasivo + patrimonio,Patrimonio,Utilidad o perdida del ejercicio,Costos y gastos,Gastos de operaciones,Otros gastos de operación,,,
257,FIC INMOBILIARIO DE RENTA DAVIVIENDA CORREDORES,810505205,EMISORES NACIONALES                     ,,,1,99,PESOS,"697616530839,46","706820105630,23",,810505,,,,,,,,,
273,FCP INMOBILIARIO GRUPO PEGASUS COLOMBIA FONDO I - COMPARTIMENTO I,111505010,(PG) Bancolombia Cta No. 03183436880,,,1,99,PESOS,"6041414005,75","18804681,57",,111505,Activo,,Activo Corriente,Efectivo y equivales de efectivo,Bancos nacionales,,,Disponible,
273,FCP INMOBILIARIO GRUPO PEGASUS COLOMBIA FONDO I - COMPARTIMENTO I,111505012,(PG) BANCOLOMBIA Cta No.69000001717,,,1,99,PESOS,"409972,94","444997,66",,111505,Activo,,Activo Corriente,Efectivo y equivales de efectivo,Bancos nacionales,,,Disponible,
257,FIC INMOBILIARIO DE RENTA DAVIVIENDA CORREDORES,163035020,IVA DESCONTABLE 19%,"901435784,0",,1,99,PESOS,"256500,0","256500,0",,163035,Activo,,Activo Corriente,Cuentas por cobrar,Deudores,,,,
257,FIC INMOBILIARIO DE RENTA DAVIVIENDA CORREDORES,163035020,IVA DESCONTABLE 19%,"901451263,0",,1,99,PESOS,"2657953,32","4150081,27",,163035,Activo,,Activo Corriente,Cuentas por cobrar,Deudores,,,,
257,FIC INMOBILIARIO DE RENTA DAVIVIENDA CORREDORES,163035020,IVA DESCONTABLE 19%,"901525241,0",,1,99,PESOS,"4100200,0","4100200,0",,163035,Activo,,Activo Corriente,Cuentas por cobrar,Deudores,,,,
257,FIC INMOBILIARIO DE RENTA DAVIVIENDA CORREDORES,163035020,IVA DESCONTABLE 19%,"901586122,0",,1,99,PESOS,"2755470,06","8269111,41",,163035,Activo,,Activo Corriente,Cuentas por cobrar,Deudores,,,,
257,FIC INMOBILIARIO DE RENTA DAVIVIENDA CORREDORES,163035020,IVA DESCONTABLE 19%,"901615645,0",,1,99,PESOS,"148200,0","148200,0",,163035,Activo,,Activo Corriente,Cuentas por cobrar,Deudores,,,,
257,FIC INMOBILIARIO DE RENTA DAVIVIENDA CORREDORES,163035020,IVA DESCONTABLE 19%,"901703520,0",,1,99,PESOS,"20653000,0","20653000,0",,163035,Activo,,Activo Corriente,Cuentas por cobrar,Deudores,,,,
257,FIC INMOBILIARIO DE RENTA DAVIVIENDA CORREDORES,163035020,IVA DESCONTABLE 19%,"901745377,0",,1,99,PESOS,"157700,0","157700,0",,163035,Activo,,Activo Corriente,Cuentas por cobrar,Deudores,,,,
257,FIC INMOBILIARIO DE RENTA DAVIVIENDA CORREDORES,163035020,IVA DESCONTABLE 19%,"901859451,0",,1,99,PESOS,"1045000,0","1045000,0",,163035,Activo,,Activo Corriente,Cuentas por cobrar,Deudores,,,,
257,FIC INMOBILIARIO DE RENTA DAVIVIENDA CORREDORES,182705010,PROPIEDADES DE INVERSION,,,1,99,PESOS,"379312306870,0","376333902935,0",,182705,Activo,,Activo no corriente,Activos Materiales,Propiedades de Inversión,,,,
257,FIC INMOBILIARIO DE RENTA DAVIVIENDA CORREDORES,250110015,COMISION DE ADMINISTRACION,,,1,99,PESOS,"-91079843,87","-140925850,48",,250110,Total pasivo + patrimonio,Pasivo,Pasivo Corriente,Cuentas por pagar,Comision de administracion.,,,,
257,FIC INMOBILIARIO DE RENTA DAVIVIENDA CORREDORES,250295050,OTROS - PROVEEDORES,"19055958,0",,1,99,PESOS,"-3074760,0","-3074760,0",,250295,Total pasivo + patrimonio,Pasivo,Pasivo Corriente,Cuentas por pagar,Acreedores varios,,,,
257,FIC INMOBILIARIO DE RENTA DAVIVIENDA CORREDORES,250295050,OTROS - PROVEEDORES,"830080368,0",,1,99,PESOS,"-12895652,67","-12895652,97",,250295,Total pasivo + patrimonio,Pasivo,Pasivo Corriente,Cuentas por pagar,Acreedores varios,,,,
257,FIC INMOBILIARIO DE RENTA DAVIVIENDA CORREDORES,250295050,OTROS - PROVEEDORES,"860000846,0",,1,99,PESOS,"0,0","-0,01",,250295,Total pasivo + patrimonio,Pasivo,Pasivo Corriente,Cuentas por pagar,Acreedores varios,,,,
257,FIC INMOBILIARIO DE RENTA DAVIVIENDA CORREDORES,250295050,OTROS - PROVEEDORES,"860045700,0",,1,99,PESOS,"-3825705,0","-3825705,0",,250295,Total pasivo + patrimonio,Pasivo,Pasivo Corriente,Cuentas por pagar,Acreedores varios,,,,
257,FIC INMOBILIARIO DE RENTA DAVIVIENDA CORREDORES,250295050,OTROS - PROVEEDORES,"900009495,0",,1,99,PESOS,"-0,1","-0,1",,250295,Total pasivo + patrimonio,Pasivo,Pasivo Corriente,Cuentas por pagar,Acreedores varios,,,,
257,FIC INMOBILIARIO DE RENTA DAVIVIENDA CORREDORES,250295050,OTROS - PROVEEDORES,"900129333,0",,1,99,PESOS,"-342456,2","-342456,2",,250295,Total pasivo + patrimonio,Pasivo,Pasivo Corriente,Cuentas por pagar,Acreedores varios,,,,
257,FIC INMOBILIARIO DE RENTA DAVIVIENDA CORREDORES,250295050,OTROS - PROVEEDORES,"900383170,0",,1,99,PESOS,"-3066828,1","-3066828,1",,250295,Total pasivo + patrimonio,Pasivo,Pasivo Corriente,Cuentas por pagar,Acreedores varios,,,,
257,FIC INMOBILIARIO DE RENTA DAVIVIENDA CORREDORES,250295050,OTROS - PROVEEDORES,"900388312,0",,1,99,PESOS,"-4833450,0","-4833450,0",,250295,Total pasivo + patrimonio,Pasivo,Pasivo Corriente,Cuentas por pagar,Acreedores varios,,,,
257,FIC INMOBILIARIO DE RENTA DAVIVIENDA CORREDORES,250295050,OTROS - PROVEEDORES,"900470621,0",,1,99,PESOS,"-4612140,0","-4612140,0",,250295,Total pasivo + patrimonio,Pasivo,Pasivo Corriente,Cuentas por pagar,Acreedores varios,,,,
257,FIC INMOBILIARIO DE RENTA DAVIVIENDA CORREDORES,250295050,OTROS - PROVEEDORES,"900559548,0",,1,99,PESOS,"-1071000,0","-1071000,0",,250295,Total pasivo + patrimonio,Pasivo,Pasivo Corriente,Cuentas por pagar,Acreedores varios,,,,
257,FIC INMOBILIARIO DE RENTA DAVIVIENDA CORREDORES,250295050,OTROS - PROVEEDORES,"900704681,0",,1,99,PESOS,"-333498,3","-333498,3",,250295,Total pasivo + patrimonio,Pasivo,Pasivo Corriente,Cuentas por pagar,Acreedores varios,,,,
257,FIC INMOBILIARIO DE RENTA DAVIVIENDA CORREDORES,250295050,OTROS - PROVEEDORES,"901272339,0",,1,99,PESOS,"0,0","-0,2",,250295,Total pasivo + patrimonio,Pasivo,Pasivo Corriente,Cuentas por pagar,Acreedores varios,,,,
257,FIC INMOBILIARIO DE RENTA DAVIVIENDA CORREDORES,250295050,OTROS - PROVEEDORES,"901586122,0",,1,99,PESOS,"-0,01","-0,01",,250295,Total pasivo + patrimonio,Pasivo,Pasivo Corriente,Cuentas por pagar,Acreedores varios,,,,
257,FIC INMOBILIARIO DE RENTA DAVIVIENDA CORREDORES,250305020,RETENCIÓN PROVEEDORES,"19066122,0",,1,99,PESOS,"-284700,0","-284700,0",,250305,Total pasivo + patrimonio,Pasivo,Pasivo Corriente,Cuentas por pagar,Impuestos,,,,
257,FIC INMOBILIARIO DE RENTA DAVIVIENDA CORREDORES,250305020,RETENCIÓN PROVEEDORES,"830069056,0",,1,99,PESOS,"-1261396,12","-1261395,92",,250305,Total pasivo + patrimonio,Pasivo,Pasivo Corriente,Cuentas por pagar,Impuestos,,,,
257,FIC INMOBILIARIO DE RENTA DAVIVIENDA CORREDORES,250305020,RETENCIÓN PROVEEDORES,"830080368,0",,1,99,PESOS,"-448547,76","-448547,76",,250305,Total pasivo + patrimonio,Pasivo,Pasivo Corriente,Cuentas por pagar,Impuestos,,,,
257,FIC INMOBILIARIO DE RENTA DAVIVIENDA CORREDORES,250305020,RETENCIÓN PROVEEDORES,"830142201,0",,1,99,PESOS,"0,0","-40,0",,250305,Total pasivo + patrimonio,Pasivo,Pasivo Corriente,Cuentas por pagar,Impuestos,,,,
257,FIC INMOBILIARIO DE RENTA DAVIVIENDA CORREDORES,250305020,RETENCIÓN PROVEEDORES,"860038933,0",,1,99,PESOS,"-1541320,0","-1541280,0",,250305,Total pasivo + patrimonio,Pasivo,Pasivo Corriente,Cuentas por pagar,Impuestos,,,,
257,FIC INMOBILIARIO DE RENTA DAVIVIENDA CORREDORES,250305020,RETENCIÓN PROVEEDORES,"900129333,0",,1,99,PESOS,"-11911,52","-11911,52",,250305,Total pasivo + patrimonio,Pasivo,Pasivo Corriente,Cuentas por pagar,Impuestos,,,,
257,FIC INMOBILIARIO DE RENTA DAVIVIENDA CORREDORES,250305020,RETENCIÓN PROVEEDORES,"900383170,0",,1,99,PESOS,"-3069,9","-3069,9",,250305,Total pasivo + patrimonio,Pasivo,Pasivo Corriente,Cuentas por pagar,Impuestos,,,,
257,FIC INMOBILIARIO DE RENTA DAVIVIENDA CORREDORES,250305020,RETENCIÓN PROVEEDORES,"900388312,0",,1,99,PESOS,"-168120,0","-168120,0",,250305,Total pasivo + patrimonio,Pasivo,Pasivo Corriente,Cuentas por pagar,Impuestos,,,,
257,FIC INMOBILIARIO DE RENTA DAVIVIENDA CORREDORES,250305020,RETENCIÓN PROVEEDORES,"900470621,0",,1,99,PESOS,"-469755,0","-469755,0",,250305,Total pasivo + patrimonio,Pasivo,Pasivo Corriente,Cuentas por pagar,Impuestos,,,,
257,FIC INMOBILIARIO DE RENTA DAVIVIENDA CORREDORES,250305020,RETENCIÓN PROVEEDORES,"900538663,0",,1,99,PESOS,"-3603,0","-3603,0",,250305,Total pasivo + patrimonio,Pasivo,Pasivo Corriente,Cuentas por pagar,Impuestos,,,,
257,FIC INMOBILIARIO DE RENTA DAVIVIENDA CORREDORES,250305020,RETENCIÓN PROVEEDORES,"900704681,0",,1,99,PESOS,"-11600,0","-11600,2",,250305,Total pasivo + patrimonio,Pasivo,Pasivo Corriente,Cuentas por pagar,Impuestos,,,,
257,FIC INMOBILIARIO DE RENTA DAVIVIENDA CORREDORES,250305020,RETENCIÓN PROVEEDORES,"901024828,0",,1,99,PESOS,"-15500,0","-15500,0",,250305,Total pasivo + patrimonio,Pasivo,Pasivo Corriente,Cuentas por pagar,Impuestos,,,,
257,FIC INMOBILIARIO DE RENTA DAVIVIENDA CORREDORES,250305020,RETENCIÓN PROVEEDORES,"901451263,0",,1,99,PESOS,"-58153,84","-58153,84",,250305,Total pasivo + patrimonio,Pasivo,Pasivo Corriente,Cuentas por pagar,Impuestos,,,,
257,FIC INMOBILIARIO DE RENTA DAVIVIENDA CORREDORES,250340010,SOBRE LAS VENTAS POR PAGAR 19%,,,1,99,PESOS,"-1346988891,52","-644782040,15",,250340,Total pasivo + patrimonio,Pasivo,Pasivo Corriente,Cuentas por pagar,Acreedores varios,,,,
257,FIC INMOBILIARIO DE RENTA DAVIVIENDA CORREDORES,352505010,PARTICIPACIONES EN FDO DE INVERSIÓN COLE,,,1,99,PESOS,"-1116525320814,87","-1151999370864,18",,352505,Total pasivo + patrimonio,Patrimonio,,Patrimonio especiales,Participaciones en fondos de inversión colectiva,,,,
257,FIC INMOBILIARIO DE RENTA DAVIVIENDA CORREDORES,410805300,EMISORES NACIONALES,,,1,99,PESOS,"0,0","-30734851878,84",,410805,Total pasivo + patrimonio,Patrimonio,Utilidad o perdida del ejercicio,Ingresos ordinarios,Por aumento en el valor de mercado Inst. de Pat.,,,,
257,FIC INMOBILIARIO DE RENTA DAVIVIENDA CORREDORES,411495001,(FIR) Davivienda CTA AH 005000311323,,,1,99,PESOS,"0,0","-1184260,31",,411495,Total pasivo + patrimonio,Patrimonio,Utilidad o perdida del ejercicio,Ingresos ordinarios,Otros rendimientos financieros,,,,
257,FIC INMOBILIARIO DE RENTA DAVIVIENDA CORREDORES,411495012,(FIR) Bco de Bogota Cta. Aho 049316169,,,1,99,PESOS,"0,0","-127830,0",,411495,Total pasivo + patrimonio,Patrimonio,Utilidad o perdida del ejercicio,Ingresos ordinarios,Otros rendimientos financieros,,,,
257,FIC INMOBILIARIO DE RENTA DAVIVIENDA CORREDORES,411495014,(FIR) Banco Popular Cta. 500804743994,,,1,99,PESOS,"0,0","-9167,54",,411495,Total pasivo + patrimonio,Patrimonio,Utilidad o perdida del ejercicio,Ingresos ordinarios,Otros rendimientos financieros,,,,
257,FIC INMOBILIARIO DE RENTA DAVIVIENDA CORREDORES,411495017,(FIR) Davivienda CTA AH 482800036030,,,1,99,PESOS,"0,0","-1444670,31",,411495,Total pasivo + patrimonio,Patrimonio,Utilidad o perdida del ejercicio,Ingresos ordinarios,Otros rendimientos financieros,,,,
257,FIC INMOBILIARIO DE RENTA DAVIVIENDA CORREDORES,411495018,(FIR) BANCO POPULAR CTA No. 500805563596,,,1,99,PESOS,"0,0","-217700,46",,411495,Total pasivo + patrimonio,Patrimonio,Utilidad o perdida del ejercicio,Ingresos ordinarios,Otros rendimientos financieros,,,,
257,FIC INMOBILIARIO DE RENTA DAVIVIENDA CORREDORES,419595120,INGRESO PARQUEADEROS OXO 69,,,1,99,PESOS,"0,0","-83434080,0",,419595,Total pasivo + patrimonio,Patrimonio,Utilidad o perdida del ejercicio,Ingresos ordinarios,Valoración Propiedades de Inversión,,,,
257,FIC INMOBILIARIO DE RENTA DAVIVIENDA CORREDORES,419595705,VALORACION PROPIEDADES DE INVERSION,,,1,99,PESOS,"0,0","-15595020489,0",,419595,Total pasivo + patrimonio,Patrimonio,Utilidad o perdida del ejercicio,Ingresos ordinarios,Valoración Propiedades de Inversión,,,,
257,FIC INMOBILIARIO DE RENTA DAVIVIENDA CORREDORES,511325010,COMISION CUSTODIA FIJA                  ,,,1,99,PESOS,"0,0","86243871,0",,511325,Total pasivo + patrimonio,Patrimonio,Utilidad o perdida del ejercicio,Costos y gastos,Gastos de operaciones,Comisión custodia fija,,,
257,FIC INMOBILIARIO DE RENTA DAVIVIENDA CORREDORES,511595015,COMISION ADMON FIDEICOMISOS,,,1,99,PESOS,"0,0","283921177,34",,511595,Total pasivo + patrimonio,Patrimonio,Utilidad o perdida del ejercicio,Costos y gastos,Gastos de operaciones,Comisión Bursatil,,,
257,FIC INMOBILIARIO DE RENTA DAVIVIENDA CORREDORES,511805010,NOTARIALES,,,1,99,PESOS,"0,0","38342594,77",,511805,Total pasivo + patrimonio,Patrimonio,Utilidad o perdida del ejercicio,Costos y gastos,Gastos de operaciones,Gastos legales,,,
257,FIC INMOBILIARIO DE RENTA DAVIVIENDA CORREDORES,513015003,REVISORIA FISCAL                        ,,,1,99,PESOS,"0,0","7557479,64",,513015,Total pasivo + patrimonio,Patrimonio,Utilidad o perdida del ejercicio,Costos y gastos,Gastos de operaciones,Revisoría Fiscal,,,
257,FIC INMOBILIARIO DE RENTA DAVIVIENDA CORREDORES,513025010,ASESORIAS LEGALES Y/O JURIDICAS,,,1,99,PESOS,"0,0","49567127,0",,513025,Total pasivo + patrimonio,Patrimonio,Utilidad o perdida del ejercicio,Costos y gastos,Gastos de operaciones,Asesoria Legal o Jurídica,,,
257,FIC INMOBILIARIO DE RENTA DAVIVIENDA CORREDORES,514005010,IMPUESTO A LOS MOVIMIENTOS FINANCIEROS  ,,,1,99,PESOS,"0,0","70275358,0",,514005,Total pasivo + patrimonio,Patrimonio,Utilidad o perdida del ejercicio,Costos y gastos,Gastos de operaciones,Gravamen a los movimientos financieros,Impuestos y tasas,,
257,FIC INMOBILIARIO DE RENTA DAVIVIENDA CORREDORES,514005020,IMPUESTOS PREDIAL,,,1,99,PESOS,"0,0","1614878314,28",,514005,Total pasivo + patrimonio,Patrimonio,Utilidad o perdida del ejercicio,Costos y gastos,Gastos de operaciones,Gravamen a los movimientos financieros,Impuestos y tasas,,
257,FIC INMOBILIARIO DE RENTA DAVIVIENDA CORREDORES,519025010,SERVICIOS PÚBLICOS,,,1,99,PESOS,"0,0","54785206,18",,519025,Total pasivo + patrimonio,Patrimonio,Utilidad o perdida del ejercicio,Costos y gastos,Gastos de operaciones,Otros gastos de operación,,,
257,FIC INMOBILIARIO DE RENTA DAVIVIENDA CORREDORES,519095070,GASTOS PARQUEADEROS OXO 69,,,1,99,PESOS,"0,0","46032415,0",,519095,Total pasivo + patrimonio,Patrimonio,Utilidad o perdida del ejercicio,Costos y gastos,Gastos de operaciones,Otros gastos de operación,,,
257,FIC INMOBILIARIO DE RENTA DAVIVIENDA CORREDORES,519095080,SERVICIO DE VIGILANCIA,,,1,99,PESOS,"0,0","316445724,38",,519095,Total pasivo + patrimonio,Patrimonio,Utilidad o perdida del ejercicio,Costos y gastos,Gastos de operaciones,Otros gastos de operación,,,
257,FIC INMOBILIARIO DE RENTA DAVIVIENDA CORREDORES,590505010,CANCELACION DE INGRESOS RF,,,1,99,PESOS,"0,0","7399867300,07",,590505,Total pasivo + patrimonio,Patrimonio,,,,,,,
257,FIC INMOBILIARIO DE RENTA DAVIVIENDA CORREDORES,590505015,CANCELACION DE INGRESOS RV,,,1,99,PESOS,"0,0","28074182749,56",,590505,Total pasivo + patrimonio,Patrimonio,,,,,,,
257,FIC INMOBILIARIO DE RENTA DAVIVIENDA CORREDORES,590505020,UTILIDAD/PERDIDA PAGADA EN REDENCIÓN,,,1,99,PESOS,"0,0","13079783276,63",,590505,Total pasivo + patrimonio,Patrimonio,,,,,,,
257,FIC INMOBILIARIO DE RENTA DAVIVIENDA CORREDORES,830505010,DEUDORAS POR CONTRA,,,1,99,PESOS,"-697616530839,46","-706820105630,23",,,,,,,,,,,
273,FCP INMOBILIARIO GRUPO PEGASUS COLOMBIA FONDO I - COMPARTIMENTO I,161695012,(PG) BANCOLOMBIA Cau No.69000001717,,,1,99,PESOS,"498,0","901,0",,161695,Activo,,Activo Corriente,Cuentas por cobrar,Deudores,,,,
273,FCP INMOBILIARIO GRUPO PEGASUS COLOMBIA FONDO I - COMPARTIMENTO I,192595015,COMISION DE GESTION,,,1,99,PESOS,"0,0","85858568,14",,192595,Activo,,Activo Corriente,Otros activos,Gatos pagados por anticipados,,,,
273,FCP INMOBILIARIO GRUPO PEGASUS COLOMBIA FONDO I - COMPARTIMENTO I,192595025,COMISION ADMINISTRACION                 ,,,1,99,PESOS,"0,0","15721808,56",,192595,Activo,,Activo Corriente,Otros activos,Gatos pagados por anticipados,,,,
273,FCP INMOBILIARIO GRUPO PEGASUS COLOMBIA FONDO I - COMPARTIMENTO I,352505010,PARTICIPACIONES EN FDO DE INVERSIÓN COLE,,,1,99,PESOS,"-219834233006,42","-229612686792,86",,352505,Total pasivo + patrimonio,Patrimonio,,Patrimonio especiales,Participaciones en fondos de inversión colectiva,,,,
273,FCP INMOBILIARIO GRUPO PEGASUS COLOMBIA FONDO I - COMPARTIMENTO I,410805300,EMISORES NACIONALES,,,1,99,PESOS,"0,0","-6274390181,35",,410805,Total pasivo + patrimonio,Patrimonio,Utilidad o perdida del ejercicio,Ingresos ordinarios,Por aumento en el valor de mercado Inst. de Pat.,,,,
273,FCP INMOBILIARIO GRUPO PEGASUS COLOMBIA FONDO I - COMPARTIMENTO I,411495012,(PG) BANCOLOMBIA Cau No.69000001717,,,1,99,PESOS,"0,0","-6729,72",,411495,Total pasivo + patrimonio,Patrimonio,Utilidad o perdida del ejercicio,Ingresos ordinarios,Otros rendimientos financieros,,,,
273,FCP INMOBILIARIO GRUPO PEGASUS COLOMBIA FONDO I - COMPARTIMENTO I,511325010,COMISION CUSTODIA FIJA                  ,,,1,99,PESOS,"0,0","16854240,0",,511325,Total pasivo + patrimonio,Patrimonio,Utilidad o perdida del ejercicio,Costos y gastos,Gastos de operaciones,Comisión custodia fija,,,
273,FCP INMOBILIARIO GRUPO PEGASUS COLOMBIA FONDO I - COMPARTIMENTO I,513015003,REVISORIA FISCAL                        ,,,1,99,PESOS,"0,0","6900500,0",,513015,Total pasivo + patrimonio,Patrimonio,Utilidad o perdida del ejercicio,Costos y gastos,Gastos de operaciones,Revisoría Fiscal,,,
273,FCP INMOBILIARIO GRUPO PEGASUS COLOMBIA FONDO I - COMPARTIMENTO I,513095090,OTROS HONORARIOS,,,1,99,PESOS,"0,0","326834200,0",,513095,Total pasivo + patrimonio,Patrimonio,Utilidad o perdida del ejercicio,Costos y gastos,Gastos de operaciones,Otros honorarios,,,
273,FCP INMOBILIARIO GRUPO PEGASUS COLOMBIA FONDO I - COMPARTIMENTO I,514005010,IMPUESTO A LOS MOVIMIENTOS FINANCIEROS  ,,,1,99,PESOS,"0,0","17853470,59",,514005,Total pasivo + patrimonio,Patrimonio,Utilidad o perdida del ejercicio,Costos y gastos,Gastos de operaciones,Gravamen a los movimientos financieros,Impuestos y tasas,,
273,FCP INMOBILIARIO GRUPO PEGASUS COLOMBIA FONDO I - COMPARTIMENTO I,519095050,GASTOS REEMBOLSABLES,,,1,99,PESOS,"0,0","5272132,0",,519095,Total pasivo + patrimonio,Patrimonio,Utilidad o perdida del ejercicio,Costos y gastos,Gastos de operaciones,Otros gastos de operación,,,
273,FCP INMOBILIARIO GRUPO PEGASUS COLOMBIA FONDO I - COMPARTIMENTO I,590505015,CANCELACION DE INGRESOS RV,,,1,99,PESOS,"0,0","3474764572,33",,590505,Total pasivo + patrimonio,Patrimonio,,,,,,,
273,FCP INMOBILIARIO GRUPO PEGASUS COLOMBIA FONDO I - COMPARTIMENTO I,810505115,EMISORES NACIONALES,,,1,99,PESOS,"105178863300,37","121368096106,65",,810505,,,,,,,,,
273,FCP INMOBILIARIO GRUPO PEGASUS COLOMBIA FONDO I - COMPARTIMENTO I,810505205,EMISORES NACIONALES                     ,,,1,99,PESOS,"163555987325,7","101088055364,46",,810505,,,,,,,,,
282,FCP TC LATAM - COMPARTIMENTO G,111510007,(LG) BANCOLOMBIA PANAMÁ CTA: 80100009221,,,1,99,DOLARES,"99327051,11","54274818,21",,111510,Activo,,Activo Corriente,Efectivo y equivales de efectivo,Bancos del Exterior,,,Disponible,
282,FCP TC LATAM - COMPARTIMENTO G,130205300,EMISORES  NACIONALES,,,1,99,PESOS,"17441710858,36","13926860343,83",,130205,Activo,,Activo no corriente,Inversiones a valor razonable con efectos en resultados,Instrumentos de patrimonio,,,Inversiones,
282,FCP TC LATAM - COMPARTIMENTO G,161695007,(LG) BANCOLOMBIA PANAMÁ CTA.80100009221,,,1,99,PESOS,"209902,48","197583,69",,161695,Activo,,Activo Corriente,Cuentas por cobrar,Deudores,,,,
282,FCP TC LATAM - COMPARTIMENTO G,161695012,(TG) BANCOLOMBIA Cau No.03173150724,,,1,99,PESOS,"1500843,87","709935,02",,161695,Activo,,Activo Corriente,Cuentas por cobrar,Deudores,,,,
273,FCP INMOBILIARIO GRUPO PEGASUS COLOMBIA FONDO I - COMPARTIMENTO I,130205300,EMISORES  NACIONALES,,,1,99,PESOS,"105967688921,0","124166670193,43",,130205,Activo,,Activo no corriente,Inversiones a valor razonable con efectos en resultados,Instrumentos de patrimonio,,,Inversiones,
273,FCP INMOBILIARIO GRUPO PEGASUS COLOMBIA FONDO I - COMPARTIMENTO I,136000300,INVERSIONES DERECHOS FIDUCIARIOS,,,1,99,PESOS,"163555987325,7","101088055364,46",,136000,Activo,,Activo no corriente,Inversiones a valor razonable con efectos en resultados,Inversiones derechos fiduciarios,,,Inversiones,
273,FCP INMOBILIARIO GRUPO PEGASUS COLOMBIA FONDO I - COMPARTIMENTO I,161695011,(PG) Bancolombia Cau No. 03183436880,,,1,99,PESOS,"5000018,64","6087,88",,161695,Activo,,Activo Corriente,Cuentas por cobrar,Deudores,,,,
273,FCP INMOBILIARIO GRUPO PEGASUS COLOMBIA FONDO I - COMPARTIMENTO I,161695045,CUENTA CORRIENTE                        ,,,1,99,PESOS,"166571499,12","5008549958,53",,161695,Activo,,Activo Corriente,Cuentas por cobrar,Deudores,,,,
273,FCP INMOBILIARIO GRUPO PEGASUS COLOMBIA FONDO I - COMPARTIMENTO I,253105110,CUENTA COMPENSACION,,,1,99,PESOS,"-55902839234,73","-771425768,37",,253105,Total pasivo + patrimonio,Pasivo,Pasivo Corriente,Cuentas por pagar,Acreedores varios,,,,
273,FCP INMOBILIARIO GRUPO PEGASUS COLOMBIA FONDO I - COMPARTIMENTO I,411495011,(PG) Bancolombia Cau No. 03183436880,,,1,99,PESOS,"0,0","-15022407,75",,411495,Total pasivo + patrimonio,Patrimonio,Utilidad o perdida del ejercicio,Ingresos ordinarios,Otros rendimientos financieros,,,,
273,FCP INMOBILIARIO GRUPO PEGASUS COLOMBIA FONDO I - COMPARTIMENTO I,411495015,RENDIMIENTOS INVERSIONES EN FICS,,,1,99,PESOS,"0,0","-139705009,78",,411495,Total pasivo + patrimonio,Patrimonio,Utilidad o perdida del ejercicio,Ingresos ordinarios,Otros rendimientos financieros,,,,
273,FCP INMOBILIARIO GRUPO PEGASUS COLOMBIA FONDO I - COMPARTIMENTO I,411495999,OTROS,,,1,99,PESOS,"0,0","-0,05",,411495,Total pasivo + patrimonio,Patrimonio,Utilidad o perdida del ejercicio,Ingresos ordinarios,Otros rendimientos financieros,,,,
273,FCP INMOBILIARIO GRUPO PEGASUS COLOMBIA FONDO I - COMPARTIMENTO I,510495011,(PG) Bancolombia Cau No. 03183436880,,,1,99,PESOS,"0,0","504985,46",,510495,Total pasivo + patrimonio,Patrimonio,Utilidad o perdida del ejercicio,Costos y gastos,Gastos de operaciones,Otros Intereses,,,
273,FCP INMOBILIARIO GRUPO PEGASUS COLOMBIA FONDO I - COMPARTIMENTO I,510805010,POR DISMINUCION EN EL VALOR RAZONABLE,,,1,99,PESOS,"0,0","1947398945,92",,510805,Total pasivo + patrimonio,Patrimonio,Utilidad o perdida del ejercicio,Costos y gastos,Gastos de operaciones,Disminución en el valor de mercado Inst. de Pat.,,,
273,FCP INMOBILIARIO GRUPO PEGASUS COLOMBIA FONDO I - COMPARTIMENTO I,511512010,GASTOS BANCARIOS                        ,,,1,99,PESOS,"0,0","22645,9",,511512,Total pasivo + patrimonio,Patrimonio,Utilidad o perdida del ejercicio,Costos y gastos,Gastos de operaciones,Gastos bancarios,,,
273,FCP INMOBILIARIO GRUPO PEGASUS COLOMBIA FONDO I - COMPARTIMENTO I,511548010,COMISION DE ADMINISTRACION R.F.         ,,,1,99,PESOS,"0,0","78090739,74",,511548,Total pasivo + patrimonio,Patrimonio,Utilidad o perdida del ejercicio,Costos y gastos,Gastos de operaciones,Comisión administración,,,
273,FCP INMOBILIARIO GRUPO PEGASUS COLOMBIA FONDO I - COMPARTIMENTO I,511595011,COMISION GESTOR PROFESIONAL             ,,,1,99,PESOS,"0,0","492589736,65",,511595,Total pasivo + patrimonio,Patrimonio,Utilidad o perdida del ejercicio,Costos y gastos,Gastos de operaciones,Comisión Bursatil,,,
273,FCP INMOBILIARIO GRUPO PEGASUS COLOMBIA FONDO I - COMPARTIMENTO I,514005011,IMPOVENTAS                              ,,,1,99,PESOS,"0,0","45420745,0",,514005,Total pasivo + patrimonio,Patrimonio,Utilidad o perdida del ejercicio,Costos y gastos,Gastos de operaciones,Gravamen a los movimientos financieros,Impuestos y tasas,,
273,FCP INMOBILIARIO GRUPO PEGASUS COLOMBIA FONDO I - COMPARTIMENTO I,514005015,IVA COMISION GESTOR PROFESIONAL         ,,,1,99,PESOS,"0,0","93592049,95",,514005,Total pasivo + patrimonio,Patrimonio,Utilidad o perdida del ejercicio,Costos y gastos,Gastos de operaciones,Gravamen a los movimientos financieros,Impuestos y tasas,,
273,FCP INMOBILIARIO GRUPO PEGASUS COLOMBIA FONDO I - COMPARTIMENTO I,590505010,CANCELACION DE INGRESOS RF,,,1,99,PESOS,"0,0","-76974634,89",,590505,Total pasivo + patrimonio,Patrimonio,,,,,,,
273,FCP INMOBILIARIO GRUPO PEGASUS COLOMBIA FONDO I - COMPARTIMENTO I,830505010,DEUDORAS POR CONTRA,,,1,99,PESOS,"-268734850626,07","-222456151471,11",,,,,,,,,,,
282,FCP TC LATAM - COMPARTIMENTO G,111505012,(TG) BANCOLOMBIA Cta No.03173150724,,,1,99,PESOS,"6177773152,94","1392152411,43",,111505,Activo,,Activo Corriente,Efectivo y equivales de efectivo,Bancos nacionales,,,Disponible,
282,FCP TC LATAM - COMPARTIMENTO G,136000300,INVERSIONES DERECHOS FIDUCIARIOS,,,1,99,PESOS,"895899884,0","114544140924,0",,136000,Activo,,Activo no corriente,Inversiones a valor razonable con efectos en resultados,Inversiones derechos fiduciarios,,,Inversiones,
282,FCP TC LATAM - COMPARTIMENTO G,136005010,INVERSIONES DERECHOS FIDUCIARIOS,,,1,99,PESOS,"117907766769,0","0,0",,136005,Activo,,Activo no corriente,Inversiones a valor razonable con efectos en resultados,Inversiones derechos fiduciarios,,,Inversiones,
282,FCP TC LATAM - COMPARTIMENTO G,192595030,AMORTIZACIÓN COMISIÓN DE ADMÓN,,,1,99,PESOS,"0,0","16799442,48",,192595,Activo,,Activo Corriente,Otros activos,Gatos pagados por anticipados,,,,
282,FCP TC LATAM - COMPARTIMENTO G,253105110,CUENTA COMPENSACION,,,1,99,PESOS,"-1868491522,07","-1256854164,77",,253105,Total pasivo + patrimonio,Pasivo,Pasivo Corriente,Cuentas por pagar,Acreedores varios,,,,
282,FCP TC LATAM - COMPARTIMENTO G,411495012,(TG) BANCOLOMBIA Cau No.03173150724,,,1,99,PESOS,"0,0","-35311608,57",,411495,Total pasivo + patrimonio,Patrimonio,Utilidad o perdida del ejercicio,Ingresos ordinarios,Otros rendimientos financieros,,,,
282,FCP TC LATAM - COMPARTIMENTO G,411495999,OTROS,,,1,99,PESOS,"0,0","-807946,2",,411495,Total pasivo + patrimonio,Patrimonio,Utilidad o perdida del ejercicio,Ingresos ordinarios,Otros rendimientos financieros,,,,
282,FCP TC LATAM - COMPARTIMENTO G,510805010,POR DISMINUCION EN EL VALOR RAZONABLE,,,1,99,PESOS,"0,0","1204519532,2",,510805,Total pasivo + patrimonio,Patrimonio,Utilidad o perdida del ejercicio,Costos y gastos,Gastos de operaciones,Disminución en el valor de mercado Inst. de Pat.,,,
282,FCP TC LATAM - COMPARTIMENTO G,511512010,GASTOS BANCARIOS                        ,,,1,99,PESOS,"0,0","214422,61",,511512,Total pasivo + patrimonio,Patrimonio,Utilidad o perdida del ejercicio,Costos y gastos,Gastos de operaciones,Gastos bancarios,,,
282,FCP TC LATAM - COMPARTIMENTO G,511548010,COMISION DE ADMINISTRACION R.F.         ,,,1,99,PESOS,"0,0","55441824,52",,511548,Total pasivo + patrimonio,Patrimonio,Utilidad o perdida del ejercicio,Costos y gastos,Gastos de operaciones,Comisión administración,,,
282,FCP TC LATAM - COMPARTIMENTO G,514005011,IMPOVENTAS                              ,,,1,99,PESOS,"0,0","1637392,69",,514005,Total pasivo + patrimonio,Patrimonio,Utilidad o perdida del ejercicio,Costos y gastos,Gastos de operaciones,Gravamen a los movimientos financieros,Impuestos y tasas,,
282,FCP TC LATAM - COMPARTIMENTO G,810505205,EMISORES NACIONALES,,,1,99,PESOS,"136245377511,36","128471001267,83",,810505,,,,,,,,,
284,FCP MALLPLAZA COMPARTIMENTO UNO,111505001,(M1) SCOTIABANK Cta No.92097629,,,1,99,PESOS,"654630770,67","671255064,03",,111505,Activo,,Activo Corriente,Efectivo y equivales de efectivo,Bancos nacionales,,,Disponible,
284,FCP MALLPLAZA COMPARTIMENTO UNO,130115115,OTROS EMISORES NACIONALES,,,1,99,PESOS,"105171825831,0","105171825831,0",,130115,Activo,,Activo no corriente,Inversiones a valor razonable con efectos en resultados,Instrumentos de Deuda,,,Inversiones,
284,FCP MALLPLAZA COMPARTIMENTO UNO,136000300,INVERSIONES DERECHOS FIDUCIARIOS,,,1,99,PESOS,"1727108259373,96","1990311493513,9",,136000,Activo,,Activo no corriente,Inversiones a valor razonable con efectos en resultados,Inversiones derechos fiduciarios,,,Inversiones,
284,FCP MALLPLAZA COMPARTIMENTO UNO,161620010,INTERESES,,,1,99,PESOS,"2568646073,0","1580682707,58",,161620,Activo,,Activo Corriente,Cuentas por cobrar,Deudores,,,,
284,FCP MALLPLAZA COMPARTIMENTO UNO,163205010,ANTICIPOS A CONTRATOS Y PROVEEDORES,,,1,99,PESOS,"99805440000,0","99805440000,0",,163205,Activo,,Activo Corriente,Cuentas por cobrar,Deudores,,,,
284,FCP MALLPLAZA COMPARTIMENTO UNO,352505010,PARTICIPACIONES EN FDO DE INVERSIÓN COLE,,,1,99,PESOS,"-1645152554087,25","-1881657104090,16",,352505,Total pasivo + patrimonio,Patrimonio,,Patrimonio especiales,Participaciones en fondos de inversión colectiva,,,,
284,FCP MALLPLAZA COMPARTIMENTO UNO,410395010,OTROS INTERESES,,,1,99,PESOS,"0,0","-4971271839,58",,410395,Total pasivo + patrimonio,Patrimonio,Utilidad o perdida del ejercicio,Ingresos ordinarios,Otros rendimientos financieros,,,,
284,FCP MALLPLAZA COMPARTIMENTO UNO,411495001,(M1) SCOTIABANK Cta No.92097629,,,1,99,PESOS,"0,0","-16594526,87",,411495,Total pasivo + patrimonio,Patrimonio,Utilidad o perdida del ejercicio,Ingresos ordinarios,Otros rendimientos financieros,,,,
284,FCP MALLPLAZA COMPARTIMENTO UNO,411495005,(M1) BANCOLOMBIA Cau No.03191346156,,,1,99,PESOS,"0,0","-42010975,16",,411495,Total pasivo + patrimonio,Patrimonio,Utilidad o perdida del ejercicio,Ingresos ordinarios,Otros rendimientos financieros,,,,
284,FCP MALLPLAZA COMPARTIMENTO UNO,411495015,RENDIMIENTOS INVERSIONES EN FICS,,,1,99,PESOS,"0,0","-4049380103,89",,411495,Total pasivo + patrimonio,Patrimonio,Utilidad o perdida del ejercicio,Ingresos ordinarios,Otros rendimientos financieros,,,,
284,FCP MALLPLAZA COMPARTIMENTO UNO,510310010,CREDITOS BANCOS,,,1,99,PESOS,"0,0","8708736074,36",,510310,Total pasivo + patrimonio,Patrimonio,Utilidad o perdida del ejercicio,Costos y gastos,Gastos de operaciones,Credito bancos,,,
284,FCP MALLPLAZA COMPARTIMENTO UNO,510805010,POR DISMINUCION EN EL VALOR RAZONABLE,,,1,99,PESOS,"0,0","28,96",,510805,Total pasivo + patrimonio,Patrimonio,Utilidad o perdida del ejercicio,Costos y gastos,Gastos de operaciones,Disminución en el valor de mercado Inst. de Pat.,,,
282,FCP TC LATAM - COMPARTIMENTO G,352505010,PARTICIPACIONES EN FDO DE INVERSIÓN COLE,,,1,99,PESOS,"-140655696939,69","-128678281293,89",,352505,Total pasivo + patrimonio,Patrimonio,,Patrimonio especiales,Participaciones en fondos de inversión colectiva,,,,
282,FCP TC LATAM - COMPARTIMENTO G,411495007,(LG) BANCOLOMBIA PANAMÁ CTA.80100009221,,,1,99,PESOS,"0,0","-306747,51",,411495,Total pasivo + patrimonio,Patrimonio,Utilidad o perdida del ejercicio,Ingresos ordinarios,Otros rendimientos financieros,,,,
282,FCP TC LATAM - COMPARTIMENTO G,413515010,DIFERENCIA EN CAMBIO,,,1,99,PESOS,"0,0","-12977564,42",,413515,Total pasivo + patrimonio,Patrimonio,Utilidad o perdida del ejercicio,Ingresos ordinarios,Diferencia en cambio,,,,
282,FCP TC LATAM - COMPARTIMENTO G,511325010,COMISION CUSTODIA FIJA                  ,,,1,99,PESOS,"0,0","5136108,83",,511325,Total pasivo + patrimonio,Patrimonio,Utilidad o perdida del ejercicio,Costos y gastos,Gastos de operaciones,Comisión custodia fija,,,
282,FCP TC LATAM - COMPARTIMENTO G,513015003,REVISORIA FISCAL                        ,,,1,99,PESOS,"0,0","3481751,0",,513015,Total pasivo + patrimonio,Patrimonio,Utilidad o perdida del ejercicio,Costos y gastos,Gastos de operaciones,Revisoría Fiscal,,,
282,FCP TC LATAM - COMPARTIMENTO G,513095090,OTROS HONORARIOS,,,1,99,PESOS,"0,0","1000000,0",,513095,Total pasivo + patrimonio,Patrimonio,Utilidad o perdida del ejercicio,Costos y gastos,Gastos de operaciones,Otros honorarios,,,
282,FCP TC LATAM - COMPARTIMENTO G,513535010,POR REEXPRESION DE  OTROS ACTIVOS,,,1,99,PESOS,"0,0","27441926,25",,513535,Total pasivo + patrimonio,Patrimonio,Utilidad o perdida del ejercicio,Costos y gastos,Gastos de operaciones,Reexpresion de Activos,,,
282,FCP TC LATAM - COMPARTIMENTO G,514005010,IMPUESTO A LOS MOVIMIENTOS FINANCIEROS  ,,,1,99,PESOS,"0,0","6484523,9",,514005,Total pasivo + patrimonio,Patrimonio,Utilidad o perdida del ejercicio,Costos y gastos,Gastos de operaciones,Gravamen a los movimientos financieros,Impuestos y tasas,,
282,FCP TC LATAM - COMPARTIMENTO G,590505010,CANCELACION DE INGRESOS RF,,,1,99,PESOS,"0,0","-3604513702,35",,590505,Total pasivo + patrimonio,Patrimonio,,,,,,,
282,FCP TC LATAM - COMPARTIMENTO G,590505015,CANCELACION DE INGRESOS RV,,,1,99,PESOS,"0,0","-8372901943,45",,590505,Total pasivo + patrimonio,Patrimonio,,,,,,,
282,FCP TC LATAM - COMPARTIMENTO G,590505020,UTILIDAD/PERDIDA PAGADA EN REDENCIÓN,,,1,99,PESOS,"0,0","10721462030,5",,590505,Total pasivo + patrimonio,Patrimonio,,,,,,,
282,FCP TC LATAM - COMPARTIMENTO G,829595999,OTRAS CUENTAS DE ORDEN ACREEDORAS USD,,,1,99,DOLARES,"-191090005690,6","-187075522594,91",,829595,,,,,,,,,
282,FCP TC LATAM - COMPARTIMENTO G,830505010,DEUDORAS POR CONTRA,,,1,99,PESOS,"-136245377511,36","-128471001267,83",,,,,,,,,,,
282,FCP TC LATAM - COMPARTIMENTO G,840505999,OTRAS CUENTAS DE ORDEN ACREEDORAS USD,,,1,99,PESOS,"191090005690,6","187075522594,91",,840505,,,,,,,,,
284,FCP MALLPLAZA COMPARTIMENTO UNO,111505005,(M1) BANCOLOMBIA Cta. No.03191346156,,,1,99,PESOS,"206295771,56","273309475,3",,111505,Activo,,Activo Corriente,Efectivo y equivales de efectivo,Bancos nacionales,,,Disponible,
284,FCP MALLPLAZA COMPARTIMENTO UNO,130205300,EMISORES  NACIONALES,,,1,99,PESOS,"109999123415,28","80998503519,22",,130205,Activo,,Activo no corriente,Inversiones a valor razonable con efectos en resultados,Instrumentos de patrimonio,,,Inversiones,
284,FCP MALLPLAZA COMPARTIMENTO UNO,161695001,(M1) SCOTIABANK Cta No.92097629,,,1,99,PESOS,"18632931,01","18603164,52",,161695,Activo,,Activo Corriente,Cuentas por cobrar,Deudores,,,,
284,FCP MALLPLAZA COMPARTIMENTO UNO,161695005,(M1) BANCOLOMBIA Cau No.03191346156,,,1,99,PESOS,"100888,94","88654,59",,161695,Activo,,Activo Corriente,Cuentas por cobrar,Deudores,,,,
284,FCP MALLPLAZA COMPARTIMENTO UNO,161695015,GASTOS VARIOS DE ADMON                  ,,,1,99,PESOS,"0,0","131,94",,161695,Activo,,Activo Corriente,Cuentas por cobrar,Deudores,,,,
284,FCP MALLPLAZA COMPARTIMENTO UNO,243505010,CREDITOS,,,1,99,PESOS,"-394860000000,0","-391110000000,0",,243505,Total pasivo + patrimonio,Pasivo,Pasivo Corriente,Créditos de bancos y otras obligaciones financieras,Otras obligaciones financieras,,,,
284,FCP MALLPLAZA COMPARTIMENTO UNO,250110015,COMISION DE ADMINISTRACION,,,1,99,PESOS,"-105400967,98","-75398139,86",,250110,Total pasivo + patrimonio,Pasivo,Pasivo Corriente,Cuentas por pagar,Comision de administracion.,,,,
284,FCP MALLPLAZA COMPARTIMENTO UNO,253105110,CUENTA COMPENSACION,,,1,99,PESOS,"-5415000000,19","-5988699832,06",,253105,Total pasivo + patrimonio,Pasivo,Pasivo Corriente,Cuentas por pagar,Acreedores varios,,,,
284,FCP MALLPLAZA COMPARTIMENTO UNO,410805300,EMISORES NACIONALES,,,1,99,PESOS,"0,0","-314028984168,9",,410805,Total pasivo + patrimonio,Patrimonio,Utilidad o perdida del ejercicio,Ingresos ordinarios,Por aumento en el valor de mercado Inst. de Pat.,,,,
284,FCP MALLPLAZA COMPARTIMENTO UNO,411495999,OTROS,,,1,99,PESOS,"0,0","-0,65",,411495,Total pasivo + patrimonio,Patrimonio,Utilidad o perdida del ejercicio,Ingresos ordinarios,Otros rendimientos financieros,,,,
284,FCP MALLPLAZA COMPARTIMENTO UNO,513015003,REVISORIA FISCAL                        ,,,1,99,PESOS,"0,0","4657582,0",,513015,Total pasivo + patrimonio,Patrimonio,Utilidad o perdida del ejercicio,Costos y gastos,Gastos de operaciones,Revisoría Fiscal,,,
284,FCP MALLPLAZA COMPARTIMENTO UNO,514005011,IMPOVENTAS                              ,,,1,99,PESOS,"0,0","92221163,16",,514005,Total pasivo + patrimonio,Patrimonio,Utilidad o perdida del ejercicio,Costos y gastos,Gastos de operaciones,Gravamen a los movimientos financieros,Impuestos y tasas,,
284,FCP MALLPLAZA COMPARTIMENTO UNO,519095999,OTROS,,,1,99,PESOS,"0,0","0,04",,519095,Total pasivo + patrimonio,Patrimonio,Utilidad o perdida del ejercicio,Costos y gastos,Gastos de operaciones,Otros gastos de operación,,,
284,FCP MALLPLAZA COMPARTIMENTO UNO,590505010,CANCELACION DE INGRESOS RF,,,1,99,PESOS,"0,0","-4109032236,3",,590505,Total pasivo + patrimonio,Patrimonio,,,,,,,
284,FCP MALLPLAZA COMPARTIMENTO UNO,590505015,CANCELACION DE INGRESOS RV,,,1,99,PESOS,"0,0","317313582239,21",,590505,Total pasivo + patrimonio,Patrimonio,,,,,,,
284,FCP MALLPLAZA COMPARTIMENTO UNO,829595998,OTRAS CUENTAS DE ORDEN ACREEDORAS PESOS,,,1,99,PESOS,"-33074067271,0","-33074067271,0",,829595,,,,,,,,,
284,FCP MALLPLAZA COMPARTIMENTO UNO,830505010,DEUDORAS POR CONTRA,,,1,99,PESOS,"-1832280085204,96","-2095483319344,9",,,,,,,,,,,
285,FCP MALLPLAZA COMPARTIMENTO FARO INMOBILIARIO,111505008,(MFI) BANCOLOMBIA Cta No.03191346172,,,1,99,PESOS,"8623172,57","117750635,8",,111505,Activo,,Activo Corriente,Efectivo y equivales de efectivo,Bancos nacionales,,,Disponible,
285,FCP MALLPLAZA COMPARTIMENTO FARO INMOBILIARIO,111505009,(MFA) BANCOLOMBIA Cta No.69000001720,,,1,99,PESOS,"41302,61","41810,02",,111505,Activo,,Activo Corriente,Efectivo y equivales de efectivo,Bancos nacionales,,,Disponible,
285,FCP MALLPLAZA COMPARTIMENTO FARO INMOBILIARIO,136000300,INVERSIONES DERECHOS FIDUCIARIOS,,,1,99,PESOS,"20062107721,77","30313014884,19",,136000,Activo,,Activo no corriente,Inversiones a valor razonable con efectos en resultados,Inversiones derechos fiduciarios,,,Inversiones,
285,FCP MALLPLAZA COMPARTIMENTO FARO INMOBILIARIO,161695008,(MFI) BANCOLOMBIA Cau No.03191346172,,,1,99,PESOS,"6144,02","45324,67",,161695,Activo,,Activo Corriente,Cuentas por cobrar,Deudores,,,,
285,FCP MALLPLAZA COMPARTIMENTO FARO INMOBILIARIO,161695009,(MFA) BANCOLOMBIA Cau No.69000001720,,,1,99,PESOS,"2683,15","2667,74",,161695,Activo,,Activo Corriente,Cuentas por cobrar,Deudores,,,,
285,FCP MALLPLAZA COMPARTIMENTO FARO INMOBILIARIO,161695015,GASTOS VARIOS DE ADMON                  ,,,1,99,PESOS,"0,0","4,09",,161695,Activo,,Activo Corriente,Cuentas por cobrar,Deudores,,,,
285,FCP MALLPLAZA COMPARTIMENTO FARO INMOBILIARIO,161695045,CUENTA CORRIENTE                        ,,,1,99,PESOS,"0,25","6,15",,161695,Activo,,Activo Corriente,Cuentas por cobrar,Deudores,,,,
285,FCP MALLPLAZA COMPARTIMENTO FARO INMOBILIARIO,253105110,CUENTA COMPENSACION,,,1,99,PESOS,"0,0","-119998126,58",,253105,Total pasivo + patrimonio,Pasivo,Pasivo Corriente,Cuentas por pagar,Acreedores varios,,,,
285,FCP MALLPLAZA COMPARTIMENTO FARO INMOBILIARIO,411495999,OTROS,,,1,99,PESOS,"0,0","-0,37",,411495,Total pasivo + patrimonio,Patrimonio,Utilidad o perdida del ejercicio,Ingresos ordinarios,Otros rendimientos financieros,,,,
285,FCP MALLPLAZA COMPARTIMENTO FARO INMOBILIARIO,511548010,COMISION DE ADMINISTRACION R.F.         ,,,1,99,PESOS,"0,0","4141677,56",,511548,Total pasivo + patrimonio,Patrimonio,Utilidad o perdida del ejercicio,Costos y gastos,Gastos de operaciones,Comisión administración,,,
285,FCP MALLPLAZA COMPARTIMENTO FARO INMOBILIARIO,514005011,IMPOVENTAS                              ,,,1,99,PESOS,"0,0","1043398,64",,514005,Total pasivo + patrimonio,Patrimonio,Utilidad o perdida del ejercicio,Costos y gastos,Gastos de operaciones,Gravamen a los movimientos financieros,Impuestos y tasas,,
285,FCP MALLPLAZA COMPARTIMENTO FARO INMOBILIARIO,519095045,OTROS GTOS OPERACIONALES,,,1,99,PESOS,"0,0","1816,67",,519095,Total pasivo + patrimonio,Patrimonio,Utilidad o perdida del ejercicio,Costos y gastos,Gastos de operaciones,Otros gastos de operación,,,
284,FCP MALLPLAZA COMPARTIMENTO UNO,511325010,COMISION CUSTODIA FIJA                  ,,,1,99,PESOS,"0,0","129940875,62",,511325,Total pasivo + patrimonio,Patrimonio,Utilidad o perdida del ejercicio,Costos y gastos,Gastos de operaciones,Comisión custodia fija,,,
284,FCP MALLPLAZA COMPARTIMENTO UNO,511512010,GASTOS BANCARIOS                        ,,,1,99,PESOS,"0,0","26203,77",,511512,Total pasivo + patrimonio,Patrimonio,Utilidad o perdida del ejercicio,Costos y gastos,Gastos de operaciones,Gastos bancarios,,,
284,FCP MALLPLAZA COMPARTIMENTO UNO,511548010,COMISION DE ADMINISTRACION R.F.         ,,,1,99,PESOS,"0,0","281672469,91",,511548,Total pasivo + patrimonio,Patrimonio,Utilidad o perdida del ejercicio,Costos y gastos,Gastos de operaciones,Comisión administración,,,
284,FCP MALLPLAZA COMPARTIMENTO UNO,513025010,ASESORIAS LEGALES Y/O JURIDICAS,,,1,99,PESOS,"0,0","250000000,0",,513025,Total pasivo + patrimonio,Patrimonio,Utilidad o perdida del ejercicio,Costos y gastos,Gastos de operaciones,Asesoria Legal o Jurídica,,,
284,FCP MALLPLAZA COMPARTIMENTO UNO,513095090,OTROS HONORARIOS,,,1,99,PESOS,"0,0","104277880,01",,513095,Total pasivo + patrimonio,Patrimonio,Utilidad o perdida del ejercicio,Costos y gastos,Gastos de operaciones,Otros honorarios,,,
284,FCP MALLPLAZA COMPARTIMENTO UNO,514005010,IMPUESTO A LOS MOVIMIENTOS FINANCIEROS  ,,,1,99,PESOS,"0,0","332159334,31",,514005,Total pasivo + patrimonio,Patrimonio,Utilidad o perdida del ejercicio,Costos y gastos,Gastos de operaciones,Gravamen a los movimientos financieros,Impuestos y tasas,,
284,FCP MALLPLAZA COMPARTIMENTO UNO,810505115,OTROS EMISORES NACIONALES,,,1,99,PESOS,"105171825831,0","105171825831,0",,810505,,,,,,,,,
284,FCP MALLPLAZA COMPARTIMENTO UNO,810505205,EMISORES NACIONALES,,,1,99,PESOS,"1727108259373,96","1990311493513,9",,810505,,,,,,,,,
284,FCP MALLPLAZA COMPARTIMENTO UNO,840505998,ACREEDORAS POR CONTRA PESOS,,,1,99,PESOS,"33074067271,0","33074067271,0",,840505,,,,,,,,,
285,FCP MALLPLAZA COMPARTIMENTO FARO INMOBILIARIO,250110015,COMISION DE ADMINISTRACION,,,1,99,PESOS,"-1303707,64","-920433,3",,250110,Total pasivo + patrimonio,Pasivo,Pasivo Corriente,Cuentas por pagar,Comision de administracion.,,,,
285,FCP MALLPLAZA COMPARTIMENTO FARO INMOBILIARIO,352505010,PARTICIPACIONES EN FDO DE INVERSIÓN COLE,,,1,99,PESOS,"-20069477316,73","-30309936772,78",,352505,Total pasivo + patrimonio,Patrimonio,,Patrimonio especiales,Participaciones en fondos de inversión colectiva,,,,
285,FCP MALLPLAZA COMPARTIMENTO FARO INMOBILIARIO,410805300,EMISORES NACIONALES,,,1,99,PESOS,"0,0","-10250907164,19",,410805,Total pasivo + patrimonio,Patrimonio,Utilidad o perdida del ejercicio,Ingresos ordinarios,Por aumento en el valor de mercado Inst. de Pat.,,,,
285,FCP MALLPLAZA COMPARTIMENTO FARO INMOBILIARIO,411495008,(MFI) BANCOLOMBIA Cau No.03191346172,,,1,99,PESOS,"0,0","-258457,94",,411495,Total pasivo + patrimonio,Patrimonio,Utilidad o perdida del ejercicio,Ingresos ordinarios,Otros rendimientos financieros,,,,
285,FCP MALLPLAZA COMPARTIMENTO FARO INMOBILIARIO,411495009,(MFA) BANCOLOMBIA Cau No.69000001720,,,1,99,PESOS,"0,0","-492,0",,411495,Total pasivo + patrimonio,Patrimonio,Utilidad o perdida del ejercicio,Ingresos ordinarios,Otros rendimientos financieros,,,,
285,FCP MALLPLAZA COMPARTIMENTO FARO INMOBILIARIO,510805010,POR DISMINUCION EN EL VALOR RAZONABLE,,,1,99,PESOS,"0,0","1,77",,510805,Total pasivo + patrimonio,Patrimonio,Utilidad o perdida del ejercicio,Costos y gastos,Gastos de operaciones,Disminución en el valor de mercado Inst. de Pat.,,,
285,FCP MALLPLAZA COMPARTIMENTO FARO INMOBILIARIO,511325010,COMISION CUSTODIA FIJA                  ,,,1,99,PESOS,"0,0","2009824,34",,511325,Total pasivo + patrimonio,Patrimonio,Utilidad o perdida del ejercicio,Costos y gastos,Gastos de operaciones,Comisión custodia fija,,,
285,FCP MALLPLAZA COMPARTIMENTO FARO INMOBILIARIO,511512010,GASTOS BANCARIOS                        ,,,1,99,PESOS,"0,0","2048,32",,511512,Total pasivo + patrimonio,Patrimonio,Utilidad o perdida del ejercicio,Costos y gastos,Gastos de operaciones,Gastos bancarios,,,
285,FCP MALLPLAZA COMPARTIMENTO FARO INMOBILIARIO,513015003,REVISORIA FISCAL                        ,,,1,99,PESOS,"0,0","3481751,0",,513015,Total pasivo + patrimonio,Patrimonio,Utilidad o perdida del ejercicio,Costos y gastos,Gastos de operaciones,Revisoría Fiscal,,,
285,FCP MALLPLAZA COMPARTIMENTO FARO INMOBILIARIO,514005010,IMPUESTO A LOS MOVIMIENTOS FINANCIEROS  ,,,1,99,PESOS,"0,0","26139,89",,514005,Total pasivo + patrimonio,Patrimonio,Utilidad o perdida del ejercicio,Costos y gastos,Gastos de operaciones,Gravamen a los movimientos financieros,Impuestos y tasas,,
285,FCP MALLPLAZA COMPARTIMENTO FARO INMOBILIARIO,810505205,EMISORES NACIONALES,,,1,99,PESOS,"20062107721,77","30313014884,19",,810505,,,,,,,,,
286,FCP MALLPLAZA COMPARTIMENTO AS CONSTRUCCIONES,111505006,(MAC) BANCOLOMBIA Cta No.03191346199,,,1,99,PESOS,"5793008,82","80447124,9",,111505,Activo,,Activo Corriente,Efectivo y equivales de efectivo,Bancos nacionales,,,Disponible,
286,FCP MALLPLAZA COMPARTIMENTO AS CONSTRUCCIONES,161695006,(MAC) BANCOLOMBIA Cau No.03191346199,,,1,99,PESOS,"275202,05","26060,45",,161695,Activo,,Activo Corriente,Cuentas por cobrar,Deudores,,,,
286,FCP MALLPLAZA COMPARTIMENTO AS CONSTRUCCIONES,250110015,COMISION DE ADMINISTRACION,,,1,99,PESOS,"-4295324,38","-3078478,54",,250110,Total pasivo + patrimonio,Pasivo,Pasivo Corriente,Cuentas por pagar,Comision de administracion.,,,,
286,FCP MALLPLAZA COMPARTIMENTO AS CONSTRUCCIONES,352505010,PARTICIPACIONES EN FDO DE INVERSIÓN COLE,,,1,99,PESOS,"-67181395973,33","-85264018623,97",,352505,Total pasivo + patrimonio,Patrimonio,,Patrimonio especiales,Participaciones en fondos de inversión colectiva,,,,
286,FCP MALLPLAZA COMPARTIMENTO AS CONSTRUCCIONES,410805300,EMISORES NACIONALES,,,1,99,PESOS,"0,0","-20729524722,29",,410805,Total pasivo + patrimonio,Patrimonio,Utilidad o perdida del ejercicio,Ingresos ordinarios,Por aumento en el valor de mercado Inst. de Pat.,,,,
286,FCP MALLPLAZA COMPARTIMENTO AS CONSTRUCCIONES,411495006,(MAC) BANCOLOMBIA Cau No.03191346199,,,1,99,PESOS,"0,0","-2401924,51",,411495,Total pasivo + patrimonio,Patrimonio,Utilidad o perdida del ejercicio,Ingresos ordinarios,Otros rendimientos financieros,,,,
286,FCP MALLPLAZA COMPARTIMENTO AS CONSTRUCCIONES,510310010,CREDITOS BANCOS,,,1,99,PESOS,"0,0","2598559685,61",,510310,Total pasivo + patrimonio,Patrimonio,Utilidad o perdida del ejercicio,Costos y gastos,Gastos de operaciones,Credito bancos,,,
286,FCP MALLPLAZA COMPARTIMENTO AS CONSTRUCCIONES,511325010,COMISION CUSTODIA FIJA                  ,,,1,99,PESOS,"0,0","5804443,04",,511325,Total pasivo + patrimonio,Patrimonio,Utilidad o perdida del ejercicio,Costos y gastos,Gastos de operaciones,Comisión custodia fija,,,
286,FCP MALLPLAZA COMPARTIMENTO AS CONSTRUCCIONES,513015003,REVISORIA FISCAL                        ,,,1,99,PESOS,"0,0","3481751,0",,513015,Total pasivo + patrimonio,Patrimonio,Utilidad o perdida del ejercicio,Costos y gastos,Gastos de operaciones,Revisoría Fiscal,,,
286,FCP MALLPLAZA COMPARTIMENTO AS CONSTRUCCIONES,513095090,OTROS HONORARIOS,,,1,99,PESOS,"0,0","3501810,0",,513095,Total pasivo + patrimonio,Patrimonio,Utilidad o perdida del ejercicio,Costos y gastos,Gastos de operaciones,Otros honorarios,,,
286,FCP MALLPLAZA COMPARTIMENTO AS CONSTRUCCIONES,514005010,IMPUESTO A LOS MOVIMIENTOS FINANCIEROS  ,,,1,99,PESOS,"0,0","23194651,03",,514005,Total pasivo + patrimonio,Patrimonio,Utilidad o perdida del ejercicio,Costos y gastos,Gastos de operaciones,Gravamen a los movimientos financieros,Impuestos y tasas,,
286,FCP MALLPLAZA COMPARTIMENTO AS CONSTRUCCIONES,590505015,CANCELACION DE INGRESOS RV,,,1,99,PESOS,"0,0","20721273318,21",,590505,Total pasivo + patrimonio,Patrimonio,,,,,,,
286,FCP MALLPLAZA COMPARTIMENTO AS CONSTRUCCIONES,829595998,OTRAS CUENTAS DE ORDEN ACREEDORAS PESOS,,,1,99,PESOS,"-1356697840,97","-1356697840,97",,829595,,,,,,,,,
292,FCP PALADIN REALTY COLOMBIA - COMPARTIMENTO A,111505005,BANCOLOMBIA Cta. No.03183435387,,,1,99,PESOS,"304891109,74","824802673,91",,111505,Activo,,Activo Corriente,Efectivo y equivales de efectivo,Bancos nacionales,,,Disponible,
292,FCP PALADIN REALTY COLOMBIA - COMPARTIMENTO A,130115115,OTROS EMISORES NACIONALES,,,1,99,PESOS,"10490438,67","10490438,67",,130115,Activo,,Activo no corriente,Inversiones a valor razonable con efectos en resultados,Instrumentos de Deuda,,,Inversiones,
292,FCP PALADIN REALTY COLOMBIA - COMPARTIMENTO A,136000300,INVERSIONES DERECHOS FIDUCIARIOS,,,1,99,PESOS,"1880083267,32","1826579616,1",,136000,Activo,,Activo no corriente,Inversiones a valor razonable con efectos en resultados,Inversiones derechos fiduciarios,,,Inversiones,
292,FCP PALADIN REALTY COLOMBIA - COMPARTIMENTO A,161695045,CUENTA CORRIENTE                        ,,,1,99,PESOS,"428162470,95","429334105,0",,161695,Activo,,Activo Corriente,Cuentas por cobrar,Deudores,,,,
292,FCP PALADIN REALTY COLOMBIA - COMPARTIMENTO A,192595015,COMISION DE GESTION,,,1,99,PESOS,"0,0","11003852,24",,192595,Activo,,Activo Corriente,Otros activos,Gatos pagados por anticipados,,,,
292,FCP PALADIN REALTY COLOMBIA - COMPARTIMENTO A,253105110,CUENTA COMPENSACION,,,1,99,PESOS,"-205529288,88","-200160921,53",,253105,Total pasivo + patrimonio,Pasivo,Pasivo Corriente,Cuentas por pagar,Acreedores varios,,,,
292,FCP PALADIN REALTY COLOMBIA - COMPARTIMENTO A,352505010,PARTICIPACIONES EN FDO DE INVERSIÓN COLE,,,1,99,PESOS,"-6010963284,28","-5925248675,39",,352505,Total pasivo + patrimonio,Patrimonio,,Patrimonio especiales,Participaciones en fondos de inversión colectiva,,,,
292,FCP PALADIN REALTY COLOMBIA - COMPARTIMENTO A,510805010,POR DISMINUCION EN EL VALOR RAZONABLE,,,1,99,PESOS,"0,0","777820394,43",,510805,Total pasivo + patrimonio,Patrimonio,Utilidad o perdida del ejercicio,Costos y gastos,Gastos de operaciones,Disminución en el valor de mercado Inst. de Pat.,,,
285,FCP MALLPLAZA COMPARTIMENTO FARO INMOBILIARIO,519095999,OTROS,,,1,99,PESOS,"0,0","0,26",,519095,Total pasivo + patrimonio,Patrimonio,Utilidad o perdida del ejercicio,Costos y gastos,Gastos de operaciones,Otros gastos de operación,,,
285,FCP MALLPLAZA COMPARTIMENTO FARO INMOBILIARIO,590505010,CANCELACION DE INGRESOS RF,,,1,99,PESOS,"0,0","-7930270,8",,590505,Total pasivo + patrimonio,Patrimonio,,,,,,,
285,FCP MALLPLAZA COMPARTIMENTO FARO INMOBILIARIO,590505015,CANCELACION DE INGRESOS RV,,,1,99,PESOS,"0,0","10248389726,85",,590505,Total pasivo + patrimonio,Patrimonio,,,,,,,
285,FCP MALLPLAZA COMPARTIMENTO FARO INMOBILIARIO,829595998,OTRAS CUENTAS DE ORDEN ACREEDORAS PESOS,,,1,99,PESOS,"-3395241898,0","-3395241898,0",,829595,,,,,,,,,
285,FCP MALLPLAZA COMPARTIMENTO FARO INMOBILIARIO,830505010,DEUDORAS POR CONTRA,,,1,99,PESOS,"-20062107721,77","-30313014884,19",,,,,,,,,,,
285,FCP MALLPLAZA COMPARTIMENTO FARO INMOBILIARIO,840505998,ACREEDORAS POR CONTRA PESOS,,,1,99,PESOS,"3395241898,0","3395241898,0",,840505,,,,,,,,,
286,FCP MALLPLAZA COMPARTIMENTO AS CONSTRUCCIONES,136000300,INVERSIONES DERECHOS FIDUCIARIOS,,,1,99,PESOS,"131563922479,58","146495490064,46",,136000,Activo,,Activo no corriente,Inversiones a valor razonable con efectos en resultados,Inversiones derechos fiduciarios,,,Inversiones,
286,FCP MALLPLAZA COMPARTIMENTO AS CONSTRUCCIONES,161695015,GASTOS VARIOS DE ADMON                  ,,,1,99,PESOS,"0,0","8,18",,161695,Activo,,Activo Corriente,Cuentas por cobrar,Deudores,,,,
286,FCP MALLPLAZA COMPARTIMENTO AS CONSTRUCCIONES,243505010,CREDITOS,,,1,99,PESOS,"-63205689636,22","-60110705911,22",,243505,Total pasivo + patrimonio,Pasivo,Pasivo Corriente,Créditos de bancos y otras obligaciones financieras,Otras obligaciones financieras,,,,
286,FCP MALLPLAZA COMPARTIMENTO AS CONSTRUCCIONES,253105110,CUENTA COMPENSACION,,,1,99,PESOS,"-1178609756,52","-1198160244,26",,253105,Total pasivo + patrimonio,Pasivo,Pasivo Corriente,Cuentas por pagar,Acreedores varios,,,,
286,FCP MALLPLAZA COMPARTIMENTO AS CONSTRUCCIONES,511512010,GASTOS BANCARIOS                        ,,,1,99,PESOS,"0,0","5120,8",,511512,Total pasivo + patrimonio,Patrimonio,Utilidad o perdida del ejercicio,Costos y gastos,Gastos de operaciones,Gastos bancarios,,,
286,FCP MALLPLAZA COMPARTIMENTO AS CONSTRUCCIONES,511548010,COMISION DE ADMINISTRACION R.F.         ,,,1,99,PESOS,"0,0","12326814,48",,511548,Total pasivo + patrimonio,Patrimonio,Utilidad o perdida del ejercicio,Costos y gastos,Gastos de operaciones,Comisión administración,,,
286,FCP MALLPLAZA COMPARTIMENTO AS CONSTRUCCIONES,514005011,IMPOVENTAS                              ,,,1,99,PESOS,"0,0","2429720,2",,514005,Total pasivo + patrimonio,Patrimonio,Utilidad o perdida del ejercicio,Costos y gastos,Gastos de operaciones,Gravamen a los movimientos financieros,Impuestos y tasas,,
286,FCP MALLPLAZA COMPARTIMENTO AS CONSTRUCCIONES,590505010,CANCELACION DE INGRESOS RF,,,1,99,PESOS,"0,0","-2638650667,57",,590505,Total pasivo + patrimonio,Patrimonio,,,,,,,
286,FCP MALLPLAZA COMPARTIMENTO AS CONSTRUCCIONES,810505205,EMISORES NACIONALES,,,1,99,PESOS,"131563922479,58","146495490064,46",,810505,,,,,,,,,
286,FCP MALLPLAZA COMPARTIMENTO AS CONSTRUCCIONES,830505010,DEUDORAS POR CONTRA,,,1,99,PESOS,"-131563922479,58","-146495490064,46",,,,,,,,,,,
286,FCP MALLPLAZA COMPARTIMENTO AS CONSTRUCCIONES,840505998,ACREEDORAS POR CONTRA PESOS,,,1,99,PESOS,"1356697840,97","1356697840,97",,840505,,,,,,,,,
292,FCP PALADIN REALTY COLOMBIA - COMPARTIMENTO A,130205300,EMISORES  NACIONALES,,,1,99,PESOS,"165580817,49","163015613,65",,130205,Activo,,Activo no corriente,Inversiones a valor razonable con efectos en resultados,Instrumentos de patrimonio,,,Inversiones,
292,FCP PALADIN REALTY COLOMBIA - COMPARTIMENTO A,130210300,EMISORES EXTRANJEROS,,,1,99,PESOS,"3427210400,66","2858505915,61",,130210,Activo,,Activo no corriente,Inversiones a valor razonable con efectos en resultados,Instrumentos de patrimonio,,,Inversiones,
292,FCP PALADIN REALTY COLOMBIA - COMPARTIMENTO A,161695005,BANCOLOMBIA Cau No.03183435387,,,1,99,PESOS,"74068,32","267165,22",,161695,Activo,,Activo Corriente,Cuentas por cobrar,Deudores,,,,
292,FCP PALADIN REALTY COLOMBIA - COMPARTIMENTO A,161695015,GASTOS VARIOS DE ADMON                  ,,,1,99,PESOS,"0,01","17,02",,161695,Activo,,Activo Corriente,Cuentas por cobrar,Deudores,,,,
292,FCP PALADIN REALTY COLOMBIA - COMPARTIMENTO A,192595030,AMORTIZACION COMISION DE ADMON,,,1,99,PESOS,"0,0","1410199,5",,192595,Activo,,Activo Corriente,Otros activos,Gatos pagados por anticipados,,,,
292,FCP PALADIN REALTY COLOMBIA - COMPARTIMENTO A,411495005,BANCOLOMBIA Cau No.03183435387,,,1,99,PESOS,"0,0","-9719683,2",,411495,Total pasivo + patrimonio,Patrimonio,Utilidad o perdida del ejercicio,Ingresos ordinarios,Otros rendimientos financieros,,,,
292,FCP PALADIN REALTY COLOMBIA - COMPARTIMENTO A,419595030,OTROS,,,1,99,PESOS,"0,0","-0,11",,419595,Total pasivo + patrimonio,Patrimonio,Utilidad o perdida del ejercicio,Ingresos ordinarios,Valoración Propiedades de Inversión,,,,
292,FCP PALADIN REALTY COLOMBIA - COMPARTIMENTO A,511595015,OTRAS COMISIONES,,,1,99,PESOS,"0,0","282039,9",,511595,Total pasivo + patrimonio,Patrimonio,Utilidad o perdida del ejercicio,Costos y gastos,Gastos de operaciones,Comisión Bursatil,,,
292,FCP PALADIN REALTY COLOMBIA - COMPARTIMENTO A,513015003,REVISORIA FISCAL                        ,,,1,99,PESOS,"0,0","491829,09",,513015,Total pasivo + patrimonio,Patrimonio,Utilidad o perdida del ejercicio,Costos y gastos,Gastos de operaciones,Revisoría Fiscal,,,
292,FCP PALADIN REALTY COLOMBIA - COMPARTIMENTO A,514005011,IMPOVENTAS                              ,,,1,99,PESOS,"0,0","551396,86",,514005,Total pasivo + patrimonio,Patrimonio,Utilidad o perdida del ejercicio,Costos y gastos,Gastos de operaciones,Gravamen a los movimientos financieros,Impuestos y tasas,,
292,FCP PALADIN REALTY COLOMBIA - COMPARTIMENTO A,519095999,OTROS,,,1,99,PESOS,"0,0","5521,56",,519095,Total pasivo + patrimonio,Patrimonio,Utilidad o perdida del ejercicio,Costos y gastos,Gastos de operaciones,Otros gastos de operación,,,
292,FCP PALADIN REALTY COLOMBIA - COMPARTIMENTO A,590505010,CANCELACION DE INGRESOS RF,,,1,99,PESOS,"0,0","-12496033,84",,590505,Total pasivo + patrimonio,Patrimonio,,,,,,,
292,FCP PALADIN REALTY COLOMBIA - COMPARTIMENTO A,590505015,CANCELACION DE INGRESOS RV,,,1,99,PESOS,"0,0","-825572174,43",,590505,Total pasivo + patrimonio,Patrimonio,,,,,,,
292,FCP PALADIN REALTY COLOMBIA - COMPARTIMENTO A,810505210,EMISORES EXTRANJEROS,,,1,99,PESOS,"3427210400,66","2858505915,61",,810505,,,,,,,,,
292,FCP PALADIN REALTY COLOMBIA - COMPARTIMENTO A,830505010,DEUDORAS POR CONTRA,,,1,99,PESOS,"-5483364924,15","-4858591584,03",,,,,,,,,,,
293,FCP PALADIN REALTY COLOMBIA - COMPARTIMENTO B,130205300,EMISORES  NACIONALES,,,1,99,PESOS,"8692992918,16","8558319716,77",,130205,Activo,,Activo no corriente,Inversiones a valor razonable con efectos en resultados,Instrumentos de patrimonio,,,Inversiones,
293,FCP PALADIN REALTY COLOMBIA - COMPARTIMENTO B,136000300,INVERSIONES DERECHOS FIDUCIARIOS,,,1,99,PESOS,"66697602496,5","62874830242,97",,136000,Activo,,Activo no corriente,Inversiones a valor razonable con efectos en resultados,Inversiones derechos fiduciarios,,,Inversiones,
293,FCP PALADIN REALTY COLOMBIA - COMPARTIMENTO B,161695006,BANCOLOMBIA Cta No.03183435808,,,1,99,PESOS,"244453,89","742874,27",,161695,Activo,,Activo Corriente,Cuentas por cobrar,Deudores,,,,
293,FCP PALADIN REALTY COLOMBIA - COMPARTIMENTO B,161695015,GASTOS VARIOS DE ADMON                  ,,,1,99,PESOS,"0,0","9,48",,161695,Activo,,Activo Corriente,Cuentas por cobrar,Deudores,,,,
293,FCP PALADIN REALTY COLOMBIA - COMPARTIMENTO B,192595030,AMORTIZACION COMISION DE ADMON,,,1,99,PESOS,"0,0","22147182,72",,192595,Activo,,Activo Corriente,Otros activos,Gatos pagados por anticipados,,,,
293,FCP PALADIN REALTY COLOMBIA - COMPARTIMENTO B,253105110,CUENTA COMPENSACION,,,1,99,PESOS,"-10799058809,09","-10307534875,86",,253105,Total pasivo + patrimonio,Pasivo,Pasivo Corriente,Cuentas por pagar,Acreedores varios,,,,
293,FCP PALADIN REALTY COLOMBIA - COMPARTIMENTO B,411495999,OTROS,,,1,99,PESOS,"0,0","-0,01",,411495,Total pasivo + patrimonio,Patrimonio,Utilidad o perdida del ejercicio,Ingresos ordinarios,Otros rendimientos financieros,,,,
293,FCP PALADIN REALTY COLOMBIA - COMPARTIMENTO B,511548010,COMISION DE ADMINISTRACION R.F.         ,,,1,99,PESOS,"0,0","110735915,7",,511548,Total pasivo + patrimonio,Patrimonio,Utilidad o perdida del ejercicio,Costos y gastos,Gastos de operaciones,Comisión administración,,,
293,FCP PALADIN REALTY COLOMBIA - COMPARTIMENTO B,511595011,COMISION GESTOR PROFESIONAL             ,,,1,99,PESOS,"0,0","829151041,67",,511595,Total pasivo + patrimonio,Patrimonio,Utilidad o perdida del ejercicio,Costos y gastos,Gastos de operaciones,Comisión Bursatil,,,
292,FCP PALADIN REALTY COLOMBIA - COMPARTIMENTO A,511325010,COMISION CUSTODIA FIJA                  ,,,1,99,PESOS,"0,0","904973,56",,511325,Total pasivo + patrimonio,Patrimonio,Utilidad o perdida del ejercicio,Costos y gastos,Gastos de operaciones,Comisión custodia fija,,,
292,FCP PALADIN REALTY COLOMBIA - COMPARTIMENTO A,511512010,GASTOS BANCARIOS                        ,,,1,99,PESOS,"0,0","49329,19",,511512,Total pasivo + patrimonio,Patrimonio,Utilidad o perdida del ejercicio,Costos y gastos,Gastos de operaciones,Gastos bancarios,,,
292,FCP PALADIN REALTY COLOMBIA - COMPARTIMENTO A,511548010,COMISION DE ADMINISTRACION R.F.         ,,,1,99,PESOS,"0,0","7050997,5",,511548,Total pasivo + patrimonio,Patrimonio,Utilidad o perdida del ejercicio,Costos y gastos,Gastos de operaciones,Comisión administración,,,
292,FCP PALADIN REALTY COLOMBIA - COMPARTIMENTO A,511595011,COMISION GESTOR PROFESIONAL             ,,,1,99,PESOS,"0,0","46656787,33",,511595,Total pasivo + patrimonio,Patrimonio,Utilidad o perdida del ejercicio,Costos y gastos,Gastos de operaciones,Comisión Bursatil,,,
292,FCP PALADIN REALTY COLOMBIA - COMPARTIMENTO A,513095090,OTROS HONORARIOS,,,1,99,PESOS,"0,0","2393569,2",,513095,Total pasivo + patrimonio,Patrimonio,Utilidad o perdida del ejercicio,Costos y gastos,Gastos de operaciones,Otros honorarios,,,
292,FCP PALADIN REALTY COLOMBIA - COMPARTIMENTO A,514005010,IMPUESTO A LOS MOVIMIENTOS FINANCIEROS  ,,,1,99,PESOS,"0,0","1204977,8",,514005,Total pasivo + patrimonio,Patrimonio,Utilidad o perdida del ejercicio,Costos y gastos,Gastos de operaciones,Gravamen a los movimientos financieros,Impuestos y tasas,,
292,FCP PALADIN REALTY COLOMBIA - COMPARTIMENTO A,514005015,IVA COMISION GESTOR PROFESIONAL         ,,,1,99,PESOS,"0,0","8864789,59",,514005,Total pasivo + patrimonio,Patrimonio,Utilidad o perdida del ejercicio,Costos y gastos,Gastos de operaciones,Gravamen a los movimientos financieros,Impuestos y tasas,,
292,FCP PALADIN REALTY COLOMBIA - COMPARTIMENTO A,519095050,GASTOS REEMBOLSABLES,,,1,99,PESOS,"0,0","1511285,57",,519095,Total pasivo + patrimonio,Patrimonio,Utilidad o perdida del ejercicio,Costos y gastos,Gastos de operaciones,Otros gastos de operación,,,
292,FCP PALADIN REALTY COLOMBIA - COMPARTIMENTO A,810505115,OTROS EMISORES NACIONALES,,,1,99,PESOS,"10490438,67","10490438,67",,810505,,,,,,,,,
292,FCP PALADIN REALTY COLOMBIA - COMPARTIMENTO A,810505205,EMISORES NACIONALES                     ,,,1,99,PESOS,"2045664084,82","1989595229,75",,810505,,,,,,,,,
292,FCP PALADIN REALTY COLOMBIA - COMPARTIMENTO A,829595998,OTRAS CUENTAS DE ORDEN ACREEDORAS USD,,,1,99,DOLAR,"-174399069,96","-170735234,77",,829595,,,,,,,,,
292,FCP PALADIN REALTY COLOMBIA - COMPARTIMENTO A,840505999,OTRAS CUENTAS DE ORDEN ACREEDORAS USD,,,1,99,PESOS,"174399069,96","170735234,77",,840505,,,,,,,,,
293,FCP PALADIN REALTY COLOMBIA - COMPARTIMENTO B,111505006,BANCOLOMBIA Cta No.03183435808,,,1,99,PESOS,"1006234937,22","1163512614,69",,111505,Activo,,Activo Corriente,Efectivo y equivales de efectivo,Bancos nacionales,,,Disponible,
293,FCP PALADIN REALTY COLOMBIA - COMPARTIMENTO B,130115115,OTROS EMISORES NACIONALES,,,1,99,PESOS,"550748030,14","550748030,14",,130115,Activo,,Activo no corriente,Inversiones a valor razonable con efectos en resultados,Instrumentos de Deuda,,,Inversiones,
293,FCP PALADIN REALTY COLOMBIA - COMPARTIMENTO B,250110025,OTRAS COMISIONES,,,1,99,PESOS,"-1849200738,72","-663449741,42",,250110,Total pasivo + patrimonio,Pasivo,Pasivo Corriente,Cuentas por pagar,Comision de administracion.,,,,
293,FCP PALADIN REALTY COLOMBIA - COMPARTIMENTO B,352505010,PARTICIPACIONES EN FDO DE INVERSIÓN COLE,,,1,99,PESOS,"-64299563288,1","-62199316053,76",,352505,Total pasivo + patrimonio,Patrimonio,,Patrimonio especiales,Participaciones en fondos de inversión colectiva,,,,
293,FCP PALADIN REALTY COLOMBIA - COMPARTIMENTO B,411495006,BANCOLOMBIA Cta No.03183435808,,,1,99,PESOS,"0,0","-17649180,82",,411495,Total pasivo + patrimonio,Patrimonio,Utilidad o perdida del ejercicio,Ingresos ordinarios,Otros rendimientos financieros,,,,
293,FCP PALADIN REALTY COLOMBIA - COMPARTIMENTO B,510805010,POR DISMINUCION EN EL VALOR RAZONABLE,,,1,99,PESOS,"0,0","941559156,57",,510805,Total pasivo + patrimonio,Patrimonio,Utilidad o perdida del ejercicio,Costos y gastos,Gastos de operaciones,Disminución en el valor de mercado Inst. de Pat.,,,
293,FCP PALADIN REALTY COLOMBIA - COMPARTIMENTO B,511325010,COMISION CUSTODIA FIJA                  ,,,1,99,PESOS,"0,0","14212609,94",,511325,Total pasivo + patrimonio,Patrimonio,Utilidad o perdida del ejercicio,Costos y gastos,Gastos de operaciones,Comisión custodia fija,,,
293,FCP PALADIN REALTY COLOMBIA - COMPARTIMENTO B,511512010,GASTOS BANCARIOS                        ,,,1,99,PESOS,"0,0","7120,86",,511512,Total pasivo + patrimonio,Patrimonio,Utilidad o perdida del ejercicio,Costos y gastos,Gastos de operaciones,Gastos bancarios,,,
293,FCP PALADIN REALTY COLOMBIA - COMPARTIMENTO B,513015003,REVISORIA FISCAL                        ,,,1,99,PESOS,"0,0","7724176,18",,513015,Total pasivo + patrimonio,Patrimonio,Utilidad o perdida del ejercicio,Costos y gastos,Gastos de operaciones,Revisoría Fiscal,,,
293,FCP PALADIN REALTY COLOMBIA - COMPARTIMENTO B,513095090,OTROS HONORARIOS,,,1,99,PESOS,"0,0","37573373,68",,513095,Total pasivo + patrimonio,Patrimonio,Utilidad o perdida del ejercicio,Costos y gastos,Gastos de operaciones,Otros honorarios,,,
293,FCP PALADIN REALTY COLOMBIA - COMPARTIMENTO B,514005010,IMPUESTO A LOS MOVIMIENTOS FINANCIEROS  ,,,1,99,PESOS,"0,0","6018695,38",,514005,Total pasivo + patrimonio,Patrimonio,Utilidad o perdida del ejercicio,Costos y gastos,Gastos de operaciones,Gravamen a los movimientos financieros,Impuestos y tasas,,
293,FCP PALADIN REALTY COLOMBIA - COMPARTIMENTO B,514005015,IVA COMISION GESTOR PROFESIONAL         ,,,1,99,PESOS,"0,0","157538697,92",,514005,Total pasivo + patrimonio,Patrimonio,Utilidad o perdida del ejercicio,Costos y gastos,Gastos de operaciones,Gravamen a los movimientos financieros,Impuestos y tasas,,
293,FCP PALADIN REALTY COLOMBIA - COMPARTIMENTO B,810505115,OTROS EMISORES NACIONALES,,,1,99,PESOS,"550748030,14","550748030,14",,810505,,,,,,,,,
293,FCP PALADIN REALTY COLOMBIA - COMPARTIMENTO B,810505205,EMISORES NACIONALES                     ,,,1,99,PESOS,"75390595414,66","71433149959,74",,810505,,,,,,,,,
293,FCP PALADIN REALTY COLOMBIA - COMPARTIMENTO B,840505999,OTRAS CUENTAS DE ORDEN ACREEDORAS USD,,,1,99,PESOS,"22144162042,82","21678950040,42",,840505,,,,,,,,,
294,FCP PALADIN REALTY COLOMBIA - COMPARTIMENTO C,111505012,BANCOLOMBIA Cta No. 03198020221,,,1,99,PESOS,"654592225,88","1928006539,87",,111505,Activo,,Activo Corriente,Efectivo y equivales de efectivo,Bancos nacionales,,,Disponible,
294,FCP PALADIN REALTY COLOMBIA - COMPARTIMENTO C,161695012,BANCOLOMBIA Cta No. 03198020221,,,1,99,PESOS,"159008,21","779395,94",,161695,Activo,,Activo Corriente,Cuentas por cobrar,Deudores,,,,
294,FCP PALADIN REALTY COLOMBIA - COMPARTIMENTO C,192595015,COMISION DE GESTION,,,1,99,PESOS,"0,0","17336628,46",,192595,Activo,,Activo Corriente,Otros activos,Gatos pagados por anticipados,,,,
294,FCP PALADIN REALTY COLOMBIA - COMPARTIMENTO C,352505010,PARTICIPACIONES EN FDO DE INVERSIÓN COLE,,,1,99,PESOS,"-11604291532,06","-11711970288,41",,352505,Total pasivo + patrimonio,Patrimonio,,Patrimonio especiales,Participaciones en fondos de inversión colectiva,,,,
294,FCP PALADIN REALTY COLOMBIA - COMPARTIMENTO C,511325010,COMISION CUSTODIA FIJA                  ,,,1,99,PESOS,"0,0","1736656,5",,511325,Total pasivo + patrimonio,Patrimonio,Utilidad o perdida del ejercicio,Costos y gastos,Gastos de operaciones,Comisión custodia fija,,,
294,FCP PALADIN REALTY COLOMBIA - COMPARTIMENTO C,513015003,REVISORIA FISCAL                        ,,,1,99,PESOS,"0,0","943826,68",,513015,Total pasivo + patrimonio,Patrimonio,Utilidad o perdida del ejercicio,Costos y gastos,Gastos de operaciones,Revisoría Fiscal,,,
294,FCP PALADIN REALTY COLOMBIA - COMPARTIMENTO C,513095090,OTROS HONORARIOS,,,1,99,PESOS,"0,0","4591107,13",,513095,Total pasivo + patrimonio,Patrimonio,Utilidad o perdida del ejercicio,Costos y gastos,Gastos de operaciones,Otros honorarios,,,
294,FCP PALADIN REALTY COLOMBIA - COMPARTIMENTO C,514005010,IMPUESTO A LOS MOVIMIENTOS FINANCIEROS  ,,,1,99,PESOS,"0,0","2220951,33",,514005,Total pasivo + patrimonio,Patrimonio,Utilidad o perdida del ejercicio,Costos y gastos,Gastos de operaciones,Gravamen a los movimientos financieros,Impuestos y tasas,,
294,FCP PALADIN REALTY COLOMBIA - COMPARTIMENTO C,519095050,GASTOS REEMBOLSABLES,,,1,99,PESOS,"0,0","2900177,43",,519095,Total pasivo + patrimonio,Patrimonio,Utilidad o perdida del ejercicio,Costos y gastos,Gastos de operaciones,Otros gastos de operación,,,
294,FCP PALADIN REALTY COLOMBIA - COMPARTIMENTO C,590505015,CANCELACION DE INGRESOS RV,,,1,99,PESOS,"0,0","-1569210620,27",,590505,Total pasivo + patrimonio,Patrimonio,,,,,,,
294,FCP PALADIN REALTY COLOMBIA - COMPARTIMENTO C,810505115,OTROS EMISORES NACIONALES,,,1,99,PESOS,"20131298,71","20131298,71",,810505,,,,,,,,,
294,FCP PALADIN REALTY COLOMBIA - COMPARTIMENTO C,810505205,EMISORES NACIONALES                     ,,,1,99,PESOS,"3925870916,59","3818273991,08",,810505,,,,,,,,,
294,FCP PALADIN REALTY COLOMBIA - COMPARTIMENTO C,840505999,OTRAS CUENTAS DE ORDEN ACREEDORAS USD,,,1,99,PESOS,"592071587,17","579633147,42",,840505,,,,,,,,,
293,FCP PALADIN REALTY COLOMBIA - COMPARTIMENTO B,511595015,OTRAS COMISIONES,,,1,99,PESOS,"0,0","4429436,71",,511595,Total pasivo + patrimonio,Patrimonio,Utilidad o perdida del ejercicio,Costos y gastos,Gastos de operaciones,Comisión Bursatil,,,
293,FCP PALADIN REALTY COLOMBIA - COMPARTIMENTO B,514005011,IMPOVENTAS                              ,,,1,99,PESOS,"0,0","8656308,1",,514005,Total pasivo + patrimonio,Patrimonio,Utilidad o perdida del ejercicio,Costos y gastos,Gastos de operaciones,Gravamen a los movimientos financieros,Impuestos y tasas,,
293,FCP PALADIN REALTY COLOMBIA - COMPARTIMENTO B,519095999,OTROS,,,1,99,PESOS,"0,0","289882,46",,519095,Total pasivo + patrimonio,Patrimonio,Utilidad o perdida del ejercicio,Costos y gastos,Gastos de operaciones,Otros gastos de operación,,,
293,FCP PALADIN REALTY COLOMBIA - COMPARTIMENTO B,590505010,CANCELACION DE INGRESOS RF,,,1,99,PESOS,"0,0","-490304590,48",,590505,Total pasivo + patrimonio,Patrimonio,,,,,,,
293,FCP PALADIN REALTY COLOMBIA - COMPARTIMENTO B,590505015,CANCELACION DE INGRESOS RV,,,1,99,PESOS,"0,0","-1609942643,86",,590505,Total pasivo + patrimonio,Patrimonio,,,,,,,
293,FCP PALADIN REALTY COLOMBIA - COMPARTIMENTO B,829595998,OTRAS CUENTAS DE ORDEN ACREEDORAS USD,,,1,99,DÓLAR,"-22144162042,82","-21678950040,42",,829595,,,,,,,,,
293,FCP PALADIN REALTY COLOMBIA - COMPARTIMENTO B,830505010,DEUDORAS POR CONTRA,,,1,99,PESOS,"-75941343444,8","-71983897989,88",,,,,,,,,,,
294,FCP PALADIN REALTY COLOMBIA - COMPARTIMENTO C,130115115,OTROS EMISORES NACIONALES,,,1,99,PESOS,"20131298,71","20131298,71",,130115,Activo,,Activo no corriente,Inversiones a valor razonable con efectos en resultados,Instrumentos de Deuda,,,Inversiones,
294,FCP PALADIN REALTY COLOMBIA - COMPARTIMENTO C,130205300,EMISORES  NACIONALES,,,1,99,PESOS,"317751906,89","312829244,82",,130205,Activo,,Activo no corriente,Inversiones a valor razonable con efectos en resultados,Instrumentos de patrimonio,,,Inversiones,
294,FCP PALADIN REALTY COLOMBIA - COMPARTIMENTO C,130210300,EMISORES EXTRANJEROS,,,1,99,PESOS,"6576864739,8","5485512871,15",,130210,Activo,,Activo no corriente,Inversiones a valor razonable con efectos en resultados,Instrumentos de patrimonio,,,Inversiones,
294,FCP PALADIN REALTY COLOMBIA - COMPARTIMENTO C,136000300,INVERSIONES DERECHOS FIDUCIARIOS,,,1,99,PESOS,"3608119009,71","3505444746,26",,136000,Activo,,Activo no corriente,Inversiones a valor razonable con efectos en resultados,Inversiones derechos fiduciarios,,,Inversiones,
294,FCP PALADIN REALTY COLOMBIA - COMPARTIMENTO C,161695015,GASTOS VARIOS DE ADMON                  ,,,1,99,PESOS,"0,0","4,09",,161695,Activo,,Activo Corriente,Cuentas por cobrar,Deudores,,,,
294,FCP PALADIN REALTY COLOMBIA - COMPARTIMENTO C,161695045,CUENTA CORRIENTE                        ,,,1,99,PESOS,"821649776,04","856042699,15",,161695,Activo,,Activo Corriente,Cuentas por cobrar,Deudores,,,,
294,FCP PALADIN REALTY COLOMBIA - COMPARTIMENTO C,192595030,AMORTIZACION COMISION DE ADMON,,,1,99,PESOS,"0,0","2706192,28",,192595,Activo,,Activo Corriente,Otros activos,Gatos pagados por anticipados,,,,
294,FCP PALADIN REALTY COLOMBIA - COMPARTIMENTO C,253105110,CUENTA COMPENSACION,,,1,99,PESOS,"-394976433,18","-416819332,32",,253105,Total pasivo + patrimonio,Pasivo,Pasivo Corriente,Cuentas por pagar,Acreedores varios,,,,
294,FCP PALADIN REALTY COLOMBIA - COMPARTIMENTO C,411495012,BANCOLOMBIA Cta No. 03198020221,,,1,99,PESOS,"0,0","-22250632,27",,411495,Total pasivo + patrimonio,Patrimonio,Utilidad o perdida del ejercicio,Ingresos ordinarios,Otros rendimientos financieros,,,,
294,FCP PALADIN REALTY COLOMBIA - COMPARTIMENTO C,419595030,OTROS,,,1,99,PESOS,"0,0","-0,03",,419595,Total pasivo + patrimonio,Patrimonio,Utilidad o perdida del ejercicio,Ingresos ordinarios,Valoración Propiedades de Inversión,,,,
294,FCP PALADIN REALTY COLOMBIA - COMPARTIMENTO C,510805010,POR DISMINUCION EN EL VALOR RAZONABLE,,,1,99,PESOS,"0,0","1492648241,2",,510805,Total pasivo + patrimonio,Patrimonio,Utilidad o perdida del ejercicio,Costos y gastos,Gastos de operaciones,Disminución en el valor de mercado Inst. de Pat.,,,
294,FCP PALADIN REALTY COLOMBIA - COMPARTIMENTO C,511512010,GASTOS BANCARIOS                        ,,,1,99,PESOS,"0,0","3397,78",,511512,Total pasivo + patrimonio,Patrimonio,Utilidad o perdida del ejercicio,Costos y gastos,Gastos de operaciones,Gastos bancarios,,,
294,FCP PALADIN REALTY COLOMBIA - COMPARTIMENTO C,511548010,COMISION DE ADMINISTRACION R.F.         ,,,1,99,PESOS,"0,0","13530961,8",,511548,Total pasivo + patrimonio,Patrimonio,Utilidad o perdida del ejercicio,Costos y gastos,Gastos de operaciones,Comisión administración,,,
294,FCP PALADIN REALTY COLOMBIA - COMPARTIMENTO C,511595011,COMISION GESTOR PROFESIONAL             ,,,1,99,PESOS,"0,0","73508019,65",,511595,Total pasivo + patrimonio,Patrimonio,Utilidad o perdida del ejercicio,Costos y gastos,Gastos de operaciones,Comisión Bursatil,,,
294,FCP PALADIN REALTY COLOMBIA - COMPARTIMENTO C,511595015,OTRAS COMISIONES,,,1,99,PESOS,"0,0","541238,39",,511595,Total pasivo + patrimonio,Patrimonio,Utilidad o perdida del ejercicio,Costos y gastos,Gastos de operaciones,Comisión Bursatil,,,
294,FCP PALADIN REALTY COLOMBIA - COMPARTIMENTO C,514005011,IMPOVENTAS                              ,,,1,99,PESOS,"0,0","1057719,78",,514005,Total pasivo + patrimonio,Patrimonio,Utilidad o perdida del ejercicio,Costos y gastos,Gastos de operaciones,Gravamen a los movimientos financieros,Impuestos y tasas,,
294,FCP PALADIN REALTY COLOMBIA - COMPARTIMENTO C,514005015,IVA COMISION GESTOR PROFESIONAL,,,1,99,PESOS,"0,0","13966523,72",,514005,Total pasivo + patrimonio,Patrimonio,Utilidad o perdida del ejercicio,Costos y gastos,Gastos de operaciones,Gravamen a los movimientos financieros,Impuestos y tasas,,
294,FCP PALADIN REALTY COLOMBIA - COMPARTIMENTO C,519095999,OTROS,,,1,99,PESOS,"0,0","10595,96",,519095,Total pasivo + patrimonio,Patrimonio,Utilidad o perdida del ejercicio,Costos y gastos,Gastos de operaciones,Otros gastos de operación,,,
294,FCP PALADIN REALTY COLOMBIA - COMPARTIMENTO C,590505010,CANCELACION DE INGRESOS RF,,,1,99,PESOS,"0,0","-16198164,78",,590505,Total pasivo + patrimonio,Patrimonio,,,,,,,
294,FCP PALADIN REALTY COLOMBIA - COMPARTIMENTO C,810505210,EMISORES EXTRANJEROS,,,1,99,PESOS,"6576864739,8","5485512871,15",,810505,,,,,,,,,
294,FCP PALADIN REALTY COLOMBIA - COMPARTIMENTO C,829595998,OTRAS CUENTAS DE ORDEN ACREEDORAS USD,,,1,99,DÓLAR,"-592071587,17","-579633147,42",,829595,,,,,,,,,
294,FCP PALADIN REALTY COLOMBIA - COMPARTIMENTO C,830505010,DEUDORAS POR CONTRA,,,1,99,PESOS,"-10522866955,1","-9323918160,94",,,,,,,,,,,
302,FIC DIVERSIFICADO INTERNACIONAL,111505009,(BG) Bco República cta cte No 62257266,,,1,99,PESOS,"987702,75","5958304,75",,111505,Activo,,Activo Corriente,Efectivo y equivales de efectivo,Bancos nacionales,,,Disponible,
302,FIC DIVERSIFICADO INTERNACIONAL,111505011,(DI) Davivienda cta aho No 482800036048,,,1,99,PESOS,"56103018,54","169182313,36",,111505,Activo,,Activo Corriente,Efectivo y equivales de efectivo,Bancos nacionales,,,Disponible,
302,FIC DIVERSIFICADO INTERNACIONAL,111505013,(DI) Bco Occidente cta aho No 219885910,,,1,99,PESOS,"556788716,04","43196619,17",,111505,Activo,,Activo Corriente,Efectivo y equivales de efectivo,Bancos nacionales,,,Disponible,
302,FIC DIVERSIFICADO INTERNACIONAL,111505015,(BG) Bancolombia cta cte No 03100017334,,,1,99,PESOS,"7564848,97","26688805,18",,111505,Activo,,Activo Corriente,Efectivo y equivales de efectivo,Bancos nacionales,,,Disponible,
302,FIC DIVERSIFICADO INTERNACIONAL,111510140,BANCO DE BOGOTA MIAMI CTA: 79673,,,1,99,DOLARES,"25491787,8","28174629,0",,111510,Activo,,Activo Corriente,Efectivo y equivales de efectivo,Bancos del Exterior,,,Disponible,
302,FIC DIVERSIFICADO INTERNACIONAL,130205300,EMISORES  NACIONALES,,,1,99,PESOS,"574708490,85","911261983,55",,130205,Activo,,Activo no corriente,Inversiones a valor razonable con efectos en resultados,Instrumentos de patrimonio,,,Inversiones,
302,FIC DIVERSIFICADO INTERNACIONAL,135115200,DERECHO DE COMPRA TITULOS,,,1,99,DOLARES,"509756886,3","0,0",,135115,Activo,,Activo no corriente,Inversiones a valor razonable con efectos en resultados,,,,Inversiones,
302,FIC DIVERSIFICADO INTERNACIONAL,135305015,OBLIGACION DERIVADOS DE MONEDAS,,,1,99,PESOS,"-7867509500,0","-7292838500,0",,135305,Activo,,Activo no corriente,Inversiones a valor razonable con efectos en resultados,,,,Inversiones,
302,FIC DIVERSIFICADO INTERNACIONAL,161695002,(BG) Bancolombia Cta cau No. 03196256902,,,1,99,PESOS,"166621,48","35565,67",,161695,Activo,,Activo Corriente,Cuentas por cobrar,Deudores,,,,
302,FIC DIVERSIFICADO INTERNACIONAL,161695006,(DI) Bco Occidente cta aho No 219885910,,,1,99,PESOS,"356397,7","34810,65",,161695,Activo,,Activo Corriente,Cuentas por cobrar,Deudores,,,,
302,FIC DIVERSIFICADO INTERNACIONAL,161695007,(BG) Occidente cta cau No. 288859887,,,1,99,PESOS,"740881,37","612384,22",,161695,Activo,,Activo Corriente,Cuentas por cobrar,Deudores,,,,
302,FIC DIVERSIFICADO INTERNACIONAL,161695009,(DI) Davivienda cta ah No 482800043101,,,1,99,PESOS,"0,0","220954,62",,161695,Activo,,Activo Corriente,Cuentas por cobrar,Deudores,,,,
302,FIC DIVERSIFICADO INTERNACIONAL,161695012,(DI) Davivienda cta aho No 482800036048,,,1,99,PESOS,"22948,8","129614,92",,161695,Activo,,Activo Corriente,Cuentas por cobrar,Deudores,,,,
302,FIC DIVERSIFICADO INTERNACIONAL,111505002,(BG) Bancolombia cta Ah No. 03196256902,,,1,99,PESOS,"60663276,93","10930502,93",,111505,Activo,,Activo Corriente,Efectivo y equivales de efectivo,Bancos nacionales,,,Disponible,
302,FIC DIVERSIFICADO INTERNACIONAL,111505007,(BG) Occidente cta Aho No 288859887,,,1,99,PESOS,"209165863,95","13466009,79",,111505,Activo,,Activo Corriente,Efectivo y equivales de efectivo,Bancos nacionales,,,Disponible,
302,FIC DIVERSIFICADO INTERNACIONAL,111505010,(BG) Bogotá cta aho No 049285885,,,1,99,PESOS,"452550,0","468345,0",,111505,Activo,,Activo Corriente,Efectivo y equivales de efectivo,Bancos nacionales,,,Disponible,
302,FIC DIVERSIFICADO INTERNACIONAL,111505012,(DI) Bco Bogotá cta aho No 049335086,,,1,99,PESOS,"142697441,08","32288595,08",,111505,Activo,,Activo Corriente,Efectivo y equivales de efectivo,Bancos nacionales,,,Disponible,
302,FIC DIVERSIFICADO INTERNACIONAL,111505014,(DI) Bancolombia cta Ah No. 69000008141,,,1,99,PESOS,"282974989,24","216499883,68",,111505,Activo,,Activo Corriente,Efectivo y equivales de efectivo,Bancos nacionales,,,Disponible,
302,FIC DIVERSIFICADO INTERNACIONAL,111505017,(DI) Davivienda cta ah No 482800043101,,,1,99,PESOS,"0,0","288917339,35",,111505,Activo,,Activo Corriente,Efectivo y equivales de efectivo,Bancos nacionales,,,Disponible,
302,FIC DIVERSIFICADO INTERNACIONAL,111505018,BG) Davivienda cta ah No 482800017147,,,1,99,PESOS,"1339171,26","1387004,35",,111505,Activo,,Activo Corriente,Efectivo y equivales de efectivo,Bancos nacionales,,,Disponible,
302,FIC DIVERSIFICADO INTERNACIONAL,111510002,(DI) Davivienda Panamá Cta: 10001015161,,,1,99,DOLARES,"52068808,15","51759110,7",,111510,Activo,,Activo Corriente,Efectivo y equivales de efectivo,Bancos del Exterior,,,Disponible,
302,FIC DIVERSIFICADO INTERNACIONAL,111510101,BANCOLOMBIA PANAMA CTA: 80100007496,,,1,99,DOLARES,"22734917,65","18507053,11",,111510,Activo,,Activo Corriente,Efectivo y equivales de efectivo,Bancos del Exterior,,,Disponible,
302,FIC DIVERSIFICADO INTERNACIONAL,111510130,ALL FUNDS CTA: 1150500576002,,,1,99,DOLARES,"4300278,58","4938762,3",,111510,Activo,,Activo Corriente,Efectivo y equivales de efectivo,Bancos del Exterior,,,Disponible,
302,FIC DIVERSIFICADO INTERNACIONAL,111510135,CITIBANK NEW YORK CTA: 27075000,,,1,99,DOLARES,"828878799,15","260956209,19",,111510,Activo,,Activo Corriente,Efectivo y equivales de efectivo,Bancos del Exterior,,,Disponible,
302,FIC DIVERSIFICADO INTERNACIONAL,111510145,OCCIDENTAL BANK BARBADOS CTA: 509060,,,1,99,DOLARES,"23674525,76","19407059,57",,111510,Activo,,Activo Corriente,Efectivo y equivales de efectivo,Bancos del Exterior,,,Disponible,
302,FIC DIVERSIFICADO INTERNACIONAL,122005010,COMP DE TRANSF DE INV EN OP. SIM,,,1,99,PESOS,"0,0","931505869,0",,,,,,,,,,,
302,FIC DIVERSIFICADO INTERNACIONAL,130105105,TÍTULOS DE TESORERÍA -TES               ,,,1,99,PESOS,"0,0","490192150,0",,130105,Activo,,Activo no corriente,Inversiones a valor razonable con efectos en resultados,Instrumentos de Deuda,,,Inversiones,
302,FIC DIVERSIFICADO INTERNACIONAL,130210200,EMISORES EXTRANJEROS,,,1,99,DOLARES,"16520684399,33","14865162673,57",,130210,Activo,,Activo no corriente,Inversiones a valor razonable con efectos en resultados,Instrumentos de patrimonio,,,Inversiones,
302,FIC DIVERSIFICADO INTERNACIONAL,135140200,OBLIGACION DE COMPRA TITULOS,,,1,99,DOLARES,"-509310376,56","0,0",,135140,Activo,,Activo no corriente,Inversiones a valor razonable con efectos en resultados,,,,Inversiones,
302,FIC DIVERSIFICADO INTERNACIONAL,135305010,DERECHO DERIVADOS DE MONEDAS,,,1,99,PESOS,"7867509500,0","7292838500,0",,135305,Activo,,Activo no corriente,Inversiones a valor razonable con efectos en resultados,,,,Inversiones,
302,FIC DIVERSIFICADO INTERNACIONAL,161695004,(LD) BCO DAVIVIENDA cta No.482800025215,,,1,99,PESOS,"16098,53","16098,53",,161695,Activo,,Activo Corriente,Cuentas por cobrar,Deudores,,,,
302,FIC DIVERSIFICADO INTERNACIONAL,161695008,(DI) Davivienda Panamá Cta. 10001015161,,,1,99,PESOS,"-22962,36","106129,73",,161695,Activo,,Activo Corriente,Cuentas por cobrar,Deudores,,,,
302,FIC DIVERSIFICADO INTERNACIONAL,161695010,(BG) Bogotá cta aho Cau No. 049285885,,,1,99,PESOS,"27,24","3303,42",,161695,Activo,,Activo Corriente,Cuentas por cobrar,Deudores,,,,
302,FIC DIVERSIFICADO INTERNACIONAL,161695013,(DI) Bco Bogotá cta aho No 049335086,,,1,99,PESOS,"932259,19","352193,56",,161695,Activo,,Activo Corriente,Cuentas por cobrar,Deudores,,,,
302,FIC DIVERSIFICADO INTERNACIONAL,161695018,BG) Davivienda cta ah No 482800017147,,,1,99,PESOS,"196181,52","196694,48",,161695,Activo,,Activo Corriente,Cuentas por cobrar,Deudores,,,,
302,FIC DIVERSIFICADO INTERNACIONAL,161695145,OCCIDENTAL BANK BARBADOS Cau. 509060 CTE,,,1,99,DOLARES,"1500969,49","1614215,24",,161695,Activo,,Activo Corriente,Cuentas por cobrar,Deudores,,,,
302,FIC DIVERSIFICADO INTERNACIONAL,162825010,EN GARANTIA,,,1,99,PESOS,"429364444,0","472364444,0",,162825,Activo,,Activo Corriente,Cuentas por cobrar,Deudores,,,,
302,FIC DIVERSIFICADO INTERNACIONAL,225005010,DERECHO DE COMPRA DE DIVISAS,,,1,99,DOLARES,"0,0","294252000,0",,,,,,,,,,,
302,FIC DIVERSIFICADO INTERNACIONAL,225015011,DERECHO COMPRA SOBRE TITULOS,,,1,99,PESOS,"0,0","372357901,45",,225015,Total pasivo + patrimonio,Pasivo,Pasivo Corriente,,,,,,
302,FIC DIVERSIFICADO INTERNACIONAL,225020300,DERECHO VENTA TITULOS,,,1,99,PESOS,"1729001265,4","0,0",,225020,Total pasivo + patrimonio,Pasivo,Pasivo Corriente,,,,,,
302,FIC DIVERSIFICADO INTERNACIONAL,225030010,OBLIGACION DE COMPRA SOBRE DIVISAS,,,1,99,PESOS,"0,0","-295200000,0",,,,,,,,,,,
302,FIC DIVERSIFICADO INTERNACIONAL,225045300,OBLIGACION VENTA TITULOS,,,1,99,PESOS,"-1733428758,76","0,0",,225045,Total pasivo + patrimonio,Pasivo,Pasivo Corriente,,,,,,
302,FIC DIVERSIFICADO INTERNACIONAL,250105035,REVISORIA FISCAL,,,1,99,PESOS,"0,0","-76453,5",,250105,Total pasivo + patrimonio,Pasivo,Pasivo Corriente,Cuentas por pagar,Comision de administracion.,,,,
302,FIC DIVERSIFICADO INTERNACIONAL,250110015,COMISION DE ADMINISTRACION              ,,,1,99,PESOS,"-1843767,21","-2669750,93",,250110,Total pasivo + patrimonio,Pasivo,Pasivo Corriente,Cuentas por pagar,Comision de administracion.,,,,
302,FIC DIVERSIFICADO INTERNACIONAL,253105135,LIQUIDACION DERIVADOS,,,1,99,PESOS,"-106573000,0","-54061500,0",,253105,Total pasivo + patrimonio,Pasivo,Pasivo Corriente,Cuentas por pagar,Acreedores varios,,,,
302,FIC DIVERSIFICADO INTERNACIONAL,352505010,PARTICIPACIONES EN FDO DE INVERSIÓN COLE,,,1,99,PESOS,"-19306012704,8","-18779118586,07",,352505,Total pasivo + patrimonio,Patrimonio,,Patrimonio especiales,Participaciones en fondos de inversión colectiva,,,,
302,FIC DIVERSIFICADO INTERNACIONAL,352510010,PARTICIPACIONES POR IDENTIFICAR,,,1,99,PESOS,"-187427082,21","-228967,09",,352510,Total pasivo + patrimonio,Patrimonio,,Patrimonio especiales,Participaciones en fondos de inversión colectiva,,,,
302,FIC DIVERSIFICADO INTERNACIONAL,410705105,TÍTULOS DE TESORERÍA -TES               ,,,1,99,PESOS,"0,0","-13719550,0",,410705,Total pasivo + patrimonio,Patrimonio,Utilidad o perdida del ejercicio,Ingresos ordinarios,Valoracion Intrumentos de Deuda,,,,
302,FIC DIVERSIFICADO INTERNACIONAL,410805300,EMISORES NACIONALES,,,1,99,PESOS,"0,0","-16038997,77",,410805,Total pasivo + patrimonio,Patrimonio,Utilidad o perdida del ejercicio,Ingresos ordinarios,Por aumento en el valor de mercado Inst. de Pat.,,,,
302,FIC DIVERSIFICADO INTERNACIONAL,411405015,INGRESO POR OP REPO,,,1,99,PESOS,"0,0","-10481405,95",,411405,Total pasivo + patrimonio,Patrimonio,Utilidad o perdida del ejercicio,Ingresos ordinarios,,,,,
302,FIC DIVERSIFICADO INTERNACIONAL,411495002,(BG) Bancolombia cta Ah No. 03196256902,,,1,99,PESOS,"0,0","-701300,19",,411495,Total pasivo + patrimonio,Patrimonio,Utilidad o perdida del ejercicio,Ingresos ordinarios,Otros rendimientos financieros,,,,
302,FIC DIVERSIFICADO INTERNACIONAL,411495008,(DI) Davivienda Panamá Cta. 10001015161,,,1,99,PESOS,"0,0","-1094461,8",,411495,Total pasivo + patrimonio,Patrimonio,Utilidad o perdida del ejercicio,Ingresos ordinarios,Otros rendimientos financieros,,,,
302,FIC DIVERSIFICADO INTERNACIONAL,411495009,(DI) Davivienda cta ah No 482800043101,,,1,99,PESOS,"0,0","-2361143,64",,411495,Total pasivo + patrimonio,Patrimonio,Utilidad o perdida del ejercicio,Ingresos ordinarios,Otros rendimientos financieros,,,,
302,FIC DIVERSIFICADO INTERNACIONAL,411495013,(DI) Bco Bogotá cta aho No 049335086,,,1,99,PESOS,"0,0","-4017160,95",,411495,Total pasivo + patrimonio,Patrimonio,Utilidad o perdida del ejercicio,Ingresos ordinarios,Otros rendimientos financieros,,,,
302,FIC DIVERSIFICADO INTERNACIONAL,411495014,(DI) Bancolombia cta Ah No. 69000008141,,,1,99,PESOS,"0,0","-1214306,31",,411495,Total pasivo + patrimonio,Patrimonio,Utilidad o perdida del ejercicio,Ingresos ordinarios,Otros rendimientos financieros,,,,
302,FIC DIVERSIFICADO INTERNACIONAL,411495018,BG) Davivienda cta ah No 482800017147,,,1,99,PESOS,"0,0","-48346,05",,411495,Total pasivo + patrimonio,Patrimonio,Utilidad o perdida del ejercicio,Ingresos ordinarios,Otros rendimientos financieros,,,,
302,FIC DIVERSIFICADO INTERNACIONAL,411495130,ALL FUNDS Cau. 1150500576002 CTE,,,1,99,DOLARES,"0,0","-25760,84",,411495,Total pasivo + patrimonio,Patrimonio,Utilidad o perdida del ejercicio,Ingresos ordinarios,Otros rendimientos financieros,,,,
302,FIC DIVERSIFICADO INTERNACIONAL,412917010,FUTUROS DE MONEDAS,,,1,99,PESOS,"0,0","-223967500,0",,412917,Total pasivo + patrimonio,Patrimonio,Utilidad o perdida del ejercicio,Ingresos ordinarios,,,,,
302,FIC DIVERSIFICADO INTERNACIONAL,413535010,DIFERENCIA EN CAMBIO,,,1,99,PESOS,"0,0","-3693150,0",,413535,Total pasivo + patrimonio,Patrimonio,Utilidad o perdida del ejercicio,Ingresos ordinarios,Por reexpresion de otros pasivos,,,,
302,FIC DIVERSIFICADO INTERNACIONAL,413535015,UT/PER REEXPRESIÓN OTROS PASIVOS (OBL VE,,,1,99,PESOS,"0,0","-5473150,0",,413535,Total pasivo + patrimonio,Patrimonio,Utilidad o perdida del ejercicio,Ingresos ordinarios,Por reexpresion de otros pasivos,,,,
302,FIC DIVERSIFICADO INTERNACIONAL,511325002,COMISION CUSTODIA VARIABLE              ,,,1,99,PESOS,"0,0","6229317,99",,511325,Total pasivo + patrimonio,Patrimonio,Utilidad o perdida del ejercicio,Costos y gastos,Gastos de operaciones,Comisión custodia fija,,,
302,FIC DIVERSIFICADO INTERNACIONAL,511325010,COMISION CUSTODIA FIJA                  ,,,1,99,PESOS,"0,0","743709,79",,511325,Total pasivo + patrimonio,Patrimonio,Utilidad o perdida del ejercicio,Costos y gastos,Gastos de operaciones,Comisión custodia fija,,,
302,FIC DIVERSIFICADO INTERNACIONAL,511512010,GASTOS BANCARIOS                        ,,,1,99,PESOS,"0,0","5314850,65",,511512,Total pasivo + patrimonio,Patrimonio,Utilidad o perdida del ejercicio,Costos y gastos,Gastos de operaciones,Gastos bancarios,,,
302,FIC DIVERSIFICADO INTERNACIONAL,511595070,COMISIONES OP DEL EXTERIOR,,,1,99,PESOS,"0,0","3175867,19",,511595,Total pasivo + patrimonio,Patrimonio,Utilidad o perdida del ejercicio,Costos y gastos,Gastos de operaciones,Comisión Bursatil,,,
302,FIC DIVERSIFICADO INTERNACIONAL,513015003,REVISORIA FISCAL                        ,,,1,99,PESOS,"0,0","3022334,67",,513015,Total pasivo + patrimonio,Patrimonio,Utilidad o perdida del ejercicio,Costos y gastos,Gastos de operaciones,Revisoría Fiscal,,,
302,FIC DIVERSIFICADO INTERNACIONAL,513535010,POR REEXPRESION DE OTROS ACTIVOS,,,1,99,PESOS,"0,0","28991048,96",,513535,Total pasivo + patrimonio,Patrimonio,Utilidad o perdida del ejercicio,Costos y gastos,Gastos de operaciones,Reexpresion de Activos,,,
302,FIC DIVERSIFICADO INTERNACIONAL,514005010,IMPUESTO A LOS MOVIMIENTOS FINANCIEROS  ,,,1,99,PESOS,"0,0","19174,44",,514005,Total pasivo + patrimonio,Patrimonio,Utilidad o perdida del ejercicio,Costos y gastos,Gastos de operaciones,Gravamen a los movimientos financieros,Impuestos y tasas,,
302,FIC DIVERSIFICADO INTERNACIONAL,590505015,CANCELACION DE INGRESOS RV,,,1,99,PESOS,"0,0","548984295,07",,590505,Total pasivo + patrimonio,Patrimonio,,,,,,,
302,FIC DIVERSIFICADO INTERNACIONAL,821505010,VALORES RECIBIDOS EN OP SIMULTANEAS TES,,,1,99,PESOS,"0,0","-932256800,0",,,,,,,,,,,
305,FCP TC LATAM - COMPARTIMENTO F,111505006,(LT) BANCOLOMBIA Cta No.69000002519,,,1,99,PESOS,"3927,88","3987,32",,111505,Activo,,Activo Corriente,Efectivo y equivales de efectivo,Bancos nacionales,,,Disponible,
305,FCP TC LATAM - COMPARTIMENTO F,111505009,(LF) BANCOLOMBIA Cta No.03173150449,,,1,99,PESOS,"2029816907,94","1760562114,45",,111505,Activo,,Activo Corriente,Efectivo y equivales de efectivo,Bancos nacionales,,,Disponible,
305,FCP TC LATAM - COMPARTIMENTO F,161695009,(LF) BANCOLOMBIA Cta No.03173150449,,,1,99,PESOS,"474037,45","751701,8",,161695,Activo,,Activo Corriente,Cuentas por cobrar,Deudores,,,,
305,FCP TC LATAM - COMPARTIMENTO F,163035010,IVA DESCONTABLE 19%,,,1,99,PESOS,"1305871,6","330939,9",,163035,Activo,,Activo Corriente,Cuentas por cobrar,Deudores,,,,
305,FCP TC LATAM - COMPARTIMENTO F,253105110,CUENTA COMPENSACION,,,1,99,PESOS,"-1638380781,05","-3253545822,91",,253105,Total pasivo + patrimonio,Pasivo,Pasivo Corriente,Cuentas por pagar,Acreedores varios,,,,
305,FCP TC LATAM - COMPARTIMENTO F,411495999,OTROS,,,1,99,PESOS,"0,0","-66787,11",,411495,Total pasivo + patrimonio,Patrimonio,Utilidad o perdida del ejercicio,Ingresos ordinarios,Otros rendimientos financieros,,,,
305,FCP TC LATAM - COMPARTIMENTO F,414515010,ARRENDAMIENTO INMUEBLES IVA 19%,,,1,99,PESOS,"0,0","-79357296,85",,414515,Total pasivo + patrimonio,Patrimonio,Utilidad o perdida del ejercicio,Ingresos ordinarios,Arrendamientos,,,,
305,FCP TC LATAM - COMPARTIMENTO F,511548010,COMISION DE ADMINISTRACION R.F.         ,,,1,99,PESOS,"0,0","12767081,21",,511548,Total pasivo + patrimonio,Patrimonio,Utilidad o perdida del ejercicio,Costos y gastos,Gastos de operaciones,Comisión administración,,,
305,FCP TC LATAM - COMPARTIMENTO F,511595015,OTRAS COMISIONES,,,1,99,PESOS,"0,0","4162153,5",,511595,Total pasivo + patrimonio,Patrimonio,Utilidad o perdida del ejercicio,Costos y gastos,Gastos de operaciones,Comisión Bursatil,,,
305,FCP TC LATAM - COMPARTIMENTO F,513015003,REVISORIA FISCAL                        ,,,1,99,PESOS,"0,0","3481751,0",,513015,Total pasivo + patrimonio,Patrimonio,Utilidad o perdida del ejercicio,Costos y gastos,Gastos de operaciones,Revisoría Fiscal,,,
305,FCP TC LATAM - COMPARTIMENTO F,514005011,IMPOVENTAS                              ,,,1,99,PESOS,"0,0","1273790,77",,514005,Total pasivo + patrimonio,Patrimonio,Utilidad o perdida del ejercicio,Costos y gastos,Gastos de operaciones,Gravamen a los movimientos financieros,Impuestos y tasas,,
305,FCP TC LATAM - COMPARTIMENTO F,590505010,CANCELACION DE INGRESOS RF,,,1,99,PESOS,"0,0","32202279,63",,590505,Total pasivo + patrimonio,Patrimonio,,,,,,,
305,FCP TC LATAM - COMPARTIMENTO F,829595999,OTRAS CUENTAS DE ORDEN ACREEDORAS USD,,,1,99,DOLAR,"-22623873080,55","-22148583147,35",,829595,,,,,,,,,
305,FCP TC LATAM - COMPARTIMENTO F,830505010,DEUDORAS POR CONTRA,,,1,99,PESOS,"-2650781240,8","-2826358970,1",,,,,,,,,,,
313,FONDO DE INVERSION COLECTIVA RENTA FIJA LARGO PLAZO,111505005,(RF) DAVIVIENDA Cta No. 482800007171,,,1,99,PESOS,"585790,99","236833959,87",,111505,Activo,,Activo Corriente,Efectivo y equivales de efectivo,Bancos nacionales,,,Disponible,
313,FONDO DE INVERSION COLECTIVA RENTA FIJA LARGO PLAZO,111505017,(LP) DAVIVIENDA Cta No. 482800036055,,,1,99,PESOS,"136383846,86","120515086,88",,111505,Activo,,Activo Corriente,Efectivo y equivales de efectivo,Bancos nacionales,,,Disponible,
313,FONDO DE INVERSION COLECTIVA RENTA FIJA LARGO PLAZO,111505018,(LP) BANCOLOMBIA Cta No. 69000008142,,,1,99,PESOS,"147838672,42","57658688,52",,111505,Activo,,Activo Corriente,Efectivo y equivales de efectivo,Bancos nacionales,,,Disponible,
313,FONDO DE INVERSION COLECTIVA RENTA FIJA LARGO PLAZO,111505020,(LP) BANCO COLPATRIA Cta No.0072967713,,,1,99,PESOS,"200006407,02","96045799,89",,111505,Activo,,Activo Corriente,Efectivo y equivales de efectivo,Bancos nacionales,,,Disponible,
313,FONDO DE INVERSION COLECTIVA RENTA FIJA LARGO PLAZO,111505050,(RF) DAVIVIENDA Cta No. 5069992237,,,1,99,PESOS,"70952484,8","70951138,23",,111505,Activo,,Activo Corriente,Efectivo y equivales de efectivo,Bancos nacionales,,,Disponible,
313,FONDO DE INVERSION COLECTIVA RENTA FIJA LARGO PLAZO,130105105,TÍTULOS DE TESORERÍA -TES               ,,,1,99,PESOS,"43405304533,29","31180732800,0",,130105,Activo,,Activo no corriente,Inversiones a valor razonable con efectos en resultados,Instrumentos de Deuda,,,Inversiones,
313,FONDO DE INVERSION COLECTIVA RENTA FIJA LARGO PLAZO,161695003,(RF) BANCOLOMBIA Cta No. 03100010541,,,1,99,PESOS,"6631,5","13833,65",,161695,Activo,,Activo Corriente,Cuentas por cobrar,Deudores,,,,
313,FONDO DE INVERSION COLECTIVA RENTA FIJA LARGO PLAZO,161695010,(RF) OCCIDENTE Cta cau No. 288860091,,,1,99,PESOS,"271687,84","597821,91",,161695,Activo,,Activo Corriente,Cuentas por cobrar,Deudores,,,,
313,FONDO DE INVERSION COLECTIVA RENTA FIJA LARGO PLAZO,161695017,(LP) DAVIVIENDA Cta No. 482800036055,,,1,99,PESOS,"55503,7","91882,25",,161695,Activo,,Activo Corriente,Cuentas por cobrar,Deudores,,,,
313,FONDO DE INVERSION COLECTIVA RENTA FIJA LARGO PLAZO,161695019,(LP) OCCIDENTE Cta No. 219886801,,,1,99,PESOS,"6580128,52","162276,54",,161695,Activo,,Activo Corriente,Cuentas por cobrar,Deudores,,,,
313,FONDO DE INVERSION COLECTIVA RENTA FIJA LARGO PLAZO,192595003,REVISORIA FISCAL                        ,,,1,99,PESOS,"0,0","111438,78",,192595,Activo,,Activo Corriente,Otros activos,Gatos pagados por anticipados,,,,
313,FONDO DE INVERSION COLECTIVA RENTA FIJA LARGO PLAZO,250105040,CALIFICADORA DE VALORES,,,1,99,PESOS,"0,0","-22055815,0",,250105,Total pasivo + patrimonio,Pasivo,Pasivo Corriente,Cuentas por pagar,Comision de administracion.,,,,
313,FONDO DE INVERSION COLECTIVA RENTA FIJA LARGO PLAZO,250110015,COMISION DE ADMINISTRACION              ,,,1,99,PESOS,"-8105337,83","-8854796,64",,250110,Total pasivo + patrimonio,Pasivo,Pasivo Corriente,Cuentas por pagar,Comision de administracion.,,,,
313,FONDO DE INVERSION COLECTIVA RENTA FIJA LARGO PLAZO,250305011,RENDIMIENTOS FINANCIEROS CAPITALIZADOS  ,,,1,99,PESOS,"0,0","-1572575,0",,250305,Total pasivo + patrimonio,Pasivo,Pasivo Corriente,Cuentas por pagar,Impuestos,,,,
313,FONDO DE INVERSION COLECTIVA RENTA FIJA LARGO PLAZO,253105110,CUENTA COMPENSACION,,,1,99,PESOS,"-128965,69","-252932079,79",,253105,Total pasivo + patrimonio,Pasivo,Pasivo Corriente,Cuentas por pagar,Acreedores varios,,,,
302,FIC DIVERSIFICADO INTERNACIONAL,161695014,(DI) Bancolombia cta Ah No. 69000008141,,,1,99,PESOS,"68836,78","121314,71",,161695,Activo,,Activo Corriente,Cuentas por cobrar,Deudores,,,,
302,FIC DIVERSIFICADO INTERNACIONAL,161695130,ALL FUNDS Cau. 1150500576002 CTE,,,1,99,DOLARES,"25013717,48","24515276,68",,161695,Activo,,Activo Corriente,Cuentas por cobrar,Deudores,,,,
302,FIC DIVERSIFICADO INTERNACIONAL,161695201,(BG) BCOLOMBIA CTA No. 80100007496,,,1,99,DOLARES,"126781,79","124272,6",,161695,Activo,,Activo Corriente,Cuentas por cobrar,Deudores,,,,
302,FIC DIVERSIFICADO INTERNACIONAL,225040011,OBLIGACION DE COMPRA SOBRE TITULOS,,,1,99,PESOS,"0,0","-372524282,57",,225040,Total pasivo + patrimonio,Pasivo,Pasivo Corriente,,,,,,
302,FIC DIVERSIFICADO INTERNACIONAL,250110033,COMISION CUSTODIO,,,1,99,PESOS,"-145296,61","-268240,52",,250110,Total pasivo + patrimonio,Pasivo,Pasivo Corriente,Cuentas por pagar,Comision de administracion.,,,,
302,FIC DIVERSIFICADO INTERNACIONAL,253105110,CUENTA COMPENSACION,,,1,99,PESOS,"-223779954,59","-53758616,43",,253105,Total pasivo + patrimonio,Pasivo,Pasivo Corriente,Cuentas por pagar,Acreedores varios,,,,
302,FIC DIVERSIFICADO INTERNACIONAL,410355010,RENDIMIENTOS EN OPE SIMULTANEAS ACTIVAS ,,,1,99,PESOS,"0,0","-4538927,0",,410355,Total pasivo + patrimonio,Patrimonio,Utilidad o perdida del ejercicio,Ingresos ordinarios,Otros rendimientos financieros,,,,
302,FIC DIVERSIFICADO INTERNACIONAL,410805200,EMISORES EXTRANJEROS,,,1,99,PESOS,"0,0","-985238174,75",,410805,Total pasivo + patrimonio,Patrimonio,Utilidad o perdida del ejercicio,Ingresos ordinarios,Por aumento en el valor de mercado Inst. de Pat.,,,,
302,FIC DIVERSIFICADO INTERNACIONAL,411495006,(DI) Bco Occidente cta aho No 219885910,,,1,99,PESOS,"0,0","-6973717,02",,411495,Total pasivo + patrimonio,Patrimonio,Utilidad o perdida del ejercicio,Ingresos ordinarios,Otros rendimientos financieros,,,,
302,FIC DIVERSIFICADO INTERNACIONAL,411495007,(BG) Occidente cta cau No 288859887,,,1,99,PESOS,"0,0","-5719028,09",,411495,Total pasivo + patrimonio,Patrimonio,Utilidad o perdida del ejercicio,Ingresos ordinarios,Otros rendimientos financieros,,,,
302,FIC DIVERSIFICADO INTERNACIONAL,411495010,(BG) Bogotá cta aho No 049285885,,,1,99,PESOS,"0,0","-16451,5",,411495,Total pasivo + patrimonio,Patrimonio,Utilidad o perdida del ejercicio,Ingresos ordinarios,Otros rendimientos financieros,,,,
302,FIC DIVERSIFICADO INTERNACIONAL,411495012,(DI) Davivienda cta aho No 482800036048,,,1,99,PESOS,"0,0","-2356949,94",,411495,Total pasivo + patrimonio,Patrimonio,Utilidad o perdida del ejercicio,Ingresos ordinarios,Otros rendimientos financieros,,,,
302,FIC DIVERSIFICADO INTERNACIONAL,411495015,RENDIMIENTOS INVERSIONES EN FICS,,,1,99,PESOS,"0,0","-10213494,79",,411495,Total pasivo + patrimonio,Patrimonio,Utilidad o perdida del ejercicio,Ingresos ordinarios,Otros rendimientos financieros,,,,
302,FIC DIVERSIFICADO INTERNACIONAL,411495145,OCCIDENTAL BANK BARBADOS Cau. 509060 CTE,,,1,99,DOLARES,"0,0","-145783,92",,411495,Total pasivo + patrimonio,Patrimonio,Utilidad o perdida del ejercicio,Ingresos ordinarios,Otros rendimientos financieros,,,,
302,FIC DIVERSIFICADO INTERNACIONAL,411495201,CAUS  BANCOLOMBIA PANAMA 80100007496 AHO,,,1,99,DOLARES,"0,0","-32062,68",,411495,Total pasivo + patrimonio,Patrimonio,Utilidad o perdida del ejercicio,Ingresos ordinarios,Otros rendimientos financieros,,,,
302,FIC DIVERSIFICADO INTERNACIONAL,411495999,OTROS,,,1,99,PESOS,"0,0","-0,68",,411495,Total pasivo + patrimonio,Patrimonio,Utilidad o perdida del ejercicio,Ingresos ordinarios,Otros rendimientos financieros,,,,
302,FIC DIVERSIFICADO INTERNACIONAL,412510200,EMISORES EXTRANJEROS,,,1,99,PESOS,"0,0","-182032266,24",,412510,Total pasivo + patrimonio,Patrimonio,Utilidad o perdida del ejercicio,Ingresos ordinarios,A valor Razonable Instrumentos de Pat.,,,,
302,FIC DIVERSIFICADO INTERNACIONAL,412917020,UTILIDAD DERIVADOS DE MONEDA,,,1,99,PESOS,"0,0","-429855000,0",,412917,Total pasivo + patrimonio,Patrimonio,Utilidad o perdida del ejercicio,Ingresos ordinarios,,,,,
302,FIC DIVERSIFICADO INTERNACIONAL,413515010,POR REEXPRESION DE OTROS ACTIVOS,,,1,99,PESOS,"0,0","-46108790,98",,413515,Total pasivo + patrimonio,Patrimonio,Utilidad o perdida del ejercicio,Ingresos ordinarios,Diferencia en cambio,,,,
302,FIC DIVERSIFICADO INTERNACIONAL,510605105,TES,,,1,99,PESOS,"0,0","6151900,0",,510605,Total pasivo + patrimonio,Patrimonio,Utilidad o perdida del ejercicio,Costos y gastos,Gastos de operaciones,Disminucion en el Valor Razonables inst. de Deuda,,,
302,FIC DIVERSIFICADO INTERNACIONAL,510805010,POR DISMINUCUION EN EL VALOR DE MERCADO,,,1,99,PESOS,"0,0","183559602,76",,510805,Total pasivo + patrimonio,Patrimonio,Utilidad o perdida del ejercicio,Costos y gastos,Gastos de operaciones,Disminución en el valor de mercado Inst. de Pat.,,,
302,FIC DIVERSIFICADO INTERNACIONAL,511548010,COMISION DE ADMINISTRACION R.F.         ,,,1,99,PESOS,"0,0","127265282,01",,511548,Total pasivo + patrimonio,Patrimonio,Utilidad o perdida del ejercicio,Costos y gastos,Gastos de operaciones,Comisión administración,,,
302,FIC DIVERSIFICADO INTERNACIONAL,512510200,EMISORES EXTRANJEROS,,,1,99,PESOS,"0,0","196646815,96",,512510,Total pasivo + patrimonio,Patrimonio,Utilidad o perdida del ejercicio,Costos y gastos,Gastos de operaciones,,,,
302,FIC DIVERSIFICADO INTERNACIONAL,512917010,PERDIDA FUTUROS DE MONEDAS,,,1,99,PESOS,"0,0","137450500,0",,512917,Total pasivo + patrimonio,Patrimonio,Utilidad o perdida del ejercicio,Costos y gastos,Gastos de operaciones,,,,
302,FIC DIVERSIFICADO INTERNACIONAL,512917020,VALORACION FUTUROS DE MONEDAS,,,1,99,PESOS,"0,0","151515500,0",,512917,Total pasivo + patrimonio,Patrimonio,Utilidad o perdida del ejercicio,Costos y gastos,Gastos de operaciones,,,,
302,FIC DIVERSIFICADO INTERNACIONAL,513535015,UT/PER REEXPRESIÓN OTROS ACTIVOS (DER CO,,,1,99,PESOS,"0,0","108400,0",,513535,Total pasivo + patrimonio,Patrimonio,Utilidad o perdida del ejercicio,Costos y gastos,Gastos de operaciones,Reexpresion de Activos,,,
302,FIC DIVERSIFICADO INTERNACIONAL,514005011,IMPOVENTAS,,,1,99,PESOS,"0,0","561736,61",,514005,Total pasivo + patrimonio,Patrimonio,Utilidad o perdida del ejercicio,Costos y gastos,Gastos de operaciones,Gravamen a los movimientos financieros,Impuestos y tasas,,
302,FIC DIVERSIFICADO INTERNACIONAL,519095030,VALORIZACION FONDOS,,,1,99,PESOS,"0,0","1588075,86",,519095,Total pasivo + patrimonio,Patrimonio,Utilidad o perdida del ejercicio,Costos y gastos,Gastos de operaciones,Otros gastos de operación,,,
302,FIC DIVERSIFICADO INTERNACIONAL,590505010,CANCELACION DE INGRESOS RF,,,1,99,PESOS,"0,0","192842485,0",,590505,Total pasivo + patrimonio,Patrimonio,,,,,,,
302,FIC DIVERSIFICADO INTERNACIONAL,590505020,UTILIDAD/PERDIDA PAGADA EN REDENCIONES,,,1,99,PESOS,"0,0","361895984,13",,590505,Total pasivo + patrimonio,Patrimonio,,,,,,,
302,FIC DIVERSIFICADO INTERNACIONAL,810505105,TÍTULOS DE TESORERÍA -TES               ,,,1,99,PESOS,"0,0","490192150,0",,810505,,,,,,,,,
302,FIC DIVERSIFICADO INTERNACIONAL,810505205,OTROS,,,1,99,PESOS,"392601810,0","720529883,77",,810505,,,,,,,,,
302,FIC DIVERSIFICADO INTERNACIONAL,810505210,EMISORES EXTRANJEROS,,,1,99,PESOS,"16520684399,42","14865162673,53",,810505,,,,,,,,,
302,FIC DIVERSIFICADO INTERNACIONAL,830505010,DEUDORAS POR CONTRA,,,1,99,PESOS,"-16913286209,42","-16075884707,3",,,,,,,,,,,
302,FIC DIVERSIFICADO INTERNACIONAL,840505010,ACREEDORAS POR CONTRA,,,1,99,PESOS,"0,0","932256800,0",,840505,,,,,,,,,
305,FCP TC LATAM - COMPARTIMENTO F,130115115,OTROS EMISORES NACIONALES,,,1,99,PESOS,"0,0","175577729,3",,130115,Activo,,Activo no corriente,Inversiones a valor razonable con efectos en resultados,Instrumentos de Deuda,,,Inversiones,
305,FCP TC LATAM - COMPARTIMENTO F,136000300,INVERSIONES DERECHOS FIDUCIARIOS,,,1,99,PESOS,"2650781240,8","2650781240,8",,136000,Activo,,Activo no corriente,Inversiones a valor razonable con efectos en resultados,Inversiones derechos fiduciarios,,,Inversiones,
305,FCP TC LATAM - COMPARTIMENTO F,161695006,(LT) BANCOLOMBIA Cta No.69000002519,,,1,99,PESOS,"9,84","8,24",,161695,Activo,,Activo Corriente,Cuentas por cobrar,Deudores,,,,
305,FCP TC LATAM - COMPARTIMENTO F,161695045,CUENTA CORRIENTE                        ,,,1,99,PESOS,"175577729,3","175577729,35",,161695,Activo,,Activo Corriente,Cuentas por cobrar,Deudores,,,,
305,FCP TC LATAM - COMPARTIMENTO F,182705010,PROPIEDADES DE INVERSION,,,1,99,PESOS,"5905440202,79","5905440202,79",,182705,Activo,,Activo no corriente,Activos Materiales,Propiedades de Inversión,,,,
305,FCP TC LATAM - COMPARTIMENTO F,192595030,AMORTIZACIÓN COMISIÓN DE ADMÓN,,,1,99,PESOS,"0,0","2693659,34",,192595,Activo,,Activo Corriente,Otros activos,Gatos pagados por anticipados,,,,
305,FCP TC LATAM - COMPARTIMENTO F,250340010,SOBRE LAS VENTAS POR PAGAR 19%,,,1,99,PESOS,"-12063513,3","-3015577,5",,250340,Total pasivo + patrimonio,Pasivo,Pasivo Corriente,Cuentas por pagar,Acreedores varios,,,,
305,FCP TC LATAM - COMPARTIMENTO F,352505010,PARTICIPACIONES EN FDO DE INVERSIÓN COLE,,,1,99,PESOS,"-9112955633,25","-7415157912,88",,352505,Total pasivo + patrimonio,Patrimonio,,Patrimonio especiales,Participaciones en fondos de inversión colectiva,,,,
305,FCP TC LATAM - COMPARTIMENTO F,411495006,(LT) BANCOLOMBIA Cta No.69000002519,,,1,99,PESOS,"0,0","-57,84",,411495,Total pasivo + patrimonio,Patrimonio,Utilidad o perdida del ejercicio,Ingresos ordinarios,Otros rendimientos financieros,,,,
313,FONDO DE INVERSION COLECTIVA RENTA FIJA LARGO PLAZO,410355010,REND X COMPROMISOS DE TRANSF OP SIM,,,1,99,PESOS,"0,0","-174411312,0",,410355,Total pasivo + patrimonio,Patrimonio,Utilidad o perdida del ejercicio,Ingresos ordinarios,Otros rendimientos financieros,,,,
313,FONDO DE INVERSION COLECTIVA RENTA FIJA LARGO PLAZO,410705105,TÍTULOS DE TESORERÍA -TES               ,,,1,99,PESOS,"0,0","-730618143,25",,410705,Total pasivo + patrimonio,Patrimonio,Utilidad o perdida del ejercicio,Ingresos ordinarios,Valoracion Intrumentos de Deuda,,,,
313,FONDO DE INVERSION COLECTIVA RENTA FIJA LARGO PLAZO,410705115,OTROS EMISORES NACIONALES               ,,,1,99,PESOS,"0,0","-600592025,38",,410705,Total pasivo + patrimonio,Patrimonio,Utilidad o perdida del ejercicio,Ingresos ordinarios,Valoracion Intrumentos de Deuda,,,,
313,FONDO DE INVERSION COLECTIVA RENTA FIJA LARGO PLAZO,411495003,(RF) BANCOLOMBIA Cta No. 03100010541,,,1,99,PESOS,"0,0","-629888,36",,411495,Total pasivo + patrimonio,Patrimonio,Utilidad o perdida del ejercicio,Ingresos ordinarios,Otros rendimientos financieros,,,,
313,FONDO DE INVERSION COLECTIVA RENTA FIJA LARGO PLAZO,411495013,(LP) BANCOLOMBIA Cta No. 69000008142,,,1,99,PESOS,"0,0","-8893122,85",,411495,Total pasivo + patrimonio,Patrimonio,Utilidad o perdida del ejercicio,Ingresos ordinarios,Otros rendimientos financieros,,,,
313,FONDO DE INVERSION COLECTIVA RENTA FIJA LARGO PLAZO,411495016,(LP) DAVIVIENDA Cta No.482800017154,,,1,99,PESOS,"0,0","-9808955,7",,411495,Total pasivo + patrimonio,Patrimonio,Utilidad o perdida del ejercicio,Ingresos ordinarios,Otros rendimientos financieros,,,,
313,FONDO DE INVERSION COLECTIVA RENTA FIJA LARGO PLAZO,411495019,(LP) OCCIDENTE Cta No. 219886801,,,1,99,PESOS,"0,0","-60080514,9",,411495,Total pasivo + patrimonio,Patrimonio,Utilidad o perdida del ejercicio,Ingresos ordinarios,Otros rendimientos financieros,,,,
313,FONDO DE INVERSION COLECTIVA RENTA FIJA LARGO PLAZO,411495020,(LP) BANCO COLPATRIA Cta No.0072967713,,,1,99,PESOS,"0,0","132063,77",,411495,Total pasivo + patrimonio,Patrimonio,Utilidad o perdida del ejercicio,Ingresos ordinarios,Otros rendimientos financieros,,,,
313,FONDO DE INVERSION COLECTIVA RENTA FIJA LARGO PLAZO,412505115,OTROS EMISORES NACIONALES,,,1,99,PESOS,"0,0","-600,0",,412505,Total pasivo + patrimonio,Patrimonio,Utilidad o perdida del ejercicio,Ingresos ordinarios,A valor Razonable Instrumentos de Deuda.,,,,
313,FONDO DE INVERSION COLECTIVA RENTA FIJA LARGO PLAZO,419595025,PENALIZACIONES,,,1,99,PESOS,"0,0","-20463778,91",,419595,Total pasivo + patrimonio,Patrimonio,Utilidad o perdida del ejercicio,Ingresos ordinarios,Valoración Propiedades de Inversión,,,,
313,FONDO DE INVERSION COLECTIVA RENTA FIJA LARGO PLAZO,419595030,OTROS,,,1,99,PESOS,"0,0","-1,25",,419595,Total pasivo + patrimonio,Patrimonio,Utilidad o perdida del ejercicio,Ingresos ordinarios,Valoración Propiedades de Inversión,,,,
313,FONDO DE INVERSION COLECTIVA RENTA FIJA LARGO PLAZO,510605115,OTROS EMISORES NACIONALES,,,1,99,PESOS,"0,0","2519072070,11",,510605,Total pasivo + patrimonio,Patrimonio,Utilidad o perdida del ejercicio,Costos y gastos,Gastos de operaciones,Disminucion en el Valor Razonables inst. de Deuda,,,
313,FONDO DE INVERSION COLECTIVA RENTA FIJA LARGO PLAZO,512505105,TÍTULOS DE TESORERÍA -TES,,,1,99,PESOS,"0,0","10718380,35",,512505,Total pasivo + patrimonio,Patrimonio,Utilidad o perdida del ejercicio,Costos y gastos,Gastos de operaciones,Otras Emisores Nacionales,,,
313,FONDO DE INVERSION COLECTIVA RENTA FIJA LARGO PLAZO,513015003,REVISORIA FISCAL                        ,,,1,99,PESOS,"0,0","2865520,96",,513015,Total pasivo + patrimonio,Patrimonio,Utilidad o perdida del ejercicio,Costos y gastos,Gastos de operaciones,Revisoría Fiscal,,,
313,FONDO DE INVERSION COLECTIVA RENTA FIJA LARGO PLAZO,514005011,IMPOVENTAS,,,1,99,PESOS,"0,0","544448,62",,514005,Total pasivo + patrimonio,Patrimonio,Utilidad o perdida del ejercicio,Costos y gastos,Gastos de operaciones,Gravamen a los movimientos financieros,Impuestos y tasas,,
313,FONDO DE INVERSION COLECTIVA RENTA FIJA LARGO PLAZO,519095999,OTROS,,,1,99,PESOS,"0,0","714075,42",,519095,Total pasivo + patrimonio,Patrimonio,Utilidad o perdida del ejercicio,Costos y gastos,Gastos de operaciones,Otros gastos de operación,,,
313,FONDO DE INVERSION COLECTIVA RENTA FIJA LARGO PLAZO,590505010,CANCELACION DE INGRESOS RF,,,1,99,PESOS,"0,0","-3366189254,46",,590505,Total pasivo + patrimonio,Patrimonio,,,,,,,
313,FONDO DE INVERSION COLECTIVA RENTA FIJA LARGO PLAZO,590505020,UTILIDAD/PERDIDA PAGADA EN REDENCIONES,,,1,99,PESOS,"0,0","4473399197,61",,590505,Total pasivo + patrimonio,Patrimonio,,,,,,,
313,FONDO DE INVERSION COLECTIVA RENTA FIJA LARGO PLAZO,810505105,TÍTULOS DE TESORERÍA -TES               ,,,1,99,PESOS,"43405304533,29","31180732800,0",,810505,,,,,,,,,
313,FONDO DE INVERSION COLECTIVA RENTA FIJA LARGO PLAZO,830505010,DEUDORAS POR CONTRA,,,1,99,PESOS,"-107393336137,49","-87399013859,47",,,,,,,,,,,
340,FCP SUMATORIA DEUDA GLOBAL,111505005,(DG) BANCOLOMBIA Cta No. 03103633183,,,1,99,PESOS,"124098990,36","973114706,22",,111505,Activo,,Activo Corriente,Efectivo y equivales de efectivo,Bancos nacionales,,,Disponible,
340,FCP SUMATORIA DEUDA GLOBAL,111505006,(SDG) BANCOLOMBIA Cta No.69000001724,,,1,99,PESOS,"1362,12","1378,73",,111505,Activo,,Activo Corriente,Efectivo y equivales de efectivo,Bancos nacionales,,,Disponible,
340,FCP SUMATORIA DEUDA GLOBAL,130210300,EMISORES EXTRANJEROS,,,1,99,PESOS,"192745812725,7","189254908492,65",,130210,Activo,,Activo no corriente,Inversiones a valor razonable con efectos en resultados,Instrumentos de patrimonio,,,Inversiones,
340,FCP SUMATORIA DEUDA GLOBAL,161695015,GASTOS VARIOS DE ADMON                  ,,,1,99,PESOS,"0,0","21,1",,161695,Activo,,Activo Corriente,Cuentas por cobrar,Deudores,,,,
340,FCP SUMATORIA DEUDA GLOBAL,161695045,CUENTA CORRIENTE                        ,,,1,99,PESOS,"0,0","45564776,58",,161695,Activo,,Activo Corriente,Cuentas por cobrar,Deudores,,,,
340,FCP SUMATORIA DEUDA GLOBAL,253105110,CUENTA COMPENSACION,,,1,99,PESOS,"-0,18","-0,2",,253105,Total pasivo + patrimonio,Pasivo,Pasivo Corriente,Cuentas por pagar,Acreedores varios,,,,
340,FCP SUMATORIA DEUDA GLOBAL,411495015,RENDIMIENTOS INVERSIONES EN FICS,,,1,99,PESOS,"0,0","-0,03",,411495,Total pasivo + patrimonio,Patrimonio,Utilidad o perdida del ejercicio,Ingresos ordinarios,Otros rendimientos financieros,,,,
340,FCP SUMATORIA DEUDA GLOBAL,411495999,OTROS,,,1,99,PESOS,"0,0","-1,24",,411495,Total pasivo + patrimonio,Patrimonio,Utilidad o perdida del ejercicio,Ingresos ordinarios,Otros rendimientos financieros,,,,
340,FCP SUMATORIA DEUDA GLOBAL,510805010,POR DISMINUCION EN EL VALOR RAZONABLE,,,1,99,PESOS,"0,0","5228702416,1",,510805,Total pasivo + patrimonio,Patrimonio,Utilidad o perdida del ejercicio,Costos y gastos,Gastos de operaciones,Disminución en el valor de mercado Inst. de Pat.,,,
340,FCP SUMATORIA DEUDA GLOBAL,511512010,GASTOS BANCARIOS                        ,,,1,99,PESOS,"0,0","6470,26",,511512,Total pasivo + patrimonio,Patrimonio,Utilidad o perdida del ejercicio,Costos y gastos,Gastos de operaciones,Gastos bancarios,,,
340,FCP SUMATORIA DEUDA GLOBAL,511548010,COMISION DE ADMINISTRACION R.F.         ,,,1,99,PESOS,"0,0","122563350,81",,511548,Total pasivo + patrimonio,Patrimonio,Utilidad o perdida del ejercicio,Costos y gastos,Gastos de operaciones,Comisión administración,,,
340,FCP SUMATORIA DEUDA GLOBAL,511595011,COMISION GESTOR PROFESIONAL             ,,,1,99,PESOS,"0,0","751674113,74",,511595,Total pasivo + patrimonio,Patrimonio,Utilidad o perdida del ejercicio,Costos y gastos,Gastos de operaciones,Comisión Bursatil,,,
340,FCP SUMATORIA DEUDA GLOBAL,514005011,IMPOVENTAS                              ,,,1,99,PESOS,"0,0","5930064,0",,514005,Total pasivo + patrimonio,Patrimonio,Utilidad o perdida del ejercicio,Costos y gastos,Gastos de operaciones,Gravamen a los movimientos financieros,Impuestos y tasas,,
340,FCP SUMATORIA DEUDA GLOBAL,514005015,IVA COMISION GESTOR PROFESIONAL,,,1,99,PESOS,"0,0","142818081,61",,514005,Total pasivo + patrimonio,Patrimonio,Utilidad o perdida del ejercicio,Costos y gastos,Gastos de operaciones,Gravamen a los movimientos financieros,Impuestos y tasas,,
340,FCP SUMATORIA DEUDA GLOBAL,519095999,OTROS,,,1,99,PESOS,"0,0","0,19",,519095,Total pasivo + patrimonio,Patrimonio,Utilidad o perdida del ejercicio,Costos y gastos,Gastos de operaciones,Otros gastos de operación,,,
340,FCP SUMATORIA DEUDA GLOBAL,590505010,CANCELACION DE INGRESOS RF,,,1,99,PESOS,"0,0","14095990,6",,590505,Total pasivo + patrimonio,Patrimonio,,,,,,,
340,FCP SUMATORIA DEUDA GLOBAL,830505010,EMISORES EXTRANJEROS,,,1,99,PESOS,"-192745812725,7","-189254908492,65",,,,,,,,,,,
360,FONDO DE INVERSION COLECTIVA CERRADO FACTURAS 120,111505006,(ALT) Occidente Cta AH 219861242,,,1,99,PESOS,"80119602,05","179485947,26",,111505,Activo,,Activo Corriente,Efectivo y equivales de efectivo,Bancos nacionales,,,Disponible,
360,FONDO DE INVERSION COLECTIVA CERRADO FACTURAS 120,111505008,(ALT) Sudameris Cta AH 91000016710,,,1,99,PESOS,"3110135684,54","3484165328,27",,111505,Activo,,Activo Corriente,Efectivo y equivales de efectivo,Bancos nacionales,,,Disponible,
360,FONDO DE INVERSION COLECTIVA CERRADO FACTURAS 120,111505014,(ALT) Davivienda Cta cte 482869984757,,,1,99,PESOS,"8148436,42","8147089,85",,111505,Activo,,Activo Corriente,Efectivo y equivales de efectivo,Bancos nacionales,,,Disponible,
360,FONDO DE INVERSION COLECTIVA CERRADO FACTURAS 120,111505015,(ALT) Davivienda Cta AH 482800015836,,,1,99,PESOS,"6774711,54","2841,26",,111505,Activo,,Activo Corriente,Efectivo y equivales de efectivo,Bancos nacionales,,,Disponible,
360,FONDO DE INVERSION COLECTIVA CERRADO FACTURAS 120,111505016,(ALT) Davivienda Cta AH 482800036063,,,1,99,PESOS,"45454456,08","17458869,65",,111505,Activo,,Activo Corriente,Efectivo y equivales de efectivo,Bancos nacionales,,,Disponible,
305,FCP TC LATAM - COMPARTIMENTO F,411495009,(LF) BANCOLOMBIA Cta No.03173150449,,,1,99,PESOS,"0,0","-17834149,33",,411495,Total pasivo + patrimonio,Patrimonio,Utilidad o perdida del ejercicio,Ingresos ordinarios,Otros rendimientos financieros,,,,
305,FCP TC LATAM - COMPARTIMENTO F,511325010,COMISION CUSTODIA FIJA                  ,,,1,99,PESOS,"0,0","3222414,45",,511325,Total pasivo + patrimonio,Patrimonio,Utilidad o perdida del ejercicio,Costos y gastos,Gastos de operaciones,Comisión custodia fija,,,
305,FCP TC LATAM - COMPARTIMENTO F,511512010,GASTOS BANCARIOS                        ,,,1,99,PESOS,"0,0","3076,57",,511512,Total pasivo + patrimonio,Patrimonio,Utilidad o perdida del ejercicio,Costos y gastos,Gastos de operaciones,Gastos bancarios,,,
305,FCP TC LATAM - COMPARTIMENTO F,513095090,OTROS HONORARIOS,,,1,99,PESOS,"0,0","3674287,0",,513095,Total pasivo + patrimonio,Patrimonio,Utilidad o perdida del ejercicio,Costos y gastos,Gastos de operaciones,Otros honorarios,,,
305,FCP TC LATAM - COMPARTIMENTO F,514005010,IMPUESTO A LOS MOVIMIENTOS FINANCIEROS  ,,,1,99,PESOS,"0,0","597804,3",,514005,Total pasivo + patrimonio,Patrimonio,Utilidad o perdida del ejercicio,Costos y gastos,Gastos de operaciones,Gravamen a los movimientos financieros,Impuestos y tasas,,
305,FCP TC LATAM - COMPARTIMENTO F,519095010,ADMINISTRACION DE ARRENDAMIENTOS,,,1,99,PESOS,"0,0","8708940,7",,519095,Total pasivo + patrimonio,Patrimonio,Utilidad o perdida del ejercicio,Costos y gastos,Gastos de operaciones,Otros gastos de operación,,,
305,FCP TC LATAM - COMPARTIMENTO F,519095050,GASTOS REEMBOLSABLES,,,1,99,PESOS,"0,0","27164712,0",,519095,Total pasivo + patrimonio,Patrimonio,Utilidad o perdida del ejercicio,Costos y gastos,Gastos de operaciones,Otros gastos de operación,,,
305,FCP TC LATAM - COMPARTIMENTO F,810505115,OTROS EMISORES NACIONALES,,,1,99,PESOS,"0,0","175577729,3",,810505,,,,,,,,,
305,FCP TC LATAM - COMPARTIMENTO F,810505205,EMISORES NACIONALES                     ,,,1,99,PESOS,"2650781240,8","2650781240,8",,810505,,,,,,,,,
305,FCP TC LATAM - COMPARTIMENTO F,840505999,OTRAS CUENTAS DE ORDEN ACREEDORAS USD,,,1,99,PESOS,"22623873080,55","22148583147,35",,840505,,,,,,,,,
313,FONDO DE INVERSION COLECTIVA RENTA FIJA LARGO PLAZO,111505003,(RF) BANCOLOMBIA Cta No. 03100010541,,,1,99,PESOS,"27304781,4","42711464,34",,111505,Activo,,Activo Corriente,Efectivo y equivales de efectivo,Bancos nacionales,,,Disponible,
313,FONDO DE INVERSION COLECTIVA RENTA FIJA LARGO PLAZO,111505006,(RF) DAVIVIENDA Cta No. 482869993451,,,1,99,PESOS,"9000000,0","10700000,0",,111505,Activo,,Activo Corriente,Efectivo y equivales de efectivo,Bancos nacionales,,,Disponible,
313,FONDO DE INVERSION COLECTIVA RENTA FIJA LARGO PLAZO,111505007,(RF) REPUBLICA Cta No. 62257274,,,1,99,PESOS,"3648830,46","0,0",,111505,Activo,,Activo Corriente,Efectivo y equivales de efectivo,Bancos nacionales,,,Disponible,
313,FONDO DE INVERSION COLECTIVA RENTA FIJA LARGO PLAZO,111505010,(RF) OCCIDENTE Cta No. 288860091,,,1,99,PESOS,"32536905,08","197981390,78",,111505,Activo,,Activo Corriente,Efectivo y equivales de efectivo,Bancos nacionales,,,Disponible,
313,FONDO DE INVERSION COLECTIVA RENTA FIJA LARGO PLAZO,111505012,(RF)  BANCOLOMBIA Cta No. 3100017680,,,1,99,PESOS,"578099599,83","578098567,49",,111505,Activo,,Activo Corriente,Efectivo y equivales de efectivo,Bancos nacionales,,,Disponible,
313,FONDO DE INVERSION COLECTIVA RENTA FIJA LARGO PLAZO,111505016,(LP) DAVIVIENDA Cta No.482800017154,,,1,99,PESOS,"253638149,92","8545670,58",,111505,Activo,,Activo Corriente,Efectivo y equivales de efectivo,Bancos nacionales,,,Disponible,
313,FONDO DE INVERSION COLECTIVA RENTA FIJA LARGO PLAZO,111505019,(LP) OCCIDENTE Cta No. 219886801,,,1,99,PESOS,"10278329745,77","151035964,48",,111505,Activo,,Activo Corriente,Efectivo y equivales de efectivo,Bancos nacionales,,,Disponible,
313,FONDO DE INVERSION COLECTIVA RENTA FIJA LARGO PLAZO,130115115,OTROS EMISORES NACIONALES               ,,,1,99,PESOS,"63988031604,2","56218281059,47",,130115,Activo,,Activo no corriente,Inversiones a valor razonable con efectos en resultados,Instrumentos de Deuda,,,Inversiones,
313,FONDO DE INVERSION COLECTIVA RENTA FIJA LARGO PLAZO,161695005,(RF) DAVIVIENDA Cta cau No. 482800007171,,,1,99,PESOS,"239,62","181122,93",,161695,Activo,,Activo Corriente,Cuentas por cobrar,Deudores,,,,
313,FONDO DE INVERSION COLECTIVA RENTA FIJA LARGO PLAZO,161695013,(LP) BANCOLOMBIA Cta No. 69000008142,,,1,99,PESOS,"52304,85","20129,27",,161695,Activo,,Activo Corriente,Cuentas por cobrar,Deudores,,,,
313,FONDO DE INVERSION COLECTIVA RENTA FIJA LARGO PLAZO,161695014,(RF) COLPATRIA Cta cau No. 0062513022,,,1,99,PESOS,"23782518,7","23782518,7",,161695,Activo,,Activo Corriente,Cuentas por cobrar,Deudores,,,,
313,FONDO DE INVERSION COLECTIVA RENTA FIJA LARGO PLAZO,161695016,(LP) DAVIVIENDA Cta No.482800017154,,,1,99,PESOS,"323712,23","225147,27",,161695,Activo,,Activo Corriente,Cuentas por cobrar,Deudores,,,,
313,FONDO DE INVERSION COLECTIVA RENTA FIJA LARGO PLAZO,161695020,(LP) BANCO COLPATRIA Cta No.0072967713,,,1,99,PESOS,"17191064,89","16270415,51",,161695,Activo,,Activo Corriente,Cuentas por cobrar,Deudores,,,,
313,FONDO DE INVERSION COLECTIVA RENTA FIJA LARGO PLAZO,161695045,CUENTA CORRIENTE                        ,,,1,99,PESOS,"64,18","0,0",,161695,Activo,,Activo Corriente,Cuentas por cobrar,Deudores,,,,
313,FONDO DE INVERSION COLECTIVA RENTA FIJA LARGO PLAZO,162825010,EN GARANTIA,,,1,99,PESOS,"150000000,0","150000000,0",,162825,Activo,,Activo Corriente,Cuentas por cobrar,Deudores,,,,
313,FONDO DE INVERSION COLECTIVA RENTA FIJA LARGO PLAZO,250110033,COMISION CUSTODIO,,,1,99,PESOS,"-119230,18","-1763539,43",,250110,Total pasivo + patrimonio,Pasivo,Pasivo Corriente,Cuentas por pagar,Comision de administracion.,,,,
313,FONDO DE INVERSION COLECTIVA RENTA FIJA LARGO PLAZO,253105003,CUENTA CORRIENTE IBA                    ,,,1,99,PESOS,"-1120,0","-10533,6",,253105,Total pasivo + patrimonio,Pasivo,Pasivo Corriente,Cuentas por pagar,Acreedores varios,,,,
313,FONDO DE INVERSION COLECTIVA RENTA FIJA LARGO PLAZO,352505010,PARTICIPACIONES EN FDO DE INVERSIÓN COLE,,,1,99,PESOS,"-119321119817,52","-88870154723,57",,352505,Total pasivo + patrimonio,Patrimonio,,Patrimonio especiales,Participaciones en fondos de inversión colectiva,,,,
313,FONDO DE INVERSION COLECTIVA RENTA FIJA LARGO PLAZO,352510010,PARTICIPACIONES POR IDENTIFICAR,,,1,99,PESOS,"-450736,85","-4204114,31",,352510,Total pasivo + patrimonio,Patrimonio,,Patrimonio especiales,Participaciones en fondos de inversión colectiva,,,,
313,FONDO DE INVERSION COLECTIVA RENTA FIJA LARGO PLAZO,411405015,INGRESO POR OP REPO,,,1,99,PESOS,"0,0","-3582315,12",,411405,Total pasivo + patrimonio,Patrimonio,Utilidad o perdida del ejercicio,Ingresos ordinarios,,,,,
313,FONDO DE INVERSION COLECTIVA RENTA FIJA LARGO PLAZO,411495005,(RF) DAVIVIENDA Cta No. 482800007171,,,1,99,PESOS,"0,0","-53873057,19",,411495,Total pasivo + patrimonio,Patrimonio,Utilidad o perdida del ejercicio,Ingresos ordinarios,Otros rendimientos financieros,,,,
313,FONDO DE INVERSION COLECTIVA RENTA FIJA LARGO PLAZO,411495010,(RF) OCCIDENTE Cta No. 288860091,,,1,99,PESOS,"0,0","-98462489,17",,411495,Total pasivo + patrimonio,Patrimonio,Utilidad o perdida del ejercicio,Ingresos ordinarios,Otros rendimientos financieros,,,,
313,FONDO DE INVERSION COLECTIVA RENTA FIJA LARGO PLAZO,411495017,(LP) DAVIVIENDA Cta No. 482800036055,,,1,99,PESOS,"0,0","-36238293,41",,411495,Total pasivo + patrimonio,Patrimonio,Utilidad o perdida del ejercicio,Ingresos ordinarios,Otros rendimientos financieros,,,,
313,FONDO DE INVERSION COLECTIVA RENTA FIJA LARGO PLAZO,411495300,INTERESES TÍTULOS,,,1,99,PESOS,"0,0","-4717254398,75",,411495,Total pasivo + patrimonio,Patrimonio,Utilidad o perdida del ejercicio,Ingresos ordinarios,Otros rendimientos financieros,,,,
313,FONDO DE INVERSION COLECTIVA RENTA FIJA LARGO PLAZO,412505105,TÍTULOS DE TESORERÍA -TES,,,1,99,PESOS,"0,0","-4299918,04",,412505,Total pasivo + patrimonio,Patrimonio,Utilidad o perdida del ejercicio,Ingresos ordinarios,A valor Razonable Instrumentos de Deuda.,,,,
313,FONDO DE INVERSION COLECTIVA RENTA FIJA LARGO PLAZO,510440010,COMPDE TRANSFERENCIA EN OPER REPO       ,,,1,99,PESOS,"0,0","75450,0",,510440,Total pasivo + patrimonio,Patrimonio,Utilidad o perdida del ejercicio,Costos y gastos,Gastos de operaciones,,,,
313,FONDO DE INVERSION COLECTIVA RENTA FIJA LARGO PLAZO,510605105,TITULOS DE TESORERIA - TES,,,1,99,PESOS,"0,0","2265793344,27",,510605,Total pasivo + patrimonio,Patrimonio,Utilidad o perdida del ejercicio,Costos y gastos,Gastos de operaciones,Disminucion en el Valor Razonables inst. de Deuda,,,
313,FONDO DE INVERSION COLECTIVA RENTA FIJA LARGO PLAZO,511325010,COMISION CUSTODIA FIJA                  ,,,1,99,PESOS,"0,0","13162603,75",,511325,Total pasivo + patrimonio,Patrimonio,Utilidad o perdida del ejercicio,Costos y gastos,Gastos de operaciones,Comisión custodia fija,,,
313,FONDO DE INVERSION COLECTIVA RENTA FIJA LARGO PLAZO,511512010,GASTOS BANCARIOS                        ,,,1,99,PESOS,"0,0","14074839,84",,511512,Total pasivo + patrimonio,Patrimonio,Utilidad o perdida del ejercicio,Costos y gastos,Gastos de operaciones,Gastos bancarios,,,
313,FONDO DE INVERSION COLECTIVA RENTA FIJA LARGO PLAZO,511548010,COMISION DE ADMINISTRACION R.F.         ,,,1,99,PESOS,"0,0","500773251,4",,511548,Total pasivo + patrimonio,Patrimonio,Utilidad o perdida del ejercicio,Costos y gastos,Gastos de operaciones,Comisión administración,,,
360,FONDO DE INVERSION COLECTIVA CERRADO FACTURAS 120,111505018,(ALT) BANCOLOMBIA Cta AH 69000008143,,,1,99,PESOS,"10359123,02","157005,73",,111505,Activo,,Activo Corriente,Efectivo y equivales de efectivo,Bancos nacionales,,,Disponible,
360,FONDO DE INVERSION COLECTIVA CERRADO FACTURAS 120,111505019,(ALT) BCO OCCIDENTE Cta. AH 219886819,,,1,99,PESOS,"164106,97","169906,07",,111505,Activo,,Activo Corriente,Efectivo y equivales de efectivo,Bancos nacionales,,,Disponible,
360,FONDO DE INVERSION COLECTIVA CERRADO FACTURAS 120,130115010,FACTURAS,,,1,99,PESOS,"103543173579,53","77937207325,55",,130115,Activo,,Activo no corriente,Inversiones a valor razonable con efectos en resultados,Instrumentos de Deuda,,,Inversiones,
360,FONDO DE INVERSION COLECTIVA CERRADO FACTURAS 120,161695002,(ALT) Bancolombia cau cta AH 03100001464,,,1,99,PESOS,"1768227,2","2172248,27",,161695,Activo,,Activo Corriente,Cuentas por cobrar,Deudores,,,,
360,FONDO DE INVERSION COLECTIVA CERRADO FACTURAS 120,161695005,(ALT) Davivienda Cta AH 482800036063,,,1,99,PESOS,"18593,04","13351,98",,161695,Activo,,Activo Corriente,Cuentas por cobrar,Deudores,,,,
360,FONDO DE INVERSION COLECTIVA CERRADO FACTURAS 120,161695006,(ALT) Occidente Cau aho 219861242,,,1,99,PESOS,"2106564,17","2182426,66",,161695,Activo,,Activo Corriente,Cuentas por cobrar,Deudores,,,,
360,FONDO DE INVERSION COLECTIVA CERRADO FACTURAS 120,161695008,(ALT) Sudameris Cau aho 91000016710,,,1,99,PESOS,"27894266,14","5229442,61",,161695,Activo,,Activo Corriente,Cuentas por cobrar,Deudores,,,,
360,FONDO DE INVERSION COLECTIVA CERRADO FACTURAS 120,161695017,(ALT) Davivienda Cta AH 482800015836,,,1,99,PESOS,"2935,83","166,81",,161695,Activo,,Activo Corriente,Cuentas por cobrar,Deudores,,,,
360,FONDO DE INVERSION COLECTIVA CERRADO FACTURAS 120,161695018,(ALT) Bco Bogotá Cta AH 049335094,,,1,99,PESOS,"6346,53","8732,59",,161695,Activo,,Activo Corriente,Cuentas por cobrar,Deudores,,,,
360,FONDO DE INVERSION COLECTIVA CERRADO FACTURAS 120,161695019,(ALT) BCO OCCIDENTE Cta. AH 219886819,,,1,99,PESOS,"70,04","120,36",,161695,Activo,,Activo Corriente,Cuentas por cobrar,Deudores,,,,
360,FONDO DE INVERSION COLECTIVA CERRADO FACTURAS 120,161695021,(ALT) BCO DAVIVIENDA Cta. AH 48280003877,,,1,99,PESOS,"76139,54","573,3",,161695,Activo,,Activo Corriente,Cuentas por cobrar,Deudores,,,,
360,FONDO DE INVERSION COLECTIVA CERRADO FACTURAS 120,250105035,REVISORIA FISCAL,,,1,99,PESOS,"0,0","-31992,86",,250105,Total pasivo + patrimonio,Pasivo,Pasivo Corriente,Cuentas por pagar,Comision de administracion.,,,,
360,FONDO DE INVERSION COLECTIVA CERRADO FACTURAS 120,250110015,COMISION DE ADMINISTRACION,,,1,99,PESOS,"-10991629,42","-12273240,97",,250110,Total pasivo + patrimonio,Pasivo,Pasivo Corriente,Cuentas por pagar,Comision de administracion.,,,,
360,FONDO DE INVERSION COLECTIVA CERRADO FACTURAS 120,250205006,PLAT. DE NEGOCIACIÓN CAP ESTRATEGICO,,,1,99,PESOS,"-28578224,71","-17589112,35",,250205,Total pasivo + patrimonio,Pasivo,Pasivo Corriente,Cuentas por pagar,Servicios,,,,
360,FONDO DE INVERSION COLECTIVA CERRADO FACTURAS 120,250205007,PLAT. DE NEGOCIACIÓN COLFIMAX,,,1,99,PESOS,"-4380242,73","-4380242,73",,250205,Total pasivo + patrimonio,Pasivo,Pasivo Corriente,Cuentas por pagar,Servicios,,,,
360,FONDO DE INVERSION COLECTIVA CERRADO FACTURAS 120,250205009,PLAT. DE NEGOCIACIÓN SERFICOMEX,,,1,99,PESOS,"-8659536,03","-8659536,03",,250205,Total pasivo + patrimonio,Pasivo,Pasivo Corriente,Cuentas por pagar,Servicios,,,,
360,FONDO DE INVERSION COLECTIVA CERRADO FACTURAS 120,250205011,PLAT. DE NEGOCIACIÓN RED CAPITAL,,,1,99,PESOS,"-190502664,88","-307556835,62",,250205,Total pasivo + patrimonio,Pasivo,Pasivo Corriente,Cuentas por pagar,Servicios,,,,
360,FONDO DE INVERSION COLECTIVA CERRADO FACTURAS 120,250205012,PLAT. DE NEG INVESTMENT FACTORING,,,1,99,PESOS,"-355710,88","-355710,88",,250205,Total pasivo + patrimonio,Pasivo,Pasivo Corriente,Cuentas por pagar,Servicios,,,,
360,FONDO DE INVERSION COLECTIVA CERRADO FACTURAS 120,352505010,PARTICIPACIONES EN FDO DE INVERSIÓN COLE,,,1,99,PESOS,"-113868376974,17","-83745047905,12",,352505,Total pasivo + patrimonio,Patrimonio,,Patrimonio especiales,Participaciones en fondos de inversión colectiva,,,,
360,FONDO DE INVERSION COLECTIVA CERRADO FACTURAS 120,411495002,(FIR) Bancolombia CTA AH 03100001464,,,1,99,PESOS,"0,0","-43690737,3",,411495,Total pasivo + patrimonio,Patrimonio,Utilidad o perdida del ejercicio,Ingresos ordinarios,Otros rendimientos financieros,,,,
360,FONDO DE INVERSION COLECTIVA CERRADO FACTURAS 120,411495010,(ALT) Bogota Cau aho 049301179,,,1,99,PESOS,"0,0","-10279986,99",,411495,Total pasivo + patrimonio,Patrimonio,Utilidad o perdida del ejercicio,Ingresos ordinarios,Otros rendimientos financieros,,,,
360,FONDO DE INVERSION COLECTIVA CERRADO FACTURAS 120,411495013,(ALT) BANCOLOMBIA Cta AH 69000008143,,,1,99,PESOS,"0,0","-402445,65",,411495,Total pasivo + patrimonio,Patrimonio,Utilidad o perdida del ejercicio,Ingresos ordinarios,Otros rendimientos financieros,,,,
360,FONDO DE INVERSION COLECTIVA CERRADO FACTURAS 120,411495018,(ALT) Bco Bogotá Cta AH 049335094,,,1,99,PESOS,"0,0","-36662,06",,411495,Total pasivo + patrimonio,Patrimonio,Utilidad o perdida del ejercicio,Ingresos ordinarios,Otros rendimientos financieros,,,,
360,FONDO DE INVERSION COLECTIVA CERRADO FACTURAS 120,411495019,(ALT) BCO OCCIDENTE Cta. AH 219886819,,,1,99,PESOS,"0,0","-5849,42",,411495,Total pasivo + patrimonio,Patrimonio,Utilidad o perdida del ejercicio,Ingresos ordinarios,Otros rendimientos financieros,,,,
360,FONDO DE INVERSION COLECTIVA CERRADO FACTURAS 120,511512010,GASTOS BANCARIOS                        ,,,1,99,PESOS,"0,0","1130971,07",,511512,Total pasivo + patrimonio,Patrimonio,Utilidad o perdida del ejercicio,Costos y gastos,Gastos de operaciones,Gastos bancarios,,,
360,FONDO DE INVERSION COLECTIVA CERRADO FACTURAS 120,513015003,REVISORIA FISCAL                        ,,,1,99,PESOS,"0,0","4050017,81",,513015,Total pasivo + patrimonio,Patrimonio,Utilidad o perdida del ejercicio,Costos y gastos,Gastos de operaciones,Revisoría Fiscal,,,
360,FONDO DE INVERSION COLECTIVA CERRADO FACTURAS 120,514005010,IMPUESTO A LOS MOVIMIENTOS FINANCIEROS  ,,,1,99,PESOS,"0,0","2543530,73",,514005,Total pasivo + patrimonio,Patrimonio,Utilidad o perdida del ejercicio,Costos y gastos,Gastos de operaciones,Gravamen a los movimientos financieros,Impuestos y tasas,,
360,FONDO DE INVERSION COLECTIVA CERRADO FACTURAS 120,517040010,DE INVERSIONES,,,1,99,PESOS,"0,0","11449958,21",,517040,Total pasivo + patrimonio,Patrimonio,Utilidad o perdida del ejercicio,Costos y gastos,Gastos de operaciones,Deterioro deudores,,,
360,FONDO DE INVERSION COLECTIVA CERRADO FACTURAS 120,519095035,SERVICIO DE NEGOCIACION JAM FINANCIAL,,,1,99,PESOS,"0,0","30005767,97",,519095,Total pasivo + patrimonio,Patrimonio,Utilidad o perdida del ejercicio,Costos y gastos,Gastos de operaciones,Otros gastos de operación,,,
360,FONDO DE INVERSION COLECTIVA CERRADO FACTURAS 120,519095036,SERVICIO DE NEGOCIACION RED CAPITAL,,,1,99,PESOS,"0,0","277768870,02",,519095,Total pasivo + patrimonio,Patrimonio,Utilidad o perdida del ejercicio,Costos y gastos,Gastos de operaciones,Otros gastos de operación,,,
360,FONDO DE INVERSION COLECTIVA CERRADO FACTURAS 120,590505020,UTILIDAD/PERDIDA PAGADA EN REDENCIÓN,,,1,99,PESOS,"0,0","4770857288,77",,590505,Total pasivo + patrimonio,Patrimonio,,,,,,,
360,FONDO DE INVERSION COLECTIVA CERRADO FACTURAS 120,810505010,FACTURAS,,,1,99,PESOS,"100908899775,15","75302933521,17",,810505,,,,,,,,,
396,FCP TC LATAM ESTRUCTURAS INMOBILIARIAS COMP I,111505001,(EI) BANCOLOMBIA Cta No.69000002480,,,1,99,PESOS,"3225918,31","215513843,37",,111505,Activo,,Activo Corriente,Efectivo y equivales de efectivo,Bancos nacionales,,,Disponible,
396,FCP TC LATAM ESTRUCTURAS INMOBILIARIAS COMP I,111505004,(EI) DAVIVIENDA Cta No.482800057317,,,1,99,PESOS,"51510610,36","3358317,76",,111505,Activo,,Activo Corriente,Efectivo y equivales de efectivo,Bancos nacionales,,,Disponible,
396,FCP TC LATAM ESTRUCTURAS INMOBILIARIAS COMP I,130205300,EMISORES  NACIONALES,,,1,99,PESOS,"4939290,74","5136781,17",,130205,Activo,,Activo no corriente,Inversiones a valor razonable con efectos en resultados,Instrumentos de patrimonio,,,Inversiones,
396,FCP TC LATAM ESTRUCTURAS INMOBILIARIAS COMP I,161695004,(LD) BCO DAVIVIENDA cta No.482800025215,,,1,99,PESOS,"306585,19","84004,44",,161695,Activo,,Activo Corriente,Cuentas por cobrar,Deudores,,,,
396,FCP TC LATAM ESTRUCTURAS INMOBILIARIAS COMP I,352505010,PARTICIPACIONES EN FDO DE INVERSIÓN COLE,,,1,99,PESOS,"-61592382653,89","-49172518712,84",,352505,Total pasivo + patrimonio,Patrimonio,,Patrimonio especiales,Participaciones en fondos de inversión colectiva,,,,
396,FCP TC LATAM ESTRUCTURAS INMOBILIARIAS COMP I,411495001,(EI) BANCOLOMBIA Cau No.69000002480,,,1,99,PESOS,"0,0","-2844823,48",,411495,Total pasivo + patrimonio,Patrimonio,Utilidad o perdida del ejercicio,Ingresos ordinarios,Otros rendimientos financieros,,,,
396,FCP TC LATAM ESTRUCTURAS INMOBILIARIAS COMP I,411495004,(EI) DAVIVIENDA Cta No.482800057317,,,1,99,PESOS,"0,0","-81635,85",,411495,Total pasivo + patrimonio,Patrimonio,Utilidad o perdida del ejercicio,Ingresos ordinarios,Otros rendimientos financieros,,,,
396,FCP TC LATAM ESTRUCTURAS INMOBILIARIAS COMP I,419595030,OTROS,,,1,99,PESOS,"0,0","-2831277,7",,419595,Total pasivo + patrimonio,Patrimonio,Utilidad o perdida del ejercicio,Ingresos ordinarios,Valoración Propiedades de Inversión,,,,
313,FONDO DE INVERSION COLECTIVA RENTA FIJA LARGO PLAZO,512505115,OTROS EMISORES NACIONALES,,,1,99,PESOS,"0,0","61566100,0",,512505,Total pasivo + patrimonio,Patrimonio,Utilidad o perdida del ejercicio,Costos y gastos,Gastos de operaciones,Otras Emisores Nacionales,,,
313,FONDO DE INVERSION COLECTIVA RENTA FIJA LARGO PLAZO,513095010,CALIFICADORA DE VALORES,,,1,99,PESOS,"0,0","22055815,0",,513095,Total pasivo + patrimonio,Patrimonio,Utilidad o perdida del ejercicio,Costos y gastos,Gastos de operaciones,Otros honorarios,,,
313,FONDO DE INVERSION COLECTIVA RENTA FIJA LARGO PLAZO,514005010,IMPUESTO A LOS MOVIMIENTOS FINANCIEROS  ,,,1,99,PESOS,"0,0","450907,64",,514005,Total pasivo + patrimonio,Patrimonio,Utilidad o perdida del ejercicio,Costos y gastos,Gastos de operaciones,Gravamen a los movimientos financieros,Impuestos y tasas,,
313,FONDO DE INVERSION COLECTIVA RENTA FIJA LARGO PLAZO,810505115,OTROS EMISORES NACIONALES               ,,,1,99,PESOS,"63988031604,2","56218281059,47",,810505,,,,,,,,,
340,FCP SUMATORIA DEUDA GLOBAL,161695005,(DG) BANCOLOMBIA Cau No. 03103633183,,,1,99,PESOS,"60310,08","483741,82",,161695,Activo,,Activo Corriente,Cuentas por cobrar,Deudores,,,,
340,FCP SUMATORIA DEUDA GLOBAL,161695006,(SDG) BANCOLOMBIA Cau No.69000001724,,,1,99,PESOS,"3,32","2,77",,161695,Activo,,Activo Corriente,Cuentas por cobrar,Deudores,,,,
340,FCP SUMATORIA DEUDA GLOBAL,192595015,COMISION DE GESTION,,,1,99,PESOS,"513547036,98","715392376,16",,192595,Activo,,Activo Corriente,Otros activos,Gatos pagados por anticipados,,,,
340,FCP SUMATORIA DEUDA GLOBAL,250110015,COMISION DE ADMINISTRACION              ,,,1,99,PESOS,"-19929000,0","-24512670,0",,250110,Total pasivo + patrimonio,Pasivo,Pasivo Corriente,Cuentas por pagar,Comision de administracion.,,,,
340,FCP SUMATORIA DEUDA GLOBAL,352505010,PARTICIPACIONES EN FDO DE INVERSIÓN COLE,,,1,99,PESOS,"-193363591428,38","-190964952825,83",,352505,Total pasivo + patrimonio,Patrimonio,,Patrimonio especiales,Participaciones en fondos de inversión colectiva,,,,
340,FCP SUMATORIA DEUDA GLOBAL,410805300,EMISORES NACIONALES,,,1,99,PESOS,"0,0","-13174966183,03",,410805,Total pasivo + patrimonio,Patrimonio,Utilidad o perdida del ejercicio,Ingresos ordinarios,Por aumento en el valor de mercado Inst. de Pat.,,,,
340,FCP SUMATORIA DEUDA GLOBAL,411495005,(DG) BANCOLOMBIA Cau No. 03103633183,,,1,99,PESOS,"0,0","-14184221,76",,411495,Total pasivo + patrimonio,Patrimonio,Utilidad o perdida del ejercicio,Ingresos ordinarios,Otros rendimientos financieros,,,,
340,FCP SUMATORIA DEUDA GLOBAL,411495006,(SDG) BANCOLOMBIA Cau No.69000001724,,,1,99,PESOS,"0,0","-16,06",,411495,Total pasivo + patrimonio,Patrimonio,Utilidad o perdida del ejercicio,Ingresos ordinarios,Otros rendimientos financieros,,,,
340,FCP SUMATORIA DEUDA GLOBAL,511325010,COMISION CUSTODIA FIJA                  ,,,1,99,PESOS,"0,0","18565447,0",,511325,Total pasivo + patrimonio,Patrimonio,Utilidad o perdida del ejercicio,Costos y gastos,Gastos de operaciones,Comisión custodia fija,,,
340,FCP SUMATORIA DEUDA GLOBAL,513015003,REVISORIA FISCAL                        ,,,1,99,PESOS,"0,0","3645416,0",,513015,Total pasivo + patrimonio,Patrimonio,Utilidad o perdida del ejercicio,Costos y gastos,Gastos de operaciones,Revisoría Fiscal,,,
340,FCP SUMATORIA DEUDA GLOBAL,513025010,ASESORIAS LEGALES Y/O JURIDICAS,,,1,99,PESOS,"0,0","9000000,0",,513025,Total pasivo + patrimonio,Patrimonio,Utilidad o perdida del ejercicio,Costos y gastos,Gastos de operaciones,Asesoria Legal o Jurídica,,,
340,FCP SUMATORIA DEUDA GLOBAL,513095090,OTROS HONORARIOS,,,1,99,PESOS,"0,0","37476495,0",,513095,Total pasivo + patrimonio,Patrimonio,Utilidad o perdida del ejercicio,Costos y gastos,Gastos de operaciones,Otros honorarios,,,
340,FCP SUMATORIA DEUDA GLOBAL,514005010,IMPUESTO A LOS MOVIMIENTOS FINANCIEROS  ,,,1,99,PESOS,"0,0","4685454,34",,514005,Total pasivo + patrimonio,Patrimonio,Utilidad o perdida del ejercicio,Costos y gastos,Gastos de operaciones,Gravamen a los movimientos financieros,Impuestos y tasas,,
340,FCP SUMATORIA DEUDA GLOBAL,590505015,CANCELACION DE INGRESOS RV,,,1,99,PESOS,"0,0","6849987122,47",,590505,Total pasivo + patrimonio,Patrimonio,,,,,,,
340,FCP SUMATORIA DEUDA GLOBAL,810505210,OTROS                                   ,,,1,99,PESOS,"192745812725,7","189254908492,65",,810505,,,,,,,,,
360,FONDO DE INVERSION COLECTIVA CERRADO FACTURAS 120,111505001,(ALT) Bancolombia Cta cte 03100001465,,,1,99,PESOS,"64524581,09","28578837,42",,111505,Activo,,Activo Corriente,Efectivo y equivales de efectivo,Bancos nacionales,,,Disponible,
360,FONDO DE INVERSION COLECTIVA CERRADO FACTURAS 120,111505002,(ALT) Bancolombia Cta AH 03100001464,,,1,99,PESOS,"1948408894,29","3899623745,64",,111505,Activo,,Activo Corriente,Efectivo y equivales de efectivo,Bancos nacionales,,,Disponible,
360,FONDO DE INVERSION COLECTIVA CERRADO FACTURAS 120,111505004,(ALT) Davivienda Cta aho 482800014888,,,1,99,PESOS,"7512037723,46","4429615575,88",,111505,Activo,,Activo Corriente,Efectivo y equivales de efectivo,Bancos nacionales,,,Disponible,
360,FONDO DE INVERSION COLECTIVA CERRADO FACTURAS 120,111505010,(ALT) Bogota Cta AH 049301179,,,1,99,PESOS,"93362908,0","190651595,5",,111505,Activo,,Activo Corriente,Efectivo y equivales de efectivo,Bancos nacionales,,,Disponible,
360,FONDO DE INVERSION COLECTIVA CERRADO FACTURAS 120,111505011,(ALT) Bcolombia Cta AH 69000000789,,,1,99,PESOS,"948090,87","1679,41",,111505,Activo,,Activo Corriente,Efectivo y equivales de efectivo,Bancos nacionales,,,Disponible,
360,FONDO DE INVERSION COLECTIVA CERRADO FACTURAS 120,111505013,(ALT) Bancolombia Cta cte 69000000874,,,1,99,PESOS,"8037730,16","101583497,24",,111505,Activo,,Activo Corriente,Efectivo y equivales de efectivo,Bancos nacionales,,,Disponible,
360,FONDO DE INVERSION COLECTIVA CERRADO FACTURAS 120,111505017,(ALT) Bco Bogotá Cta AH 049335094,,,1,99,PESOS,"971253,92","1003875,92",,111505,Activo,,Activo Corriente,Efectivo y equivales de efectivo,Bancos nacionales,,,Disponible,
360,FONDO DE INVERSION COLECTIVA CERRADO FACTURAS 120,111505021,(ALT) BCO DAVIVIENDA Cta.AH 482800038770,,,1,99,PESOS,"186138614,33","749634,65",,111505,Activo,,Activo Corriente,Efectivo y equivales de efectivo,Bancos nacionales,,,Disponible,
360,FONDO DE INVERSION COLECTIVA CERRADO FACTURAS 120,130205300,EMISORES  NACIONALES,,,1,99,PESOS,"3683620686,76","6322808929,65",,130205,Activo,,Activo no corriente,Inversiones a valor razonable con efectos en resultados,Instrumentos de patrimonio,,,Inversiones,
360,FONDO DE INVERSION COLECTIVA CERRADO FACTURAS 120,139005010,INSTRUMENTOS DE DEUDA,,,1,99,PESOS,"-2634273804,38","-2634273804,38",,139005,Activo,,Activo no corriente,Inversiones a valor razonable con efectos en resultados,Deterioro inversiones,,,Inversiones,
360,FONDO DE INVERSION COLECTIVA CERRADO FACTURAS 120,161695004,(LD) BCO DAVIVIENDA cta No.482800025215,,,1,99,PESOS,"2837387,72","3152233,61",,161695,Activo,,Activo Corriente,Cuentas por cobrar,Deudores,,,,
360,FONDO DE INVERSION COLECTIVA CERRADO FACTURAS 120,161695010,(ALT) Bogota Cau aho 049301179,,,1,99,PESOS,"646857,69","1717932,68",,161695,Activo,,Activo Corriente,Cuentas por cobrar,Deudores,,,,
360,FONDO DE INVERSION COLECTIVA CERRADO FACTURAS 120,161695013,(ALT) BANCOLOMBIA Cta AH 69000008143,,,1,99,PESOS,"7973,25","563,22",,161695,Activo,,Activo Corriente,Cuentas por cobrar,Deudores,,,,
360,FONDO DE INVERSION COLECTIVA CERRADO FACTURAS 120,161695015,GASTOS VARIOS DE ADMON                  ,,,1,99,PESOS,"-488767,52","0,0",,161695,Activo,,Activo Corriente,Cuentas por cobrar,Deudores,,,,
360,FONDO DE INVERSION COLECTIVA CERRADO FACTURAS 120,250205005,PLAT. DE NEGOCIACIÓN LIBERA,,,1,99,PESOS,"-17105873,49","-17239214,82",,250205,Total pasivo + patrimonio,Pasivo,Pasivo Corriente,Cuentas por pagar,Servicios,,,,
360,FONDO DE INVERSION COLECTIVA CERRADO FACTURAS 120,250205008,PLAT. DE NEGOCIACIÓN FINNECTA,,,1,99,PESOS,"-427098,03","-427098,03",,250205,Total pasivo + patrimonio,Pasivo,Pasivo Corriente,Cuentas por pagar,Servicios,,,,
360,FONDO DE INVERSION COLECTIVA CERRADO FACTURAS 120,250205010,PLAT. DE NEGOCIACIÓN JAM FINANCIAL,,,1,99,PESOS,"-28107038,24","-25513423,64",,250205,Total pasivo + patrimonio,Pasivo,Pasivo Corriente,Cuentas por pagar,Servicios,,,,
360,FONDO DE INVERSION COLECTIVA CERRADO FACTURAS 120,250205013,PLAT. DE NEG BILLY,,,1,99,PESOS,"-40186160,06","-57710059,19",,250205,Total pasivo + patrimonio,Pasivo,Pasivo Corriente,Cuentas por pagar,Servicios,,,,
360,FONDO DE INVERSION COLECTIVA CERRADO FACTURAS 120,250305011,RENDIMIENTOS FINANCIEROS CAPITALIZADOS  ,,,1,99,PESOS,"-78262,0","0,0",,250305,Total pasivo + patrimonio,Pasivo,Pasivo Corriente,Cuentas por pagar,Impuestos,,,,
360,FONDO DE INVERSION COLECTIVA CERRADO FACTURAS 120,253105110,CUENTA COMPENSACION,,,1,99,PESOS,"-3505233557,64","-9784831300,42",,253105,Total pasivo + patrimonio,Pasivo,Pasivo Corriente,Cuentas por pagar,Acreedores varios,,,,
360,FONDO DE INVERSION COLECTIVA CERRADO FACTURAS 120,410705115,OTROS EMISORES NACIONALES               ,,,1,99,PESOS,"0,0","-3885880579,35",,410705,Total pasivo + patrimonio,Patrimonio,Utilidad o perdida del ejercicio,Ingresos ordinarios,Valoracion Intrumentos de Deuda,,,,
360,FONDO DE INVERSION COLECTIVA CERRADO FACTURAS 120,411495004,(ALT) Davivienda Cau aho 482800014888,,,1,99,PESOS,"0,0","-193007613,3",,411495,Total pasivo + patrimonio,Patrimonio,Utilidad o perdida del ejercicio,Ingresos ordinarios,Otros rendimientos financieros,,,,
360,FONDO DE INVERSION COLECTIVA CERRADO FACTURAS 120,411495005,(ALT) Davivienda Cta AH 482800036063,,,1,99,PESOS,"0,0","-1233558,35",,411495,Total pasivo + patrimonio,Patrimonio,Utilidad o perdida del ejercicio,Ingresos ordinarios,Otros rendimientos financieros,,,,
360,FONDO DE INVERSION COLECTIVA CERRADO FACTURAS 120,411495006,(ALT) Occidente Cau aho 219861242,,,1,99,PESOS,"0,0","-9442207,7",,411495,Total pasivo + patrimonio,Patrimonio,Utilidad o perdida del ejercicio,Ingresos ordinarios,Otros rendimientos financieros,,,,
360,FONDO DE INVERSION COLECTIVA CERRADO FACTURAS 120,411495008,(ALT) Sudameris Cau aho 91000016710,,,1,99,PESOS,"0,0","-151364820,2",,411495,Total pasivo + patrimonio,Patrimonio,Utilidad o perdida del ejercicio,Ingresos ordinarios,Otros rendimientos financieros,,,,
360,FONDO DE INVERSION COLECTIVA CERRADO FACTURAS 120,411495011,(ALT) Bcolombia Cta AH 69000000789,,,1,99,PESOS,"0,0","-10888,54",,411495,Total pasivo + patrimonio,Patrimonio,Utilidad o perdida del ejercicio,Ingresos ordinarios,Otros rendimientos financieros,,,,
360,FONDO DE INVERSION COLECTIVA CERRADO FACTURAS 120,411495015,RENDIMIENTOS INVERSIONES EN FICS,,,1,99,PESOS,"0,0","-167291383,13",,411495,Total pasivo + patrimonio,Patrimonio,Utilidad o perdida del ejercicio,Ingresos ordinarios,Otros rendimientos financieros,,,,
360,FONDO DE INVERSION COLECTIVA CERRADO FACTURAS 120,411495017,(ALT) Davivienda Cta AH 482800015836,,,1,99,PESOS,"0,0","-173360,7",,411495,Total pasivo + patrimonio,Patrimonio,Utilidad o perdida del ejercicio,Ingresos ordinarios,Otros rendimientos financieros,,,,
360,FONDO DE INVERSION COLECTIVA CERRADO FACTURAS 120,411495021,(ALT) BCO DAVIVIENDA Cta. AH 48280003877,,,1,99,PESOS,"0,0","-122170325,3",,411495,Total pasivo + patrimonio,Patrimonio,Utilidad o perdida del ejercicio,Ingresos ordinarios,Otros rendimientos financieros,,,,
360,FONDO DE INVERSION COLECTIVA CERRADO FACTURAS 120,411495999,OTROS,,,1,99,PESOS,"0,0","-1,49",,411495,Total pasivo + patrimonio,Patrimonio,Utilidad o perdida del ejercicio,Ingresos ordinarios,Otros rendimientos financieros,,,,
360,FONDO DE INVERSION COLECTIVA CERRADO FACTURAS 120,419595030,OTROS,,,1,99,PESOS,"0,0","-7,76",,419595,Total pasivo + patrimonio,Patrimonio,Utilidad o perdida del ejercicio,Ingresos ordinarios,Valoración Propiedades de Inversión,,,,
360,FONDO DE INVERSION COLECTIVA CERRADO FACTURAS 120,511548010,COMISION DE ADMINISTRACION,,,1,99,PESOS,"0,0","718689061,3",,511548,Total pasivo + patrimonio,Patrimonio,Utilidad o perdida del ejercicio,Costos y gastos,Gastos de operaciones,Comisión administración,,,
360,FONDO DE INVERSION COLECTIVA CERRADO FACTURAS 120,514005011,IMPOVENTAS                              ,,,1,99,PESOS,"0,0","769503,55",,514005,Total pasivo + patrimonio,Patrimonio,Utilidad o perdida del ejercicio,Costos y gastos,Gastos de operaciones,Gravamen a los movimientos financieros,Impuestos y tasas,,
360,FONDO DE INVERSION COLECTIVA CERRADO FACTURAS 120,519095030,SERVICIO DE NEGOCIACION LIBERA,,,1,99,PESOS,"0,0","7267225,17",,519095,Total pasivo + patrimonio,Patrimonio,Utilidad o perdida del ejercicio,Costos y gastos,Gastos de operaciones,Otros gastos de operación,,,
360,FONDO DE INVERSION COLECTIVA CERRADO FACTURAS 120,519095031,SERVICIO DE NEGOCIACION CAP ESTRATEGICO,,,1,99,PESOS,"0,0","-10989112,36",,519095,Total pasivo + patrimonio,Patrimonio,Utilidad o perdida del ejercicio,Costos y gastos,Gastos de operaciones,Otros gastos de operación,,,
360,FONDO DE INVERSION COLECTIVA CERRADO FACTURAS 120,519095038,PLAT. DE NEG BILLY,,,1,99,PESOS,"0,0","57535364,13",,519095,Total pasivo + patrimonio,Patrimonio,Utilidad o perdida del ejercicio,Costos y gastos,Gastos de operaciones,Otros gastos de operación,,,
360,FONDO DE INVERSION COLECTIVA CERRADO FACTURAS 120,519095999,OTROS,,,1,99,PESOS,"0,0","85,58",,519095,Total pasivo + patrimonio,Patrimonio,Utilidad o perdida del ejercicio,Costos y gastos,Gastos de operaciones,Otros gastos de operación,,,
360,FONDO DE INVERSION COLECTIVA CERRADO FACTURAS 120,590505010,CANCELACION DE INGRESOS RF,,,1,99,PESOS,"0,0","-1149280534,63",,590505,Total pasivo + patrimonio,Patrimonio,,,,,,,
360,FONDO DE INVERSION COLECTIVA CERRADO FACTURAS 120,590505015,CANCELACION DE INGRESOS RV,,,1,99,PESOS,"0,0","-136807570,08",,590505,Total pasivo + patrimonio,Patrimonio,,,,,,,
360,FONDO DE INVERSION COLECTIVA CERRADO FACTURAS 120,830505010,DEUDORAS POR CONTRA,,,1,99,PESOS,"-100908899775,15","-75302933521,17",,,,,,,,,,,
396,FCP TC LATAM ESTRUCTURAS INMOBILIARIAS COMP I,111505003,(EI) BANCOLOMBIA Cta No. 69000002962,,,1,99,PESOS,"1683,97","1708,88",,111505,Activo,,Activo Corriente,Efectivo y equivales de efectivo,Bancos nacionales,,,Disponible,
396,FCP TC LATAM ESTRUCTURAS INMOBILIARIAS COMP I,136000300,INVERSIONES DERECHOS FIDUCIARIOS,,,1,99,PESOS,"61525170452,36","48951192720,59",,136000,Activo,,Activo no corriente,Inversiones a valor razonable con efectos en resultados,Inversiones derechos fiduciarios,,,Inversiones,
396,FCP TC LATAM ESTRUCTURAS INMOBILIARIAS COMP I,161695001,(EI) BANCOLOMBIA Cau No.69000002480,,,1,99,PESOS,"570,82","168948,16",,161695,Activo,,Activo Corriente,Cuentas por cobrar,Deudores,,,,
396,FCP TC LATAM ESTRUCTURAS INMOBILIARIAS COMP I,161695045,CUENTA CORRIENTE                        ,,,1,99,PESOS,"7227542,14","0,0",,161695,Activo,,Activo Corriente,Cuentas por cobrar,Deudores,,,,
396,FCP TC LATAM ESTRUCTURAS INMOBILIARIAS COMP I,253105110,CUENTA COMPENSACION,,,1,99,PESOS,"0,0","-2937611,53",,253105,Total pasivo + patrimonio,Pasivo,Pasivo Corriente,Cuentas por pagar,Acreedores varios,,,,
396,FCP TC LATAM ESTRUCTURAS INMOBILIARIAS COMP I,410395010,OTROS RENDIMIENTOS FINANCIEROS,,,1,99,PESOS,"0,0","-600000000,0",,410395,Total pasivo + patrimonio,Patrimonio,Utilidad o perdida del ejercicio,Ingresos ordinarios,Otros rendimientos financieros,,,,
396,FCP TC LATAM ESTRUCTURAS INMOBILIARIAS COMP I,411495003,(EI) BANCOLOMBIA Cta No. 69000002962,,,1,99,PESOS,"0,0","-24,91",,411495,Total pasivo + patrimonio,Patrimonio,Utilidad o perdida del ejercicio,Ingresos ordinarios,Otros rendimientos financieros,,,,
396,FCP TC LATAM ESTRUCTURAS INMOBILIARIAS COMP I,411495015,RENDIMIENTOS INVERSIONES EN FICS,,,1,99,PESOS,"0,0","-197490,43",,411495,Total pasivo + patrimonio,Patrimonio,Utilidad o perdida del ejercicio,Ingresos ordinarios,Otros rendimientos financieros,,,,
396,FCP TC LATAM ESTRUCTURAS INMOBILIARIAS COMP I,411495999,OTROS,,,1,99,PESOS,"0,0","-0,45",,411495,Total pasivo + patrimonio,Patrimonio,Utilidad o perdida del ejercicio,Ingresos ordinarios,Otros rendimientos financieros,,,,
396,FCP TC LATAM ESTRUCTURAS INMOBILIARIAS COMP I,419595020,OTROS INGRESOS OPERACIONALES,,,1,99,PESOS,"0,0","-0,66",,419595,Total pasivo + patrimonio,Patrimonio,Utilidad o perdida del ejercicio,Ingresos ordinarios,Valoración Propiedades de Inversión,,,,
396,FCP TC LATAM ESTRUCTURAS INMOBILIARIAS COMP I,510805010,POR DISMINUCION EN EL VALOR RAZONABLE,,,1,99,PESOS,"0,0","12873977732,24",,510805,Total pasivo + patrimonio,Patrimonio,Utilidad o perdida del ejercicio,Costos y gastos,Gastos de operaciones,Disminución en el valor de mercado Inst. de Pat.,,,
396,FCP TC LATAM ESTRUCTURAS INMOBILIARIAS COMP I,511325010,COMISION CUSTODIA FIJA                  ,,,1,99,PESOS,"0,0","16211909,32",,511325,Total pasivo + patrimonio,Patrimonio,Utilidad o perdida del ejercicio,Costos y gastos,Gastos de operaciones,Comisión custodia fija,,,
396,FCP TC LATAM ESTRUCTURAS INMOBILIARIAS COMP I,511512010,GASTOS BANCARIOS                        ,,,1,99,PESOS,"0,0","464298,61",,511512,Total pasivo + patrimonio,Patrimonio,Utilidad o perdida del ejercicio,Costos y gastos,Gastos de operaciones,Gastos bancarios,,,
396,FCP TC LATAM ESTRUCTURAS INMOBILIARIAS COMP I,511548010,COMISION DE ADMINISTRACION R.F.         ,,,1,99,PESOS,"0,0","87545250,0",,511548,Total pasivo + patrimonio,Patrimonio,Utilidad o perdida del ejercicio,Costos y gastos,Gastos de operaciones,Comisión administración,,,
396,FCP TC LATAM ESTRUCTURAS INMOBILIARIAS COMP I,513095090,OTROS HONORARIOS,,,1,99,PESOS,"0,0","3333575,0",,513095,Total pasivo + patrimonio,Patrimonio,Utilidad o perdida del ejercicio,Costos y gastos,Gastos de operaciones,Otros honorarios,,,
396,FCP TC LATAM ESTRUCTURAS INMOBILIARIAS COMP I,514005010,IMPUESTO A LOS MOVIMIENTOS FINANCIEROS  ,,,1,99,PESOS,"0,0","1616021,75",,514005,Total pasivo + patrimonio,Patrimonio,Utilidad o perdida del ejercicio,Costos y gastos,Gastos de operaciones,Gravamen a los movimientos financieros,Impuestos y tasas,,
396,FCP TC LATAM ESTRUCTURAS INMOBILIARIAS COMP I,519095050,GASTOS REEMBOLSABLES,,,1,99,PESOS,"0,0","34479554,0",,519095,Total pasivo + patrimonio,Patrimonio,Utilidad o perdida del ejercicio,Costos y gastos,Gastos de operaciones,Otros gastos de operación,,,
396,FCP TC LATAM ESTRUCTURAS INMOBILIARIAS COMP I,519095999,OTROS,,,1,99,PESOS,"0,0","2,53",,519095,Total pasivo + patrimonio,Patrimonio,Utilidad o perdida del ejercicio,Costos y gastos,Gastos de operaciones,Otros gastos de operación,,,
396,FCP TC LATAM ESTRUCTURAS INMOBILIARIAS COMP I,810505205,EMISORES NACIONALES                     ,,,1,99,PESOS,"61525170452,36","48951192720,59",,810505,,,,,,,,,
396,FCP TC LATAM ESTRUCTURAS INMOBILIARIAS COMP I,840505998,ACREEDORAS POR CONTRA PESOS,,,1,99,PESOS,"415539000,01","415539000,01",,840505,,,,,,,,,
403,FIC CERRADO ACCIONES EEUU CON CAPITAL PROTEGIDO,161695013,(AE) Bancolombia Panama 80100015539,,,1,99,PESOS,"-3867,54","-3867,54",,161695,Activo,,Activo Corriente,Cuentas por cobrar,Deudores,,,,
416,FONDO DE INVERSION COLECTIVA ABIERTO LIQUIDEZ DÓLAR,111505001,(LD) BANCO DE BOGOTA Cta No.049313844,,,1,99,PESOS,"15295582,0","15835835,0",,111505,Activo,,Activo Corriente,Efectivo y equivales de efectivo,Bancos nacionales,,,Disponible,
416,FONDO DE INVERSION COLECTIVA ABIERTO LIQUIDEZ DÓLAR,111505009,(LD) BANCOLOMBIA cta No. 69000003828,,,1,99,PESOS,"58969782,07","52863337,32",,111505,Activo,,Activo Corriente,Efectivo y equivales de efectivo,Bancos nacionales,,,Disponible,
396,FCP TC LATAM ESTRUCTURAS INMOBILIARIAS COMP I,513015003,REVISORIA FISCAL                        ,,,1,99,PESOS,"0,0","3372805,0",,513015,Total pasivo + patrimonio,Patrimonio,Utilidad o perdida del ejercicio,Costos y gastos,Gastos de operaciones,Revisoría Fiscal,,,
396,FCP TC LATAM ESTRUCTURAS INMOBILIARIAS COMP I,514005011,IMPOVENTAS                              ,,,1,99,PESOS,"0,0","4527138,9",,514005,Total pasivo + patrimonio,Patrimonio,Utilidad o perdida del ejercicio,Costos y gastos,Gastos de operaciones,Gravamen a los movimientos financieros,Impuestos y tasas,,
396,FCP TC LATAM ESTRUCTURAS INMOBILIARIAS COMP I,519095045,OTROS GTOS OPERACIONALES,,,1,99,PESOS,"0,0","290907,18",,519095,Total pasivo + patrimonio,Patrimonio,Utilidad o perdida del ejercicio,Costos y gastos,Gastos de operaciones,Otros gastos de operación,,,
396,FCP TC LATAM ESTRUCTURAS INMOBILIARIAS COMP I,590505010,CANCELACION DE INGRESOS RF,,,1,99,PESOS,"0,0","-92535383,3",,590505,Total pasivo + patrimonio,Patrimonio,,,,,,,
396,FCP TC LATAM ESTRUCTURAS INMOBILIARIAS COMP I,590505015,CANCELACION DE INGRESOS RV,,,1,99,PESOS,"0,0","-12327328557,75",,590505,Total pasivo + patrimonio,Patrimonio,,,,,,,
396,FCP TC LATAM ESTRUCTURAS INMOBILIARIAS COMP I,829595998,OTRAS CUENTAS DE ORDEN ACREEDORAS PESOS,,,1,99,PESOS,"-415539000,01","-415539000,01",,829595,,,,,,,,,
396,FCP TC LATAM ESTRUCTURAS INMOBILIARIAS COMP I,830505010,DEUDORAS POR CONTRA,,,1,99,PESOS,"-61525170452,36","-48951192720,59",,,,,,,,,,,
403,FIC CERRADO ACCIONES EEUU CON CAPITAL PROTEGIDO,111510013,(AE) Bancolombia Panama CTA: 80100015539,,,1,99,PESOS,"3867,54","3867,54",,111510,Activo,,Activo Corriente,Efectivo y equivales de efectivo,Bancos del Exterior,,,Disponible,
416,FONDO DE INVERSION COLECTIVA ABIERTO LIQUIDEZ DÓLAR,111505005,(LD) BCO DAVIVIENDA cta No.482800025223,,,1,99,PESOS,"10076881,26","221972878,29",,111505,Activo,,Activo Corriente,Efectivo y equivales de efectivo,Bancos nacionales,,,Disponible,
416,FONDO DE INVERSION COLECTIVA ABIERTO LIQUIDEZ DÓLAR,111505008,(LD) BANCOLOMBIA cta No. 69000003827,,,1,99,PESOS,"2032243,21","3841848,28",,111505,Activo,,Activo Corriente,Efectivo y equivales de efectivo,Bancos nacionales,,,Disponible,
416,FONDO DE INVERSION COLECTIVA ABIERTO LIQUIDEZ DÓLAR,111505010,(LD) BCO DE OCCIDENTE cta No. 219870078,,,1,99,PESOS,"792013261,58","40034981,77",,111505,Activo,,Activo Corriente,Efectivo y equivales de efectivo,Bancos nacionales,,,Disponible,
416,FONDO DE INVERSION COLECTIVA ABIERTO LIQUIDEZ DÓLAR,111505012,(LD) BCO REPUBLICA cta No. 62257400,,,1,99,PESOS,"20000000,0","20000000,0",,111505,Activo,,Activo Corriente,Efectivo y equivales de efectivo,Bancos nacionales,,,Disponible,
416,FONDO DE INVERSION COLECTIVA ABIERTO LIQUIDEZ DÓLAR,111505014,(LD) BCO DAVIVIENDA cta No.482800036089,,,1,99,PESOS,"41332319,55","10187252,38",,111505,Activo,,Activo Corriente,Efectivo y equivales de efectivo,Bancos nacionales,,,Disponible,
416,FONDO DE INVERSION COLECTIVA ABIERTO LIQUIDEZ DÓLAR,111505017,(LD) Bco Bogotá cta No. 049335128,,,1,99,PESOS,"37453476,59","38776363,59",,111505,Activo,,Activo Corriente,Efectivo y equivales de efectivo,Bancos nacionales,,,Disponible,
416,FONDO DE INVERSION COLECTIVA ABIERTO LIQUIDEZ DÓLAR,111505018,(LD) OCCIDENTE CTA AHO No. 219885944,,,1,99,PESOS,"241412783,51","62088346,69",,111505,Activo,,Activo Corriente,Efectivo y equivales de efectivo,Bancos nacionales,,,Disponible,
416,FONDO DE INVERSION COLECTIVA ABIERTO LIQUIDEZ DÓLAR,111510013,(LD) BCLOMBIA PANAMA CTA No: 80100022561,,,1,99,PESOS,"22854355,21","22402030,07",,111510,Activo,,Activo Corriente,Efectivo y equivales de efectivo,Bancos del Exterior,,,Disponible,
416,FONDO DE INVERSION COLECTIVA ABIERTO LIQUIDEZ DÓLAR,111510015,(LD) OCCIDENTAL BANK Cta No: 000512214,,,1,99,PESOS,"21509283,0","28395318,0",,111510,Activo,,Activo Corriente,Efectivo y equivales de efectivo,Bancos del Exterior,,,Disponible,
416,FONDO DE INVERSION COLECTIVA ABIERTO LIQUIDEZ DÓLAR,111510018,(LD) BOGOTA MIAMI Cta No: 96750,,,1,99,PESOS,"16809701,79","17835864,19",,111510,Activo,,Activo Corriente,Efectivo y equivales de efectivo,Bancos del Exterior,,,Disponible,
416,FONDO DE INVERSION COLECTIVA ABIERTO LIQUIDEZ DÓLAR,135305015,OBLIGACION DERIVADOS DE MONEDAS,,,1,99,PESOS,"-946550000,0","-2589539000,0",,135305,Activo,,Activo no corriente,Inversiones a valor razonable con efectos en resultados,,,,Inversiones,
416,FONDO DE INVERSION COLECTIVA ABIERTO LIQUIDEZ DÓLAR,161695001,(LD) BANCO DE BOGOTA Cta No.049313844,,,1,99,PESOS,"99948,27","115765,93",,161695,Activo,,Activo Corriente,Cuentas por cobrar,Deudores,,,,
416,FONDO DE INVERSION COLECTIVA ABIERTO LIQUIDEZ DÓLAR,161695007,(LD) Bco Bogotá cta No. 049335128,,,1,99,PESOS,"244687,98","293517,71",,161695,Activo,,Activo Corriente,Cuentas por cobrar,Deudores,,,,
416,FONDO DE INVERSION COLECTIVA ABIERTO LIQUIDEZ DÓLAR,161695013,(LD) BCLOMBIA PANAMA CTA No. 80100022561,,,1,99,PESOS,"63077,26","63228,68",,161695,Activo,,Activo Corriente,Cuentas por cobrar,Deudores,,,,
416,FONDO DE INVERSION COLECTIVA ABIERTO LIQUIDEZ DÓLAR,161695045,CUENTA CORRIENTE                        ,,,1,99,PESOS,"2566382,42","29583356,32",,161695,Activo,,Activo Corriente,Cuentas por cobrar,Deudores,,,,
416,FONDO DE INVERSION COLECTIVA ABIERTO LIQUIDEZ DÓLAR,225040200,OBLIGACION DE COMPRA DE TITULOS,,,1,99,DOLARES,"0,0","-545422564,68",,225040,Total pasivo + patrimonio,Pasivo,Pasivo Corriente,,,,,,
416,FONDO DE INVERSION COLECTIVA ABIERTO LIQUIDEZ DÓLAR,250110033,COMISION CUSTODIO,,,1,99,PESOS,"-35110,63","-226059,49",,250110,Total pasivo + patrimonio,Pasivo,Pasivo Corriente,Cuentas por pagar,Comision de administracion.,,,,
416,FONDO DE INVERSION COLECTIVA ABIERTO LIQUIDEZ DÓLAR,253105024,COMPENSACION DERIVADOS,,,1,99,PESOS,"0,0","-1890000,0",,253105,Total pasivo + patrimonio,Pasivo,Pasivo Corriente,Cuentas por pagar,Acreedores varios,,,,
416,FONDO DE INVERSION COLECTIVA ABIERTO LIQUIDEZ DÓLAR,253105110,CUENTA COMPENSACION,,,1,99,PESOS,"0,0","-2655375,16",,253105,Total pasivo + patrimonio,Pasivo,Pasivo Corriente,Cuentas por pagar,Acreedores varios,,,,
416,FONDO DE INVERSION COLECTIVA ABIERTO LIQUIDEZ DÓLAR,410805200,EMISORES EXTRANJEROS,,,1,99,PESOS,"0,0","-693286023,99",,410805,Total pasivo + patrimonio,Patrimonio,Utilidad o perdida del ejercicio,Ingresos ordinarios,Por aumento en el valor de mercado Inst. de Pat.,,,,
416,FONDO DE INVERSION COLECTIVA ABIERTO LIQUIDEZ DÓLAR,411405015,INGRESO POR OP REPO,,,1,99,PESOS,"0,0","-2223285,35",,411405,Total pasivo + patrimonio,Patrimonio,Utilidad o perdida del ejercicio,Ingresos ordinarios,,,,,
416,FONDO DE INVERSION COLECTIVA ABIERTO LIQUIDEZ DÓLAR,411415020,DIVIDENDOS                              ,,,1,99,PESOS,"0,0","-551259,26",,411415,Total pasivo + patrimonio,Patrimonio,Utilidad o perdida del ejercicio,Ingresos ordinarios,Dividendos,,,,
416,FONDO DE INVERSION COLECTIVA ABIERTO LIQUIDEZ DÓLAR,411495001,(LD) BANCO DE BOGOTA Cta No.049313844,,,1,99,PESOS,"0,0","-556070,66",,411495,Total pasivo + patrimonio,Patrimonio,Utilidad o perdida del ejercicio,Ingresos ordinarios,Otros rendimientos financieros,,,,
416,FONDO DE INVERSION COLECTIVA ABIERTO LIQUIDEZ DÓLAR,411495005,(LD) BCO DAVIVIENDA cta No.482800025223,,,1,99,PESOS,"0,0","-6516895,73",,411495,Total pasivo + patrimonio,Patrimonio,Utilidad o perdida del ejercicio,Ingresos ordinarios,Otros rendimientos financieros,,,,
416,FONDO DE INVERSION COLECTIVA ABIERTO LIQUIDEZ DÓLAR,411495006,(LD) Davivienda Panamá Cta. 10001015158,,,1,99,PESOS,"0,0","-283754,29",,411495,Total pasivo + patrimonio,Patrimonio,Utilidad o perdida del ejercicio,Ingresos ordinarios,Otros rendimientos financieros,,,,
416,FONDO DE INVERSION COLECTIVA ABIERTO LIQUIDEZ DÓLAR,411495009,(LD) BANCOLOMBIA cta No. 69000003828,,,1,99,PESOS,"0,0","-573228,78",,411495,Total pasivo + patrimonio,Patrimonio,Utilidad o perdida del ejercicio,Ingresos ordinarios,Otros rendimientos financieros,,,,
416,FONDO DE INVERSION COLECTIVA ABIERTO LIQUIDEZ DÓLAR,411495010,(LD) BCO DE OCCIDENTE cta No. 219870078,,,1,99,PESOS,"0,0","-6987786,32",,411495,Total pasivo + patrimonio,Patrimonio,Utilidad o perdida del ejercicio,Ingresos ordinarios,Otros rendimientos financieros,,,,
416,FONDO DE INVERSION COLECTIVA ABIERTO LIQUIDEZ DÓLAR,411495013,(LD) BCLOMBIA PANAMA CTA No. 80100022561,,,1,99,PESOS,"0,0","-28037,16",,411495,Total pasivo + patrimonio,Patrimonio,Utilidad o perdida del ejercicio,Ingresos ordinarios,Otros rendimientos financieros,,,,
416,FONDO DE INVERSION COLECTIVA ABIERTO LIQUIDEZ DÓLAR,411495014,(LD) BCO DAVIVIENDA cta No.482800036089,,,1,99,PESOS,"0,0","-3845833,78",,411495,Total pasivo + patrimonio,Patrimonio,Utilidad o perdida del ejercicio,Ingresos ordinarios,Otros rendimientos financieros,,,,
416,FONDO DE INVERSION COLECTIVA ABIERTO LIQUIDEZ DÓLAR,411495018,(LD) OCCIDENTE CTA AHO No. 219885944,,,1,99,PESOS,"0,0","-8741003,35",,411495,Total pasivo + patrimonio,Patrimonio,Utilidad o perdida del ejercicio,Ingresos ordinarios,Otros rendimientos financieros,,,,
416,FONDO DE INVERSION COLECTIVA ABIERTO LIQUIDEZ DÓLAR,411495019,(LD) BANCOLOMBIA CTA AHO No. 69000008145,,,1,99,PESOS,"0,0","-2974025,17",,411495,Total pasivo + patrimonio,Patrimonio,Utilidad o perdida del ejercicio,Ingresos ordinarios,Otros rendimientos financieros,,,,
416,FONDO DE INVERSION COLECTIVA ABIERTO LIQUIDEZ DÓLAR,111505019,(LD) BANCOLOMBIA CTA AHO No. 69000008145,,,1,99,PESOS,"100050661,82","1589368047,65",,111505,Activo,,Activo Corriente,Efectivo y equivales de efectivo,Bancos nacionales,,,Disponible,
416,FONDO DE INVERSION COLECTIVA ABIERTO LIQUIDEZ DÓLAR,111510001,(LD) Davivienda Panamá Cta: 10001015158,,,1,99,DOLARES,"22479022,9","22242913,22",,111510,Activo,,Activo Corriente,Efectivo y equivales de efectivo,Bancos del Exterior,,,Disponible,
416,FONDO DE INVERSION COLECTIVA ABIERTO LIQUIDEZ DÓLAR,111510016,(LD) ALLFUNDS Cta No: 110001140500576004,,,1,99,PESOS,"2595278,16","122923,81",,111510,Activo,,Activo Corriente,Efectivo y equivales de efectivo,Bancos del Exterior,,,Disponible,
416,FONDO DE INVERSION COLECTIVA ABIERTO LIQUIDEZ DÓLAR,111510017,(LD) CITIBANK Cta No: 27249400,,,1,99,PESOS,"44579670,27","1205476071,76",,111510,Activo,,Activo Corriente,Efectivo y equivales de efectivo,Bancos del Exterior,,,Disponible,
416,FONDO DE INVERSION COLECTIVA ABIERTO LIQUIDEZ DÓLAR,122005010,COMP DE TRANSF DE INV EN OP. SIM,,,1,99,PESOS,"0,0","465752935,0",,,,,,,,,,,
416,FONDO DE INVERSION COLECTIVA ABIERTO LIQUIDEZ DÓLAR,130210200,EMISORES EXTRANJEROS,,,1,99,DOLARES,"15791880535,67","16396000243,77",,130210,Activo,,Activo no corriente,Inversiones a valor razonable con efectos en resultados,Instrumentos de patrimonio,,,Inversiones,
416,FONDO DE INVERSION COLECTIVA ABIERTO LIQUIDEZ DÓLAR,135305010,DERECHO DERIVADOS DE MONEDAS,,,1,99,PESOS,"946550000,0","2589539000,0",,135305,Activo,,Activo no corriente,Inversiones a valor razonable con efectos en resultados,,,,Inversiones,
416,FONDO DE INVERSION COLECTIVA ABIERTO LIQUIDEZ DÓLAR,161695004,(LD) BCO DAVIVIENDA cta No.482800025215,,,1,99,PESOS,"208175,7","208175,7",,161695,Activo,,Activo Corriente,Cuentas por cobrar,Deudores,,,,
416,FONDO DE INVERSION COLECTIVA ABIERTO LIQUIDEZ DÓLAR,161695005,(LD) BCO DAVIVIENDA cta No.482800025223,,,1,99,PESOS,"32861,1","198513,42",,161695,Activo,,Activo Corriente,Cuentas por cobrar,Deudores,,,,
416,FONDO DE INVERSION COLECTIVA ABIERTO LIQUIDEZ DÓLAR,161695006,(LD) Davivienda Panamá Cta. 10001015158,,,1,99,PESOS,"-5816,16","40073,11",,161695,Activo,,Activo Corriente,Cuentas por cobrar,Deudores,,,,
416,FONDO DE INVERSION COLECTIVA ABIERTO LIQUIDEZ DÓLAR,161695009,(LD) BANCOLOMBIA cta No. 69000003828,,,1,99,PESOS,"148050,35","21406,72",,161695,Activo,,Activo Corriente,Cuentas por cobrar,Deudores,,,,
416,FONDO DE INVERSION COLECTIVA ABIERTO LIQUIDEZ DÓLAR,161695010,(LD) BCO DE OCCIDENTE cta No. 219870078,,,1,99,PESOS,"579457,32","134100,37",,161695,Activo,,Activo Corriente,Cuentas por cobrar,Deudores,,,,
416,FONDO DE INVERSION COLECTIVA ABIERTO LIQUIDEZ DÓLAR,161695014,(LD) BCO DAVIVIENDA cta No.482800036089,,,1,99,PESOS,"42496,51","33397,46",,161695,Activo,,Activo Corriente,Cuentas por cobrar,Deudores,,,,
416,FONDO DE INVERSION COLECTIVA ABIERTO LIQUIDEZ DÓLAR,161695018,(LD) OCCIDENTE CTA AHO No. 219885944,,,1,99,PESOS,"154527,12","66713,95",,161695,Activo,,Activo Corriente,Cuentas por cobrar,Deudores,,,,
416,FONDO DE INVERSION COLECTIVA ABIERTO LIQUIDEZ DÓLAR,161695019,(LD) BANCOLOMBIA CTA AHO No. 69000008145,,,1,99,PESOS,"24361,59","479787,28",,161695,Activo,,Activo Corriente,Cuentas por cobrar,Deudores,,,,
416,FONDO DE INVERSION COLECTIVA ABIERTO LIQUIDEZ DÓLAR,161795020,OTROS,,,1,99,PESOS,"6894000,0","0,0",,161795,Activo,,Activo Corriente,Cuentas por cobrar,Deudores,,,,
416,FONDO DE INVERSION COLECTIVA ABIERTO LIQUIDEZ DÓLAR,162825010,EN GARANTIA,,,1,99,PESOS,"91075556,0","113075556,0",,162825,Activo,,Activo Corriente,Cuentas por cobrar,Deudores,,,,
416,FONDO DE INVERSION COLECTIVA ABIERTO LIQUIDEZ DÓLAR,225015200,DERECHO DE COMPRA DE TITULOS,,,1,99,DOLARES,"0,0","545337963,55",,225015,Total pasivo + patrimonio,Pasivo,Pasivo Corriente,,,,,,
416,FONDO DE INVERSION COLECTIVA ABIERTO LIQUIDEZ DÓLAR,250105035,REVISORIA FISCAL,,,1,99,PESOS,"0,0","-31037,16",,250105,Total pasivo + patrimonio,Pasivo,Pasivo Corriente,Cuentas por pagar,Comision de administracion.,,,,
416,FONDO DE INVERSION COLECTIVA ABIERTO LIQUIDEZ DÓLAR,250110015,COMISION DE ADMINISTRACION              ,,,1,99,PESOS,"-1405906,55","-2315227,11",,250110,Total pasivo + patrimonio,Pasivo,Pasivo Corriente,Cuentas por pagar,Comision de administracion.,,,,
416,FONDO DE INVERSION COLECTIVA ABIERTO LIQUIDEZ DÓLAR,253105220,CUENTA COMPENSACION DIVISAS,,,1,99,DOLARES,"0,0","-1238936299,9",,253105,Total pasivo + patrimonio,Pasivo,Pasivo Corriente,Cuentas por pagar,Acreedores varios,,,,
416,FONDO DE INVERSION COLECTIVA ABIERTO LIQUIDEZ DÓLAR,352505010,PARTICIPACIONES EN FDO DE INVERSIÓN COLE,,,1,99,PESOS,"-17342031586,87","-19111372183,49",,352505,Total pasivo + patrimonio,Patrimonio,,Patrimonio especiales,Participaciones en fondos de inversión colectiva,,,,
416,FONDO DE INVERSION COLECTIVA ABIERTO LIQUIDEZ DÓLAR,410355010,RENDIMIENTOS EN OPE SIMULTANEAS ACTIVAS ,,,1,99,PESOS,"0,0","-21117216,0",,410355,Total pasivo + patrimonio,Patrimonio,Utilidad o perdida del ejercicio,Ingresos ordinarios,Otros rendimientos financieros,,,,
416,FONDO DE INVERSION COLECTIVA ABIERTO LIQUIDEZ DÓLAR,411495007,(LD) Bco Bogotá cta No. 049335128,,,1,99,PESOS,"0,0","-1371716,73",,411495,Total pasivo + patrimonio,Patrimonio,Utilidad o perdida del ejercicio,Ingresos ordinarios,Otros rendimientos financieros,,,,
416,FONDO DE INVERSION COLECTIVA ABIERTO LIQUIDEZ DÓLAR,412917010,FUTURO EN MONEDAS,,,1,99,PESOS,"0,0","-16982000,0",,412917,Total pasivo + patrimonio,Patrimonio,Utilidad o perdida del ejercicio,Ingresos ordinarios,,,,,
416,FONDO DE INVERSION COLECTIVA ABIERTO LIQUIDEZ DÓLAR,412917020,UTILIDAD FUTUROS DE MONEDAS,,,1,99,PESOS,"0,0","-40971000,0",,412917,Total pasivo + patrimonio,Patrimonio,Utilidad o perdida del ejercicio,Ingresos ordinarios,,,,,
416,FONDO DE INVERSION COLECTIVA ABIERTO LIQUIDEZ DÓLAR,413515010,POR REEXPRESION DE OTROS ACTIVOS,,,1,99,PESOS,"0,0","-128569208,49",,413515,Total pasivo + patrimonio,Patrimonio,Utilidad o perdida del ejercicio,Ingresos ordinarios,Diferencia en cambio,,,,
416,FONDO DE INVERSION COLECTIVA ABIERTO LIQUIDEZ DÓLAR,510805200,EMISORES EXTRANJEROS,,,1,99,PESOS,"0,0","272691854,0",,510805,Total pasivo + patrimonio,Patrimonio,Utilidad o perdida del ejercicio,Costos y gastos,Gastos de operaciones,Disminución en el valor de mercado Inst. de Pat.,,,
416,FONDO DE INVERSION COLECTIVA ABIERTO LIQUIDEZ DÓLAR,511325002,COMISION CUSTODIA VARIABLE              ,,,1,99,PESOS,"0,0","4277378,12",,511325,Total pasivo + patrimonio,Patrimonio,Utilidad o perdida del ejercicio,Costos y gastos,Gastos de operaciones,Comisión custodia fija,,,
416,FONDO DE INVERSION COLECTIVA ABIERTO LIQUIDEZ DÓLAR,511325010,COMISION CUSTODIA FIJA                  ,,,1,99,PESOS,"0,0","1345262,75",,511325,Total pasivo + patrimonio,Patrimonio,Utilidad o perdida del ejercicio,Costos y gastos,Gastos de operaciones,Comisión custodia fija,,,
416,FONDO DE INVERSION COLECTIVA ABIERTO LIQUIDEZ DÓLAR,511595070,COMISIONES OP DEL EXTERIOR,,,1,99,PESOS,"0,0","4443850,87",,511595,Total pasivo + patrimonio,Patrimonio,Utilidad o perdida del ejercicio,Costos y gastos,Gastos de operaciones,Comisión Bursatil,,,
416,FONDO DE INVERSION COLECTIVA ABIERTO LIQUIDEZ DÓLAR,513015003,REVISORIA FISCAL                        ,,,1,99,PESOS,"0,0","3924856,93",,513015,Total pasivo + patrimonio,Patrimonio,Utilidad o perdida del ejercicio,Costos y gastos,Gastos de operaciones,Revisoría Fiscal,,,
416,FONDO DE INVERSION COLECTIVA ABIERTO LIQUIDEZ DÓLAR,513515010,POR REEXPRESION DE OTROS PASIVOS,,,1,99,PESOS,"0,0","1610350,0",,513515,Total pasivo + patrimonio,Patrimonio,Utilidad o perdida del ejercicio,Costos y gastos,Gastos de operaciones,Reexpresion de Activos,,,
416,FONDO DE INVERSION COLECTIVA ABIERTO LIQUIDEZ DÓLAR,513535010,POR REEXPRESION DE OTROS ACTIVOS,,,1,99,PESOS,"0,0","135138571,77",,513535,Total pasivo + patrimonio,Patrimonio,Utilidad o perdida del ejercicio,Costos y gastos,Gastos de operaciones,Reexpresion de Activos,,,
416,FONDO DE INVERSION COLECTIVA ABIERTO LIQUIDEZ DÓLAR,514005010,IMPUESTO A LOS MOVIMIENTOS FINANCIEROS  ,,,1,99,PESOS,"0,0","15339,78",,514005,Total pasivo + patrimonio,Patrimonio,Utilidad o perdida del ejercicio,Costos y gastos,Gastos de operaciones,Gravamen a los movimientos financieros,Impuestos y tasas,,
416,FONDO DE INVERSION COLECTIVA ABIERTO LIQUIDEZ DÓLAR,590505010,CANCELACION DE INGRESOS RF,,,1,99,PESOS,"0,0","3405004,93",,590505,Total pasivo + patrimonio,Patrimonio,,,,,,,
416,FONDO DE INVERSION COLECTIVA ABIERTO LIQUIDEZ DÓLAR,590505015,CANCELACION DE INGRESOS RV,,,1,99,PESOS,"0,0","48185331,59",,590505,Total pasivo + patrimonio,Patrimonio,,,,,,,
416,FONDO DE INVERSION COLECTIVA ABIERTO LIQUIDEZ DÓLAR,821505010,EN TITULOS DE TESORERIA - TES,,,1,99,PESOS,"0,0","-466128400,0",,,,,,,,,,,
416,FONDO DE INVERSION COLECTIVA ABIERTO LIQUIDEZ DÓLAR,830505010,DEUDORAS POR CONTRA,,,1,99,PESOS,"-15791880535,67","-16396000243,77",,,,,,,,,,,
416,FONDO DE INVERSION COLECTIVA ABIERTO LIQUIDEZ DÓLAR,411495999,OTROS,,,1,99,PESOS,"0,0","-0,34",,411495,Total pasivo + patrimonio,Patrimonio,Utilidad o perdida del ejercicio,Ingresos ordinarios,Otros rendimientos financieros,,,,
416,FONDO DE INVERSION COLECTIVA ABIERTO LIQUIDEZ DÓLAR,412510200,EMISORES EXTRANJEROS,,,1,99,PESOS,"0,0","-15502618,67",,412510,Total pasivo + patrimonio,Patrimonio,Utilidad o perdida del ejercicio,Ingresos ordinarios,A valor Razonable Instrumentos de Pat.,,,,
416,FONDO DE INVERSION COLECTIVA ABIERTO LIQUIDEZ DÓLAR,413515015,UT/PER REEXPRESIÓN OTROS ACTIVOS (DER CO,,,1,99,PESOS,"0,0","-2623900,0",,413515,Total pasivo + patrimonio,Patrimonio,Utilidad o perdida del ejercicio,Ingresos ordinarios,Diferencia en cambio,,,,
416,FONDO DE INVERSION COLECTIVA ABIERTO LIQUIDEZ DÓLAR,413535015,UT/PER REEXPRESIÓN OTROS PASIVOS (OBL VE,,,1,99,PESOS,"0,0","-9360,0",,413535,Total pasivo + patrimonio,Patrimonio,Utilidad o perdida del ejercicio,Ingresos ordinarios,Por reexpresion de otros pasivos,,,,
416,FONDO DE INVERSION COLECTIVA ABIERTO LIQUIDEZ DÓLAR,510805010,POR DISMINUCUION EN EL VALOR DE MERCADO,,,1,99,PESOS,"0,0","376941851,12",,510805,Total pasivo + patrimonio,Patrimonio,Utilidad o perdida del ejercicio,Costos y gastos,Gastos de operaciones,Disminución en el valor de mercado Inst. de Pat.,,,
416,FONDO DE INVERSION COLECTIVA ABIERTO LIQUIDEZ DÓLAR,511512010,GASTOS BANCARIOS                        ,,,1,99,PESOS,"0,0","9296569,0",,511512,Total pasivo + patrimonio,Patrimonio,Utilidad o perdida del ejercicio,Costos y gastos,Gastos de operaciones,Gastos bancarios,,,
416,FONDO DE INVERSION COLECTIVA ABIERTO LIQUIDEZ DÓLAR,511548010,COMISION DE ADMINISTRACION R.F.         ,,,1,99,PESOS,"0,0","115340242,75",,511548,Total pasivo + patrimonio,Patrimonio,Utilidad o perdida del ejercicio,Costos y gastos,Gastos de operaciones,Comisión administración,,,
416,FONDO DE INVERSION COLECTIVA ABIERTO LIQUIDEZ DÓLAR,512510200,EMISORES EXTRANJEROS,,,1,99,PESOS,"0,0","163522061,5",,512510,Total pasivo + patrimonio,Patrimonio,Utilidad o perdida del ejercicio,Costos y gastos,Gastos de operaciones,,,,
416,FONDO DE INVERSION COLECTIVA ABIERTO LIQUIDEZ DÓLAR,512917010,FUTURO EN MONEDAS,,,1,99,PESOS,"0,0","16464000,0",,512917,Total pasivo + patrimonio,Patrimonio,Utilidad o perdida del ejercicio,Costos y gastos,Gastos de operaciones,,,,
416,FONDO DE INVERSION COLECTIVA ABIERTO LIQUIDEZ DÓLAR,512917020,PERDIDA FUTUROS DE MONEDAS,,,1,99,PESOS,"0,0","56634000,0",,512917,Total pasivo + patrimonio,Patrimonio,Utilidad o perdida del ejercicio,Costos y gastos,Gastos de operaciones,,,,
416,FONDO DE INVERSION COLECTIVA ABIERTO LIQUIDEZ DÓLAR,513535015,UT/PER REEXPRESIÓN OTROS ACTIVOS (DER CO,,,1,99,PESOS,"0,0","23490,0",,513535,Total pasivo + patrimonio,Patrimonio,Utilidad o perdida del ejercicio,Costos y gastos,Gastos de operaciones,Reexpresion de Activos,,,
416,FONDO DE INVERSION COLECTIVA ABIERTO LIQUIDEZ DÓLAR,514005011,IMPOVENTAS,,,1,99,PESOS,"0,0","745722,56",,514005,Total pasivo + patrimonio,Patrimonio,Utilidad o perdida del ejercicio,Costos y gastos,Gastos de operaciones,Gravamen a los movimientos financieros,Impuestos y tasas,,
416,FONDO DE INVERSION COLECTIVA ABIERTO LIQUIDEZ DÓLAR,519095999,OTROS,,,1,99,PESOS,"0,0","0,19",,519095,Total pasivo + patrimonio,Patrimonio,Utilidad o perdida del ejercicio,Costos y gastos,Gastos de operaciones,Otros gastos de operación,,,
416,FONDO DE INVERSION COLECTIVA ABIERTO LIQUIDEZ DÓLAR,590505020,UTILIDAD/PERDIDA PAGADA EN REDENCIONES,,,1,99,PESOS,"0,0","-260291513,79",,590505,Total pasivo + patrimonio,Patrimonio,,,,,,,
416,FONDO DE INVERSION COLECTIVA ABIERTO LIQUIDEZ DÓLAR,810505210,EMISORES EXTRANJEROS,,,1,99,PESOS,"15791880535,67","16396000243,77",,810505,,,,,,,,,
416,FONDO DE INVERSION COLECTIVA ABIERTO LIQUIDEZ DÓLAR,840505010,ACREEDORAS POR CONTRA,,,1,99,PESOS,"0,0","466128400,0",,840505,,,,,,,,,
433,FIC DIVERSIFICADO CONSERVADOR,111505001,(DC) DAVIVIENDA Cta No.482800029811,,,1,99,PESOS,"777996,91","127869272,96",,111505,Activo,,Activo Corriente,Efectivo y equivales de efectivo,Bancos nacionales,,,Disponible,
433,FIC DIVERSIFICADO CONSERVADOR,111505002,(DC) DAVIVIENDA Cta No.482869978916,,,1,99,PESOS,"9102646,25","9080979,5",,111505,Activo,,Activo Corriente,Efectivo y equivales de efectivo,Bancos nacionales,,,Disponible,
433,FIC DIVERSIFICADO CONSERVADOR,111505007,(DC) BOGOTA Cta No.049322787,,,1,99,PESOS,"7515660,0","7781118,0",,111505,Activo,,Activo Corriente,Efectivo y equivales de efectivo,Bancos nacionales,,,Disponible,
433,FIC DIVERSIFICADO CONSERVADOR,111505015,(DC) BCO BOGOTÁ Cta No.049335110,,,1,99,PESOS,"115056570,3","58096033,3",,111505,Activo,,Activo Corriente,Efectivo y equivales de efectivo,Bancos nacionales,,,Disponible,
433,FIC DIVERSIFICADO CONSERVADOR,111505016,(DC) BCO OCCIDENTE Cta. No. 219885928,,,1,99,PESOS,"1929825697,23","1086318431,01",,111505,Activo,,Activo Corriente,Efectivo y equivales de efectivo,Bancos nacionales,,,Disponible,
433,FIC DIVERSIFICADO CONSERVADOR,111510014,(DC) ALLFUNDS CTA: 110001120500576008,,,1,99,DOLARES,"10069725,78","3778195,61",,111510,Activo,,Activo Corriente,Efectivo y equivales de efectivo,Bancos del Exterior,,,Disponible,
433,FIC DIVERSIFICADO CONSERVADOR,111510017,(DC) CITIBANK NEW YORK CTA: 14742842,,,1,99,DOLARES,"35563204,31","238041886,42",,111510,Activo,,Activo Corriente,Efectivo y equivales de efectivo,Bancos del Exterior,,,Disponible,
433,FIC DIVERSIFICADO CONSERVADOR,111510019,(DC) BCO BOGOTA MIAMI CTA: 98533,,,1,99,DOLARES,"42624072,6","41728611,75",,111510,Activo,,Activo Corriente,Efectivo y equivales de efectivo,Bancos del Exterior,,,Disponible,
433,FIC DIVERSIFICADO CONSERVADOR,111510022,(DC) OCCIDENTAL BANK BARB CTA: 512583,,,1,99,DOLARES,"33438012,0","25379235,0",,111510,Activo,,Activo Corriente,Efectivo y equivales de efectivo,Bancos del Exterior,,,Disponible,
433,FIC DIVERSIFICADO CONSERVADOR,130115115,OTROS EMISORES NACIONALES               ,,,1,99,PESOS,"44591356250,0","24488636705,6",,130115,Activo,,Activo no corriente,Inversiones a valor razonable con efectos en resultados,Instrumentos de Deuda,,,Inversiones,
433,FIC DIVERSIFICADO CONSERVADOR,135305010,DERECHO DE MONEDAS,,,1,99,PESOS,"6518618000,0","4673142500,0",,135305,Activo,,Activo no corriente,Inversiones a valor razonable con efectos en resultados,,,,Inversiones,
433,FIC DIVERSIFICADO CONSERVADOR,135305015,OBLIGACION DE MONEDAS,,,1,99,PESOS,"-6518618000,0","-4673142500,0",,135305,Activo,,Activo no corriente,Inversiones a valor razonable con efectos en resultados,,,,Inversiones,
433,FIC DIVERSIFICADO CONSERVADOR,161695001,(DC) DAVIVIENDA Cta No.482800029811,,,1,99,PESOS,"318,24","97790,28",,161695,Activo,,Activo Corriente,Cuentas por cobrar,Deudores,,,,
433,FIC DIVERSIFICADO CONSERVADOR,161695003,(DC) BANCOLOMBIA Cta No. 69000006135,,,1,99,PESOS,"32,56","1518,22",,161695,Activo,,Activo Corriente,Cuentas por cobrar,Deudores,,,,
433,FIC DIVERSIFICADO CONSERVADOR,161695014,(DC) DAVIVIENDA Cta No.482800036071,,,1,99,PESOS,"208282,82","228907,23",,161695,Activo,,Activo Corriente,Cuentas por cobrar,Deudores,,,,
433,FIC DIVERSIFICADO CONSERVADOR,161695015,GASTOS VARIOS DE ADMON                  ,,,1,99,PESOS,"0,0","-32384,78",,161695,Activo,,Activo Corriente,Cuentas por cobrar,Deudores,,,,
433,FIC DIVERSIFICADO CONSERVADOR,161695045,CUENTA CORRIENTE                        ,,,1,99,PESOS,"439321,07","119109635,4",,161695,Activo,,Activo Corriente,Cuentas por cobrar,Deudores,,,,
433,FIC DIVERSIFICADO CONSERVADOR,250110033,COMISION CUSTODIO,,,1,99,PESOS,"-2265264,29","-781445,01",,250110,Total pasivo + patrimonio,Pasivo,Pasivo Corriente,Cuentas por pagar,Comision de administracion.,,,,
433,FIC DIVERSIFICADO CONSERVADOR,253105110,CUENTA COMPENSACION,,,1,99,PESOS,"-116097777,22","0,0",,253105,Total pasivo + patrimonio,Pasivo,Pasivo Corriente,Cuentas por pagar,Acreedores varios,,,,
433,FIC DIVERSIFICADO CONSERVADOR,410705115,OTROS EMISORES NACIONALES               ,,,1,99,PESOS,"0,0","-1163835032,74",,410705,Total pasivo + patrimonio,Patrimonio,Utilidad o perdida del ejercicio,Ingresos ordinarios,Valoracion Intrumentos de Deuda,,,,
433,FIC DIVERSIFICADO CONSERVADOR,410805200,EMISORES EXTRANJEROS,,,1,99,PESOS,"0,0","-427747216,71",,410805,Total pasivo + patrimonio,Patrimonio,Utilidad o perdida del ejercicio,Ingresos ordinarios,Por aumento en el valor de mercado Inst. de Pat.,,,,
433,FIC DIVERSIFICADO CONSERVADOR,411405015,INGRESO POR OP REPO,,,1,99,PESOS,"0,0","-9912626,48",,411405,Total pasivo + patrimonio,Patrimonio,Utilidad o perdida del ejercicio,Ingresos ordinarios,,,,,
433,FIC DIVERSIFICADO CONSERVADOR,411415020,DIVIDENDOS                              ,,,1,99,PESOS,"0,0","-32143805,49",,411415,Total pasivo + patrimonio,Patrimonio,Utilidad o perdida del ejercicio,Ingresos ordinarios,Dividendos,,,,
433,FIC DIVERSIFICADO CONSERVADOR,411495002,(DC) Davivienda Panamá Cta. 10001015155,,,1,99,PESOS,"0,0","-6822047,53",,411495,Total pasivo + patrimonio,Patrimonio,Utilidad o perdida del ejercicio,Ingresos ordinarios,Otros rendimientos financieros,,,,
433,FIC DIVERSIFICADO CONSERVADOR,411495003,(DC) BANCOLOMBIA Cta No. 69000006135,,,1,99,PESOS,"0,0","-128832,77",,411495,Total pasivo + patrimonio,Patrimonio,Utilidad o perdida del ejercicio,Ingresos ordinarios,Otros rendimientos financieros,,,,
433,FIC DIVERSIFICADO CONSERVADOR,411495004,(DC) BANCOLOMBIA Cta. No. 69000008144,,,1,99,PESOS,"0,0","-5565788,95",,411495,Total pasivo + patrimonio,Patrimonio,Utilidad o perdida del ejercicio,Ingresos ordinarios,Otros rendimientos financieros,,,,
433,FIC DIVERSIFICADO CONSERVADOR,111505003,(DC) BANCOLOMBIA Cta No. 69000006135,,,1,99,PESOS,"201012,43","749859,54",,111505,Activo,,Activo Corriente,Efectivo y equivales de efectivo,Bancos nacionales,,,Disponible,
433,FIC DIVERSIFICADO CONSERVADOR,111505004,(DC) BANCOLOMBIA Cta No.69000006136,,,1,99,PESOS,"304693,31","274755,32",,111505,Activo,,Activo Corriente,Efectivo y equivales de efectivo,Bancos nacionales,,,Disponible,
433,FIC DIVERSIFICADO CONSERVADOR,111505005,(DC) OCCIDENTE Cta No.219876323,,,1,99,PESOS,"206048361,17","1761328067,21",,111505,Activo,,Activo Corriente,Efectivo y equivales de efectivo,Bancos nacionales,,,Disponible,
433,FIC DIVERSIFICADO CONSERVADOR,111505009,(DC) REPUBLICA Cta No.62257279,,,1,99,PESOS,"0,05","0,05",,111505,Activo,,Activo Corriente,Efectivo y equivales de efectivo,Bancos nacionales,,,Disponible,
433,FIC DIVERSIFICADO CONSERVADOR,111505013,(DC) DAVIVIENDA Cta No.482800036071,,,1,99,PESOS,"502213857,81","295215337,94",,111505,Activo,,Activo Corriente,Efectivo y equivales de efectivo,Bancos nacionales,,,Disponible,
433,FIC DIVERSIFICADO CONSERVADOR,111505017,(DC) BANCOLOMBIA Cta. No. 69000008144,,,1,99,PESOS,"112186989,09","181347837,22",,111505,Activo,,Activo Corriente,Efectivo y equivales de efectivo,Bancos nacionales,,,Disponible,
433,FIC DIVERSIFICADO CONSERVADOR,111510001,(DC) Davivienda Panamá Cta: 10001015155,,,1,99,DOLARES,"431058692,66","427703521,07",,111510,Activo,,Activo Corriente,Efectivo y equivales de efectivo,Bancos del Exterior,,,Disponible,
433,FIC DIVERSIFICADO CONSERVADOR,111510013,(DC) BANCOLOMBIA PANAMA CTA: 80100029383,,,1,99,DOLARES,"34040835,54","33367110,21",,111510,Activo,,Activo Corriente,Efectivo y equivales de efectivo,Bancos del Exterior,,,Disponible,
433,FIC DIVERSIFICADO CONSERVADOR,122005010,COMP DE TRANSF DE INV EN OP. SIM,,,1,99,PESOS,"0,0","1863011739,0",,,,,,,,,,,
433,FIC DIVERSIFICADO CONSERVADOR,130105105,TÍTULOS DE TESORERÍA -TES               ,,,1,99,PESOS,"26553441038,47","18237850650,0",,130105,Activo,,Activo no corriente,Inversiones a valor razonable con efectos en resultados,Instrumentos de Deuda,,,Inversiones,
433,FIC DIVERSIFICADO CONSERVADOR,130205300,EMISORES  NACIONALES,,,1,99,PESOS,"7675627155,19","5654758799,14",,130205,Activo,,Activo no corriente,Inversiones a valor razonable con efectos en resultados,Instrumentos de patrimonio,,,Inversiones,
433,FIC DIVERSIFICADO CONSERVADOR,130210200,EMISORES EXTRANJEROS,,,1,99,DOLARES,"10138270885,22","6249268619,83",,130210,Activo,,Activo no corriente,Inversiones a valor razonable con efectos en resultados,Instrumentos de patrimonio,,,Inversiones,
433,FIC DIVERSIFICADO CONSERVADOR,161695002,(DC) Davivienda Panamá Cta. 10001015155,,,1,99,PESOS,"0,0","885870,1",,161695,Activo,,Activo Corriente,Cuentas por cobrar,Deudores,,,,
433,FIC DIVERSIFICADO CONSERVADOR,161695004,(LD) BCO DAVIVIENDA cta No.482800025215,,,1,99,PESOS,"20709,22","46598,07",,161695,Activo,,Activo Corriente,Cuentas por cobrar,Deudores,,,,
433,FIC DIVERSIFICADO CONSERVADOR,161695005,(DC) OCCIDENTE Cta No.219876323,,,1,99,PESOS,"181591,07","2448955,74",,161695,Activo,,Activo Corriente,Cuentas por cobrar,Deudores,,,,
433,FIC DIVERSIFICADO CONSERVADOR,161695007,(DC) BOGOTA Cta No.049322787,,,1,99,PESOS,"627580,68","635368,8",,161695,Activo,,Activo Corriente,Cuentas por cobrar,Deudores,,,,
433,FIC DIVERSIFICADO CONSERVADOR,161695011,BANCOLOMBIA PANAMA CTA. 80100029383,,,1,99,PESOS,"40371,08","36978,52",,161695,Activo,,Activo Corriente,Cuentas por cobrar,Deudores,,,,
433,FIC DIVERSIFICADO CONSERVADOR,161695016,(DC) BCO OCCIDENTE Cta. No. 219885928,,,1,99,PESOS,"1235203,73","1027864,59",,161695,Activo,,Activo Corriente,Cuentas por cobrar,Deudores,,,,
433,FIC DIVERSIFICADO CONSERVADOR,161695018,(DC) BCO BOGOTÁ Cta No.049335110,,,1,99,PESOS,"971106,38","471255,84",,161695,Activo,,Activo Corriente,Cuentas por cobrar,Deudores,,,,
433,FIC DIVERSIFICADO CONSERVADOR,162825010,EN GARANTIA,,,1,99,PESOS,"359737778,0","426575556,0",,162825,Activo,,Activo Corriente,Cuentas por cobrar,Deudores,,,,
433,FIC DIVERSIFICADO CONSERVADOR,250105035,REVISORIA FISCAL,,,1,99,PESOS,"0,0","-90428,5",,250105,Total pasivo + patrimonio,Pasivo,Pasivo Corriente,Cuentas por pagar,Comision de administracion.,,,,
433,FIC DIVERSIFICADO CONSERVADOR,250110015,COMISION DE ADMINISTRACION              ,,,1,99,PESOS,"-8813285,16","-8723682,47",,250110,Total pasivo + patrimonio,Pasivo,Pasivo Corriente,Cuentas por pagar,Comision de administracion.,,,,
433,FIC DIVERSIFICADO CONSERVADOR,250305011,RENDIMIENTOS FINANCIEROS CAPITALIZADOS  ,,,1,99,PESOS,"-31,0","0,0",,250305,Total pasivo + patrimonio,Pasivo,Pasivo Corriente,Cuentas por pagar,Impuestos,,,,
433,FIC DIVERSIFICADO CONSERVADOR,253105135,LIQUIDACION DERIVADOS,,,1,99,PESOS,"-90248000,0","-42979500,0",,253105,Total pasivo + patrimonio,Pasivo,Pasivo Corriente,Cuentas por pagar,Acreedores varios,,,,
433,FIC DIVERSIFICADO CONSERVADOR,352505010,PARTICIPACIONES EN FDO DE INVERSIÓN COLE,,,1,99,PESOS,"-92574761293,5","-61290545623,71",,352505,Total pasivo + patrimonio,Patrimonio,,Patrimonio especiales,Participaciones en fondos de inversión colectiva,,,,
433,FIC DIVERSIFICADO CONSERVADOR,410355010,REND X COMPROMISOS DE TRANSF OP SIM,,,1,99,PESOS,"0,0","-21463783,0",,410355,Total pasivo + patrimonio,Patrimonio,Utilidad o perdida del ejercicio,Ingresos ordinarios,Otros rendimientos financieros,,,,
433,FIC DIVERSIFICADO CONSERVADOR,410705010,POR AUMENTO EN EL VALOR RAZONABLE,,,1,99,PESOS,"0,0","-159372,13",,410705,Total pasivo + patrimonio,Patrimonio,Utilidad o perdida del ejercicio,Ingresos ordinarios,Valoracion Intrumentos de Deuda,,,,
433,FIC DIVERSIFICADO CONSERVADOR,410705105,TÍTULOS DE TESORERÍA -TES               ,,,1,99,PESOS,"0,0","-656091750,0",,410705,Total pasivo + patrimonio,Patrimonio,Utilidad o perdida del ejercicio,Ingresos ordinarios,Valoracion Intrumentos de Deuda,,,,
433,FIC DIVERSIFICADO CONSERVADOR,410805300,EMISORES NACIONALES,,,1,99,PESOS,"0,0","-44219449,31",,410805,Total pasivo + patrimonio,Patrimonio,Utilidad o perdida del ejercicio,Ingresos ordinarios,Por aumento en el valor de mercado Inst. de Pat.,,,,
433,FIC DIVERSIFICADO CONSERVADOR,411495001,(DC) DAVIVIENDA Cta No.482800029811,,,1,99,PESOS,"0,0","-15386770,09",,411495,Total pasivo + patrimonio,Patrimonio,Utilidad o perdida del ejercicio,Ingresos ordinarios,Otros rendimientos financieros,,,,
433,FIC DIVERSIFICADO CONSERVADOR,411495007,(DC) BOGOTA Cta No.049322787,,,1,99,PESOS,"0,0","-273246,12",,411495,Total pasivo + patrimonio,Patrimonio,Utilidad o perdida del ejercicio,Ingresos ordinarios,Otros rendimientos financieros,,,,
433,FIC DIVERSIFICADO CONSERVADOR,411495011,BANCOLOMBIA PANAMA CTA. 80100029383,,,1,99,PESOS,"0,0","-38101,85",,411495,Total pasivo + patrimonio,Patrimonio,Utilidad o perdida del ejercicio,Ingresos ordinarios,Otros rendimientos financieros,,,,
433,FIC DIVERSIFICADO CONSERVADOR,411495018,(DC) BCO BOGOTÁ Cta No.049335110,,,1,99,PESOS,"0,0","-2542837,46",,411495,Total pasivo + patrimonio,Patrimonio,Utilidad o perdida del ejercicio,Ingresos ordinarios,Otros rendimientos financieros,,,,
433,FIC DIVERSIFICADO CONSERVADOR,412510200,EMISORES EXTRANJEROS,,,1,99,PESOS,"0,0","-762717585,55",,412510,Total pasivo + patrimonio,Patrimonio,Utilidad o perdida del ejercicio,Ingresos ordinarios,A valor Razonable Instrumentos de Pat.,,,,
433,FIC DIVERSIFICADO CONSERVADOR,412917020,UTILIDAD DERIVADOS DE MONEDA,,,1,99,PESOS,"0,0","-349868000,0",,412917,Total pasivo + patrimonio,Patrimonio,Utilidad o perdida del ejercicio,Ingresos ordinarios,,,,,
433,FIC DIVERSIFICADO CONSERVADOR,413515010,POR REEXPRESION DE OTROS ACTIVOS,,,1,99,PESOS,"0,0","-323457069,08",,413515,Total pasivo + patrimonio,Patrimonio,Utilidad o perdida del ejercicio,Ingresos ordinarios,Diferencia en cambio,,,,
433,FIC DIVERSIFICADO CONSERVADOR,419595030,OTROS,,,1,99,PESOS,"0,0","-2,07",,419595,Total pasivo + patrimonio,Patrimonio,Utilidad o perdida del ejercicio,Ingresos ordinarios,Valoración Propiedades de Inversión,,,,
433,FIC DIVERSIFICADO CONSERVADOR,510440010,COMP DE TRANSFERENCIA EN OPER REPO,,,1,99,PESOS,"0,0","56400,0",,510440,Total pasivo + patrimonio,Patrimonio,Utilidad o perdida del ejercicio,Costos y gastos,Gastos de operaciones,,,,
433,FIC DIVERSIFICADO CONSERVADOR,510605115,OTROS EMISORES NACIONALES,,,1,99,PESOS,"0,0","237314933,37",,510605,Total pasivo + patrimonio,Patrimonio,Utilidad o perdida del ejercicio,Costos y gastos,Gastos de operaciones,Disminucion en el Valor Razonables inst. de Deuda,,,
433,FIC DIVERSIFICADO CONSERVADOR,510805200,EMISORES EXTRANJEROS,,,1,99,PESOS,"0,0","384920818,39",,510805,Total pasivo + patrimonio,Patrimonio,Utilidad o perdida del ejercicio,Costos y gastos,Gastos de operaciones,Disminución en el valor de mercado Inst. de Pat.,,,
433,FIC DIVERSIFICADO CONSERVADOR,511325002,COMISION CUSTODIA VARIABLE              ,,,1,99,PESOS,"0,0","1949257,28",,511325,Total pasivo + patrimonio,Patrimonio,Utilidad o perdida del ejercicio,Costos y gastos,Gastos de operaciones,Comisión custodia fija,,,
433,FIC DIVERSIFICADO CONSERVADOR,511595070,COMISIONES OP DEL EXTERIOR,,,1,99,PESOS,"0,0","1228433,79",,511595,Total pasivo + patrimonio,Patrimonio,Utilidad o perdida del ejercicio,Costos y gastos,Gastos de operaciones,Comisión Bursatil,,,
433,FIC DIVERSIFICADO CONSERVADOR,512505010,OTROS TIT EMI POR EL GOBIERNO NACIONAL,,,1,99,PESOS,"0,0","3190069,84",,512505,Total pasivo + patrimonio,Patrimonio,Utilidad o perdida del ejercicio,Costos y gastos,Gastos de operaciones,Otras Emisores Nacionales,,,
433,FIC DIVERSIFICADO CONSERVADOR,512917020,VALORACION FUTUROS DE MONEDAS,,,1,99,PESOS,"0,0","110445000,0",,512917,Total pasivo + patrimonio,Patrimonio,Utilidad o perdida del ejercicio,Costos y gastos,Gastos de operaciones,,,,
433,FIC DIVERSIFICADO CONSERVADOR,411495005,(DC) OCCIDENTE Cta No.219876323,,,1,99,PESOS,"0,0","-45871208,73",,411495,Total pasivo + patrimonio,Patrimonio,Utilidad o perdida del ejercicio,Ingresos ordinarios,Otros rendimientos financieros,,,,
433,FIC DIVERSIFICADO CONSERVADOR,411495014,(DC) DAVIVIENDA Cta No.482800036071,,,1,99,PESOS,"0,0","-10272834,76",,411495,Total pasivo + patrimonio,Patrimonio,Utilidad o perdida del ejercicio,Ingresos ordinarios,Otros rendimientos financieros,,,,
433,FIC DIVERSIFICADO CONSERVADOR,411495015,RENDIMIENTOS INVERSIONES EN FICS,,,1,99,PESOS,"0,0","-203934033,35",,411495,Total pasivo + patrimonio,Patrimonio,Utilidad o perdida del ejercicio,Ingresos ordinarios,Otros rendimientos financieros,,,,
433,FIC DIVERSIFICADO CONSERVADOR,411495016,(DC) BCO OCCIDENTE Cta. No. 219885928,,,1,99,PESOS,"0,0","-47393216,15",,411495,Total pasivo + patrimonio,Patrimonio,Utilidad o perdida del ejercicio,Ingresos ordinarios,Otros rendimientos financieros,,,,
433,FIC DIVERSIFICADO CONSERVADOR,411495300,INTERESES TÍTULOS,,,1,99,PESOS,"0,0","-52880829,43",,411495,Total pasivo + patrimonio,Patrimonio,Utilidad o perdida del ejercicio,Ingresos ordinarios,Otros rendimientos financieros,,,,
433,FIC DIVERSIFICADO CONSERVADOR,411495999,OTROS,,,1,99,PESOS,"0,0","-0,43",,411495,Total pasivo + patrimonio,Patrimonio,Utilidad o perdida del ejercicio,Ingresos ordinarios,Otros rendimientos financieros,,,,
433,FIC DIVERSIFICADO CONSERVADOR,412505010,OTROS EMISORES NACIONALES,,,1,99,PESOS,"0,0","-4335142,15",,412505,Total pasivo + patrimonio,Patrimonio,Utilidad o perdida del ejercicio,Ingresos ordinarios,A valor Razonable Instrumentos de Deuda.,,,,
433,FIC DIVERSIFICADO CONSERVADOR,412917010,FUTUROS DE MONEDAS,,,1,99,PESOS,"0,0","-182597500,0",,412917,Total pasivo + patrimonio,Patrimonio,Utilidad o perdida del ejercicio,Ingresos ordinarios,,,,,
433,FIC DIVERSIFICADO CONSERVADOR,413515015,UT/PER REEXPRESIÓN OTROS ACTIVOS (DER CO,,,1,99,PESOS,"0,0","-1052050,0",,413515,Total pasivo + patrimonio,Patrimonio,Utilidad o perdida del ejercicio,Ingresos ordinarios,Diferencia en cambio,,,,
433,FIC DIVERSIFICADO CONSERVADOR,413535015,UT/PER REEXPRESIÓN OTROS PASIVOS (OBL VE,,,1,99,PESOS,"0,0","-3759000,0",,413535,Total pasivo + patrimonio,Patrimonio,Utilidad o perdida del ejercicio,Ingresos ordinarios,Por reexpresion de otros pasivos,,,,
433,FIC DIVERSIFICADO CONSERVADOR,419595025,PENALIZACIONES,,,1,99,PESOS,"0,0","-2686338,03",,419595,Total pasivo + patrimonio,Patrimonio,Utilidad o perdida del ejercicio,Ingresos ordinarios,Valoración Propiedades de Inversión,,,,
433,FIC DIVERSIFICADO CONSERVADOR,510605010,POR DISMINUCION EN EL VALOR RAZONABLE,,,1,99,PESOS,"0,0","24108,59",,510605,Total pasivo + patrimonio,Patrimonio,Utilidad o perdida del ejercicio,Costos y gastos,Gastos de operaciones,Disminucion en el Valor Razonables inst. de Deuda,,,
433,FIC DIVERSIFICADO CONSERVADOR,510605105,TÍTULOS DE TESORERÍA -TES,,,1,99,PESOS,"0,0","11231464,53",,510605,Total pasivo + patrimonio,Patrimonio,Utilidad o perdida del ejercicio,Costos y gastos,Gastos de operaciones,Disminucion en el Valor Razonables inst. de Deuda,,,
433,FIC DIVERSIFICADO CONSERVADOR,511325010,COMISION CUSTODIA FIJA                  ,,,1,99,PESOS,"0,0","8829717,71",,511325,Total pasivo + patrimonio,Patrimonio,Utilidad o perdida del ejercicio,Costos y gastos,Gastos de operaciones,Comisión custodia fija,,,
433,FIC DIVERSIFICADO CONSERVADOR,511512010,GASTOS BANCARIOS                        ,,,1,99,PESOS,"0,0","5686909,24",,511512,Total pasivo + patrimonio,Patrimonio,Utilidad o perdida del ejercicio,Costos y gastos,Gastos de operaciones,Gastos bancarios,,,
433,FIC DIVERSIFICADO CONSERVADOR,511548010,COMISION DE ADMINISTRACION R.F.         ,,,1,99,PESOS,"0,0","538716917,65",,511548,Total pasivo + patrimonio,Patrimonio,Utilidad o perdida del ejercicio,Costos y gastos,Gastos de operaciones,Comisión administración,,,
433,FIC DIVERSIFICADO CONSERVADOR,512510200,EMISORES EXTRANJEROS,,,1,99,PESOS,"0,0","101358898,34",,512510,Total pasivo + patrimonio,Patrimonio,Utilidad o perdida del ejercicio,Costos y gastos,Gastos de operaciones,,,,
433,FIC DIVERSIFICADO CONSERVADOR,512917010,PERDIDA FUTUROS DE MONEDAS,,,1,99,PESOS,"0,0","88205500,0",,512917,Total pasivo + patrimonio,Patrimonio,Utilidad o perdida del ejercicio,Costos y gastos,Gastos de operaciones,,,,
433,FIC DIVERSIFICADO CONSERVADOR,513535010,POR REEXPRESION DE OTROS ACTIVOS,,,1,99,PESOS,"0,0","306513686,42",,513535,Total pasivo + patrimonio,Patrimonio,Utilidad o perdida del ejercicio,Costos y gastos,Gastos de operaciones,Reexpresion de Activos,,,
433,FIC DIVERSIFICADO CONSERVADOR,513535015,UT/PER REEXPRESIÓN OTROS ACTIVOS (DER CO,,,1,99,PESOS,"0,0","1338650,0",,513535,Total pasivo + patrimonio,Patrimonio,Utilidad o perdida del ejercicio,Costos y gastos,Gastos de operaciones,Reexpresion de Activos,,,
433,FIC DIVERSIFICADO CONSERVADOR,514005011,IMPOVENTAS,,,1,99,PESOS,"0,0","715528,6",,514005,Total pasivo + patrimonio,Patrimonio,Utilidad o perdida del ejercicio,Costos y gastos,Gastos de operaciones,Gravamen a los movimientos financieros,Impuestos y tasas,,
433,FIC DIVERSIFICADO CONSERVADOR,519095999,OTROS,,,1,99,PESOS,"0,0","3,55",,519095,Total pasivo + patrimonio,Patrimonio,Utilidad o perdida del ejercicio,Costos y gastos,Gastos de operaciones,Otros gastos de operación,,,
433,FIC DIVERSIFICADO CONSERVADOR,590505020,UTILIDAD/PERDIDA PAGADA EN REDENCIONES,,,1,99,PESOS,"0,0","2399705474,48",,590505,Total pasivo + patrimonio,Patrimonio,,,,,,,
433,FIC DIVERSIFICADO CONSERVADOR,810505210,EMISORES EXTRANJEROS,,,1,99,PESOS,"10138270885,22","6249268619,85",,810505,,,,,,,,,
433,FIC DIVERSIFICADO CONSERVADOR,840505010,ACREEDORAS POR CONTRA,,,1,99,PESOS,"0,0","1864513600,0",,840505,,,,,,,,,
437,FCP DAVIVIENDA CORREDORES DEUDA COMPARTIMENTO I,111505002,(FD) BANCOLOMBIA Cta No. 69000006730,,,1,99,PESOS,"5539061,67","5597683,13",,111505,Activo,,Activo Corriente,Efectivo y equivales de efectivo,Bancos nacionales,,,Disponible,
437,FCP DAVIVIENDA CORREDORES DEUDA COMPARTIMENTO I,111505003,(FD) BANCOLOMBIA Cta No. 69000006729,,,1,99,PESOS,"353197808,72","4410594798,32",,111505,Activo,,Activo Corriente,Efectivo y equivales de efectivo,Bancos nacionales,,,Disponible,
437,FCP DAVIVIENDA CORREDORES DEUDA COMPARTIMENTO I,130205300,EMISORES  NACIONALES,,,1,99,PESOS,"2476491082,16","391878207,12",,130205,Activo,,Activo no corriente,Inversiones a valor razonable con efectos en resultados,Instrumentos de patrimonio,,,Inversiones,
437,FCP DAVIVIENDA CORREDORES DEUDA COMPARTIMENTO I,139005115,INSTRUMENTOS DE DEUDA,,,1,99,PESOS,"-3868445816,93","-3946170487,8",,139005,Activo,,Activo no corriente,Inversiones a valor razonable con efectos en resultados,Deterioro inversiones,,,Inversiones,
437,FCP DAVIVIENDA CORREDORES DEUDA COMPARTIMENTO I,161695001,(FD) BCO DAVIVIENDA Cta No. 482800031262,,,1,99,PESOS,"2078612,18","7959873,32",,161695,Activo,,Activo Corriente,Cuentas por cobrar,Deudores,,,,
437,FCP DAVIVIENDA CORREDORES DEUDA COMPARTIMENTO I,352505010,PARTICIPACIONES EN FDO DE INVERSIÓN COLE,,,1,99,PESOS,"-321351736794,67","-345551923137,38",,352505,Total pasivo + patrimonio,Patrimonio,,Patrimonio especiales,Participaciones en fondos de inversión colectiva,,,,
437,FCP DAVIVIENDA CORREDORES DEUDA COMPARTIMENTO I,411495002,(FD) BANCOLOMBIA Cta No. 69000006730,,,1,99,PESOS,"0,0","-68946,12",,411495,Total pasivo + patrimonio,Patrimonio,Utilidad o perdida del ejercicio,Ingresos ordinarios,Otros rendimientos financieros,,,,
437,FCP DAVIVIENDA CORREDORES DEUDA COMPARTIMENTO I,419595030,OTROS,,,1,99,PESOS,"0,0","-3,84",,419595,Total pasivo + patrimonio,Patrimonio,Utilidad o perdida del ejercicio,Ingresos ordinarios,Valoración Propiedades de Inversión,,,,
437,FCP DAVIVIENDA CORREDORES DEUDA COMPARTIMENTO I,419805010,REINTEGRO PROVISIONES CUENTAS POR COBRAR,,,1,99,PESOS,"0,0","-96468890,26",,419805,Total pasivo + patrimonio,Patrimonio,Utilidad o perdida del ejercicio,Ingresos ordinarios,Reintegro provisiones,,,,
437,FCP DAVIVIENDA CORREDORES DEUDA COMPARTIMENTO I,511325010,COMISION CUSTODIA FIJA                  ,,,1,99,PESOS,"0,0","16854240,0",,511325,Total pasivo + patrimonio,Patrimonio,Utilidad o perdida del ejercicio,Costos y gastos,Gastos de operaciones,Comisión custodia fija,,,
437,FCP DAVIVIENDA CORREDORES DEUDA COMPARTIMENTO I,513015003,REVISORIA FISCAL                        ,,,1,99,PESOS,"0,0","4147048,0",,513015,Total pasivo + patrimonio,Patrimonio,Utilidad o perdida del ejercicio,Costos y gastos,Gastos de operaciones,Revisoría Fiscal,,,
437,FCP DAVIVIENDA CORREDORES DEUDA COMPARTIMENTO I,513095090,OTROS HONORARIOS,,,1,99,PESOS,"0,0","61182848,04",,513095,Total pasivo + patrimonio,Patrimonio,Utilidad o perdida del ejercicio,Costos y gastos,Gastos de operaciones,Otros honorarios,,,
437,FCP DAVIVIENDA CORREDORES DEUDA COMPARTIMENTO I,514005010,IMPUESTO A LOS MOVIMIENTOS FINANCIEROS  ,,,1,99,PESOS,"0,0","58966543,63",,514005,Total pasivo + patrimonio,Patrimonio,Utilidad o perdida del ejercicio,Costos y gastos,Gastos de operaciones,Gravamen a los movimientos financieros,Impuestos y tasas,,
437,FCP DAVIVIENDA CORREDORES DEUDA COMPARTIMENTO I,590505010,CANCELACION DE INGRESOS RF,,,1,99,PESOS,"0,0","16424659648,04",,590505,Total pasivo + patrimonio,Patrimonio,,,,,,,
437,FCP DAVIVIENDA CORREDORES DEUDA COMPARTIMENTO I,590505015,CANCELACION DE INGRESOS RV,,,1,99,PESOS,"0,0","14040308,67",,590505,Total pasivo + patrimonio,Patrimonio,,,,,,,
437,FCP DAVIVIENDA CORREDORES DEUDA COMPARTIMENTO I,810505115,OTROS EMISORES NACIONALES,,,1,99,PESOS,"313365784724,37","327684613277,97",,810505,,,,,,,,,
437,FCP DAVIVIENDA CORREDORES DEUDA COMPARTIMENTO I,829595998,OTRAS CUENTAS DE ORDEN ACREEDORAS PESOS,,,1,99,PESOS,"-1133700000000,0","-1133700000000,0",,829595,,,,,,,,,
437,FCP DAVIVIENDA CORREDORES DEUDA COMPARTIMENTO I,830505010,DEUDORAS POR CONTRA,,,1,99,PESOS,"-313365784724,37","-327684613277,97",,,,,,,,,,,
447,FCP PEGASUS COLOMBIA FONDO II - COMPARTIMENTO IRIS,111505002,(PII) BANCOLOMBIA AH CTA.  69000009074,,,1,99,PESOS,"76465090,86","46375803,06",,111505,Activo,,Activo Corriente,Efectivo y equivales de efectivo,Bancos nacionales,,,Disponible,
447,FCP PEGASUS COLOMBIA FONDO II - COMPARTIMENTO IRIS,130205300,EMISORES  NACIONALES,,,1,99,PESOS,"0,0","51043254,29",,130205,Activo,,Activo no corriente,Inversiones a valor razonable con efectos en resultados,Instrumentos de patrimonio,,,Inversiones,
447,FCP PEGASUS COLOMBIA FONDO II - COMPARTIMENTO IRIS,161695002,(PII) BANCOLOMBIA AH CTA.  69000009074,,,1,99,PESOS,"18580,87","20478,56",,161695,Activo,,Activo Corriente,Cuentas por cobrar,Deudores,,,,
447,FCP PEGASUS COLOMBIA FONDO II - COMPARTIMENTO IRIS,163035010,IVA DESCONTABLE 19%,,,1,99,PESOS,"263447,83","69154,38",,163035,Activo,,Activo Corriente,Cuentas por cobrar,Deudores,,,,
447,FCP PEGASUS COLOMBIA FONDO II - COMPARTIMENTO IRIS,192595030,AMORTIZACION COMISION DE ADMON,,,1,99,PESOS,"0,0","8310502,29",,192595,Activo,,Activo Corriente,Otros activos,Gatos pagados por anticipados,,,,
447,FCP PEGASUS COLOMBIA FONDO II - COMPARTIMENTO IRIS,250105035,HONORARIOS,,,1,99,PESOS,"-2847000,0","-3174405,0",,250105,Total pasivo + patrimonio,Pasivo,Pasivo Corriente,Cuentas por pagar,Comision de administracion.,,,,
447,FCP PEGASUS COLOMBIA FONDO II - COMPARTIMENTO IRIS,411495999,OTROS,,,1,99,PESOS,"0,0","-12,78",,411495,Total pasivo + patrimonio,Patrimonio,Utilidad o perdida del ejercicio,Ingresos ordinarios,Otros rendimientos financieros,,,,
447,FCP PEGASUS COLOMBIA FONDO II - COMPARTIMENTO IRIS,419595706,UTILIDAD EN VTA PROPIEDADES DE INVERSION,,,1,99,PESOS,"0,0","-25000000,0",,419595,Total pasivo + patrimonio,Patrimonio,Utilidad o perdida del ejercicio,Ingresos ordinarios,Valoración Propiedades de Inversión,,,,
447,FCP PEGASUS COLOMBIA FONDO II - COMPARTIMENTO IRIS,511595015,OTRAS COMISIONES,,,1,99,PESOS,"0,0","387786,0",,511595,Total pasivo + patrimonio,Patrimonio,Utilidad o perdida del ejercicio,Costos y gastos,Gastos de operaciones,Comisión Bursatil,,,
447,FCP PEGASUS COLOMBIA FONDO II - COMPARTIMENTO IRIS,513015003,REVISORIA FISCAL                        ,,,1,99,PESOS,"0,0","5157332,0",,513015,Total pasivo + patrimonio,Patrimonio,Utilidad o perdida del ejercicio,Costos y gastos,Gastos de operaciones,Revisoría Fiscal,,,
447,FCP PEGASUS COLOMBIA FONDO II - COMPARTIMENTO IRIS,513095090,OTROS,,,1,99,PESOS,"0,0","3501810,0",,513095,Total pasivo + patrimonio,Patrimonio,Utilidad o perdida del ejercicio,Costos y gastos,Gastos de operaciones,Otros honorarios,,,
447,FCP PEGASUS COLOMBIA FONDO II - COMPARTIMENTO IRIS,514005011,IMPOVENTAS                              ,,,1,99,PESOS,"0,0","2145837,64",,514005,Total pasivo + patrimonio,Patrimonio,Utilidad o perdida del ejercicio,Costos y gastos,Gastos de operaciones,Gravamen a los movimientos financieros,Impuestos y tasas,,
447,FCP PEGASUS COLOMBIA FONDO II - COMPARTIMENTO IRIS,519095999,OTROS,,,1,99,PESOS,"0,0","928,1",,519095,Total pasivo + patrimonio,Patrimonio,Utilidad o perdida del ejercicio,Costos y gastos,Gastos de operaciones,Otros gastos de operación,,,
447,FCP PEGASUS COLOMBIA FONDO II - COMPARTIMENTO IRIS,590505010,CANCELACION DE INGRESOS RF,,,1,99,PESOS,"0,0","-133126487,04",,590505,Total pasivo + patrimonio,Patrimonio,,,,,,,
447,FCP PEGASUS COLOMBIA FONDO II - COMPARTIMENTO IRIS,590505015,CANCELACION DE INGRESOS RV,,,1,99,PESOS,"0,0","-79084855,84",,590505,Total pasivo + patrimonio,Patrimonio,,,,,,,
448,FIC FINCA RAÍZ INTERNACIONAL,111505001,(FR) BANCOLOMBIA Cta Ah No. 69000009513,,,1,99,PESOS,"209468484,67","6130067,07",,111505,Activo,,Activo Corriente,Efectivo y equivales de efectivo,Bancos nacionales,,,Disponible,
448,FIC FINCA RAÍZ INTERNACIONAL,111505007,(FR) DAVIVIENDA Cta Ah No.482800043127,,,1,99,PESOS,"46178939,78","355754293,2",,111505,Activo,,Activo Corriente,Efectivo y equivales de efectivo,Bancos nacionales,,,Disponible,
448,FIC FINCA RAÍZ INTERNACIONAL,111505011,(FR) BANCOLOMBIA Cta Ah No. 69000009672,,,1,99,PESOS,"9916887,93","4453289,04",,111505,Activo,,Activo Corriente,Efectivo y equivales de efectivo,Bancos nacionales,,,Disponible,
448,FIC FINCA RAÍZ INTERNACIONAL,111510001,(FR) CITIBANK NEW YORk Cta: 27362200,,,1,99,DÓLAR,"2324273283,62","98281970,3",,111510,Activo,,Activo Corriente,Efectivo y equivales de efectivo,Bancos del Exterior,,,Disponible,
448,FIC FINCA RAÍZ INTERNACIONAL,111510005,(FR) ALLFUNDS CTA: ES9000110001190500576,,,1,99,DÓLAR,"778579,62","511042,09",,111510,Activo,,Activo Corriente,Efectivo y equivales de efectivo,Bancos del Exterior,,,Disponible,
448,FIC FINCA RAÍZ INTERNACIONAL,111510006,(FR) DAVIVIENDA PANAMA CTA:10002002749,,,1,99,DÓLAR,"0,0","21084994,88",,111510,Activo,,Activo Corriente,Efectivo y equivales de efectivo,Bancos del Exterior,,,Disponible,
448,FIC FINCA RAÍZ INTERNACIONAL,130205300,EMISORES  NACIONALES,,,1,99,PESOS,"678777,61","705917,52",,130205,Activo,,Activo no corriente,Inversiones a valor razonable con efectos en resultados,Instrumentos de patrimonio,,,Inversiones,
448,FIC FINCA RAÍZ INTERNACIONAL,135140200,OBLIGACION DE COMPRA TITULOS,,,1,99,DÓLAR,"-2224408331,35","0,0",,135140,Activo,,Activo no corriente,Inversiones a valor razonable con efectos en resultados,,,,Inversiones,
448,FIC FINCA RAÍZ INTERNACIONAL,161695001,(FR) Bancolombia Ah No. 69000009513,,,1,99,PESOS,"49820,29","279,93",,161695,Activo,,Activo Corriente,Cuentas por cobrar,Deudores,,,,
448,FIC FINCA RAÍZ INTERNACIONAL,161695015,GASTOS VARIOS DE ADMON,,,1,99,PESOS,"4940681,82","5025321,54",,161695,Activo,,Activo Corriente,Cuentas por cobrar,Deudores,,,,
448,FIC FINCA RAÍZ INTERNACIONAL,161695045,CUENTA CORRIENTE                        ,,,1,99,PESOS,"35111,27","1826779,17",,161695,Activo,,Activo Corriente,Cuentas por cobrar,Deudores,,,,
448,FIC FINCA RAÍZ INTERNACIONAL,192595003,REVISORIA FISCAL                        ,,,1,99,PESOS,"0,0","64594,32",,192595,Activo,,Activo Corriente,Otros activos,Gatos pagados por anticipados,,,,
448,FIC FINCA RAÍZ INTERNACIONAL,410355010,REND X COMPROMISOS DE TRANSF OP SIM,,,1,99,PESOS,"0,0","-228958,0",,410355,Total pasivo + patrimonio,Patrimonio,Utilidad o perdida del ejercicio,Ingresos ordinarios,Otros rendimientos financieros,,,,
448,FIC FINCA RAÍZ INTERNACIONAL,410705120,EMISORES EXTRANJEROS                    ,,,1,99,PESOS,"0,0","-78808278,52",,410705,Total pasivo + patrimonio,Patrimonio,Utilidad o perdida del ejercicio,Ingresos ordinarios,Valoracion Intrumentos de Deuda,,,,
448,FIC FINCA RAÍZ INTERNACIONAL,410805200,EMISORES EXTRANJEROS,,,1,99,PESOS,"0,0","-453118741,95",,410805,Total pasivo + patrimonio,Patrimonio,Utilidad o perdida del ejercicio,Ingresos ordinarios,Por aumento en el valor de mercado Inst. de Pat.,,,,
448,FIC FINCA RAÍZ INTERNACIONAL,411495001,(FR) Bancolombia Ah No. 69000009513,,,1,99,PESOS,"0,0","-1929220,7",,411495,Total pasivo + patrimonio,Patrimonio,Utilidad o perdida del ejercicio,Ingresos ordinarios,Otros rendimientos financieros,,,,
448,FIC FINCA RAÍZ INTERNACIONAL,411495012,(AA) Davivienda Panam Ah Cta.10001015157,,,1,99,PESOS,"0,0","-3309,03",,411495,Total pasivo + patrimonio,Patrimonio,Utilidad o perdida del ejercicio,Ingresos ordinarios,Otros rendimientos financieros,,,,
448,FIC FINCA RAÍZ INTERNACIONAL,411495015,RENDIMIENTOS INVERSIONES EN FICS,,,1,99,PESOS,"0,0","-27139,9",,411495,Total pasivo + patrimonio,Patrimonio,Utilidad o perdida del ejercicio,Ingresos ordinarios,Otros rendimientos financieros,,,,
448,FIC FINCA RAÍZ INTERNACIONAL,511548010,COMISION DE ADMINISTRACION R.F.         ,,,1,99,PESOS,"0,0","12057412,03",,511548,Total pasivo + patrimonio,Patrimonio,Utilidad o perdida del ejercicio,Costos y gastos,Gastos de operaciones,Comisión administración,,,
448,FIC FINCA RAÍZ INTERNACIONAL,514005011,IMPOVENTAS,,,1,99,PESOS,"0,0","734223,91",,514005,Total pasivo + patrimonio,Patrimonio,Utilidad o perdida del ejercicio,Costos y gastos,Gastos de operaciones,Gravamen a los movimientos financieros,Impuestos y tasas,,
448,FIC FINCA RAÍZ INTERNACIONAL,519095999,OTROS,,,1,99,PESOS,"0,0","0,19",,519095,Total pasivo + patrimonio,Patrimonio,Utilidad o perdida del ejercicio,Costos y gastos,Gastos de operaciones,Otros gastos de operación,,,
448,FIC FINCA RAÍZ INTERNACIONAL,590505010,CANCELACION DE INGRESOS RF,,,1,99,PESOS,"0,0","27936909,5",,590505,Total pasivo + patrimonio,Patrimonio,,,,,,,
448,FIC FINCA RAÍZ INTERNACIONAL,590505020,UTILIDAD/PERDIDA PAGADA EN REDENCIONES,,,1,99,PESOS,"0,0","-177151869,73",,590505,Total pasivo + patrimonio,Patrimonio,,,,,,,
448,FIC FINCA RAÍZ INTERNACIONAL,810505210,EMISORES EXTRANJEROS,,,1,99,PESOS,"4111361066,82","6627139130,22",,810505,,,,,,,,,
448,FIC FINCA RAÍZ INTERNACIONAL,830505010,DEUDORAS POR CONTRA,,,1,99,PESOS,"-4111361066,82","-6627139130,22",,,,,,,,,,,
449,FIC CERRADO NOTA ESTRUCTURADA ORO CON CAPITAL PROTEGIDO,111505003,(OC) REPÚBLICA Cta No. 62257416,,,1,99,PESOS,"2000000,0","2000000,0",,111505,Activo,,Activo Corriente,Efectivo y equivales de efectivo,Bancos nacionales,,,Disponible,
449,FIC CERRADO NOTA ESTRUCTURADA ORO CON CAPITAL PROTEGIDO,111505004,(OC) DAVIVIENDA Cta AH No. 482800043564,,,1,99,PESOS,"324500492,63","149398620,51",,111505,Activo,,Activo Corriente,Efectivo y equivales de efectivo,Bancos nacionales,,,Disponible,
449,FIC CERRADO NOTA ESTRUCTURADA ORO CON CAPITAL PROTEGIDO,130120120,EMISORES EXTRANJEROS,,,1,99,PESOS,"85559805294,72","88456423368,36",,130120,Activo,,Activo no corriente,Inversiones a valor razonable con efectos en resultados,Instrumentos de Deuda,,,Inversiones,
433,FIC DIVERSIFICADO CONSERVADOR,513015003,REVISORIA FISCAL                        ,,,1,99,PESOS,"0,0","3765936,98",,513015,Total pasivo + patrimonio,Patrimonio,Utilidad o perdida del ejercicio,Costos y gastos,Gastos de operaciones,Revisoría Fiscal,,,
433,FIC DIVERSIFICADO CONSERVADOR,514005010,IMPUESTO A LOS MOVIMIENTOS FINANCIEROS  ,,,1,99,PESOS,"0,0","320545,19",,514005,Total pasivo + patrimonio,Patrimonio,Utilidad o perdida del ejercicio,Costos y gastos,Gastos de operaciones,Gravamen a los movimientos financieros,Impuestos y tasas,,
433,FIC DIVERSIFICADO CONSERVADOR,590505010,CANCELACION DE INGRESOS RF,,,1,99,PESOS,"0,0","-96885294,67",,590505,Total pasivo + patrimonio,Patrimonio,,,,,,,
433,FIC DIVERSIFICADO CONSERVADOR,590505015,CANCELACION DE INGRESOS RV,,,1,99,PESOS,"0,0","268522511,08",,590505,Total pasivo + patrimonio,Patrimonio,,,,,,,
433,FIC DIVERSIFICADO CONSERVADOR,810505105,TÍTULOS DE TESORERÍA -TES               ,,,1,99,PESOS,"26553441038,47","18237850650,0",,810505,,,,,,,,,
433,FIC DIVERSIFICADO CONSERVADOR,810505115,OTROS EMISORES NACIONALES               ,,,1,99,PESOS,"44591356250,0","24488636705,6",,810505,,,,,,,,,
433,FIC DIVERSIFICADO CONSERVADOR,810505205,OTROS,,,1,99,PESOS,"1446798960,0","1238597426,31",,810505,,,,,,,,,
433,FIC DIVERSIFICADO CONSERVADOR,821505010,VALORES RECIBIDOS EN OP SIMULTANEAS,,,1,99,PESOS,"0,0","-1864513600,0",,,,,,,,,,,
433,FIC DIVERSIFICADO CONSERVADOR,830505010,DEUDORAS POR CONTRA,,,1,99,PESOS,"-82729867133,69","-50214353401,76",,,,,,,,,,,
437,FCP DAVIVIENDA CORREDORES DEUDA COMPARTIMENTO I,111505001,(FD) BCO DAVIVIENDA Cta No. 482800031262,,,1,99,PESOS,"5081835186,4","12973183725,06",,111505,Activo,,Activo Corriente,Efectivo y equivales de efectivo,Bancos nacionales,,,Disponible,
437,FCP DAVIVIENDA CORREDORES DEUDA COMPARTIMENTO I,130115115,OTROS EMISORES NACIONALES,,,1,99,PESOS,"317234230541,3","331630783765,71",,130115,Activo,,Activo no corriente,Inversiones a valor razonable con efectos en resultados,Instrumentos de Deuda,,,Inversiones,
437,FCP DAVIVIENDA CORREDORES DEUDA COMPARTIMENTO I,161695002,(FD) BANCOLOMBIA Cta No. 69000006730,,,1,99,PESOS,"1462,19","11786,84",,161695,Activo,,Activo Corriente,Cuentas por cobrar,Deudores,,,,
437,FCP DAVIVIENDA CORREDORES DEUDA COMPARTIMENTO I,161695003,(FD) BANCOLOMBIA Cta No. 69000006729,,,1,99,PESOS,"57208,36","11072176,07",,161695,Activo,,Activo Corriente,Cuentas por cobrar,Deudores,,,,
437,FCP DAVIVIENDA CORREDORES DEUDA COMPARTIMENTO I,161695045,CUENTA CORRIENTE                        ,,,1,99,PESOS,"69598648,62","67011609,61",,161695,Activo,,Activo Corriente,Cuentas por cobrar,Deudores,,,,
437,FCP DAVIVIENDA CORREDORES DEUDA COMPARTIMENTO I,250105010,HONORARIOS,,,1,99,PESOS,"-2847000,0","0,0",,250105,Total pasivo + patrimonio,Pasivo,Pasivo Corriente,Cuentas por pagar,Comision de administracion.,,,,
437,FCP DAVIVIENDA CORREDORES DEUDA COMPARTIMENTO I,410495010,INGRESOS FINANCIEROS INVERSIONES,,,1,99,PESOS,"0,0","-12240179500,0",,410495,Total pasivo + patrimonio,Patrimonio,Utilidad o perdida del ejercicio,Ingresos ordinarios,Otros rendimientos financieros,,,,
437,FCP DAVIVIENDA CORREDORES DEUDA COMPARTIMENTO I,410705115,OTROS EMISORES NACIONALES               ,,,1,99,PESOS,"0,0","-4796549049,55",,410705,Total pasivo + patrimonio,Patrimonio,Utilidad o perdida del ejercicio,Ingresos ordinarios,Valoracion Intrumentos de Deuda,,,,
437,FCP DAVIVIENDA CORREDORES DEUDA COMPARTIMENTO I,411495001,(FD) BCO DAVIVIENDA Cta No. 482800031262,,,1,99,PESOS,"0,0","-234032363,07",,411495,Total pasivo + patrimonio,Patrimonio,Utilidad o perdida del ejercicio,Ingresos ordinarios,Otros rendimientos financieros,,,,
437,FCP DAVIVIENDA CORREDORES DEUDA COMPARTIMENTO I,411495003,(FD) BANCOLOMBIA Cta No. 69000006729,,,1,99,PESOS,"0,0","-33112279,0",,411495,Total pasivo + patrimonio,Patrimonio,Utilidad o perdida del ejercicio,Ingresos ordinarios,Otros rendimientos financieros,,,,
437,FCP DAVIVIENDA CORREDORES DEUDA COMPARTIMENTO I,411495015,RENDIMIENTOS INVERSIONES EN FICS,,,1,99,PESOS,"0,0","-15387124,97",,411495,Total pasivo + patrimonio,Patrimonio,Utilidad o perdida del ejercicio,Ingresos ordinarios,Otros rendimientos financieros,,,,
437,FCP DAVIVIENDA CORREDORES DEUDA COMPARTIMENTO I,511512010,GASTOS BANCARIOS                        ,,,1,99,PESOS,"0,0","39522,89",,511512,Total pasivo + patrimonio,Patrimonio,Utilidad o perdida del ejercicio,Costos y gastos,Gastos de operaciones,Gastos bancarios,,,
437,FCP DAVIVIENDA CORREDORES DEUDA COMPARTIMENTO I,511548010,COMISION DE ADMINISTRACION R.F.         ,,,1,99,PESOS,"0,0","647430136,75",,511548,Total pasivo + patrimonio,Patrimonio,Utilidad o perdida del ejercicio,Costos y gastos,Gastos de operaciones,Comisión administración,,,
437,FCP DAVIVIENDA CORREDORES DEUDA COMPARTIMENTO I,514005011,IMPOVENTAS                              ,,,1,99,PESOS,"0,0","14284299,66",,514005,Total pasivo + patrimonio,Patrimonio,Utilidad o perdida del ejercicio,Costos y gastos,Gastos de operaciones,Gravamen a los movimientos financieros,Impuestos y tasas,,
437,FCP DAVIVIENDA CORREDORES DEUDA COMPARTIMENTO I,517040115,DE INVERSIONES,,,1,99,PESOS,"0,0","174193561,13",,517040,Total pasivo + patrimonio,Patrimonio,Utilidad o perdida del ejercicio,Costos y gastos,Gastos de operaciones,Deterioro deudores,,,
437,FCP DAVIVIENDA CORREDORES DEUDA COMPARTIMENTO I,840505998,ACREEDORAS POR CONTRA PESOS,,,1,99,PESOS,"1133700000000,0","1133700000000,0",,840505,,,,,,,,,
447,FCP PEGASUS COLOMBIA FONDO II - COMPARTIMENTO IRIS,161695045,CUENTA CORRIENTE                        ,,,1,99,PESOS,"23,89","1333055,37",,161695,Activo,,Activo Corriente,Cuentas por cobrar,Deudores,,,,
447,FCP PEGASUS COLOMBIA FONDO II - COMPARTIMENTO IRIS,182705010,PROPIEDADES DE INVERSION,,,1,99,PESOS,"13564000000,0","12969000000,0",,182705,Activo,,Activo no corriente,Activos Materiales,Propiedades de Inversión,,,,
447,FCP PEGASUS COLOMBIA FONDO II - COMPARTIMENTO IRIS,250340010,SOBRE LAS VENTAS POR PAGAR 19%,,,1,99,PESOS,"-3763520,0","-1052562,38",,250340,Total pasivo + patrimonio,Pasivo,Pasivo Corriente,Cuentas por pagar,Acreedores varios,,,,
447,FCP PEGASUS COLOMBIA FONDO II - COMPARTIMENTO IRIS,352505010,PARTICIPACIONES EN FDO DE INVERSIÓN COLE,,,1,99,PESOS,"-13634136623,45","-13071925280,57",,352505,Total pasivo + patrimonio,Patrimonio,,Patrimonio especiales,Participaciones en fondos de inversión colectiva,,,,
447,FCP PEGASUS COLOMBIA FONDO II - COMPARTIMENTO IRIS,411495002,(PII) BANCOLOMBIA AH CTA.  69000009074,,,1,99,PESOS,"0,0","-1973735,78",,411495,Total pasivo + patrimonio,Patrimonio,Utilidad o perdida del ejercicio,Ingresos ordinarios,Otros rendimientos financieros,,,,
447,FCP PEGASUS COLOMBIA FONDO II - COMPARTIMENTO IRIS,411495015,RENDIMIENTOS INVERSIONES EN FICS,,,1,99,PESOS,"0,0","-1043254,29",,411495,Total pasivo + patrimonio,Patrimonio,Utilidad o perdida del ejercicio,Ingresos ordinarios,Otros rendimientos financieros,,,,
447,FCP PEGASUS COLOMBIA FONDO II - COMPARTIMENTO IRIS,414515010,ARRENDAMIENTO INMUEBLES IVA 19%,,,1,99,PESOS,"0,0","-5539802,0",,414515,Total pasivo + patrimonio,Patrimonio,Utilidad o perdida del ejercicio,Ingresos ordinarios,Arrendamientos,,,,
447,FCP PEGASUS COLOMBIA FONDO II - COMPARTIMENTO IRIS,511325010,COMISION CUSTODIA FIJA                  ,,,1,99,PESOS,"0,0","6136555,66",,511325,Total pasivo + patrimonio,Patrimonio,Utilidad o perdida del ejercicio,Costos y gastos,Gastos de operaciones,Comisión custodia fija,,,
447,FCP PEGASUS COLOMBIA FONDO II - COMPARTIMENTO IRIS,511512010,GASTOS BANCARIOS                        ,,,1,99,PESOS,"0,0","22597,45",,511512,Total pasivo + patrimonio,Patrimonio,Utilidad o perdida del ejercicio,Costos y gastos,Gastos de operaciones,Gastos bancarios,,,
447,FCP PEGASUS COLOMBIA FONDO II - COMPARTIMENTO IRIS,511548010,COMISION DE ADMINISTRACION,,,1,99,PESOS,"0,0","41278538,8",,511548,Total pasivo + patrimonio,Patrimonio,Utilidad o perdida del ejercicio,Costos y gastos,Gastos de operaciones,Comisión administración,,,
447,FCP PEGASUS COLOMBIA FONDO II - COMPARTIMENTO IRIS,511595011,COMISION GESTOR PROFESIONAL,,,1,99,PESOS,"0,0","96986725,0",,511595,Total pasivo + patrimonio,Patrimonio,Utilidad o perdida del ejercicio,Costos y gastos,Gastos de operaciones,Comisión Bursatil,,,
447,FCP PEGASUS COLOMBIA FONDO II - COMPARTIMENTO IRIS,514005010,IMPUESTO A LOS MOVIMIENTOS FINANCIEROS  ,,,1,99,PESOS,"0,0","-469654,67",,514005,Total pasivo + patrimonio,Patrimonio,Utilidad o perdida del ejercicio,Costos y gastos,Gastos de operaciones,Gravamen a los movimientos financieros,Impuestos y tasas,,
447,FCP PEGASUS COLOMBIA FONDO II - COMPARTIMENTO IRIS,514005015,IVA COMISION GESTOR PROFESIONAL         ,,,1,99,PESOS,"0,0","18427477,75",,514005,Total pasivo + patrimonio,Patrimonio,Utilidad o perdida del ejercicio,Costos y gastos,Gastos de operaciones,Gravamen a los movimientos financieros,Impuestos y tasas,,
447,FCP PEGASUS COLOMBIA FONDO II - COMPARTIMENTO IRIS,514005020,IMPUESTOS PREDIAL,,,1,99,PESOS,"0,0","7481400,0",,514005,Total pasivo + patrimonio,Patrimonio,Utilidad o perdida del ejercicio,Costos y gastos,Gastos de operaciones,Gravamen a los movimientos financieros,Impuestos y tasas,,
447,FCP PEGASUS COLOMBIA FONDO II - COMPARTIMENTO IRIS,519095050,GASTOS REEMBOLSABLES,,,1,99,PESOS,"0,0","64710814,0",,519095,Total pasivo + patrimonio,Patrimonio,Utilidad o perdida del ejercicio,Costos y gastos,Gastos de operaciones,Otros gastos de operación,,,
449,FIC CERRADO NOTA ESTRUCTURADA ORO CON CAPITAL PROTEGIDO,161695011,(OC) Bogota cta No. 003148053,,,1,99,PESOS,"2540,64","2540,64",,161695,Activo,,Activo Corriente,Cuentas por cobrar,Deudores,,,,
449,FIC CERRADO NOTA ESTRUCTURADA ORO CON CAPITAL PROTEGIDO,161695045,CUENTA CORRIENTE                        ,,,1,99,PESOS,"798,09","0,02",,161695,Activo,,Activo Corriente,Cuentas por cobrar,Deudores,,,,
449,FIC CERRADO NOTA ESTRUCTURADA ORO CON CAPITAL PROTEGIDO,253105110,CUENTA COMPENSACION,,,1,99,PESOS,"0,0","-1023,02",,253105,Total pasivo + patrimonio,Pasivo,Pasivo Corriente,Cuentas por pagar,Acreedores varios,,,,
449,FIC CERRADO NOTA ESTRUCTURADA ORO CON CAPITAL PROTEGIDO,410705120,EMISORES EXTRANJEROS                    ,,,1,99,PESOS,"0,0","-3029686831,56",,410705,Total pasivo + patrimonio,Patrimonio,Utilidad o perdida del ejercicio,Ingresos ordinarios,Valoracion Intrumentos de Deuda,,,,
449,FIC CERRADO NOTA ESTRUCTURADA ORO CON CAPITAL PROTEGIDO,411495001,(OC) Bancolombia Cta Ah No. 69000009629,,,1,99,PESOS,"0,0","-1183292,52",,411495,Total pasivo + patrimonio,Patrimonio,Utilidad o perdida del ejercicio,Ingresos ordinarios,Otros rendimientos financieros,,,,
449,FIC CERRADO NOTA ESTRUCTURADA ORO CON CAPITAL PROTEGIDO,411495007,(OC) BCO BOGOTA Cta Ah No.003119609,,,1,99,PESOS,"0,0","-78433712,39",,411495,Total pasivo + patrimonio,Patrimonio,Utilidad o perdida del ejercicio,Ingresos ordinarios,Otros rendimientos financieros,,,,
449,FIC CERRADO NOTA ESTRUCTURADA ORO CON CAPITAL PROTEGIDO,411495999,OTROS,,,1,99,PESOS,"0,0","-991,23",,411495,Total pasivo + patrimonio,Patrimonio,Utilidad o perdida del ejercicio,Ingresos ordinarios,Otros rendimientos financieros,,,,
449,FIC CERRADO NOTA ESTRUCTURADA ORO CON CAPITAL PROTEGIDO,510605120,EMISORES EXTRANJEROS,,,1,99,PESOS,"0,0","133068757,92",,510605,Total pasivo + patrimonio,Patrimonio,Utilidad o perdida del ejercicio,Costos y gastos,Gastos de operaciones,Disminucion en el Valor Razonables inst. de Deuda,,,
449,FIC CERRADO NOTA ESTRUCTURADA ORO CON CAPITAL PROTEGIDO,511512010,GASTOS BANCARIOS                        ,,,1,99,PESOS,"0,0","62436,28",,511512,Total pasivo + patrimonio,Patrimonio,Utilidad o perdida del ejercicio,Costos y gastos,Gastos de operaciones,Gastos bancarios,,,
449,FIC CERRADO NOTA ESTRUCTURADA ORO CON CAPITAL PROTEGIDO,511548010,COMISION DE ADMINISTRACION R.F.         ,,,1,99,PESOS,"0,0","239097872,24",,511548,Total pasivo + patrimonio,Patrimonio,Utilidad o perdida del ejercicio,Costos y gastos,Gastos de operaciones,Comisión administración,,,
449,FIC CERRADO NOTA ESTRUCTURADA ORO CON CAPITAL PROTEGIDO,514005011,IMPOVENTAS,,,1,99,PESOS,"0,0","734223,91",,514005,Total pasivo + patrimonio,Patrimonio,Utilidad o perdida del ejercicio,Costos y gastos,Gastos de operaciones,Gravamen a los movimientos financieros,Impuestos y tasas,,
449,FIC CERRADO NOTA ESTRUCTURADA ORO CON CAPITAL PROTEGIDO,519095999,OTROS,,,1,99,PESOS,"0,0","814,08",,519095,Total pasivo + patrimonio,Patrimonio,Utilidad o perdida del ejercicio,Costos y gastos,Gastos de operaciones,Otros gastos de operación,,,
449,FIC CERRADO NOTA ESTRUCTURADA ORO CON CAPITAL PROTEGIDO,590505010,CANCELACION DE INGRESOS RF,,,1,99,PESOS,"0,0","2735577594,6",,590505,Total pasivo + patrimonio,Patrimonio,,,,,,,
449,FIC CERRADO NOTA ESTRUCTURADA ORO CON CAPITAL PROTEGIDO,830505010,DEUDORAS POR CONTRA,,,1,99,PESOS,"-85559805294,72","-88456423368,36",,,,,,,,,,,
452,FIC CERRADO CAPITAL PRIVADO INTERNACIONAL,111505007,(FPI) BCO BOGOTA Cta AH No. 003247012,,,1,99,PESOS,"6145984,0","6363066,0",,111505,Activo,,Activo Corriente,Efectivo y equivales de efectivo,Bancos nacionales,,,Disponible,
452,FIC CERRADO CAPITAL PRIVADO INTERNACIONAL,111510001,(FPI) Banc Panamá Ah Cta:80100035370,,,1,99,DÓLAR,"27454260,94","26910853,44",,111510,Activo,,Activo Corriente,Efectivo y equivales de efectivo,Bancos del Exterior,,,Disponible,
452,FIC CERRADO CAPITAL PRIVADO INTERNACIONAL,111510007,(FPI) Davivienda Panamá Cta: 10001016465,,,1,99,DÓLAR,"39344855,65","38931378,72",,111510,Activo,,Activo Corriente,Efectivo y equivales de efectivo,Bancos del Exterior,,,Disponible,
452,FIC CERRADO CAPITAL PRIVADO INTERNACIONAL,111510008,(FPI) Bogotá Miami Cta: 102954,,,1,99,DÓLAR,"39336627,6","38510230,5",,111510,Activo,,Activo Corriente,Efectivo y equivales de efectivo,Bancos del Exterior,,,Disponible,
452,FIC CERRADO CAPITAL PRIVADO INTERNACIONAL,130210200,EMISORES EXTRANJEROS,,,1,99,DÓLAR,"14633158441,97","15043880889,2",,130210,Activo,,Activo no corriente,Inversiones a valor razonable con efectos en resultados,Instrumentos de patrimonio,,,Inversiones,
452,FIC CERRADO CAPITAL PRIVADO INTERNACIONAL,161695001,(FPI) DAVIVIENDA Cta Ah No. 482800050684,,,1,99,PESOS,"46447,22","128927,88",,161695,Activo,,Activo Corriente,Cuentas por cobrar,Deudores,,,,
452,FIC CERRADO CAPITAL PRIVADO INTERNACIONAL,161695005,(FPI) BCO BOGOTA AH No. 003247012,,,1,99,PESOS,"40237,03","44867,52",,161695,Activo,,Activo Corriente,Cuentas por cobrar,Deudores,,,,
452,FIC CERRADO CAPITAL PRIVADO INTERNACIONAL,161695007,(FPI) BANCOLOMBIA Ah No. 69000010670,,,1,99,PESOS,"151217,68","379567,68",,161695,Activo,,Activo Corriente,Cuentas por cobrar,Deudores,,,,
452,FIC CERRADO CAPITAL PRIVADO INTERNACIONAL,161695010,(FPI) Davivienda Panamá Cta: 10001016465,,,1,99,PESOS,"113835,68","194451,38",,161695,Activo,,Activo Corriente,Cuentas por cobrar,Deudores,,,,
452,FIC CERRADO CAPITAL PRIVADO INTERNACIONAL,250105035,Revisoria Fiscal,,,1,99,PESOS,"0,0","-734809,71",,250105,Total pasivo + patrimonio,Pasivo,Pasivo Corriente,Cuentas por pagar,Comision de administracion.,,,,
452,FIC CERRADO CAPITAL PRIVADO INTERNACIONAL,250110015,COMISION DE ADMINISTRACION              ,,,1,99,PESOS,"-1254809,32","-1824593,69",,250110,Total pasivo + patrimonio,Pasivo,Pasivo Corriente,Cuentas por pagar,Comision de administracion.,,,,
452,FIC CERRADO CAPITAL PRIVADO INTERNACIONAL,352505010,PARTICIPACIONES EN FDO DE INVERSIÓN COLE,,,1,99,PESOS,"-16317094686,46","-15792404088,84",,352505,Total pasivo + patrimonio,Patrimonio,,Patrimonio especiales,Participaciones en fondos de inversión colectiva,,,,
452,FIC CERRADO CAPITAL PRIVADO INTERNACIONAL,410805200,EMISORES EXTRANJEROS,,,1,99,PESOS,"0,0","-519356740,56",,410805,Total pasivo + patrimonio,Patrimonio,Utilidad o perdida del ejercicio,Ingresos ordinarios,Por aumento en el valor de mercado Inst. de Pat.,,,,
452,FIC CERRADO CAPITAL PRIVADO INTERNACIONAL,411495001,(FPI) DAVIVIENDA Cta Ah No. 482800050684,,,1,99,PESOS,"0,0","-5117197,56",,411495,Total pasivo + patrimonio,Patrimonio,Utilidad o perdida del ejercicio,Ingresos ordinarios,Otros rendimientos financieros,,,,
452,FIC CERRADO CAPITAL PRIVADO INTERNACIONAL,411495005,(FPI) BCO BOGOTA AH No. 003247012,,,1,99,PESOS,"0,0","-221712,49",,411495,Total pasivo + patrimonio,Patrimonio,Utilidad o perdida del ejercicio,Ingresos ordinarios,Otros rendimientos financieros,,,,
452,FIC CERRADO CAPITAL PRIVADO INTERNACIONAL,411495007,(FPI) BANCOLOMBIA Ah No. 69000010670,,,1,99,PESOS,"0,0","-2036138,09",,411495,Total pasivo + patrimonio,Patrimonio,Utilidad o perdida del ejercicio,Ingresos ordinarios,Otros rendimientos financieros,,,,
452,FIC CERRADO CAPITAL PRIVADO INTERNACIONAL,411495009,(FPI) Banc Panamá Ah Cta:80100035370,,,1,99,PESOS,"0,0","-33667,55",,411495,Total pasivo + patrimonio,Patrimonio,Utilidad o perdida del ejercicio,Ingresos ordinarios,Otros rendimientos financieros,,,,
452,FIC CERRADO CAPITAL PRIVADO INTERNACIONAL,411495010,(FPI) Davivienda Panamá Cta: 10001016465,,,1,99,PESOS,"0,0","-496437,22",,411495,Total pasivo + patrimonio,Patrimonio,Utilidad o perdida del ejercicio,Ingresos ordinarios,Otros rendimientos financieros,,,,
452,FIC CERRADO CAPITAL PRIVADO INTERNACIONAL,413515010,REEXPRESION DE ACTIVOS,,,1,99,PESOS,"0,0","-38362621,38",,413515,Total pasivo + patrimonio,Patrimonio,Utilidad o perdida del ejercicio,Ingresos ordinarios,Diferencia en cambio,,,,
452,FIC CERRADO CAPITAL PRIVADO INTERNACIONAL,419595999,OTROS,,,1,99,PESOS,"0,0","-67,74",,419595,Total pasivo + patrimonio,Patrimonio,Utilidad o perdida del ejercicio,Ingresos ordinarios,Valoración Propiedades de Inversión,,,,
452,FIC CERRADO CAPITAL PRIVADO INTERNACIONAL,510805200,EMISORES EXTRANJEROS,,,1,99,PESOS,"0,0","1156859612,96",,510805,Total pasivo + patrimonio,Patrimonio,Utilidad o perdida del ejercicio,Costos y gastos,Gastos de operaciones,Disminución en el valor de mercado Inst. de Pat.,,,
452,FIC CERRADO CAPITAL PRIVADO INTERNACIONAL,511512010,GASTOS BANCARIOS                        ,,,1,99,PESOS,"0,0","49407,13",,511512,Total pasivo + patrimonio,Patrimonio,Utilidad o perdida del ejercicio,Costos y gastos,Gastos de operaciones,Gastos bancarios,,,
452,FIC CERRADO CAPITAL PRIVADO INTERNACIONAL,513015003,REVISORIA FISCAL                        ,,,1,99,PESOS,"0,0","6242982,25",,513015,Total pasivo + patrimonio,Patrimonio,Utilidad o perdida del ejercicio,Costos y gastos,Gastos de operaciones,Revisoría Fiscal,,,
452,FIC CERRADO CAPITAL PRIVADO INTERNACIONAL,513535010,REEXPRESION ACTIVOS,,,1,99,PESOS,"0,0","41765166,85",,513535,Total pasivo + patrimonio,Patrimonio,Utilidad o perdida del ejercicio,Costos y gastos,Gastos de operaciones,Reexpresion de Activos,,,
452,FIC CERRADO CAPITAL PRIVADO INTERNACIONAL,514005010,IMPUESTO A LOS MOVIMIENTOS FINANCIEROS  ,,,1,99,PESOS,"0,0","23035,78",,514005,Total pasivo + patrimonio,Patrimonio,Utilidad o perdida del ejercicio,Costos y gastos,Gastos de operaciones,Gravamen a los movimientos financieros,Impuestos y tasas,,
454,FIC EVOLUCION NOTA EUROPA 2027,111505006,(NE) Bancolombia Cta Ct No.69000011050,,,1,99,PESOS,"9021,52","7993,66",,111505,Activo,,Activo Corriente,Efectivo y equivales de efectivo,Bancos nacionales,,,Disponible,
454,FIC EVOLUCION NOTA EUROPA 2027,111505007,(NE) Banco Bogotá Cta Ah 003317062,,,1,99,PESOS,"181880528,0","188277703,0",,111505,Activo,,Activo Corriente,Efectivo y equivales de efectivo,Bancos nacionales,,,Disponible,
454,FIC EVOLUCION NOTA EUROPA 2027,111505010,(NE) Davivienda Cta Ah 482800055436,,,1,99,PESOS,"685137931,67","709901339,17",,111505,Activo,,Activo Corriente,Efectivo y equivales de efectivo,Bancos nacionales,,,Disponible,
454,FIC EVOLUCION NOTA EUROPA 2027,161695002,(NE) Bancolombia Cta Ah No. 69000011028,,,1,99,PESOS,"357015,98","2616250,89",,161695,Activo,,Activo Corriente,Cuentas por cobrar,Deudores,,,,
454,FIC EVOLUCION NOTA EUROPA 2027,161695008,(NE) Banco Bogotá Cta Ah 003317062,,,1,99,PESOS,"31819137,69","32055452,02",,161695,Activo,,Activo Corriente,Cuentas por cobrar,Deudores,,,,
454,FIC EVOLUCION NOTA EUROPA 2027,161695009,(NE) Banco Bogotá Cta Ah 003298205,,,1,99,PESOS,"60398,84","77323,81",,161695,Activo,,Activo Corriente,Cuentas por cobrar,Deudores,,,,
454,FIC EVOLUCION NOTA EUROPA 2027,250105035,Revisoria Fiscal,,,1,99,PESOS,"0,0","-4836120,67",,250105,Total pasivo + patrimonio,Pasivo,Pasivo Corriente,Cuentas por pagar,Comision de administracion.,,,,
454,FIC EVOLUCION NOTA EUROPA 2027,250110015,COMISION DE ADMINISTRACION              ,,,1,99,PESOS,"-2697019,39","-4335891,1",,250110,Total pasivo + patrimonio,Pasivo,Pasivo Corriente,Cuentas por pagar,Comision de administracion.,,,,
454,FIC EVOLUCION NOTA EUROPA 2027,352505010,PARTICIPACIONES EN FDO DE INVERSIÓN COLE,,,1,99,PESOS,"-82119101487,1","-88265699140,61",,352505,Total pasivo + patrimonio,Patrimonio,,Patrimonio especiales,Participaciones en fondos de inversión colectiva,,,,
454,FIC EVOLUCION NOTA EUROPA 2027,411495002,(NE) Bancolombia Cta Ah No. 69000011028,,,1,99,PESOS,"0,0","-14284316,66",,411495,Total pasivo + patrimonio,Patrimonio,Utilidad o perdida del ejercicio,Ingresos ordinarios,Otros rendimientos financieros,,,,
454,FIC EVOLUCION NOTA EUROPA 2027,411495008,(NE) Banco Bogotá Cta Ah 003317062,,,1,99,PESOS,"0,0","-6641262,33",,411495,Total pasivo + patrimonio,Patrimonio,Utilidad o perdida del ejercicio,Ingresos ordinarios,Otros rendimientos financieros,,,,
454,FIC EVOLUCION NOTA EUROPA 2027,411495011,(NE) Davivienda Cta Ah 482800055436,,,1,99,PESOS,"0,0","-24885990,86",,411495,Total pasivo + patrimonio,Patrimonio,Utilidad o perdida del ejercicio,Ingresos ordinarios,Otros rendimientos financieros,,,,
454,FIC EVOLUCION NOTA EUROPA 2027,510605115,OTROS EMISORES,,,1,99,PESOS,"0,0","2646697379,2",,510605,Total pasivo + patrimonio,Patrimonio,Utilidad o perdida del ejercicio,Costos y gastos,Gastos de operaciones,Disminucion en el Valor Razonables inst. de Deuda,,,
454,FIC EVOLUCION NOTA EUROPA 2027,511325002,COMISION CUSTODIA VARIABLE              ,,,1,99,PESOS,"0,0","6222478,32",,511325,Total pasivo + patrimonio,Patrimonio,Utilidad o perdida del ejercicio,Costos y gastos,Gastos de operaciones,Comisión custodia fija,,,
454,FIC EVOLUCION NOTA EUROPA 2027,513015003,REVISORIA FISCAL                        ,,,1,99,PESOS,"0,0","9709511,5",,513015,Total pasivo + patrimonio,Patrimonio,Utilidad o perdida del ejercicio,Costos y gastos,Gastos de operaciones,Revisoría Fiscal,,,
454,FIC EVOLUCION NOTA EUROPA 2027,513535010,REEXPRESION ACTIVOS,,,1,99,PESOS,"0,0","2277379,05",,513535,Total pasivo + patrimonio,Patrimonio,Utilidad o perdida del ejercicio,Costos y gastos,Gastos de operaciones,Reexpresion de Activos,,,
454,FIC EVOLUCION NOTA EUROPA 2027,514005010,IMPUESTO A LOS MOVIMIENTOS FINANCIEROS  ,,,1,99,PESOS,"0,0","20001,23",,514005,Total pasivo + patrimonio,Patrimonio,Utilidad o perdida del ejercicio,Costos y gastos,Gastos de operaciones,Gravamen a los movimientos financieros,Impuestos y tasas,,
454,FIC EVOLUCION NOTA EUROPA 2027,590505010,CANCELACION DE INGRESOS RF,,,1,99,PESOS,"0,0","6146597653,51",,590505,Total pasivo + patrimonio,Patrimonio,,,,,,,
454,FIC EVOLUCION NOTA EUROPA 2027,810505120,EMISORES EXTRANJEROS,,,1,99,PESOS,"79109139076,8","85427737936,0",,810505,,,,,,,,,
454,FIC EVOLUCION NOTA EUROPA 2027,830505010,DEUDORAS POR CONTRA,,,1,99,PESOS,"-79109139076,8","-85427737936,0",,,,,,,,,,,
455,FIC CERRADO IMPULSO IA CAPITAL PROTEGIDO,111505009,(IM) DAVIVIENDA Cta Ah No.482800060998,,,1,99,PESOS,"570000000,0","570468858,54",,111505,Activo,,Activo Corriente,Efectivo y equivales de efectivo,Bancos nacionales,,,Disponible,
455,FIC CERRADO IMPULSO IA CAPITAL PROTEGIDO,111505011,(IM ) Bco Occidente cta. Ah 219908159,,,1,99,PESOS,"0,0","1478496673,31",,111505,Activo,,Activo Corriente,Efectivo y equivales de efectivo,Bancos nacionales,,,Disponible,
455,FIC CERRADO IMPULSO IA CAPITAL PROTEGIDO,122005010,COMP DE TRANSF DE INV EN OP. SIM,,,1,99,PESOS,"78602248469,61","0,0",,,,,,,,,,,
455,FIC CERRADO IMPULSO IA CAPITAL PROTEGIDO,161695002,(IM) Bco Bogotá Cta Ah No. 003351095,,,1,99,PESOS,"16758560,57","2656604,93",,161695,Activo,,Activo Corriente,Cuentas por cobrar,Deudores,,,,
455,FIC CERRADO IMPULSO IA CAPITAL PROTEGIDO,161695011,(IM) BANCOLOMBIA Cta Ah No.03100015561,,,1,99,PESOS,"5103920,62","1047584,41",,161695,Activo,,Activo Corriente,Cuentas por cobrar,Deudores,,,,
455,FIC CERRADO IMPULSO IA CAPITAL PROTEGIDO,250110015,COMISION DE ADMINISTRACION              ,,,1,99,PESOS,"-2504487,65","-3821308,49",,250110,Total pasivo + patrimonio,Pasivo,Pasivo Corriente,Cuentas por pagar,Comision de administracion.,,,,
455,FIC CERRADO IMPULSO IA CAPITAL PROTEGIDO,253105110,CUENTA COMPENSACION,,,1,99,PESOS,"0,0","-847,32",,253105,Total pasivo + patrimonio,Pasivo,Pasivo Corriente,Cuentas por pagar,Acreedores varios,,,,
455,FIC CERRADO IMPULSO IA CAPITAL PROTEGIDO,410355010,REND X COMPROMISOS DE TRANSF OP SIM,,,1,99,PESOS,"0,0","-19053910,39",,410355,Total pasivo + patrimonio,Patrimonio,Utilidad o perdida del ejercicio,Ingresos ordinarios,Otros rendimientos financieros,,,,
455,FIC CERRADO IMPULSO IA CAPITAL PROTEGIDO,411495011,(IM) BANCOLOMBIA Cta Ah No.03100015561,,,1,99,PESOS,"0,0","-953830,07",,411495,Total pasivo + patrimonio,Patrimonio,Utilidad o perdida del ejercicio,Ingresos ordinarios,Otros rendimientos financieros,,,,
455,FIC CERRADO IMPULSO IA CAPITAL PROTEGIDO,411495012,(IM ) Bco Occidente cta. Ah 219908159,,,1,99,PESOS,"0,0","-48930811,94",,411495,Total pasivo + patrimonio,Patrimonio,Utilidad o perdida del ejercicio,Ingresos ordinarios,Otros rendimientos financieros,,,,
455,FIC CERRADO IMPULSO IA CAPITAL PROTEGIDO,510605115,OTROS EMISORES,,,1,99,PESOS,"0,0","4919799053,32",,510605,Total pasivo + patrimonio,Patrimonio,Utilidad o perdida del ejercicio,Costos y gastos,Gastos de operaciones,Disminucion en el Valor Razonables inst. de Deuda,,,
455,FIC CERRADO IMPULSO IA CAPITAL PROTEGIDO,511325002,COMISION CUSTODIA VARIABLE              ,,,1,99,PESOS,"0,0","5353169,93",,511325,Total pasivo + patrimonio,Patrimonio,Utilidad o perdida del ejercicio,Costos y gastos,Gastos de operaciones,Comisión custodia fija,,,
455,FIC CERRADO IMPULSO IA CAPITAL PROTEGIDO,513015003,REVISORIA FISCAL                        ,,,1,99,PESOS,"0,0","11581113,05",,513015,Total pasivo + patrimonio,Patrimonio,Utilidad o perdida del ejercicio,Costos y gastos,Gastos de operaciones,Revisoría Fiscal,,,
455,FIC CERRADO IMPULSO IA CAPITAL PROTEGIDO,513535010,REEXPRESION ACTIVOS,,,1,99,PESOS,"0,0","3165012738,72",,513535,Total pasivo + patrimonio,Patrimonio,Utilidad o perdida del ejercicio,Costos y gastos,Gastos de operaciones,Reexpresion de Activos,,,
455,FIC CERRADO IMPULSO IA CAPITAL PROTEGIDO,514005011,IMPOVENTAS,,,1,99,PESOS,"0,0","2200411,07",,514005,Total pasivo + patrimonio,Patrimonio,Utilidad o perdida del ejercicio,Costos y gastos,Gastos de operaciones,Gravamen a los movimientos financieros,Impuestos y tasas,,
455,FIC CERRADO IMPULSO IA CAPITAL PROTEGIDO,519095999,OTROS,,,1,99,PESOS,"0,0","4926108,0",,519095,Total pasivo + patrimonio,Patrimonio,Utilidad o perdida del ejercicio,Costos y gastos,Gastos de operaciones,Otros gastos de operación,,,
455,FIC CERRADO IMPULSO IA CAPITAL PROTEGIDO,590505010,CANCELACION DE INGRESOS RF,,,1,99,PESOS,"0,0","1894400952,48",,590505,Total pasivo + patrimonio,Patrimonio,,,,,,,
455,FIC CERRADO IMPULSO IA CAPITAL PROTEGIDO,810505120,EMISORES EXTRANJEROS,,,1,99,PESOS,"0,0","79177631164,6",,810505,,,,,,,,,
455,FIC CERRADO IMPULSO IA CAPITAL PROTEGIDO,830505010,DEUDORAS POR CONTRA,,,1,99,PESOS,"0,0","-79177631164,6",,,,,,,,,,,
455,FIC CERRADO IMPULSO IA CAPITAL PROTEGIDO,840505010,ACREEDORAS POR CONTRA,,,1,99,PESOS,"78576697349,99","0,0",,840505,,,,,,,,,
456,FCP PEGASUS II COMPARTIMENTO DESARROLLO URBANO,111505021,(FIR) Davivienda Cta. AH 482800056210,,,1,99,PESOS,"619611040,26","312833720,8",,111505,Activo,,Activo Corriente,Efectivo y equivales de efectivo,Bancos nacionales,,,Disponible,
456,FCP PEGASUS II COMPARTIMENTO DESARROLLO URBANO,136000300,INVERSIONES DERECHOS FIDUCIARIOS,,,1,99,PESOS,"43343036780,35","43343036812,7",,136000,Activo,,Activo no corriente,Inversiones a valor razonable con efectos en resultados,Inversiones derechos fiduciarios,,,Inversiones,
456,FCP PEGASUS II COMPARTIMENTO DESARROLLO URBANO,161695015,GASTOS VARIOS DE ADMON                  ,,,1,99,PESOS,"0,0","32,13",,161695,Activo,,Activo Corriente,Cuentas por cobrar,Deudores,,,,
456,FCP PEGASUS II COMPARTIMENTO DESARROLLO URBANO,161695045,CUENTA CORRIENTE                        ,,,1,99,PESOS,"5,32","949575,34",,161695,Activo,,Activo Corriente,Cuentas por cobrar,Deudores,,,,
456,FCP PEGASUS II COMPARTIMENTO DESARROLLO URBANO,411495999,OTROS,,,1,99,PESOS,"0,0","-0,18",,411495,Total pasivo + patrimonio,Patrimonio,Utilidad o perdida del ejercicio,Ingresos ordinarios,Otros rendimientos financieros,,,,
448,FIC FINCA RAÍZ INTERNACIONAL,111505004,(FR) BCO BOGOTA Cta Ah No. 003102241,,,1,99,PESOS,"310439057,0","270616764,0",,111505,Activo,,Activo Corriente,Efectivo y equivales de efectivo,Bancos nacionales,,,Disponible,
448,FIC FINCA RAÍZ INTERNACIONAL,111505006,(FR) BANCOLOMBIA Cta cte No. 69000009563,,,1,99,PESOS,"26999021,52","26997993,9",,111505,Activo,,Activo Corriente,Efectivo y equivales de efectivo,Bancos nacionales,,,Disponible,
448,FIC FINCA RAÍZ INTERNACIONAL,111505010,(FR) DAVIVIENDA Cta Ah No. 482800044182,,,1,99,PESOS,"58783006,58","10491518,36",,111505,Activo,,Activo Corriente,Efectivo y equivales de efectivo,Bancos nacionales,,,Disponible,
448,FIC FINCA RAÍZ INTERNACIONAL,111505012,(FR) BANCO BOGOTA Cta Ah No. 003126877,,,1,99,PESOS,"91703,0","94942,0",,111505,Activo,,Activo Corriente,Efectivo y equivales de efectivo,Bancos nacionales,,,Disponible,
448,FIC FINCA RAÍZ INTERNACIONAL,111510002,(FR) BANCOLOMBIA PANAMA Cta: 80100033818,,,1,99,DÓLAR,"21339988,95","20917602,2",,111510,Activo,,Activo Corriente,Efectivo y equivales de efectivo,Bancos del Exterior,,,Disponible,
448,FIC FINCA RAÍZ INTERNACIONAL,111510003,(FR) BANCO BOGOTA MIAMI CTA: 101808,,,1,99,DÓLAR,"26224418,4","25213718,25",,111510,Activo,,Activo Corriente,Efectivo y equivales de efectivo,Bancos del Exterior,,,Disponible,
448,FIC FINCA RAÍZ INTERNACIONAL,130210200,EMISORES EXTRANJEROS,,,1,99,DÓLAR,"4111361066,83","6627139130,19",,130210,Activo,,Activo no corriente,Inversiones a valor razonable con efectos en resultados,Instrumentos de patrimonio,,,Inversiones,
448,FIC FINCA RAÍZ INTERNACIONAL,135115200,DERECHO DE COMPRA TITULOS,,,1,99,DÓLAR,"2242394412,59","0,0",,135115,Activo,,Activo no corriente,Inversiones a valor razonable con efectos en resultados,,,,Inversiones,
448,FIC FINCA RAÍZ INTERNACIONAL,161695003,(FR) OCCIDENTE Cta Ah No. 219892866,,,1,99,PESOS,"0,0","141,71",,161695,Activo,,Activo Corriente,Cuentas por cobrar,Deudores,,,,
448,FIC FINCA RAÍZ INTERNACIONAL,161695004,(LD) BCO DAVIVIENDA cta No.482800025215,,,1,99,PESOS,"2029160,91","2188719,42",,161695,Activo,,Activo Corriente,Cuentas por cobrar,Deudores,,,,
448,FIC FINCA RAÍZ INTERNACIONAL,161695007,(FR) DAVIVIENDA Cta Ah No.482800043127,,,1,99,PESOS,"18889,38","272085,87",,161695,Activo,,Activo Corriente,Cuentas por cobrar,Deudores,,,,
448,FIC FINCA RAÍZ INTERNACIONAL,161695010,(FR) DAVIVIENDA Cta Ah No. 482800044182,,,1,99,PESOS,"24045,04","8023,56",,161695,Activo,,Activo Corriente,Cuentas por cobrar,Deudores,,,,
448,FIC FINCA RAÍZ INTERNACIONAL,161695011,(FR) BANCOLOMBIA Cta Ah No. 69000009672,,,1,99,PESOS,"24897,03","11179,47",,161695,Activo,,Activo Corriente,Cuentas por cobrar,Deudores,,,,
448,FIC FINCA RAÍZ INTERNACIONAL,161695012,(AA) Davivienda Panam Ah Cta.10001015157,,,1,99,PESOS,"599,3","669,33",,161695,Activo,,Activo Corriente,Cuentas por cobrar,Deudores,,,,
448,FIC FINCA RAÍZ INTERNACIONAL,161695014,(FR) BANCOLOMBIA PANAMA Cta.80100033818,,,1,99,DÓLAR,"0,0","8009,14",,161695,Activo,,Activo Corriente,Cuentas por cobrar,Deudores,,,,
448,FIC FINCA RAÍZ INTERNACIONAL,250110015,COMISION DE ADMINISTRACION              ,,,1,99,PESOS,"-154347,5","-241466,14",,250110,Total pasivo + patrimonio,Pasivo,Pasivo Corriente,Cuentas por pagar,Comision de administracion.,,,,
448,FIC FINCA RAÍZ INTERNACIONAL,352505010,PARTICIPACIONES EN FDO DE INVERSIÓN COLE,,,1,99,PESOS,"-7170805380,48","-7477557580,32",,352505,Total pasivo + patrimonio,Patrimonio,,Patrimonio especiales,Participaciones en fondos de inversión colectiva,,,,
448,FIC FINCA RAÍZ INTERNACIONAL,352510010,PARTICIPACIONES POR IDENTIFICAR,,,1,99,PESOS,"-682773,81","0,0",,352510,Total pasivo + patrimonio,Patrimonio,,Patrimonio especiales,Participaciones en fondos de inversión colectiva,,,,
448,FIC FINCA RAÍZ INTERNACIONAL,411495004,(FR) BCO BOGOTA Cta Ah No. 003102241,,,1,99,PESOS,"0,0","-10475428,51",,411495,Total pasivo + patrimonio,Patrimonio,Utilidad o perdida del ejercicio,Ingresos ordinarios,Otros rendimientos financieros,,,,
448,FIC FINCA RAÍZ INTERNACIONAL,411495007,(FR) DAVIVIENDA Cta Ah No.482800043127,,,1,99,PESOS,"0,0","-5174587,91",,411495,Total pasivo + patrimonio,Patrimonio,Utilidad o perdida del ejercicio,Ingresos ordinarios,Otros rendimientos financieros,,,,
448,FIC FINCA RAÍZ INTERNACIONAL,411495010,(FR) DAVIVIENDA Cta Ah No. 482800044182,,,1,99,PESOS,"0,0","-1553694,3",,411495,Total pasivo + patrimonio,Patrimonio,Utilidad o perdida del ejercicio,Ingresos ordinarios,Otros rendimientos financieros,,,,
448,FIC FINCA RAÍZ INTERNACIONAL,411495011,(FR) BANCOLOMBIA Cta Ah No. 69000009672,,,1,99,PESOS,"0,0","-119283,55",,411495,Total pasivo + patrimonio,Patrimonio,Utilidad o perdida del ejercicio,Ingresos ordinarios,Otros rendimientos financieros,,,,
448,FIC FINCA RAÍZ INTERNACIONAL,411495014,(FR) BANCOLOMBIA PANAMA Cta.80100033818,,,1,99,DÓLAR,"0,0","-33969,52",,411495,Total pasivo + patrimonio,Patrimonio,Utilidad o perdida del ejercicio,Ingresos ordinarios,Otros rendimientos financieros,,,,
448,FIC FINCA RAÍZ INTERNACIONAL,413515010,REEXPRESION DE ACTIVOS,,,1,99,PESOS,"0,0","-64803734,53",,413515,Total pasivo + patrimonio,Patrimonio,Utilidad o perdida del ejercicio,Ingresos ordinarios,Diferencia en cambio,,,,
448,FIC FINCA RAÍZ INTERNACIONAL,419595999,OTROS,,,1,99,PESOS,"0,0","-0,17",,419595,Total pasivo + patrimonio,Patrimonio,Utilidad o perdida del ejercicio,Ingresos ordinarios,Valoración Propiedades de Inversión,,,,
448,FIC FINCA RAÍZ INTERNACIONAL,510805200,EMISORES EXTRANJEROS,,,1,99,PESOS,"0,0","307264612,46",,510805,Total pasivo + patrimonio,Patrimonio,Utilidad o perdida del ejercicio,Costos y gastos,Gastos de operaciones,Disminución en el valor de mercado Inst. de Pat.,,,
448,FIC FINCA RAÍZ INTERNACIONAL,511325002,COMISION CUSTODIA VARIABLE              ,,,1,99,PESOS,"0,0","1668979,86",,511325,Total pasivo + patrimonio,Patrimonio,Utilidad o perdida del ejercicio,Costos y gastos,Gastos de operaciones,Comisión custodia fija,,,
448,FIC FINCA RAÍZ INTERNACIONAL,511325010,COMISION CUSTODIA FIJA                  ,,,1,99,PESOS,"0,0","60000,0",,511325,Total pasivo + patrimonio,Patrimonio,Utilidad o perdida del ejercicio,Costos y gastos,Gastos de operaciones,Comisión custodia fija,,,
448,FIC FINCA RAÍZ INTERNACIONAL,511512010,GASTOS BANCARIOS                        ,,,1,99,PESOS,"0,0","692428,18",,511512,Total pasivo + patrimonio,Patrimonio,Utilidad o perdida del ejercicio,Costos y gastos,Gastos de operaciones,Gastos bancarios,,,
448,FIC FINCA RAÍZ INTERNACIONAL,511595070,COMISIONES OP DEL EXTERIOR,,,1,99,PESOS,"0,0","1333279,93",,511595,Total pasivo + patrimonio,Patrimonio,Utilidad o perdida del ejercicio,Costos y gastos,Gastos de operaciones,Comisión Bursatil,,,
448,FIC FINCA RAÍZ INTERNACIONAL,513015003,REVISORIA FISCAL                        ,,,1,99,PESOS,"0,0","3864336,13",,513015,Total pasivo + patrimonio,Patrimonio,Utilidad o perdida del ejercicio,Costos y gastos,Gastos de operaciones,Revisoría Fiscal,,,
448,FIC FINCA RAÍZ INTERNACIONAL,513535010,REEXPRESION ACTIVOS,,,1,99,PESOS,"0,0","54863372,65",,513535,Total pasivo + patrimonio,Patrimonio,Utilidad o perdida del ejercicio,Costos y gastos,Gastos de operaciones,Reexpresion de Activos,,,
448,FIC FINCA RAÍZ INTERNACIONAL,514005010,IMPUESTO A LOS MOVIMIENTOS FINANCIEROS  ,,,1,99,PESOS,"0,0","14928,32",,514005,Total pasivo + patrimonio,Patrimonio,Utilidad o perdida del ejercicio,Costos y gastos,Gastos de operaciones,Gravamen a los movimientos financieros,Impuestos y tasas,,
448,FIC FINCA RAÍZ INTERNACIONAL,590505015,CANCELACION DE INGRESOS RV,,,1,99,PESOS,"0,0","382937733,16",,590505,Total pasivo + patrimonio,Patrimonio,,,,,,,
449,FIC CERRADO NOTA ESTRUCTURADA ORO CON CAPITAL PROTEGIDO,111505001,(OC) Bancolombia Cta Ah No. 69000009629,,,1,99,PESOS,"162018197,79","99331756,26",,111505,Activo,,Activo Corriente,Efectivo y equivales de efectivo,Bancos nacionales,,,Disponible,
449,FIC CERRADO NOTA ESTRUCTURADA ORO CON CAPITAL PROTEGIDO,111505002,(OC) Bancolombia Cta cte No. 69000009630,,,1,99,PESOS,"0,0","96965,64",,111505,Activo,,Activo Corriente,Efectivo y equivales de efectivo,Bancos nacionales,,,Disponible,
449,FIC CERRADO NOTA ESTRUCTURADA ORO CON CAPITAL PROTEGIDO,111505007,(OC) BCO BOGOTA Cta Ah No.003119609,,,1,99,PESOS,"2110716052,0","2185268240,0",,111505,Activo,,Activo Corriente,Efectivo y equivales de efectivo,Bancos nacionales,,,Disponible,
449,FIC CERRADO NOTA ESTRUCTURADA ORO CON CAPITAL PROTEGIDO,111510001,(OC) CITIBANK NEW YORK CTA: 28177700,,,1,99,DÓLAR,"7857669,84","7692593,32",,111510,Activo,,Activo Corriente,Efectivo y equivales de efectivo,Bancos del Exterior,,,Disponible,
449,FIC CERRADO NOTA ESTRUCTURADA ORO CON CAPITAL PROTEGIDO,161695001,(OC) Bancolombia Cta Ah No. 69000009629,,,1,99,PESOS,"39487,82","32791,92",,161695,Activo,,Activo Corriente,Cuentas por cobrar,Deudores,,,,
449,FIC CERRADO NOTA ESTRUCTURADA ORO CON CAPITAL PROTEGIDO,161695004,(LD) BCO DAVIVIENDA cta No.482800025215,,,1,99,PESOS,"132736,12","114369,72",,161695,Activo,,Activo Corriente,Cuentas por cobrar,Deudores,,,,
449,FIC CERRADO NOTA ESTRUCTURADA ORO CON CAPITAL PROTEGIDO,161695007,(OC) BCO BOGOTA Cta Ah No.003119609,,,1,99,PESOS,"13792362,44","17673886,83",,161695,Activo,,Activo Corriente,Cuentas por cobrar,Deudores,,,,
449,FIC CERRADO NOTA ESTRUCTURADA ORO CON CAPITAL PROTEGIDO,192595003,REVISORIA FISCAL                        ,,,1,99,PESOS,"0,0","98862,56",,192595,Activo,,Activo Corriente,Otros activos,Gatos pagados por anticipados,,,,
456,FCP PEGASUS II COMPARTIMENTO DESARROLLO URBANO,511548010,COMISION DE ADMINISTRACION,,,1,99,PESOS,"0,0","76584300,0",,511548,Total pasivo + patrimonio,Patrimonio,Utilidad o perdida del ejercicio,Costos y gastos,Gastos de operaciones,Comisión administración,,,
456,FCP PEGASUS II COMPARTIMENTO DESARROLLO URBANO,511595011,COMISION GESTOR PROFESIONAL,,,1,99,PESOS,"0,0","184310595,0",,511595,Total pasivo + patrimonio,Patrimonio,Utilidad o perdida del ejercicio,Costos y gastos,Gastos de operaciones,Comisión Bursatil,,,
456,FCP PEGASUS II COMPARTIMENTO DESARROLLO URBANO,513095090,OTROS,,,1,99,PESOS,"0,0","1750905,0",,513095,Total pasivo + patrimonio,Patrimonio,Utilidad o perdida del ejercicio,Costos y gastos,Gastos de operaciones,Otros honorarios,,,
456,FCP PEGASUS II COMPARTIMENTO DESARROLLO URBANO,514005011,IMPOVENTAS                              ,,,1,99,PESOS,"0,0","4018929,28",,514005,Total pasivo + patrimonio,Patrimonio,Utilidad o perdida del ejercicio,Costos y gastos,Gastos de operaciones,Gravamen a los movimientos financieros,Impuestos y tasas,,
456,FCP PEGASUS II COMPARTIMENTO DESARROLLO URBANO,519095999,OTROS,,,1,99,PESOS,"0,0","5,38",,519095,Total pasivo + patrimonio,Patrimonio,Utilidad o perdida del ejercicio,Costos y gastos,Gastos de operaciones,Otros gastos de operación,,,
456,FCP PEGASUS II COMPARTIMENTO DESARROLLO URBANO,590505010,CANCELACION DE INGRESOS RF,,,1,99,PESOS,"0,0","-306397524,64",,590505,Total pasivo + patrimonio,Patrimonio,,,,,,,
456,FCP PEGASUS II COMPARTIMENTO DESARROLLO URBANO,590505015,CANCELACION DE INGRESOS RV,,,1,99,PESOS,"0,0","-104,03",,590505,Total pasivo + patrimonio,Patrimonio,,,,,,,
456,FCP PEGASUS II COMPARTIMENTO DESARROLLO URBANO,830505010,DEUDORAS POR CONTRA,,,1,99,PESOS,"-43343036780,35","-43343036812,7",,,,,,,,,,,
449,FIC CERRADO NOTA ESTRUCTURADA ORO CON CAPITAL PROTEGIDO,250110015,COMISION DE ADMINISTRACION              ,,,1,99,PESOS,"-3132973,68","-4822719,75",,250110,Total pasivo + patrimonio,Pasivo,Pasivo Corriente,Cuentas por pagar,Comision de administracion.,,,,
449,FIC CERRADO NOTA ESTRUCTURADA ORO CON CAPITAL PROTEGIDO,352505010,PARTICIPACIONES EN FDO DE INVERSIÓN COLE,,,1,99,PESOS,"-88177732658,41","-90913310253,01",,352505,Total pasivo + patrimonio,Patrimonio,,Patrimonio especiales,Participaciones en fondos de inversión colectiva,,,,
449,FIC CERRADO NOTA ESTRUCTURADA ORO CON CAPITAL PROTEGIDO,410355010,REND X COMPROMISOS DE TRANSF OP SIM,,,1,99,PESOS,"0,0","-52749,0",,410355,Total pasivo + patrimonio,Patrimonio,Utilidad o perdida del ejercicio,Ingresos ordinarios,Otros rendimientos financieros,,,,
449,FIC CERRADO NOTA ESTRUCTURADA ORO CON CAPITAL PROTEGIDO,411495004,(OC) DAVIVIENDA Cta AH No. 482800043564,,,1,99,PESOS,"0,0","-9344361,48",,411495,Total pasivo + patrimonio,Patrimonio,Utilidad o perdida del ejercicio,Ingresos ordinarios,Otros rendimientos financieros,,,,
449,FIC CERRADO NOTA ESTRUCTURADA ORO CON CAPITAL PROTEGIDO,413515010,REEXPRESION DE ACTIVOS,,,1,99,PESOS,"0,0","-1851835,81",,413515,Total pasivo + patrimonio,Patrimonio,Utilidad o perdida del ejercicio,Ingresos ordinarios,Diferencia en cambio,,,,
449,FIC CERRADO NOTA ESTRUCTURADA ORO CON CAPITAL PROTEGIDO,511325002,COMISION CUSTODIA VARIABLE              ,,,1,99,PESOS,"0,0","6000358,91",,511325,Total pasivo + patrimonio,Patrimonio,Utilidad o perdida del ejercicio,Costos y gastos,Gastos de operaciones,Comisión custodia fija,,,
449,FIC CERRADO NOTA ESTRUCTURADA ORO CON CAPITAL PROTEGIDO,511325010,COMISION CUSTODIA FIJA                  ,,,1,99,PESOS,"0,0","60000,0",,511325,Total pasivo + patrimonio,Patrimonio,Utilidad o perdida del ejercicio,Costos y gastos,Gastos de operaciones,Comisión custodia fija,,,
449,FIC CERRADO NOTA ESTRUCTURADA ORO CON CAPITAL PROTEGIDO,513015003,REVISORIA FISCAL                        ,,,1,99,PESOS,"0,0","3915808,13",,513015,Total pasivo + patrimonio,Patrimonio,Utilidad o perdida del ejercicio,Costos y gastos,Gastos de operaciones,Revisoría Fiscal,,,
449,FIC CERRADO NOTA ESTRUCTURADA ORO CON CAPITAL PROTEGIDO,513535010,REEXPRESION ACTIVOS,,,1,99,PESOS,"0,0","2016912,33",,513535,Total pasivo + patrimonio,Patrimonio,Utilidad o perdida del ejercicio,Costos y gastos,Gastos de operaciones,Reexpresion de Activos,,,
449,FIC CERRADO NOTA ESTRUCTURADA ORO CON CAPITAL PROTEGIDO,514005010,IMPUESTO A LOS MOVIMIENTOS FINANCIEROS  ,,,1,99,PESOS,"0,0","18995,59",,514005,Total pasivo + patrimonio,Patrimonio,Utilidad o perdida del ejercicio,Costos y gastos,Gastos de operaciones,Gravamen a los movimientos financieros,Impuestos y tasas,,
449,FIC CERRADO NOTA ESTRUCTURADA ORO CON CAPITAL PROTEGIDO,810505120,EMISORES EXTRANJEROS,,,1,99,PESOS,"85559805294,72","88456423368,36",,810505,,,,,,,,,
452,FIC CERRADO CAPITAL PRIVADO INTERNACIONAL,111505001,(FPI) DAVIVIENDA Cta Ah No. 482800050684,,,1,99,PESOS,"113549678,71","168584395,61",,111505,Activo,,Activo Corriente,Efectivo y equivales de efectivo,Bancos nacionales,,,Disponible,
452,FIC CERRADO CAPITAL PRIVADO INTERNACIONAL,111505011,(FPI) BANCOLOMBIA Cta No. 69000010668,,,1,99,PESOS,"0,04","0,0",,111505,Activo,,Activo Corriente,Efectivo y equivales de efectivo,Bancos nacionales,,,Disponible,
452,FIC CERRADO CAPITAL PRIVADO INTERNACIONAL,111505012,(FPI) BANCOLOMBIA Cta.Ah No. 69000010670,,,1,99,PESOS,"81101406,11","132971216,42",,111505,Activo,,Activo Corriente,Efectivo y equivales de efectivo,Bancos nacionales,,,Disponible,
452,FIC CERRADO CAPITAL PRIVADO INTERNACIONAL,111505013,(FPI) BANCOLOMBIA Cta Ah No. 69000010671,,,1,99,PESOS,"103172590,5","104477943,17",,111505,Activo,,Activo Corriente,Efectivo y equivales de efectivo,Bancos nacionales,,,Disponible,
452,FIC CERRADO CAPITAL PRIVADO INTERNACIONAL,111510005,(FPI) ALLFUNDS CTA:110001130500576010,,,1,99,DÓLAR,"1103609713,69","55308378,37",,111510,Activo,,Activo Corriente,Efectivo y equivales de efectivo,Bancos del Exterior,,,Disponible,
452,FIC CERRADO CAPITAL PRIVADO INTERNACIONAL,130205300,EMISORES  NACIONALES,,,1,99,PESOS,"170922557,65","177756650,07",,130205,Activo,,Activo no corriente,Inversiones a valor razonable con efectos en resultados,Instrumentos de patrimonio,,,Inversiones,
452,FIC CERRADO CAPITAL PRIVADO INTERNACIONAL,161695008,(FPI) BANCOLOMBIA Ah No. 69000010671,,,1,99,PESOS,"16711,14","336477,64",,161695,Activo,,Activo Corriente,Cuentas por cobrar,Deudores,,,,
452,FIC CERRADO CAPITAL PRIVADO INTERNACIONAL,161695009,(FPI) Banc Panamá Ah Cta:80100035370,,,1,99,PESOS,"10084,37","10295,01",,161695,Activo,,Activo Corriente,Cuentas por cobrar,Deudores,,,,
452,FIC CERRADO CAPITAL PRIVADO INTERNACIONAL,161695015,GASTOS VARIOS DE ADMON,,,1,99,PESOS,"0,0","-942,35",,161695,Activo,,Activo Corriente,Cuentas por cobrar,Deudores,,,,
452,FIC CERRADO CAPITAL PRIVADO INTERNACIONAL,161695045,CUENTA CORRIENTE                        ,,,1,99,PESOS,"174846,0","174845,98",,161695,Activo,,Activo Corriente,Cuentas por cobrar,Deudores,,,,
452,FIC CERRADO CAPITAL PRIVADO INTERNACIONAL,253105110,CUENTA COMPENSACION,,,1,99,PESOS,"-0,2","0,0",,253105,Total pasivo + patrimonio,Pasivo,Pasivo Corriente,Cuentas por pagar,Acreedores varios,,,,
452,FIC CERRADO CAPITAL PRIVADO INTERNACIONAL,411415020,DIVIDENDOS                              ,,,1,99,PESOS,"0,0","-1089923,73",,411415,Total pasivo + patrimonio,Patrimonio,Utilidad o perdida del ejercicio,Ingresos ordinarios,Dividendos,,,,
452,FIC CERRADO CAPITAL PRIVADO INTERNACIONAL,411495008,(FPI) BANCOLOMBIA Ah No. 69000010671,,,1,99,PESOS,"0,0","-1625119,17",,411495,Total pasivo + patrimonio,Patrimonio,Utilidad o perdida del ejercicio,Ingresos ordinarios,Otros rendimientos financieros,,,,
452,FIC CERRADO CAPITAL PRIVADO INTERNACIONAL,411495015,RENDIMIENTOS INVERSIONES EN FICS,,,1,99,PESOS,"0,0","-6834092,48",,411495,Total pasivo + patrimonio,Patrimonio,Utilidad o perdida del ejercicio,Ingresos ordinarios,Otros rendimientos financieros,,,,
452,FIC CERRADO CAPITAL PRIVADO INTERNACIONAL,411495999,OTROS,,,1,99,PESOS,"0,0","-0,72",,411495,Total pasivo + patrimonio,Patrimonio,Utilidad o perdida del ejercicio,Ingresos ordinarios,Otros rendimientos financieros,,,,
452,FIC CERRADO CAPITAL PRIVADO INTERNACIONAL,511548010,COMISION DE ADMINISTRACION R.F.         ,,,1,99,PESOS,"0,0","93688859,7",,511548,Total pasivo + patrimonio,Patrimonio,Utilidad o perdida del ejercicio,Costos y gastos,Gastos de operaciones,Comisión administración,,,
452,FIC CERRADO CAPITAL PRIVADO INTERNACIONAL,514005011,IMPOVENTAS,,,1,99,PESOS,"0,0","1235249,46",,514005,Total pasivo + patrimonio,Patrimonio,Utilidad o perdida del ejercicio,Costos y gastos,Gastos de operaciones,Gravamen a los movimientos financieros,Impuestos y tasas,,
452,FIC CERRADO CAPITAL PRIVADO INTERNACIONAL,519095999,OTROS,,,1,99,PESOS,"0,0","2,18",,519095,Total pasivo + patrimonio,Patrimonio,Utilidad o perdida del ejercicio,Costos y gastos,Gastos de operaciones,Otros gastos de operación,,,
452,FIC CERRADO CAPITAL PRIVADO INTERNACIONAL,590505010,CANCELACION DE INGRESOS RF,,,1,99,PESOS,"0,0","-19771356,01",,590505,Total pasivo + patrimonio,Patrimonio,,,,,,,
452,FIC CERRADO CAPITAL PRIVADO INTERNACIONAL,590505015,CANCELACION DE INGRESOS RV,,,1,99,PESOS,"0,0","-704919241,61",,590505,Total pasivo + patrimonio,Patrimonio,,,,,,,
452,FIC CERRADO CAPITAL PRIVADO INTERNACIONAL,810505210,EMISORES EXTRANJEROS,,,1,99,PESOS,"14633158441,97","15043880889,2",,810505,,,,,,,,,
452,FIC CERRADO CAPITAL PRIVADO INTERNACIONAL,830505010,DEUDORAS POR CONTRA,,,1,99,PESOS,"-14633158441,97","-15043880889,2",,,,,,,,,,,
454,FIC EVOLUCION NOTA EUROPA 2027,111505003,(NE) Bancolombia Cta Ah No. 69000011028,,,1,99,PESOS,"1102215225,3","1114240307,05",,111505,Activo,,Activo Corriente,Efectivo y equivales de efectivo,Bancos nacionales,,,Disponible,
454,FIC EVOLUCION NOTA EUROPA 2027,111505008,(NE) Banco Bogotá Cta Ah 003298205,,,1,99,PESOS,"9242951,0","9563035,0",,111505,Activo,,Activo Corriente,Efectivo y equivales de efectivo,Bancos nacionales,,,Disponible,
454,FIC EVOLUCION NOTA EUROPA 2027,111505009,(NE) Bancolombia Cta Ah 03100014452,,,1,99,PESOS,"982016341,31","770584781,2",,111505,Activo,,Activo Corriente,Efectivo y equivales de efectivo,Bancos nacionales,,,Disponible,
454,FIC EVOLUCION NOTA EUROPA 2027,111510003,(NE) CitiBank NY Cta. 28464300,,,1,99,DÓLAR,"8872419,56","8686024,79",,111510,Activo,,Activo Corriente,Efectivo y equivales de efectivo,Bancos del Exterior,,,Disponible,
454,FIC EVOLUCION NOTA EUROPA 2027,130120120,EMISORES EXTRANJEROS,,,1,99,PESOS,"79109139076,8","85427737936,0",,130120,Activo,,Activo no corriente,Inversiones a valor razonable con efectos en resultados,Instrumentos de Deuda,,,Inversiones,
454,FIC EVOLUCION NOTA EUROPA 2027,161695010,(NE) Bancolombia Cta Ah 03100014452,,,1,99,PESOS,"239352,34","250869,51",,161695,Activo,,Activo Corriente,Cuentas por cobrar,Deudores,,,,
454,FIC EVOLUCION NOTA EUROPA 2027,161695011,(NE) Davivienda Cta Ah 482800055436,,,1,99,PESOS,"10749552,4","10872135,76",,161695,Activo,,Activo Corriente,Cuentas por cobrar,Deudores,,,,
454,FIC EVOLUCION NOTA EUROPA 2027,161695025,CUENTAS POR COBRAR RET FTE SUSCRIPTORES,,,1,99,PESOS,"59554,0","0,0",,161695,Activo,,Activo Corriente,Cuentas por cobrar,Deudores,,,,
454,FIC EVOLUCION NOTA EUROPA 2027,161695045,CUENTA CORRIENTE                        ,,,1,99,PESOS,"0,08","0,52",,161695,Activo,,Activo Corriente,Cuentas por cobrar,Deudores,,,,
454,FIC EVOLUCION NOTA EUROPA 2027,410705120,EMISORES EXTRANJEROS                    ,,,1,99,PESOS,"0,0","-8965296238,4",,410705,Total pasivo + patrimonio,Patrimonio,Utilidad o perdida del ejercicio,Ingresos ordinarios,Valoracion Intrumentos de Deuda,,,,
454,FIC EVOLUCION NOTA EUROPA 2027,411495009,(NE) Banco Bogotá Cta Ah 003298205,,,1,99,PESOS,"0,0","-337008,97",,411495,Total pasivo + patrimonio,Patrimonio,Utilidad o perdida del ejercicio,Ingresos ordinarios,Otros rendimientos financieros,,,,
454,FIC EVOLUCION NOTA EUROPA 2027,411495010,(NE) Bancolombia Cta Ah 03100014452,,,1,99,PESOS,"0,0","-10701995,03",,411495,Total pasivo + patrimonio,Patrimonio,Utilidad o perdida del ejercicio,Ingresos ordinarios,Otros rendimientos financieros,,,,
454,FIC EVOLUCION NOTA EUROPA 2027,411495999,OTROS,,,1,99,PESOS,"0,0","-2929,73",,411495,Total pasivo + patrimonio,Patrimonio,Utilidad o perdida del ejercicio,Ingresos ordinarios,Otros rendimientos financieros,,,,
454,FIC EVOLUCION NOTA EUROPA 2027,413515010,REEXPRESION DE ACTIVOS,,,1,99,PESOS,"0,0","-2090984,3",,413515,Total pasivo + patrimonio,Patrimonio,Utilidad o perdida del ejercicio,Ingresos ordinarios,Diferencia en cambio,,,,
454,FIC EVOLUCION NOTA EUROPA 2027,511325010,COMISION CUSTODIA FIJA                  ,,,1,99,PESOS,"0,0","90000,0",,511325,Total pasivo + patrimonio,Patrimonio,Utilidad o perdida del ejercicio,Costos y gastos,Gastos de operaciones,Comisión custodia fija,,,
454,FIC EVOLUCION NOTA EUROPA 2027,511512010,GASTOS BANCARIOS                        ,,,1,99,PESOS,"0,0","81909,78",,511512,Total pasivo + patrimonio,Patrimonio,Utilidad o perdida del ejercicio,Costos y gastos,Gastos de operaciones,Gastos bancarios,,,
454,FIC EVOLUCION NOTA EUROPA 2027,511548010,COMISION DE ADMINISTRACION R.F.         ,,,1,99,PESOS,"0,0","210673746,62",,511548,Total pasivo + patrimonio,Patrimonio,Utilidad o perdida del ejercicio,Costos y gastos,Gastos de operaciones,Comisión administración,,,
454,FIC EVOLUCION NOTA EUROPA 2027,514005011,IMPOVENTAS,,,1,99,PESOS,"0,0","1870030,81",,514005,Total pasivo + patrimonio,Patrimonio,Utilidad o perdida del ejercicio,Costos y gastos,Gastos de operaciones,Gravamen a los movimientos financieros,Impuestos y tasas,,
454,FIC EVOLUCION NOTA EUROPA 2027,519095999,OTROS,,,1,99,PESOS,"0,0","636,26",,519095,Total pasivo + patrimonio,Patrimonio,Utilidad o perdida del ejercicio,Costos y gastos,Gastos de operaciones,Otros gastos de operación,,,
455,FIC CERRADO IMPULSO IA CAPITAL PROTEGIDO,111505002,(IM) Bancolombia Cta cte No.03100014722,,,1,99,PESOS,"0,0","5088713,76",,111505,Activo,,Activo Corriente,Efectivo y equivales de efectivo,Bancos nacionales,,,Disponible,
455,FIC CERRADO IMPULSO IA CAPITAL PROTEGIDO,111505003,(IM) Bco Bogotá Cta Ah No. 003351095,,,1,99,PESOS,"302536748,0","328472989,0",,111505,Activo,,Activo Corriente,Efectivo y equivales de efectivo,Bancos nacionales,,,Disponible,
455,FIC CERRADO IMPULSO IA CAPITAL PROTEGIDO,111505010,(IM) BANCOLOMBIA Cta Ah No.03100015561,,,1,99,PESOS,"847132116,89","644903026,38",,111505,Activo,,Activo Corriente,Efectivo y equivales de efectivo,Bancos nacionales,,,Disponible,
455,FIC CERRADO IMPULSO IA CAPITAL PROTEGIDO,111510001,(IM) OCCIDENTAL BARBADOS Cte Cta:514292,,,1,99,DÓLAR,"0,0","389037,9",,111510,Activo,,Activo Corriente,Efectivo y equivales de efectivo,Bancos del Exterior,,,Disponible,
455,FIC CERRADO IMPULSO IA CAPITAL PROTEGIDO,111510004,(IM) Citi New York Cta:28511100,,,1,99,DÓLAR,"0,0","16799986,93",,111510,Activo,,Activo Corriente,Efectivo y equivales de efectivo,Bancos del Exterior,,,Disponible,
455,FIC CERRADO IMPULSO IA CAPITAL PROTEGIDO,130120120,EMISORES EXTRANJEROS,,,1,99,PESOS,"0,0","79177631164,6",,130120,Activo,,Activo no corriente,Inversiones a valor razonable con efectos en resultados,Instrumentos de Deuda,,,Inversiones,
455,FIC CERRADO IMPULSO IA CAPITAL PROTEGIDO,161695009,(IM) DAVIVIENDA Cta Ah No.482800060998,,,1,99,PESOS,"20975957,82","36750076,33",,161695,Activo,,Activo Corriente,Cuentas por cobrar,Deudores,,,,
455,FIC CERRADO IMPULSO IA CAPITAL PROTEGIDO,161695012,(IM ) Bco Occidente cta. Ah 219908159,,,1,99,PESOS,"0,0","1191468,69",,161695,Activo,,Activo Corriente,Cuentas por cobrar,Deudores,,,,
455,FIC CERRADO IMPULSO IA CAPITAL PROTEGIDO,161695045,CUENTA CORRIENTE                        ,,,1,99,PESOS,"0,02","0,0",,161695,Activo,,Activo Corriente,Cuentas por cobrar,Deudores,,,,
455,FIC CERRADO IMPULSO IA CAPITAL PROTEGIDO,250105035,Revisoria Fiscal,,,1,99,PESOS,"0,0","-3436790,61",,250105,Total pasivo + patrimonio,Pasivo,Pasivo Corriente,Cuentas por pagar,Comision de administracion.,,,,
455,FIC CERRADO IMPULSO IA CAPITAL PROTEGIDO,250110033,COMISION CUSTODIO,,,1,99,PESOS,"-15000,0","0,0",,250110,Total pasivo + patrimonio,Pasivo,Pasivo Corriente,Cuentas por pagar,Comision de administracion.,,,,
455,FIC CERRADO IMPULSO IA CAPITAL PROTEGIDO,352505010,PARTICIPACIONES EN FDO DE INVERSIÓN COLE,,,1,99,PESOS,"-80362236285,88","-82256637238,36",,352505,Total pasivo + patrimonio,Patrimonio,,Patrimonio especiales,Participaciones en fondos de inversión colectiva,,,,
455,FIC CERRADO IMPULSO IA CAPITAL PROTEGIDO,410705120,EMISORES EXTRANJEROS                    ,,,1,99,PESOS,"0,0","-8513290954,3",,410705,Total pasivo + patrimonio,Patrimonio,Utilidad o perdida del ejercicio,Ingresos ordinarios,Valoracion Intrumentos de Deuda,,,,
455,FIC CERRADO IMPULSO IA CAPITAL PROTEGIDO,411495002,(IM) Bco Bogotá Cta Ah No. 003351095,,,1,99,PESOS,"0,0","-11834285,36",,411495,Total pasivo + patrimonio,Patrimonio,Utilidad o perdida del ejercicio,Ingresos ordinarios,Otros rendimientos financieros,,,,
455,FIC CERRADO IMPULSO IA CAPITAL PROTEGIDO,411495009,(IM) DAVIVIENDA Cta Ah No.482800060998,,,1,99,PESOS,"0,0","-16242977,05",,411495,Total pasivo + patrimonio,Patrimonio,Utilidad o perdida del ejercicio,Ingresos ordinarios,Otros rendimientos financieros,,,,
455,FIC CERRADO IMPULSO IA CAPITAL PROTEGIDO,413515010,REEXPRESION DE ACTIVOS,,,1,99,PESOS,"0,0","-1044539248,61",,413515,Total pasivo + patrimonio,Patrimonio,Utilidad o perdida del ejercicio,Ingresos ordinarios,Diferencia en cambio,,,,
455,FIC CERRADO IMPULSO IA CAPITAL PROTEGIDO,413515015,UT/PER REEXPRESIÓN OTROS ACTIVOS (DER CO,,,1,99,PESOS,"0,0","-533365836,64",,413515,Total pasivo + patrimonio,Patrimonio,Utilidad o perdida del ejercicio,Ingresos ordinarios,Diferencia en cambio,,,,
455,FIC CERRADO IMPULSO IA CAPITAL PROTEGIDO,511325010,COMISION CUSTODIA FIJA                  ,,,1,99,PESOS,"0,0","1345866,38",,511325,Total pasivo + patrimonio,Patrimonio,Utilidad o perdida del ejercicio,Costos y gastos,Gastos de operaciones,Comisión custodia fija,,,
455,FIC CERRADO IMPULSO IA CAPITAL PROTEGIDO,511512010,GASTOS BANCARIOS                        ,,,1,99,PESOS,"0,0","2169534,23",,511512,Total pasivo + patrimonio,Patrimonio,Utilidad o perdida del ejercicio,Costos y gastos,Gastos de operaciones,Gastos bancarios,,,
455,FIC CERRADO IMPULSO IA CAPITAL PROTEGIDO,511548010,COMISION DE ADMINISTRACION R.F.         ,,,1,99,PESOS,"0,0","181392742,26",,511548,Total pasivo + patrimonio,Patrimonio,Utilidad o perdida del ejercicio,Costos y gastos,Gastos de operaciones,Comisión administración,,,
455,FIC CERRADO IMPULSO IA CAPITAL PROTEGIDO,514005010,IMPUESTO A LOS MOVIMIENTOS FINANCIEROS  ,,,1,99,PESOS,"0,0","30164,92",,514005,Total pasivo + patrimonio,Patrimonio,Utilidad o perdida del ejercicio,Costos y gastos,Gastos de operaciones,Gravamen a los movimientos financieros,Impuestos y tasas,,
455,FIC CERRADO IMPULSO IA CAPITAL PROTEGIDO,821505010,EN TITULOS DE TESORERIA - TES,,,1,99,PESOS,"-78576697349,99","0,0",,,,,,,,,,,
456,FCP PEGASUS II COMPARTIMENTO DESARROLLO URBANO,161695007,(FIR) Davivienda CTA AH 482800056210,,,1,99,PESOS,"761889,5","191945,79",,161695,Activo,,Activo Corriente,Cuentas por cobrar,Deudores,,,,
456,FCP PEGASUS II COMPARTIMENTO DESARROLLO URBANO,352505010,PARTICIPACIONES EN FDO DE INVERSIÓN COLE,,,1,99,PESOS,"-43963409715,43","-43657012086,76",,352505,Total pasivo + patrimonio,Patrimonio,,Patrimonio especiales,Participaciones en fondos de inversión colectiva,,,,
456,FCP PEGASUS II COMPARTIMENTO DESARROLLO URBANO,410805300,EMISORES NACIONALES,,,1,99,PESOS,"0,0","-32,35",,410805,Total pasivo + patrimonio,Patrimonio,Utilidad o perdida del ejercicio,Ingresos ordinarios,Por aumento en el valor de mercado Inst. de Pat.,,,,
456,FCP PEGASUS II COMPARTIMENTO DESARROLLO URBANO,411495007,(FIR) Davivienda CTA AH 482800056210,,,1,99,PESOS,"0,0","-15691185,27",,411495,Total pasivo + patrimonio,Patrimonio,Utilidad o perdida del ejercicio,Ingresos ordinarios,Otros rendimientos financieros,,,,
456,FCP PEGASUS II COMPARTIMENTO DESARROLLO URBANO,511325010,COMISION CUSTODIA FIJA                  ,,,1,99,PESOS,"0,0","10717684,34",,511325,Total pasivo + patrimonio,Patrimonio,Utilidad o perdida del ejercicio,Costos y gastos,Gastos de operaciones,Comisión custodia fija,,,
456,FCP PEGASUS II COMPARTIMENTO DESARROLLO URBANO,511512010,GASTOS BANCARIOS                        ,,,1,99,PESOS,"0,0","10729,68",,511512,Total pasivo + patrimonio,Patrimonio,Utilidad o perdida del ejercicio,Costos y gastos,Gastos de operaciones,Gastos bancarios,,,
456,FCP PEGASUS II COMPARTIMENTO DESARROLLO URBANO,513015003,REVISORIA FISCAL                        ,,,1,99,PESOS,"0,0","8683667,0",,513015,Total pasivo + patrimonio,Patrimonio,Utilidad o perdida del ejercicio,Costos y gastos,Gastos de operaciones,Revisoría Fiscal,,,
456,FCP PEGASUS II COMPARTIMENTO DESARROLLO URBANO,514005010,IMPUESTO A LOS MOVIMIENTOS FINANCIEROS  ,,,1,99,PESOS,"0,0","993017,74",,514005,Total pasivo + patrimonio,Patrimonio,Utilidad o perdida del ejercicio,Costos y gastos,Gastos de operaciones,Gravamen a los movimientos financieros,Impuestos y tasas,,
456,FCP PEGASUS II COMPARTIMENTO DESARROLLO URBANO,514005015,IVA COMISION GESTOR PROFESIONAL         ,,,1,99,PESOS,"0,0","35019013,05",,514005,Total pasivo + patrimonio,Patrimonio,Utilidad o perdida del ejercicio,Costos y gastos,Gastos de operaciones,Gravamen a los movimientos financieros,Impuestos y tasas,,
456,FCP PEGASUS II COMPARTIMENTO DESARROLLO URBANO,810505205,EMISORES NACIONALES                     ,,,1,99,PESOS,"43343036780,35","43343036812,7",,810505,,,,,,,,,
