Compañia,"Desc, compañia",Auxiliar,Cuenta 6,"Desc, auxiliar",Saldo inicial,Saldo final,Tag 1,Tag 2,Tag 3,Tag 4,Tag 5,Tag 6,Tag 7,Tag 8,Tag 9,Tag 10,Tag 11,Tag 12
3,FONDO DE INVERSION COLETIVA INTERES,111505003,111505,"(FI) PICHINCHA Cta No, 410216321","55919562,97","56339884,94",Assets,,CashAndCashEquivalents,BalancesWithBanks,Cash,,,NetAssetsLiabilities,,,,
3,FONDO DE INVERSION COLETIVA INTERES,111505004,111505,"(FI) PICHINCHA Cta No, 410216369","21719686,68","21719686,68",Assets,,CashAndCashEquivalents,BalancesWithBanks,Cash,,,NetAssetsLiabilities,,,,
3,FONDO DE INVERSION COLETIVA INTERES,111505008,111505,"(FI) BOGOTA Cta No,049216468",239338260,7100090,Assets,,CashAndCashEquivalents,BalancesWithBanks,Cash,,,NetAssetsLiabilities,,,,
3,FONDO DE INVERSION COLETIVA INTERES,111505018,111505,"(FI) IRIS FINANCIERA Cta No,100607692719",2063586549,"103677453,7",Assets,,CashAndCashEquivalents,BalancesWithBanks,Cash,,,NetAssetsLiabilities,,,,
3,FONDO DE INVERSION COLETIVA INTERES,111505019,111505,"(FI) BANCOLOMBIA Cta No, 03151519278","220430990,2","224960966,1",Assets,,CashAndCashEquivalents,BalancesWithBanks,Cash,,,NetAssetsLiabilities,,,,
3,FONDO DE INVERSION COLETIVA INTERES,111505020,111505,"(FI) BOGOTA Cta No,049219793","32119916,04","32119916,04",Assets,,CashAndCashEquivalents,BalancesWithBanks,Cash,,,NetAssetsLiabilities,,,,
3,FONDO DE INVERSION COLETIVA INTERES,111505022,111505,"(FI) COOPCENTRAL Cta No, 419009424",170935261,"173723200,2",Assets,,CashAndCashEquivalents,BalancesWithBanks,Cash,,,NetAssetsLiabilities,,,,
3,FONDO DE INVERSION COLETIVA INTERES,111505024,111505,"(FI) BCO DAVIVIENDA Cta No, 482869977652",321001182,331225739,Assets,,CashAndCashEquivalents,BalancesWithBanks,Cash,,,NetAssetsLiabilities,,,,
3,FONDO DE INVERSION COLETIVA INTERES,111505025,111505,"(FI) IRIS FINANCIERA Cta No,100173520553",14369590757,21453817060,Assets,,CashAndCashEquivalents,BalancesWithBanks,Cash,,,NetAssetsLiabilities,,,,
3,FONDO DE INVERSION COLETIVA INTERES,111505026,111505,"(FI) SERFINANZA Cta No, 212001051872","8561230,11","8941860,78",Assets,,CashAndCashEquivalents,BalancesWithBanks,Cash,,,NetAssetsLiabilities,,,,
3,FONDO DE INVERSION COLETIVA INTERES,111505028,111505,"(FI) BANCOLDEX Cta No, 0000046973",1867716099,1942447219,Assets,,CashAndCashEquivalents,BalancesWithBanks,Cash,,,NetAssetsLiabilities,,,,
3,FONDO DE INVERSION COLETIVA INTERES,111505031,111505,"(FI) BCO DAVIVIENDA Cta No, 482800035982",132864765202,75533677971,Assets,,CashAndCashEquivalents,BalancesWithBanks,Cash,,,NetAssetsLiabilities,,,,
3,FONDO DE INVERSION COLETIVA INTERES,111505035,111505,"(FI) JP MORGAN Cta No, 2600000084",100000000,100000000,Assets,,CashAndCashEquivalents,BalancesWithBanks,Cash,,,NetAssetsLiabilities,,,,
3,FONDO DE INVERSION COLETIVA INTERES,111505038,111505,"(FI) COLPATRIA Cta No, 0131004990","191426776,4","191426776,4",Assets,,CashAndCashEquivalents,BalancesWithBanks,Cash,,,NetAssetsLiabilities,,,,
3,FONDO DE INVERSION COLETIVA INTERES,111505040,111505,"(FI) BNP PARIBAS Cta No,0500100018800173","72596438,54","75586787,53",Assets,,CashAndCashEquivalents,BalancesWithBanks,Cash,,,NetAssetsLiabilities,,,,
3,FONDO DE INVERSION COLETIVA INTERES,111505041,111505,"(FI) BCO CAJA SOCIAL Cta No,24132212302",9495324301,7373480827,Assets,,CashAndCashEquivalents,BalancesWithBanks,Cash,,,NetAssetsLiabilities,,,,
3,FONDO DE INVERSION COLETIVA INTERES,111505042,111505,(FI) BCO SANTANDER Cta 100000326,"12144411,99","12651329,41",Assets,,CashAndCashEquivalents,BalancesWithBanks,Cash,,,NetAssetsLiabilities,,,,
3,FONDO DE INVERSION COLETIVA INTERES,111505044,111505,"(FI) BCO SUDAMERIS Cta No, 91000023480",103195822907,55489465677,Assets,,CashAndCashEquivalents,BalancesWithBanks,Cash,,,NetAssetsLiabilities,,,,
3,FONDO DE INVERSION COLETIVA INTERES,111505045,111505,"(FI) BANCO W Cta No, 0000100064598200003",13539374111,8629088765,Assets,,CashAndCashEquivalents,BalancesWithBanks,Cash,,,NetAssetsLiabilities,,,,
3,FONDO DE INVERSION COLETIVA INTERES,111505046,111505,"(FI) BANCOOMEVA Cta No, 050302983001",39998036060,41562292747,Assets,,CashAndCashEquivalents,BalancesWithBanks,Cash,,,NetAssetsLiabilities,,,,
3,FONDO DE INVERSION COLETIVA INTERES,111505047,111505,(FI) BNP PARIBAS Cta No 0500100018800367,"146065,23","152081,85",Assets,,CashAndCashEquivalents,BalancesWithBanks,Cash,,,NetAssetsLiabilities,,,,
3,FONDO DE INVERSION COLETIVA INTERES,111505048,111505,"(FI) BANCO AV VILLAS Cta No, 059040204",7974529674,47238218446,Assets,,CashAndCashEquivalents,BalancesWithBanks,Cash,,,NetAssetsLiabilities,,,,
3,FONDO DE INVERSION COLETIVA INTERES,111505049,111505,"(FI) BCO SERFINANZA Cta No, 212001545415",2039666919,4139873420,Assets,,CashAndCashEquivalents,BalancesWithBanks,Cash,,,NetAssetsLiabilities,,,,
3,FONDO DE INVERSION COLETIVA INTERES,111505051,111505,"(FI) BANCO ITAU Cta No, 007075634","286806533,1",7204897923,Assets,,CashAndCashEquivalents,BalancesWithBanks,Cash,,,NetAssetsLiabilities,,,,
3,FONDO DE INVERSION COLETIVA INTERES,111505055,111505,"(FI) AV VILLAS Cta No,065035206","42112178,78","11061737,49",Assets,,CashAndCashEquivalents,BalancesWithBanks,Cash,,,NetAssetsLiabilities,,,,
3,FONDO DE INVERSION COLETIVA INTERES,111505056,111505,"(FI) BCO PICHINCHA Cta No,411285380",3550455438,3013292843,Assets,,CashAndCashEquivalents,BalancesWithBanks,Cash,,,NetAssetsLiabilities,,,,
3,FONDO DE INVERSION COLETIVA INTERES,111505057,111505,"(FI) BCO COLPATRIA Cta No,0072967709",2601416501,4710120950,Assets,,CashAndCashEquivalents,BalancesWithBanks,Cash,,,NetAssetsLiabilities,,,,
3,FONDO DE INVERSION COLETIVA INTERES,111505058,111505,"(FI) BCO FALABELLA Cta No,159920000166",4765777590,1337529993,Assets,,CashAndCashEquivalents,BalancesWithBanks,Cash,,,NetAssetsLiabilities,,,,
3,FONDO DE INVERSION COLETIVA INTERES,111505059,111505,"(FI) BCO AGRARIO Cta No,408203020911",8877845102,11080128205,Assets,,CashAndCashEquivalents,BalancesWithBanks,Cash,,,NetAssetsLiabilities,,,,
3,FONDO DE INVERSION COLETIVA INTERES,111505060,111505,"(FI) BANCO CITIBANK Cta No,5060135055",7999614060,18757609420,Assets,,CashAndCashEquivalents,BalancesWithBanks,Cash,,,NetAssetsLiabilities,,,,
3,FONDO DE INVERSION COLETIVA INTERES,111505110,111505,"(FI) BOGOTA Cta No, 049292840",4578377095,2145340342,Assets,,CashAndCashEquivalents,BalancesWithBanks,Cash,,,NetAssetsLiabilities,,,,
3,FONDO DE INVERSION COLETIVA INTERES,111505111,111505,"(FI) BCO PICHINCHA Cta No, 410949183","12981391,94","12981391,94",Assets,,CashAndCashEquivalents,BalancesWithBanks,Cash,,,NetAssetsLiabilities,,,,
3,FONDO DE INVERSION COLETIVA INTERES,111505119,111505,"(FI)BANCO CAJA SOCIAL Cta No,21002165133",1030768061,"30699083,71",Assets,,CashAndCashEquivalents,BalancesWithBanks,Cash,,,NetAssetsLiabilities,,,,
3,FONDO DE INVERSION COLETIVA INTERES,111505141,111505,"(FI) BANCOLOMBIA Cta No,12619962499","524470,45","524470,45",Assets,,CashAndCashEquivalents,BalancesWithBanks,Cash,,,NetAssetsLiabilities,,,,
3,FONDO DE INVERSION COLETIVA INTERES,110505110,110505,CAJA GENERAL,0,0,,,,,,,,,,,,
3,FONDO DE INVERSION COLETIVA INTERES,111020001,111020,DEPÓSITOS DE CONTRACCIÓN MONETARIA,0,24030000,Assets,,CashAndCashEquivalents,BalancesWithBanks,Cash,,,NetAssetsLiabilities,,,,
3,FONDO DE INVERSION COLETIVA INTERES,111505010,111505,"(FI) OCCIDENTE Cta No,288810997",5180085834,3467787942,Assets,,CashAndCashEquivalents,BalancesWithBanks,Cash,,,NetAssetsLiabilities,,,,
3,FONDO DE INVERSION COLETIVA INTERES,111505015,111505,"(FI) BCO DAVIVIENDA Cta No,005069995545",1442826014,1151213557,Assets,,CashAndCashEquivalents,BalancesWithBanks,Cash,,,NetAssetsLiabilities,,,,
3,FONDO DE INVERSION COLETIVA INTERES,111505016,111505,"(FI) DAVIVIENDA Cta No,005000219997",4340585544,1486495721,Assets,,CashAndCashEquivalents,BalancesWithBanks,Cash,,,NetAssetsLiabilities,,,,
3,FONDO DE INVERSION COLETIVA INTERES,111505021,111505,"(FI) BANCOLOMBIA Cta No, 03152648354","17998683,94","17998683,94",Assets,,CashAndCashEquivalents,BalancesWithBanks,Cash,,,NetAssetsLiabilities,,,,
3,FONDO DE INVERSION COLETIVA INTERES,111505029,111505,"(FI) BCO FINANDINA Cta No, 9990023042","28218445,32","28239719,19",Assets,,CashAndCashEquivalents,BalancesWithBanks,Cash,,,NetAssetsLiabilities,,,,
3,FONDO DE INVERSION COLETIVA INTERES,111505030,111505,"(FI) BCO FINANDINA Cta No, 9990023051",2528150509,4681045391,Assets,,CashAndCashEquivalents,BalancesWithBanks,Cash,,,NetAssetsLiabilities,,,,
3,FONDO DE INVERSION COLETIVA INTERES,111505032,111505,"(FI) BCO BOGOTA Cta No, 049335037",16608096956,33634715949,Assets,,CashAndCashEquivalents,BalancesWithBanks,Cash,,,NetAssetsLiabilities,,,,
3,FONDO DE INVERSION COLETIVA INTERES,111505033,111505,"(FI) BCO SANTANDER Cta No, 100010895",25234190102,7822274736,Assets,,CashAndCashEquivalents,BalancesWithBanks,Cash,,,NetAssetsLiabilities,,,,
3,FONDO DE INVERSION COLETIVA INTERES,111505034,111505,"(FI) BCO OCCIDENTE Cta No, 219885878",202410976024,46731520142,Assets,,CashAndCashEquivalents,BalancesWithBanks,Cash,,,NetAssetsLiabilities,,,,
3,FONDO DE INVERSION COLETIVA INTERES,111505036,111505,"(FI) BANCO COOPCENTRA Cta No, 419009626",1646126264,485507002,Assets,,CashAndCashEquivalents,BalancesWithBanks,Cash,,,NetAssetsLiabilities,,,,
3,FONDO DE INVERSION COLETIVA INTERES,111505037,111505,"(FI) COLPATRIA Cta No,0132160767",10060172985,"94120032,76",Assets,,CashAndCashEquivalents,BalancesWithBanks,Cash,,,NetAssetsLiabilities,,,,
3,FONDO DE INVERSION COLETIVA INTERES,111505052,111505,"(FI) BANCO POPULAR Cta No, 500805563532",18364482255,3548508386,Assets,,CashAndCashEquivalents,BalancesWithBanks,Cash,,,NetAssetsLiabilities,,,,
3,FONDO DE INVERSION COLETIVA INTERES,111505053,111505,"(FI) BANCOLOMBIA Cta No, 69000008134",109949385878,124754527024,Assets,,CashAndCashEquivalents,BalancesWithBanks,Cash,,,NetAssetsLiabilities,,,,
3,FONDO DE INVERSION COLETIVA INTERES,111505054,111505,"(FI) ITAU HELM BANK Cta No, 007075999",5653499389,10831739293,Assets,,CashAndCashEquivalents,BalancesWithBanks,Cash,,,NetAssetsLiabilities,,,,
3,FONDO DE INVERSION COLETIVA INTERES,111505062,111505,"(FI) BANCO BANCOLDEX Cta No,47074",0,0,Assets,,CashAndCashEquivalents,BalancesWithBanks,Cash,,,NetAssetsLiabilities,,,,
3,FONDO DE INVERSION COLETIVA INTERES,111505070,111505,"(FI) ITAU HELM BANK Cta No,007302011","11039342,29","11465741,68",Assets,,CashAndCashEquivalents,BalancesWithBanks,Cash,,,NetAssetsLiabilities,,,,
3,FONDO DE INVERSION COLETIVA INTERES,111505080,111505,"(FI) POPULAR Cta No,066720632","15984307,56","16711301,98",Assets,,CashAndCashEquivalents,BalancesWithBanks,Cash,,,NetAssetsLiabilities,,,,
3,FONDO DE INVERSION COLETIVA INTERES,111505093,111505,"(FI) OCCIDENTE Cta No,288073661","943145212,5","906345703,9",Assets,,CashAndCashEquivalents,BalancesWithBanks,Cash,,,NetAssetsLiabilities,,,,
3,FONDO DE INVERSION COLETIVA INTERES,111505094,111505,"(FI) BANCOLOMBIA Cta No,17854124973",1040058250,1142869359,Assets,,CashAndCashEquivalents,BalancesWithBanks,Cash,,,NetAssetsLiabilities,,,,
3,FONDO DE INVERSION COLETIVA INTERES,111505100,111505,"(FI) GNB SUDAMERIS Cta No,90060000070","104125948,7",27242944730,Assets,,CashAndCashEquivalents,BalancesWithBanks,Cash,,,NetAssetsLiabilities,,,,
3,FONDO DE INVERSION COLETIVA INTERES,111505118,111505,"(FI) AGRARIO COL Cta No,08200102765",3701722632,3632173545,Assets,,CashAndCashEquivalents,BalancesWithBanks,Cash,,,NetAssetsLiabilities,,,,
3,FONDO DE INVERSION COLETIVA INTERES,111505167,111505,"(FI) COLPATRIA Cta No,0131072201","228973410,2","227502570,2",Assets,,CashAndCashEquivalents,BalancesWithBanks,Cash,,,NetAssetsLiabilities,,,,
3,FONDO DE INVERSION COLETIVA INTERES,111505177,111505,"(FI) OCCIDENTE Cta No,288049240","918174172,3","918152662,3",Assets,,CashAndCashEquivalents,BalancesWithBanks,Cash,,,NetAssetsLiabilities,,,,
3,FONDO DE INVERSION COLETIVA INTERES,111505181,111505,"(FI) CITIBANK Cta No,0060135096","23832309,27","23747138,27",Assets,,CashAndCashEquivalents,BalancesWithBanks,Cash,,,NetAssetsLiabilities,,,,
3,FONDO DE INVERSION COLETIVA INTERES,111505183,111505,"(FI) BCO CAJA SOCIAL Cta No, 21003873196","163715256,2","294473508,4",Assets,,CashAndCashEquivalents,BalancesWithBanks,Cash,,,NetAssetsLiabilities,,,,
3,FONDO DE INVERSION COLETIVA INTERES,111505190,111505,"(FI) BANCOLOMBIA Cta No,12606106520","113067489,8","112986744,5",Assets,,CashAndCashEquivalents,BalancesWithBanks,Cash,,,NetAssetsLiabilities,,,,
3,FONDO DE INVERSION COLETIVA INTERES,111505195,111505,"(FI) DAVIVIENDA Cta No,005069999380",13173907601,10802878170,Assets,,CashAndCashEquivalents,BalancesWithBanks,Cash,,,NetAssetsLiabilities,,,,
3,FONDO DE INVERSION COLETIVA INTERES,111505320,111505,"(FI) BANCOLOMBIA Cta No,04882033479","325806872,3","92881700,06",Assets,,CashAndCashEquivalents,BalancesWithBanks,Cash,,,NetAssetsLiabilities,,,,
3,FONDO DE INVERSION COLETIVA INTERES,111505322,111505,"(FI) DAVIVIENDA Cta No,005069992096",5565251226,7384716045,Assets,,CashAndCashEquivalents,BalancesWithBanks,Cash,,,NetAssetsLiabilities,,,,
3,FONDO DE INVERSION COLETIVA INTERES,111505324,111505,"(FI) AVVILLAS Cta No,059028852",1609904260,2550611640,Assets,,CashAndCashEquivalents,BalancesWithBanks,Cash,,,NetAssetsLiabilities,,,,
3,FONDO DE INVERSION COLETIVA INTERES,111505325,111505,"(FI) SUDAMERIS Cta No,100004951",36544566,11053516,Assets,,CashAndCashEquivalents,BalancesWithBanks,Cash,,,NetAssetsLiabilities,,,,
3,FONDO DE INVERSION COLETIVA INTERES,111505326,111505,"(FI) BANCOLOMBIA Cta No,03100026963",6949596097,1990472586,Assets,,CashAndCashEquivalents,BalancesWithBanks,Cash,,,NetAssetsLiabilities,,,,
3,FONDO DE INVERSION COLETIVA INTERES,111505147,111505,"(FI) AV VILLAS Cta No,065035214","61665687,12","60841302,72",Assets,,CashAndCashEquivalents,BalancesWithBanks,Cash,,,NetAssetsLiabilities,,,,
3,FONDO DE INVERSION COLETIVA INTERES,111505148,111505,"(FI) JP MORGAN Cta, 2600000083",1200813911,7859707507,Assets,,CashAndCashEquivalents,BalancesWithBanks,Cash,,,NetAssetsLiabilities,,,,
3,FONDO DE INVERSION COLETIVA INTERES,111505150,111505,"(FI) CORPBANCA Cta No,051006755","6942809,45","7210955,08",Assets,,CashAndCashEquivalents,BalancesWithBanks,Cash,,,NetAssetsLiabilities,,,,
3,FONDO DE INVERSION COLETIVA INTERES,111505155,111505,"(FI) BBVA COLOMBIA S,A, Cta No,401003090","13317200,39","12683635,39",Assets,,CashAndCashEquivalents,BalancesWithBanks,Cash,,,NetAssetsLiabilities,,,,
3,FONDO DE INVERSION COLETIVA INTERES,111505159,111505,CUSTODIO BANCO REPUBLICA,0,0,Assets,,CashAndCashEquivalents,BalancesWithBanks,Cash,,,NetAssetsLiabilities,,,,
3,FONDO DE INVERSION COLETIVA INTERES,111505160,111505,"BCO REPUBLICA CTA NO,62250063",0,0,Assets,,CashAndCashEquivalents,BalancesWithBanks,Cash,,,NetAssetsLiabilities,,,,
3,FONDO DE INVERSION COLETIVA INTERES,111505196,111505,"(FI) DAVIVIENDA Cta No,005070366637",41226482425,37700907000,Assets,,CashAndCashEquivalents,BalancesWithBanks,Cash,,,NetAssetsLiabilities,,,,
3,FONDO DE INVERSION COLETIVA INTERES,111505197,111505,"(FI)BBVA Cta No,895000586",30522137635,23241524586,Assets,,CashAndCashEquivalents,BalancesWithBanks,Cash,,,NetAssetsLiabilities,,,,
3,FONDO DE INVERSION COLETIVA INTERES,111505198,111505,"(FI)BBVA Cta No,895000636","21016503,18","14612173,18",Assets,,CashAndCashEquivalents,BalancesWithBanks,Cash,,,NetAssetsLiabilities,,,,
3,FONDO DE INVERSION COLETIVA INTERES,111505202,111505,"(FI) Colpatria Cta Cte No,4521024785","861693323,5","183717773,7",Assets,,CashAndCashEquivalents,BalancesWithBanks,Cash,,,NetAssetsLiabilities,,,,
3,FONDO DE INVERSION COLETIVA INTERES,111505203,111505,"(FI) Colpatria Cta Cte No,4521024793","133020188,3","150318585,1",Assets,,CashAndCashEquivalents,BalancesWithBanks,Cash,,,NetAssetsLiabilities,,,,
3,FONDO DE INVERSION COLETIVA INTERES,111505204,111505,"(FI) Bogotá Cta Cte No,049292014",1125261542,1051111562,Assets,,CashAndCashEquivalents,BalancesWithBanks,Cash,,,NetAssetsLiabilities,,,,
3,FONDO DE INVERSION COLETIVA INTERES,111505210,111505,"(FI) CAJA SOCIAL Cta No,24009362523","26124833,79","25936978,93",Assets,,CashAndCashEquivalents,BalancesWithBanks,Cash,,,NetAssetsLiabilities,,,,
3,FONDO DE INVERSION COLETIVA INTERES,111505216,111505,"(FI) AGRARIO Cta Cte No, 308200006572","14064576,4","14064576,4",Assets,,CashAndCashEquivalents,BalancesWithBanks,Cash,,,NetAssetsLiabilities,,,,
3,FONDO DE INVERSION COLETIVA INTERES,111505323,111505,"(FI) ITAU CORPBANCA Cta No,007463540","34085020,93","46249750,48",Assets,,CashAndCashEquivalents,BalancesWithBanks,Cash,,,NetAssetsLiabilities,,,,
3,FONDO DE INVERSION COLETIVA INTERES,111505622,111505,"(FI) DAVIVIENDA Cta No, 005069994324","226617150,5","347933571,5",Assets,,CashAndCashEquivalents,BalancesWithBanks,Cash,,,NetAssetsLiabilities,,,,
3,FONDO DE INVERSION COLETIVA INTERES,111505631,111505,"(FI) AGRARIO Cta No, 408203013514","717158,61","4445347,61",Assets,,CashAndCashEquivalents,BalancesWithBanks,Cash,,,NetAssetsLiabilities,,,,
3,FONDO DE INVERSION COLETIVA INTERES,111505846,111505,"(FI) BOGOTA Cta No, 049265010","21358020,47","21358020,47",Assets,,CashAndCashEquivalents,BalancesWithBanks,Cash,,,NetAssetsLiabilities,,,,
3,FONDO DE INVERSION COLETIVA INTERES,111505847,111505,"(FI) BANCO FALABELLA Cta No,156060093761","461338324,2","474870944,2",Assets,,CashAndCashEquivalents,BalancesWithBanks,Cash,,,NetAssetsLiabilities,,,,
3,FONDO DE INVERSION COLETIVA INTERES,111505848,111505,"(FI) BANCOLOMBIA Cta No,03193322764","459072,02","396437,87",Assets,,CashAndCashEquivalents,BalancesWithBanks,Cash,,,NetAssetsLiabilities,,,,
3,FONDO DE INVERSION COLETIVA INTERES,111505885,111505,"(FI) AGRARIO Cta No,308200007539",245056269,"171768950,9",Assets,,CashAndCashEquivalents,BalancesWithBanks,Cash,,,NetAssetsLiabilities,,,,
3,FONDO DE INVERSION COLETIVA INTERES,111505887,111505,"(FI) BANCO W Cta No, AHO 900064598200002",999997384,999997384,Assets,,CashAndCashEquivalents,BalancesWithBanks,Cash,,,NetAssetsLiabilities,,,,
3,FONDO DE INVERSION COLETIVA INTERES,111510001,111510,(FI) Davivienda Panamá CTA:10001016616,0,"16979222,94",Assets,,CashAndCashEquivalents,BalancesWithBanks,Cash,,,NetAssetsLiabilities,,,,
3,FONDO DE INVERSION COLETIVA INTERES,111595010,111595,"(FI) CORFICOLOMBIANA Cta No,2111618",1590664028,2146777770,Assets,,CashAndCashEquivalents,BalancesWithBanks,Cash,,,NetAssetsLiabilities,,,,
3,FONDO DE INVERSION COLETIVA INTERES,130115115,130115,OTROS EMISORES NACIONALES,2039855704100,1997426167677,Assets,,Inversiones,ActivosFinancierosCorrientesValorRazonableCambiosResultadosInversiones,InversionesNegociables,NegociablesInstrumentosDeuda,,NetAssetsLiabilities,,,,
3,FONDO DE INVERSION COLETIVA INTERES,130905105,130905,TÍTULOS DE TESORERÍA -TES,0,0,Assets,,Inversiones,ActivosFinancierosCorrientesValorRazonableCambiosResultadosInversiones,InversionesNegociables,NegociablesInstrumentosPatrimonio,,NetAssetsLiabilities,,,,
3,FONDO DE INVERSION COLETIVA INTERES,135105010,135105,DERECHO DE COMPRA SOBRE DIVISAS,0,0,,,,,,,,,,,,
3,FONDO DE INVERSION COLETIVA INTERES,135110010,135110,DERECHO DE VENTA SOBRE DIVISAS,0,0,,,,,,,,,,,,
3,FONDO DE INVERSION COLETIVA INTERES,135135010,135135,OBLIGACIÓN DE VENTA SOBRE DIVISAS,0,0,,,,,,,,,,,,
3,FONDO DE INVERSION COLETIVA INTERES,135305010,135305,DERECHO DE MONEDAS,0,0,Assets,,Inversiones,ActivosFinancierosCorrientesValorRazonableCambiosResultadosInversiones,InversionesNegociables,NegociablesInstrumentosPatrimonio,,NetAssetsLiabilities,,,,
3,FONDO DE INVERSION COLETIVA INTERES,135305015,135305,OBLIGACION MONEDAS,0,0,Assets,,Inversiones,ActivosFinancierosCorrientesValorRazonableCambiosResultadosInversiones,InversionesNegociables,NegociablesInstrumentosPatrimonio,,NetAssetsLiabilities,,,,
3,FONDO DE INVERSION COLETIVA INTERES,161695001,161695,"(FI) GNB SUDAMERIS Cta No,06000061",0,0,Assets,,TradeAndOtherReceivables,,,,,NetAssetsLiabilities,,,,
3,FONDO DE INVERSION COLETIVA INTERES,161695010,161695,GMF POR COBRAR,0,8280000,Assets,,TradeAndOtherReceivables,,,,,NetAssetsLiabilities,,,,
3,FONDO DE INVERSION COLETIVA INTERES,161695011,161695,GASTOS CHEQUES DE GERENCIA,0,0,Assets,,TradeAndOtherReceivables,,,,,NetAssetsLiabilities,,,,
3,FONDO DE INVERSION COLETIVA INTERES,161695012,161695,"(FI) OCCIDENTE Cau No,288810997","3629734,64","9377256,64",Assets,,TradeAndOtherReceivables,,,,,NetAssetsLiabilities,,,,
3,FONDO DE INVERSION COLETIVA INTERES,111505327,111505,"(FI) OCCIDENTE Cta No,288860729","311104850,9","200092601,9",Assets,,CashAndCashEquivalents,BalancesWithBanks,Cash,,,NetAssetsLiabilities,,,,
3,FONDO DE INVERSION COLETIVA INTERES,111505328,111505,"(FI) BBVA Cta No, 895001808","185367883,4","185367883,4",Assets,,CashAndCashEquivalents,BalancesWithBanks,Cash,,,NetAssetsLiabilities,,,,
3,FONDO DE INVERSION COLETIVA INTERES,111505329,111505,"(FI) POPULAR Cta No, 110066127499","596089912,9","440741526,8",Assets,,CashAndCashEquivalents,BalancesWithBanks,Cash,,,NetAssetsLiabilities,,,,
3,FONDO DE INVERSION COLETIVA INTERES,111505395,111505,"(FI) REPUBLICA Cta No,62255468","9944130,8","9749430,78",Assets,,CashAndCashEquivalents,BalancesWithBanks,Cash,,,NetAssetsLiabilities,,,,
3,FONDO DE INVERSION COLETIVA INTERES,111505471,111505,"(FI) POPULAR Cta No,066122755",9682400,0,Assets,,CashAndCashEquivalents,BalancesWithBanks,Cash,,,NetAssetsLiabilities,,,,
3,FONDO DE INVERSION COLETIVA INTERES,111505617,111505,"(FI) CITIBANK Cta No,5060135012","77386768,54","82051559,61",Assets,,CashAndCashEquivalents,BalancesWithBanks,Cash,,,NetAssetsLiabilities,,,,
3,FONDO DE INVERSION COLETIVA INTERES,111505621,111505,"(FI) BANCOOMEVA Cta No,050301555601","3357497,98","1323566,97",Assets,,CashAndCashEquivalents,BalancesWithBanks,Cash,,,NetAssetsLiabilities,,,,
3,FONDO DE INVERSION COLETIVA INTERES,111505623,111505,"(FI) BANCOLOMBIA Cta No, 03141946140","153059988,1","222470388,7",Assets,,CashAndCashEquivalents,BalancesWithBanks,Cash,,,NetAssetsLiabilities,,,,
3,FONDO DE INVERSION COLETIVA INTERES,111505624,111505,"(FI) BANCOLOMBIA Cta No, 03147542506","487671,68","482816,1",Assets,,CashAndCashEquivalents,BalancesWithBanks,Cash,,,NetAssetsLiabilities,,,,
3,FONDO DE INVERSION COLETIVA INTERES,111505632,111505,"(FI) CAJA SOCIAL cta No, 21003295006","65899768,53","65899768,53",Assets,,CashAndCashEquivalents,BalancesWithBanks,Cash,,,NetAssetsLiabilities,,,,
3,FONDO DE INVERSION COLETIVA INTERES,111505888,111505,"(FI) BANCO W Cta No,AHO 900064598200001","555723974,3","581431746,9",Assets,,CashAndCashEquivalents,BalancesWithBanks,Cash,,,NetAssetsLiabilities,,,,
3,FONDO DE INVERSION COLETIVA INTERES,122005010,122005,"COMP DE TRANSF DE INV EN OP, SIM",407325380115,700367353728,Assets,,CashAndCashEquivalents,BalancesWithBanks,Cash,,,NetAssetsLiabilities,,,,
3,FONDO DE INVERSION COLETIVA INTERES,130105105,130105,TÍTULOS DE TESORERÍA -TES,229441490149,322924752000,Assets,,Inversiones,ActivosFinancierosCorrientesValorRazonableCambiosResultadosInversiones,InversionesNegociables,NegociablesInstrumentosDeuda,,NetAssetsLiabilities,,,,
3,FONDO DE INVERSION COLETIVA INTERES,135130010,135130,OBLIGACIÓN DE COMPRA SOBRE DIVISAS,0,0,,,,,,,,,,,,
3,FONDO DE INVERSION COLETIVA INTERES,160560001,160560,DEPÓSITOS DE CONTRACCIÓN MONETARIA,0,"34981,21",Assets,,TradeAndOtherReceivables,,,,,NetAssetsLiabilities,,,,
3,FONDO DE INVERSION COLETIVA INTERES,161695002,161695,"(FI) Davivienda Panamá Cta, 10001016616",0,"74088,34",Assets,,TradeAndOtherReceivables,,,,,NetAssetsLiabilities,,,,
3,FONDO DE INVERSION COLETIVA INTERES,161695004,161695,"(LD) BCO DAVIVIENDA cta No,482800025215","186751,62","181681,49",Assets,,TradeAndOtherReceivables,,,,,NetAssetsLiabilities,,,,
3,FONDO DE INVERSION COLETIVA INTERES,161695009,161695,"(FI) BOGOTA Cau No,049216468","1564579,61","60966,82",Assets,,TradeAndOtherReceivables,,,,,NetAssetsLiabilities,,,,
3,FONDO DE INVERSION COLETIVA INTERES,161695014,161695,"(FI) CORFICOLOMBIANA Cta No,21110090","306884,85","306884,85",Assets,,TradeAndOtherReceivables,,,,,NetAssetsLiabilities,,,,
3,FONDO DE INVERSION COLETIVA INTERES,161695017,161695,"(FI) DAVIVIENDA Cau No,005000219997","1775505,84","378941,25",Assets,,TradeAndOtherReceivables,,,,,NetAssetsLiabilities,,,,
3,FONDO DE INVERSION COLETIVA INTERES,161695026,161695,"(FI) SERFINANZA Cta No, 212001051872","55942,54","31696194,45",Assets,,TradeAndOtherReceivables,,,,,NetAssetsLiabilities,,,,
3,FONDO DE INVERSION COLETIVA INTERES,161695028,161695,"(FI) BANCOLDEX Cta No, 0000046973","1819299,53","1179004,6",Assets,,TradeAndOtherReceivables,,,,,NetAssetsLiabilities,,,,
3,FONDO DE INVERSION COLETIVA INTERES,161695029,161695,"(FI) BCO FINANDINA Cta No, 9990023042","334681,61","327478,8",Assets,,TradeAndOtherReceivables,,,,,NetAssetsLiabilities,,,,
3,FONDO DE INVERSION COLETIVA INTERES,161695031,161695,"(FI) BCO DAVIVIENDA Cta No, 482800035982","54348005,26","19255236,36",Assets,,TradeAndOtherReceivables,,,,,NetAssetsLiabilities,,,,
3,FONDO DE INVERSION COLETIVA INTERES,161695032,161695,"(FI) BCO BOGOTA Cta No, 049335037","325469605,5","341781490,8",Assets,,TradeAndOtherReceivables,,,,,NetAssetsLiabilities,,,,
3,FONDO DE INVERSION COLETIVA INTERES,161695034,161695,"(FI) BCO SANTANDER Cta No, 100010895","24276379,21","25316431,94",Assets,,TradeAndOtherReceivables,,,,,NetAssetsLiabilities,,,,
3,FONDO DE INVERSION COLETIVA INTERES,161695036,161695,"(FI) BANCO COOPCENTRA Cta No, 419009626","15727409,15","10805449,54",Assets,,TradeAndOtherReceivables,,,,,NetAssetsLiabilities,,,,
3,FONDO DE INVERSION COLETIVA INTERES,161695038,161695,"(FI) COLPATRIA Cau No,0132160767","17080685,26","613732,24",Assets,,TradeAndOtherReceivables,,,,,NetAssetsLiabilities,,,,
3,FONDO DE INVERSION COLETIVA INTERES,161695041,161695,"(FI) BNP PARIBAS Cau No,500100018800173","125429,14","171376,1",Assets,,TradeAndOtherReceivables,,,,,NetAssetsLiabilities,,,,
3,FONDO DE INVERSION COLETIVA INTERES,161695046,161695,"(FI) BANCOOMEVA Cta No, 050302983001","29097532,8","11885100,39",Assets,,TradeAndOtherReceivables,,,,,NetAssetsLiabilities,,,,
3,FONDO DE INVERSION COLETIVA INTERES,161695047,161695,(FI) BNP PARIBAS Cta No 0500100018800367,"87,2","16179,69",Assets,,TradeAndOtherReceivables,,,,,NetAssetsLiabilities,,,,
3,FONDO DE INVERSION COLETIVA INTERES,161695048,161695,"(FI) BANCO AV VILLAS Cta No, 059040204","70630466,89","199640744,2",Assets,,TradeAndOtherReceivables,,,,,NetAssetsLiabilities,,,,
3,FONDO DE INVERSION COLETIVA INTERES,161695049,161695,"(FI) BCO SERFINANZA Cta No, 212001545415","12167052,44",25378549,Assets,,TradeAndOtherReceivables,,,,,NetAssetsLiabilities,,,,
3,FONDO DE INVERSION COLETIVA INTERES,161695052,161695,"(FI) BANCO POPULAR Cta No, 500805563532","11340540,38","12205664,95",Assets,,TradeAndOtherReceivables,,,,,NetAssetsLiabilities,,,,
3,FONDO DE INVERSION COLETIVA INTERES,161695015,161695,GASTOS VARIOS DE ADMON,"23192008,25","30424120,21",Assets,,TradeAndOtherReceivables,,,,,NetAssetsLiabilities,,,,
3,FONDO DE INVERSION COLETIVA INTERES,161695018,161695,"(FI) IRIS FINANCIERA Cta No,100607692719","14535423,57","889163,53",Assets,,TradeAndOtherReceivables,,,,,NetAssetsLiabilities,,,,
3,FONDO DE INVERSION COLETIVA INTERES,161695020,161695,"(FI) BCO OCCIDENTE Cta No, 219885878","106091615,6","167467042,4",Assets,,TradeAndOtherReceivables,,,,,NetAssetsLiabilities,,,,
3,FONDO DE INVERSION COLETIVA INTERES,161695022,161695,"(FI) COOPCENTRAL Cta No, 419009424","1117409,13","1098779,26",Assets,,TradeAndOtherReceivables,,,,,NetAssetsLiabilities,,,,
3,FONDO DE INVERSION COLETIVA INTERES,161695025,161695,"(FI) IRIS FINANCIERA Cta No, 10017352055","101664765,9","139178858,3",Assets,,TradeAndOtherReceivables,,,,,NetAssetsLiabilities,,,,
3,FONDO DE INVERSION COLETIVA INTERES,161695030,161695,"(FI) BCO FINANDINA Cta No, 9990023051","66037120,94","67312176,67",Assets,,TradeAndOtherReceivables,,,,,NetAssetsLiabilities,,,,
3,FONDO DE INVERSION COLETIVA INTERES,161695039,161695,"(FI) BANCO W Cta No, 0000100064598200003","92697872,63","69516351,55",Assets,,TradeAndOtherReceivables,,,,,NetAssetsLiabilities,,,,
3,FONDO DE INVERSION COLETIVA INTERES,161695040,161695,"(FI) BCO CAJA SOCIAL Cta No,24132212302","30269848,77","18397708,65",Assets,,TradeAndOtherReceivables,,,,,NetAssetsLiabilities,,,,
3,FONDO DE INVERSION COLETIVA INTERES,161695043,161695,"(FI) BCO SANTANDER Cau No, 100000326","3995811,65","3993547,65",Assets,,TradeAndOtherReceivables,,,,,NetAssetsLiabilities,,,,
3,FONDO DE INVERSION COLETIVA INTERES,161695044,161695,"(FI) BCO SUDAMERIS Cta No, 91000023480","237871152,1","335069580,5",Assets,,TradeAndOtherReceivables,,,,,NetAssetsLiabilities,,,,
3,FONDO DE INVERSION COLETIVA INTERES,161695045,161695,CUENTA CORRIENTE,0,0,Assets,,TradeAndOtherReceivables,,,,,NetAssetsLiabilities,,,,
3,FONDO DE INVERSION COLETIVA INTERES,161695050,161695,"(FI) BANCO ITAU Cta No, 007075634","104427,44","31199150,32",Assets,,TradeAndOtherReceivables,,,,,NetAssetsLiabilities,,,,
3,FONDO DE INVERSION COLETIVA INTERES,161695058,161695,"(FI) BCO FALABELLA Cta No,159920000166","1827945,54","1195720,8",Assets,,TradeAndOtherReceivables,,,,,NetAssetsLiabilities,,,,
3,FONDO DE INVERSION COLETIVA INTERES,161695059,161695,"(FI) BCO AGRARIO Cta No,408203020911","3047718,68","14814421,81",Assets,,TradeAndOtherReceivables,,,,,NetAssetsLiabilities,,,,
3,FONDO DE INVERSION COLETIVA INTERES,161695060,161695,"(FI) BANCO CITIBANK Cta No,5060135055","58789859,07","39267784,15",Assets,,TradeAndOtherReceivables,,,,,NetAssetsLiabilities,,,,
3,FONDO DE INVERSION COLETIVA INTERES,161695071,161695,"(FI) HELM BANK S A Cau No,007302011","4019,49","10446,81",Assets,,TradeAndOtherReceivables,,,,,NetAssetsLiabilities,,,,
3,FONDO DE INVERSION COLETIVA INTERES,161695081,161695,"(FI) POPULAR Cau No,066720632","3276847,57","3287811,51",Assets,,TradeAndOtherReceivables,,,,,NetAssetsLiabilities,,,,
3,FONDO DE INVERSION COLETIVA INTERES,161695101,161695,"(FI) GNB SUDAMERIS Cau No,90060000070","754838,87","8217165,36",Assets,,TradeAndOtherReceivables,,,,,NetAssetsLiabilities,,,,
3,FONDO DE INVERSION COLETIVA INTERES,161695196,161695,"(FI) DAVIVIENDA Cta Cau No,005070366637","16863591,2","9610810,63",Assets,,TradeAndOtherReceivables,,,,,NetAssetsLiabilities,,,,
3,FONDO DE INVERSION COLETIVA INTERES,161695197,161695,"(FI)BBVA Cta Cau No,895000586","1659614,74","631868,86",Assets,,TradeAndOtherReceivables,,,,,NetAssetsLiabilities,,,,
3,FONDO DE INVERSION COLETIVA INTERES,161695200,161695,CUENTA CONTROL TRANSFERENCIAS,0,0,Assets,,TradeAndOtherReceivables,,,,,NetAssetsLiabilities,,,,
3,FONDO DE INVERSION COLETIVA INTERES,161695209,161695,"(FI) CAJA SOCIAL Cau No,24009362523","88231,45","104202,8",Assets,,TradeAndOtherReceivables,,,,,NetAssetsLiabilities,,,,
3,FONDO DE INVERSION COLETIVA INTERES,161695618,161695,"(FI) CITIBANK Cau No,5060135012","16020,95","3063823,53",Assets,,TradeAndOtherReceivables,,,,,NetAssetsLiabilities,,,,
3,FONDO DE INVERSION COLETIVA INTERES,161695621,161695,"(FI) BANCOOMEVA Cau No, 050301555601","77204,85","76119,25",Assets,,TradeAndOtherReceivables,,,,,NetAssetsLiabilities,,,,
3,FONDO DE INVERSION COLETIVA INTERES,161695847,161695,"(FI) FALABELLA Cau No, 156060093761","6642141,1","6840495,41",Assets,,TradeAndOtherReceivables,,,,,NetAssetsLiabilities,,,,
3,FONDO DE INVERSION COLETIVA INTERES,161695887,161695,"(FI) BANCO W Cta Cau No,900064598200001","69068129,76","114943799,3",Assets,,TradeAndOtherReceivables,,,,,NetAssetsLiabilities,,,,
3,FONDO DE INVERSION COLETIVA INTERES,161695888,161695,"(FI) BANCO W Cta Cau No,900064598200001","3850383,54","4684247,18",Assets,,TradeAndOtherReceivables,,,,,NetAssetsLiabilities,,,,
3,FONDO DE INVERSION COLETIVA INTERES,161695999,161695,Proveedores,0,0,Assets,,TradeAndOtherReceivables,,,,,NetAssetsLiabilities,,,,
3,FONDO DE INVERSION COLETIVA INTERES,161695999,161695,Proveedores,0,0,Assets,,TradeAndOtherReceivables,,,,,NetAssetsLiabilities,,,,
3,FONDO DE INVERSION COLETIVA INTERES,192595001,192595,CALIFICADORA DE VALORES,0,0,Assets,,OtherNonfinancialAssets,,,,,NetAssetsLiabilities,,,,
3,FONDO DE INVERSION COLETIVA INTERES,249005010,249005,SOBREGIROS,0,0,EquityAndLiabilities,Liabilities,TradeAndOtherPayables,,,,,NetAssetsLiabilities,,,,
3,FONDO DE INVERSION COLETIVA INTERES,250110010,250110,COMISION CUSTODIA FIJA,0,0,EquityAndLiabilities,Liabilities,TradeAndOtherPayables,,,,,NetAssetsLiabilities,,,,
3,FONDO DE INVERSION COLETIVA INTERES,250110033,250110,COMISION CUSTODIO,"-35830294,18","-31412533,2",EquityAndLiabilities,Liabilities,TradeAndOtherPayables,,,,,NetAssetsLiabilities,,,,
3,FONDO DE INVERSION COLETIVA INTERES,250225018,250225,REINTEGROS GASTOS CUENTA DE RECAUDO,0,0,EquityAndLiabilities,Liabilities,TradeAndOtherPayables,,,,,NetAssetsLiabilities,,,,
3,FONDO DE INVERSION COLETIVA INTERES,250295034,250295,MERCADO ELECTRONICO COLOMBIANO (MEC),0,0,EquityAndLiabilities,Liabilities,TradeAndOtherPayables,,,,,NetAssetsLiabilities,,,,
3,FONDO DE INVERSION COLETIVA INTERES,250295038,250295,COMISION SAE CUSTODIO,0,0,EquityAndLiabilities,Liabilities,TradeAndOtherPayables,,,,,NetAssetsLiabilities,,,,
3,FONDO DE INVERSION COLETIVA INTERES,250295050,250295,OTROS PROVEEDORES,0,0,EquityAndLiabilities,Liabilities,TradeAndOtherPayables,,,,,NetAssetsLiabilities,,,,
3,FONDO DE INVERSION COLETIVA INTERES,250305020,250305,RTE FTE PROVEEDORES,0,0,EquityAndLiabilities,Liabilities,TradeAndOtherPayables,,,,,NetAssetsLiabilities,,,,
3,FONDO DE INVERSION COLETIVA INTERES,253105003,253105,CUENTA CORRIENTE IBA,0,0,EquityAndLiabilities,Liabilities,TradeAndOtherPayables,,,,,NetAssetsLiabilities,,,,
3,FONDO DE INVERSION COLETIVA INTERES,253105110,253105,CUENTA COMPENSACION,-18640900283,-10618432238,EquityAndLiabilities,Liabilities,TradeAndOtherPayables,,,,,NetAssetsLiabilities,,,,
3,FONDO DE INVERSION COLETIVA INTERES,253105220,253105,CUENTA DE COMPENSACION DIVISAS,0,0,EquityAndLiabilities,Liabilities,TradeAndOtherPayables,,,,,NetAssetsLiabilities,,,,
3,FONDO DE INVERSION COLETIVA INTERES,352510010,352510,PARTICIPACIONES POR IDENTIFICAR,-22954331313,-24248896290,EquityAndLiabilities,Equity,EquityAttributableToOwnersOfParent,OtherEquityInterest,,,,,,,,
3,FONDO DE INVERSION COLETIVA INTERES,410595001,410595,DEPÓSITOS DE CONTRACCIÓN MONETARIA,0,-1812921981,EquityAndLiabilities,Equity,EquityAttributableToOwnersOfParent,OtherEquityInterest,ProfitLossFromContinuingOperations,ProfitLoss,ProfitLossBeforeTax,ProfitLossFromOperatingActivities,Revenue,OtherRevenue,,
3,FONDO DE INVERSION COLETIVA INTERES,410705115,410705,OTROS EMISORES NACIONALES,0,-31664792376,EquityAndLiabilities,Equity,EquityAttributableToOwnersOfParent,OtherEquityInterest,ProfitLossFromContinuingOperations,ProfitLoss,ProfitLossBeforeTax,ProfitLossFromOperatingActivities,Revenue,OtherRevenue,,AdjustmentsForDecreaseIncreaseInOtherCurrentAssets
3,FONDO DE INVERSION COLETIVA INTERES,411405015,411405,INGRESO POR OP REPO,0,"-803079521,4",EquityAndLiabilities,Equity,EquityAttributableToOwnersOfParent,OtherEquityInterest,ProfitLossFromContinuingOperations,ProfitLoss,ProfitLossBeforeTax,ProfitLossFromOperatingActivities,Revenue,InterestIncomeOnCashAndCashEquivalents,,
3,FONDO DE INVERSION COLETIVA INTERES,411495004,411495,"(FI) PICHINCHA Cau No, 410216321",0,"-1090982,63",EquityAndLiabilities,Equity,EquityAttributableToOwnersOfParent,OtherEquityInterest,ProfitLossFromContinuingOperations,ProfitLoss,ProfitLossBeforeTax,ProfitLossFromOperatingActivities,Revenue,InterestIncomeOnCashAndCashEquivalents,,
3,FONDO DE INVERSION COLETIVA INTERES,411495009,411495,"(FI) BOGOTA Cau No,049216468",0,"-8129973,21",EquityAndLiabilities,Equity,EquityAttributableToOwnersOfParent,OtherEquityInterest,ProfitLossFromContinuingOperations,ProfitLoss,ProfitLossBeforeTax,ProfitLossFromOperatingActivities,Revenue,InterestIncomeOnCashAndCashEquivalents,,
3,FONDO DE INVERSION COLETIVA INTERES,411495013,411495,"(FI) Davivienda Panamá Cta, 10001016616",0,"-19605670,96",EquityAndLiabilities,Equity,EquityAttributableToOwnersOfParent,OtherEquityInterest,ProfitLossFromContinuingOperations,ProfitLoss,ProfitLossBeforeTax,ProfitLossFromOperatingActivities,Revenue,InterestIncomeOnCashAndCashEquivalents,,
3,FONDO DE INVERSION COLETIVA INTERES,411495017,411495,"(FI) DAVIVIENDA Cau No,005000219997",0,"-157537374,5",EquityAndLiabilities,Equity,EquityAttributableToOwnersOfParent,OtherEquityInterest,ProfitLossFromContinuingOperations,ProfitLoss,ProfitLossBeforeTax,ProfitLossFromOperatingActivities,Revenue,InterestIncomeOnCashAndCashEquivalents,,
3,FONDO DE INVERSION COLETIVA INTERES,411495019,411495,"(FI) IRIS FINANCIERA Cta No,100607692719",0,"-26444644,56",EquityAndLiabilities,Equity,EquityAttributableToOwnersOfParent,OtherEquityInterest,ProfitLossFromContinuingOperations,ProfitLoss,ProfitLossBeforeTax,ProfitLossFromOperatingActivities,Revenue,InterestIncomeOnCashAndCashEquivalents,,
3,FONDO DE INVERSION COLETIVA INTERES,411495025,411495,"(FI) IRIS FINANCIERA Cta No, 10017352055",0,"-660810641,6",EquityAndLiabilities,Equity,EquityAttributableToOwnersOfParent,OtherEquityInterest,ProfitLossFromContinuingOperations,ProfitLoss,ProfitLossBeforeTax,ProfitLossFromOperatingActivities,Revenue,InterestIncomeOnCashAndCashEquivalents,,
3,FONDO DE INVERSION COLETIVA INTERES,411495026,411495,"(FI) SERFINANZA Cta No, 212001051872",0,"-32020882,58",EquityAndLiabilities,Equity,EquityAttributableToOwnersOfParent,OtherEquityInterest,ProfitLossFromContinuingOperations,ProfitLoss,ProfitLossBeforeTax,ProfitLossFromOperatingActivities,Revenue,InterestIncomeOnCashAndCashEquivalents,,
3,FONDO DE INVERSION COLETIVA INTERES,411495028,411495,"(FI) BANCOLDEX Cta No, 0000046973",0,"-74090825,98",EquityAndLiabilities,Equity,EquityAttributableToOwnersOfParent,OtherEquityInterest,ProfitLossFromContinuingOperations,ProfitLoss,ProfitLossBeforeTax,ProfitLossFromOperatingActivities,Revenue,InterestIncomeOnCashAndCashEquivalents,,
3,FONDO DE INVERSION COLETIVA INTERES,411495029,411495,"(FI) BCO FINANDINA Cta No, 9990023042",0,"-14071,06",EquityAndLiabilities,Equity,EquityAttributableToOwnersOfParent,OtherEquityInterest,ProfitLossFromContinuingOperations,ProfitLoss,ProfitLossBeforeTax,ProfitLossFromOperatingActivities,Revenue,InterestIncomeOnCashAndCashEquivalents,,
3,FONDO DE INVERSION COLETIVA INTERES,411495030,411495,"(FI) BCO FINANDINA Cta No, 9990023051",0,"-108896729,4",EquityAndLiabilities,Equity,EquityAttributableToOwnersOfParent,OtherEquityInterest,ProfitLossFromContinuingOperations,ProfitLoss,ProfitLossBeforeTax,ProfitLossFromOperatingActivities,Revenue,InterestIncomeOnCashAndCashEquivalents,,
3,FONDO DE INVERSION COLETIVA INTERES,411495034,411495,"(FI) BCO SANTANDER Cta No, 100010895",0,"-773901702,6",EquityAndLiabilities,Equity,EquityAttributableToOwnersOfParent,OtherEquityInterest,ProfitLossFromContinuingOperations,ProfitLoss,ProfitLossBeforeTax,ProfitLossFromOperatingActivities,Revenue,InterestIncomeOnCashAndCashEquivalents,,
3,FONDO DE INVERSION COLETIVA INTERES,411495038,411495,"(FI) COLPATRIA Cau No,0132160767",0,"-18094113,03",EquityAndLiabilities,Equity,EquityAttributableToOwnersOfParent,OtherEquityInterest,ProfitLossFromContinuingOperations,ProfitLoss,ProfitLossBeforeTax,ProfitLossFromOperatingActivities,Revenue,InterestIncomeOnCashAndCashEquivalents,,
3,FONDO DE INVERSION COLETIVA INTERES,411495039,411495,"(FI) BANCO W Cta No, 0000100064598200003",0,"-626533133,2",EquityAndLiabilities,Equity,EquityAttributableToOwnersOfParent,OtherEquityInterest,ProfitLossFromContinuingOperations,ProfitLoss,ProfitLossBeforeTax,ProfitLossFromOperatingActivities,Revenue,InterestIncomeOnCashAndCashEquivalents,,
3,FONDO DE INVERSION COLETIVA INTERES,411495040,411495,"(FI) BCO CAJA SOCIAL Cta No,24132212302",0,"-127945286,8",EquityAndLiabilities,Equity,EquityAttributableToOwnersOfParent,OtherEquityInterest,ProfitLossFromContinuingOperations,ProfitLoss,ProfitLossBeforeTax,ProfitLossFromOperatingActivities,Revenue,InterestIncomeOnCashAndCashEquivalents,,
3,FONDO DE INVERSION COLETIVA INTERES,411495043,411495,(FI) BCO SANTANDER Cau 100000326,0,"-504653,42",EquityAndLiabilities,Equity,EquityAttributableToOwnersOfParent,OtherEquityInterest,ProfitLossFromContinuingOperations,ProfitLoss,ProfitLossBeforeTax,ProfitLossFromOperatingActivities,Revenue,InterestIncomeOnCashAndCashEquivalents,,
3,FONDO DE INVERSION COLETIVA INTERES,411495044,411495,"(FI) BCO SUDAMERIS Cta No, 91000023480",0,-2740536254,EquityAndLiabilities,Equity,EquityAttributableToOwnersOfParent,OtherEquityInterest,ProfitLossFromContinuingOperations,ProfitLoss,ProfitLossBeforeTax,ProfitLossFromOperatingActivities,Revenue,InterestIncomeOnCashAndCashEquivalents,,
3,FONDO DE INVERSION COLETIVA INTERES,411495046,411495,"(FI) BANCOOMEVA Cta No, 050302983001",0,-1815864945,EquityAndLiabilities,Equity,EquityAttributableToOwnersOfParent,OtherEquityInterest,ProfitLossFromContinuingOperations,ProfitLoss,ProfitLossBeforeTax,ProfitLossFromOperatingActivities,Revenue,InterestIncomeOnCashAndCashEquivalents,,
3,FONDO DE INVERSION COLETIVA INTERES,411495047,411495,(FI) BNP PARIBAS Cta No 0500100018800367,0,"-22109,11",EquityAndLiabilities,Equity,EquityAttributableToOwnersOfParent,OtherEquityInterest,ProfitLossFromContinuingOperations,ProfitLoss,ProfitLossBeforeTax,ProfitLossFromOperatingActivities,Revenue,InterestIncomeOnCashAndCashEquivalents,,
3,FONDO DE INVERSION COLETIVA INTERES,411495048,411495,"(FI) BANCO AV VILLAS Cta No, 059040204",0,-1277563254,EquityAndLiabilities,Equity,EquityAttributableToOwnersOfParent,OtherEquityInterest,ProfitLossFromContinuingOperations,ProfitLoss,ProfitLossBeforeTax,ProfitLossFromOperatingActivities,Revenue,InterestIncomeOnCashAndCashEquivalents,,
3,FONDO DE INVERSION COLETIVA INTERES,411495049,411495,"(FI) BCO SERFINANZA Cta No, 212001545415",0,"-199703597,1",EquityAndLiabilities,Equity,EquityAttributableToOwnersOfParent,OtherEquityInterest,ProfitLossFromContinuingOperations,ProfitLoss,ProfitLossBeforeTax,ProfitLossFromOperatingActivities,Revenue,InterestIncomeOnCashAndCashEquivalents,,
3,FONDO DE INVERSION COLETIVA INTERES,411495050,411495,"(FI) BANCO ITAU Cta No, 007075634",0,"-329224429,5",EquityAndLiabilities,Equity,EquityAttributableToOwnersOfParent,OtherEquityInterest,ProfitLossFromContinuingOperations,ProfitLoss,ProfitLossBeforeTax,ProfitLossFromOperatingActivities,Revenue,InterestIncomeOnCashAndCashEquivalents,,
3,FONDO DE INVERSION COLETIVA INTERES,411495054,411495,"(FI) ITAU HELM BANK Cta No, 007075999",0,"-512399625,9",EquityAndLiabilities,Equity,EquityAttributableToOwnersOfParent,OtherEquityInterest,ProfitLossFromContinuingOperations,ProfitLoss,ProfitLossBeforeTax,ProfitLossFromOperatingActivities,Revenue,InterestIncomeOnCashAndCashEquivalents,,
3,FONDO DE INVERSION COLETIVA INTERES,411495055,411495,"(FI) BCO PICHINCHA Cta No,411285380",0,"-51445298,45",EquityAndLiabilities,Equity,EquityAttributableToOwnersOfParent,OtherEquityInterest,ProfitLossFromContinuingOperations,ProfitLoss,ProfitLossBeforeTax,ProfitLossFromOperatingActivities,Revenue,InterestIncomeOnCashAndCashEquivalents,,
3,FONDO DE INVERSION COLETIVA INTERES,161695053,161695,"(FI) BANCOLOMBIA Cta No, 69000008134","30700562,86","19582481,66",Assets,,TradeAndOtherReceivables,,,,,NetAssetsLiabilities,,,,
3,FONDO DE INVERSION COLETIVA INTERES,161695054,161695,"(FI) ITAU HELM BANK Cta No, 007075999","2069718,94","2478965,6",Assets,,TradeAndOtherReceivables,,,,,NetAssetsLiabilities,,,,
3,FONDO DE INVERSION COLETIVA INTERES,161695055,161695,"(FI) BCO PICHINCHA Cta No,411285380",11111458,"9768450,64",Assets,,TradeAndOtherReceivables,,,,,NetAssetsLiabilities,,,,
3,FONDO DE INVERSION COLETIVA INTERES,161695056,161695,"(FI) AV VILLAS Cau No,065035206","-65873855,56","-65987224,27",Assets,,TradeAndOtherReceivables,,,,,NetAssetsLiabilities,,,,
3,FONDO DE INVERSION COLETIVA INTERES,161695057,161695,"(FI) BCO COLPATRIA Cta No,0072967709","86316252,23","123669713,7",Assets,,TradeAndOtherReceivables,,,,,NetAssetsLiabilities,,,,
3,FONDO DE INVERSION COLETIVA INTERES,161695090,161695,"(FI) JP MORGAN Cau No, 2600000083","536840,18","2111287,69",Assets,,TradeAndOtherReceivables,,,,,NetAssetsLiabilities,,,,
3,FONDO DE INVERSION COLETIVA INTERES,161695151,161695,"(FI) CORPBANCA Cau No,051006755","950274,29","954487,07",Assets,,TradeAndOtherReceivables,,,,,NetAssetsLiabilities,,,,
3,FONDO DE INVERSION COLETIVA INTERES,161695153,161695,"(FI) MULTIBANK Cau No,200230315804",90000,90000,Assets,,TradeAndOtherReceivables,,,,,NetAssetsLiabilities,,,,
3,FONDO DE INVERSION COLETIVA INTERES,161695321,161695,"(FI) BANCOLOMBIA Cau No,04882033479","226325,8","105631,58",Assets,,TradeAndOtherReceivables,,,,,NetAssetsLiabilities,,,,
3,FONDO DE INVERSION COLETIVA INTERES,161695382,161695,"(FI) CORFICOLOMBIANA Cau No,2111618","2206427,74","4137859,5",Assets,,TradeAndOtherReceivables,,,,,NetAssetsLiabilities,,,,
3,FONDO DE INVERSION COLETIVA INTERES,161695619,161695,"(FI)BNP PARIBAS Cau No, 0500100018800270","23790,97","23790,97",Assets,,TradeAndOtherReceivables,,,,,NetAssetsLiabilities,,,,
3,FONDO DE INVERSION COLETIVA INTERES,161695631,161695,"(FI) AGRARIO Cau No, 408203013514","132483,86","132540,79",Assets,,TradeAndOtherReceivables,,,,,NetAssetsLiabilities,,,,
3,FONDO DE INVERSION COLETIVA INTERES,161695883,161695,"(FI) BANCO W Cta Cau No, 6900490021","12595803,66","12595803,66",Assets,,TradeAndOtherReceivables,,,,,NetAssetsLiabilities,,,,
3,FONDO DE INVERSION COLETIVA INTERES,161695884,161695,"(FI) BANCO W Cta Cau No, 6900490078",677384,677384,Assets,,TradeAndOtherReceivables,,,,,NetAssetsLiabilities,,,,
3,FONDO DE INVERSION COLETIVA INTERES,161795020,161795,OTROS,0,10044000,Assets,,TradeAndOtherReceivables,,,,,NetAssetsLiabilities,,,,
3,FONDO DE INVERSION COLETIVA INTERES,162825010,162825,EN GARANTIA,20585045058,30616045058,Assets,,TradeAndOtherReceivables,,,,,NetAssetsLiabilities,,,,
3,FONDO DE INVERSION COLETIVA INTERES,192595002,192595,CUENTAS DE DEPOSITO (CUD),0,0,Assets,,OtherNonfinancialAssets,,,,,NetAssetsLiabilities,,,,
3,FONDO DE INVERSION COLETIVA INTERES,192595003,192595,REVISORIA FISCAL,0,0,Assets,,OtherNonfinancialAssets,,,,,NetAssetsLiabilities,,,,
3,FONDO DE INVERSION COLETIVA INTERES,250105035,250105,REVISORIA FISCAL,0,0,EquityAndLiabilities,Liabilities,TradeAndOtherPayables,,,,,NetAssetsLiabilities,,,,
3,FONDO DE INVERSION COLETIVA INTERES,250105040,250105,CALIFICADORA DE VALORES,0,"-1358089,79",EquityAndLiabilities,Liabilities,TradeAndOtherPayables,,,,,NetAssetsLiabilities,,,,
3,FONDO DE INVERSION COLETIVA INTERES,250110015,250110,COMISION DE ADMINISTRACION,"-255064390,7","-133980702,1",EquityAndLiabilities,Liabilities,TradeAndOtherPayables,,,,,NetAssetsLiabilities,,,,
3,FONDO DE INVERSION COLETIVA INTERES,250295050,250295,OTROS PROVEEDORES,0,0,EquityAndLiabilities,Liabilities,TradeAndOtherPayables,,,,,NetAssetsLiabilities,,,,
3,FONDO DE INVERSION COLETIVA INTERES,250305011,250305,RENDIMIENTOS FINANCIEROS CAPITALIZADOS,-15892385,-54351214,EquityAndLiabilities,Liabilities,TradeAndOtherPayables,,,,,NetAssetsLiabilities,,,,
3,FONDO DE INVERSION COLETIVA INTERES,250305020,250305,RTE FTE PROVEEDORES,0,0,EquityAndLiabilities,Liabilities,TradeAndOtherPayables,,,,,NetAssetsLiabilities,,,,
3,FONDO DE INVERSION COLETIVA INTERES,253105135,253105,DERIVADOS,0,0,EquityAndLiabilities,Liabilities,TradeAndOtherPayables,,,,,NetAssetsLiabilities,,,,
3,FONDO DE INVERSION COLETIVA INTERES,352505010,352505,PARTICIPACIONES EN FDO DE INVERSIÓN COLE,-3538552857328,-3703607445031,EquityAndLiabilities,Equity,EquityAttributableToOwnersOfParent,OtherEquityInterest,,,,,,,,
3,FONDO DE INVERSION COLETIVA INTERES,410355010,410355,REND X COMPROMISOS DE TRANSF OP SIM,0,-35887772571,EquityAndLiabilities,Equity,EquityAttributableToOwnersOfParent,OtherEquityInterest,ProfitLossFromContinuingOperations,ProfitLoss,ProfitLossBeforeTax,ProfitLossFromOperatingActivities,OtherExpenseByNature,OtherRevenue,,
3,FONDO DE INVERSION COLETIVA INTERES,410705105,410705,TÍTULOS DE TESORERÍA -TES,0,-8695197025,EquityAndLiabilities,Equity,EquityAttributableToOwnersOfParent,OtherEquityInterest,ProfitLossFromContinuingOperations,ProfitLoss,ProfitLossBeforeTax,ProfitLossFromOperatingActivities,Revenue,OtherRevenue,,AdjustmentsForDecreaseIncreaseInOtherCurrentAssets
3,FONDO DE INVERSION COLETIVA INTERES,411495012,411495,"(FI) OCCIDENTE Cau No,288810997",0,"-346805740,9",EquityAndLiabilities,Equity,EquityAttributableToOwnersOfParent,OtherEquityInterest,ProfitLossFromContinuingOperations,ProfitLoss,ProfitLossBeforeTax,ProfitLossFromOperatingActivities,Revenue,InterestIncomeOnCashAndCashEquivalents,,
3,FONDO DE INVERSION COLETIVA INTERES,411495020,411495,"(FI) BCO OCCIDENTE Cta No, 219885878",0,-4309530375,EquityAndLiabilities,Equity,EquityAttributableToOwnersOfParent,OtherEquityInterest,ProfitLossFromContinuingOperations,ProfitLoss,ProfitLossBeforeTax,ProfitLossFromOperatingActivities,Revenue,InterestIncomeOnCashAndCashEquivalents,,
3,FONDO DE INVERSION COLETIVA INTERES,411495022,411495,"(FI) COOPCENTRAL Cta No, 419009424",0,"-3134210,13",EquityAndLiabilities,Equity,EquityAttributableToOwnersOfParent,OtherEquityInterest,ProfitLossFromContinuingOperations,ProfitLoss,ProfitLossBeforeTax,ProfitLossFromOperatingActivities,Revenue,InterestIncomeOnCashAndCashEquivalents,,
3,FONDO DE INVERSION COLETIVA INTERES,411495031,411495,"(FI) BCO DAVIVIENDA Cta No, 482800035982",0,-4636998756,EquityAndLiabilities,Equity,EquityAttributableToOwnersOfParent,OtherEquityInterest,ProfitLossFromContinuingOperations,ProfitLoss,ProfitLossBeforeTax,ProfitLossFromOperatingActivities,Revenue,InterestIncomeOnCashAndCashEquivalents,,
3,FONDO DE INVERSION COLETIVA INTERES,411495032,411495,"(FI) BCO BOGOTA Cta No, 049335037",0,-1744227121,EquityAndLiabilities,Equity,EquityAttributableToOwnersOfParent,OtherEquityInterest,ProfitLossFromContinuingOperations,ProfitLoss,ProfitLossBeforeTax,ProfitLossFromOperatingActivities,Revenue,InterestIncomeOnCashAndCashEquivalents,,
3,FONDO DE INVERSION COLETIVA INTERES,411495036,411495,"(FI) BANCO COOPCENTRA Cta No, 419009626",0,"-60459557,39",EquityAndLiabilities,Equity,EquityAttributableToOwnersOfParent,OtherEquityInterest,ProfitLossFromContinuingOperations,ProfitLoss,ProfitLossBeforeTax,ProfitLossFromOperatingActivities,Revenue,InterestIncomeOnCashAndCashEquivalents,,
3,FONDO DE INVERSION COLETIVA INTERES,411495057,411495,"(FI) BCO COLPATRIA Cta No,0072967709",0,"-637474556,4",EquityAndLiabilities,Equity,EquityAttributableToOwnersOfParent,OtherEquityInterest,ProfitLossFromContinuingOperations,ProfitLoss,ProfitLossBeforeTax,ProfitLossFromOperatingActivities,Revenue,InterestIncomeOnCashAndCashEquivalents,,
3,FONDO DE INVERSION COLETIVA INTERES,411495059,411495,"(FI) BCO AGRARIO Cta No,408203020911",0,"-548947952,1",EquityAndLiabilities,Equity,EquityAttributableToOwnersOfParent,OtherEquityInterest,ProfitLossFromContinuingOperations,ProfitLoss,ProfitLossBeforeTax,ProfitLossFromOperatingActivities,Revenue,InterestIncomeOnCashAndCashEquivalents,,
3,FONDO DE INVERSION COLETIVA INTERES,411495081,411495,"(FI) POPULAR Cau No,066720632",0,"-737958,36",EquityAndLiabilities,Equity,EquityAttributableToOwnersOfParent,OtherEquityInterest,ProfitLossFromContinuingOperations,ProfitLoss,ProfitLossBeforeTax,ProfitLossFromOperatingActivities,Revenue,InterestIncomeOnCashAndCashEquivalents,,
3,FONDO DE INVERSION COLETIVA INTERES,411495196,411495,"(FI) DAVIVIENDA Cta Cau No,005070366637",0,-1832069304,EquityAndLiabilities,Equity,EquityAttributableToOwnersOfParent,OtherEquityInterest,ProfitLossFromContinuingOperations,ProfitLoss,ProfitLossBeforeTax,ProfitLossFromOperatingActivities,Revenue,InterestIncomeOnCashAndCashEquivalents,,
3,FONDO DE INVERSION COLETIVA INTERES,411495225,411495,"(FI) CAJA SOCIAL Cau No,24009362523",0,"-578393,49",EquityAndLiabilities,Equity,EquityAttributableToOwnersOfParent,OtherEquityInterest,ProfitLossFromContinuingOperations,ProfitLoss,ProfitLossBeforeTax,ProfitLossFromOperatingActivities,Revenue,InterestIncomeOnCashAndCashEquivalents,,
3,FONDO DE INVERSION COLETIVA INTERES,411495300,411495,INTERESES TÍTULOS,0,-75208178272,EquityAndLiabilities,Equity,EquityAttributableToOwnersOfParent,OtherEquityInterest,ProfitLossFromContinuingOperations,ProfitLoss,ProfitLossBeforeTax,ProfitLossFromOperatingActivities,Revenue,InterestIncomeOnCashAndCashEquivalents,,
3,FONDO DE INVERSION COLETIVA INTERES,411495382,411495,"(FI) CORFICOLOMBIANA Cau No,2111618",0,"-558135173,8",EquityAndLiabilities,Equity,EquityAttributableToOwnersOfParent,OtherEquityInterest,ProfitLossFromContinuingOperations,ProfitLoss,ProfitLossBeforeTax,ProfitLossFromOperatingActivities,Revenue,InterestIncomeOnCashAndCashEquivalents,,
3,FONDO DE INVERSION COLETIVA INTERES,411495618,411495,"(FI) CITIBANK Cau No,5060135012",0,-8348498,EquityAndLiabilities,Equity,EquityAttributableToOwnersOfParent,OtherEquityInterest,ProfitLossFromContinuingOperations,ProfitLoss,ProfitLossBeforeTax,ProfitLossFromOperatingActivities,Revenue,InterestIncomeOnCashAndCashEquivalents,,
3,FONDO DE INVERSION COLETIVA INTERES,411495847,411495,"(FI) FALABELLA Cau No, 156060093761",0,"-13730974,31",EquityAndLiabilities,Equity,EquityAttributableToOwnersOfParent,OtherEquityInterest,ProfitLossFromContinuingOperations,ProfitLoss,ProfitLossBeforeTax,ProfitLossFromOperatingActivities,Revenue,InterestIncomeOnCashAndCashEquivalents,,
3,FONDO DE INVERSION COLETIVA INTERES,412917010,412917,FUTUROS DE MONEDAS,0,0,EquityAndLiabilities,Equity,EquityAttributableToOwnersOfParent,OtherEquityInterest,ProfitLossFromContinuingOperations,ProfitLoss,ProfitLossBeforeTax,ProfitLossFromOperatingActivities,Revenue,,,AdjustmentsForDecreaseIncreaseInOtherCurrentAssets
3,FONDO DE INVERSION COLETIVA INTERES,413515015,413515,UT/PER REEXPRESIÓN OTROS ACTIVOS (DER CO,0,0,EquityAndLiabilities,Equity,EquityAttributableToOwnersOfParent,OtherEquityInterest,ProfitLossFromContinuingOperations,ProfitLoss,ProfitLossBeforeTax,ProfitLossFromOperatingActivities,OtherExpenseByNature,,,
3,FONDO DE INVERSION COLETIVA INTERES,413535015,413535,UT/PER REEXPRESIÓN OTROS PASIVOS (OBL VE,0,0,EquityAndLiabilities,Equity,EquityAttributableToOwnersOfParent,OtherEquityInterest,ProfitLossFromContinuingOperations,ProfitLoss,ProfitLossBeforeTax,ProfitLossFromOperatingActivities,OtherExpenseByNature,,,
3,FONDO DE INVERSION COLETIVA INTERES,510440010,510440,COMPDE TRANSFERENCIA EN OPER REPO,0,35104500,EquityAndLiabilities,Equity,EquityAttributableToOwnersOfParent,OtherEquityInterest,ProfitLossFromContinuingOperations,ProfitLoss,ProfitLossBeforeTax,ProfitLossFromOperatingActivities,OtherExpenseByNature,,,
3,FONDO DE INVERSION COLETIVA INTERES,511325010,511325,COMISION CUSTODIA FIJA,0,"331489385,1",EquityAndLiabilities,Equity,EquityAttributableToOwnersOfParent,OtherEquityInterest,ProfitLossFromContinuingOperations,ProfitLoss,ProfitLossBeforeTax,ProfitLossFromOperatingActivities,OtherExpenseByNature,BrokerageFeeExpense,FeeAndCommissionExpense,FeeAndCommissionIncomeExpense
3,FONDO DE INVERSION COLETIVA INTERES,511512010,511512,GASTOS BANCARIOS,0,"751981136,4",EquityAndLiabilities,Equity,EquityAttributableToOwnersOfParent,OtherEquityInterest,ProfitLossFromContinuingOperations,ProfitLoss,ProfitLossBeforeTax,ProfitLossFromOperatingActivities,OtherExpenseByNature,OtherFeeAndCommissionExpense,FeeAndCommissionExpense,FeeAndCommissionIncomeExpense
3,FONDO DE INVERSION COLETIVA INTERES,511548010,511548,"COMISION DE ADMINISTRACION R,F,",0,23721622272,EquityAndLiabilities,Equity,EquityAttributableToOwnersOfParent,OtherEquityInterest,ProfitLossFromContinuingOperations,ProfitLoss,ProfitLossBeforeTax,ProfitLossFromOperatingActivities,OtherExpenseByNature,OtherFeeAndCommissionExpense,FeeAndCommissionExpense,FeeAndCommissionIncomeExpense
3,FONDO DE INVERSION COLETIVA INTERES,511595010,511595,COMISION BURSATILES,0,"1175874,7",EquityAndLiabilities,Equity,EquityAttributableToOwnersOfParent,OtherEquityInterest,ProfitLossFromContinuingOperations,ProfitLoss,ProfitLossBeforeTax,ProfitLossFromOperatingActivities,OtherExpenseByNature,OtherFeeAndCommissionExpense,FeeAndCommissionExpense,FeeAndCommissionIncomeExpense
3,FONDO DE INVERSION COLETIVA INTERES,512505115,512505,OTROS EMISORES NACIONALES,0,2673857375,EquityAndLiabilities,Equity,EquityAttributableToOwnersOfParent,OtherEquityInterest,ProfitLossFromContinuingOperations,ProfitLoss,ProfitLossBeforeTax,ProfitLossFromOperatingActivities,OtherExpenseByNature,,,
3,FONDO DE INVERSION COLETIVA INTERES,512917010,512917,PERDIDA FUTUROS DE MONEDAS,0,0,EquityAndLiabilities,Equity,EquityAttributableToOwnersOfParent,OtherEquityInterest,ProfitLossFromContinuingOperations,ProfitLoss,ProfitLossBeforeTax,ProfitLossFromOperatingActivities,OtherExpenseByNature,,,AdjustmentsForDecreaseIncreaseInOtherCurrentAssets
3,FONDO DE INVERSION COLETIVA INTERES,513095010,513095,CALIFICADORA DE VALORES,0,"17036782,47",EquityAndLiabilities,Equity,EquityAttributableToOwnersOfParent,OtherEquityInterest,ProfitLossFromContinuingOperations,ProfitLoss,ProfitLossBeforeTax,ProfitLossFromOperatingActivities,OtherExpenseByNature,,,
3,FONDO DE INVERSION COLETIVA INTERES,513535010,513535,DIFERENCIA EN CAMBIO,0,"367905040,4",EquityAndLiabilities,Equity,EquityAttributableToOwnersOfParent,OtherEquityInterest,ProfitLossFromContinuingOperations,ProfitLoss,ProfitLossBeforeTax,ProfitLossFromOperatingActivities,OtherExpenseByNature,,,
3,FONDO DE INVERSION COLETIVA INTERES,514005010,514005,IMPUESTO A LOS MOVIMIENTOS FINANCIEROS,0,"20844755,75",EquityAndLiabilities,Equity,EquityAttributableToOwnersOfParent,OtherEquityInterest,ProfitLossFromContinuingOperations,ProfitLoss,ProfitLossBeforeTax,ProfitLossFromOperatingActivities,OtherExpenseByNature,,,
3,FONDO DE INVERSION COLETIVA INTERES,514005011,514005,IMPOVENTAS,0,"2287288,69",EquityAndLiabilities,Equity,EquityAttributableToOwnersOfParent,OtherEquityInterest,ProfitLossFromContinuingOperations,ProfitLoss,ProfitLossBeforeTax,ProfitLossFromOperatingActivities,OtherExpenseByNature,,,
3,FONDO DE INVERSION COLETIVA INTERES,519095004,519095,MERCADO ELECTRONICO COLOMBIANO (MEC),0,"4619539,92",EquityAndLiabilities,Equity,EquityAttributableToOwnersOfParent,OtherEquityInterest,ProfitLossFromContinuingOperations,ProfitLoss,ProfitLossBeforeTax,ProfitLossFromOperatingActivities,OtherExpenseByNature,,,
3,FONDO DE INVERSION COLETIVA INTERES,519095999,519095,OTROS,0,"1336,49",EquityAndLiabilities,Equity,EquityAttributableToOwnersOfParent,OtherEquityInterest,ProfitLossFromContinuingOperations,ProfitLoss,ProfitLossBeforeTax,ProfitLossFromOperatingActivities,OtherExpenseByNature,,,
3,FONDO DE INVERSION COLETIVA INTERES,590505020,590505,UTILIDAD/PERDIDA PAGADA EN REDENCIONES,0,141638341545,EquityAndLiabilities,Equity,EquityAttributableToOwnersOfParent,OtherEquityInterest,,,,,,,,
3,FONDO DE INVERSION COLETIVA INTERES,810505115,810505,OTROS EMISORES NACIONALES,2039855704100,1997426167677,EquityAndLiabilities,Equity,EquityAttributableToOwnersOfParent,,,,,,,,,
3,FONDO DE INVERSION COLETIVA INTERES,821510010,821510,EN OTROS INSTRUMENTOS FINANCIEROS,0,0,EquityAndLiabilities,Equity,EquityAttributableToOwnersOfParent,,,,,,,,,
3,FONDO DE INVERSION COLETIVA INTERES,840505010,840505,ACREEDORAS POR CONTRA,402932389025,703067120690,EquityAndLiabilities,Equity,EquityAttributableToOwnersOfParent,,,,,,,,,
6,FONDO DE INVERSION COLECTIVA ACCIONES GLOBALES,111505001,111505,"(FA) Colpatria Cta No, 0062513018","2547615,38","2617174,69",Assets,,CashAndCashEquivalents,BalancesWithBanks,Cash,,,NetAssetsLiabilities,,,,
6,FONDO DE INVERSION COLECTIVA ACCIONES GLOBALES,111505012,111505,"(FA) BANCO BBVA Cta Ah No, 895000111",82251,82251,Assets,,CashAndCashEquivalents,BalancesWithBanks,Cash,,,NetAssetsLiabilities,,,,
6,FONDO DE INVERSION COLECTIVA ACCIONES GLOBALES,111505194,111505,"(FA) DAVIVIENDA Cta No,005070366652","139084246,9","11846796,66",Assets,,CashAndCashEquivalents,BalancesWithBanks,Cash,,,NetAssetsLiabilities,,,,
6,FONDO DE INVERSION COLECTIVA ACCIONES GLOBALES,111505385,111505,"(FA) REPUBLICA Cta No,62255443","1,11","136329,33",Assets,,CashAndCashEquivalents,BalancesWithBanks,Cash,,,NetAssetsLiabilities,,,,
6,FONDO DE INVERSION COLECTIVA ACCIONES GLOBALES,111505492,111505,"(FA) DAVIVIENDA Cta No,005070350797","18868841,44","153595900,2",Assets,,CashAndCashEquivalents,BalancesWithBanks,Cash,,,NetAssetsLiabilities,,,,
3,FONDO DE INVERSION COLETIVA INTERES,411495041,411495,"(FI) BNP PARIBAS Cau No,0500100018800173",0,"-3036295,95",EquityAndLiabilities,Equity,EquityAttributableToOwnersOfParent,OtherEquityInterest,ProfitLossFromContinuingOperations,ProfitLoss,ProfitLossBeforeTax,ProfitLossFromOperatingActivities,Revenue,InterestIncomeOnCashAndCashEquivalents,,
3,FONDO DE INVERSION COLETIVA INTERES,411495052,411495,"(FI) BANCO POPULAR Cta No, 500805563532",0,-1192166716,EquityAndLiabilities,Equity,EquityAttributableToOwnersOfParent,OtherEquityInterest,ProfitLossFromContinuingOperations,ProfitLoss,ProfitLossBeforeTax,ProfitLossFromOperatingActivities,Revenue,InterestIncomeOnCashAndCashEquivalents,,
3,FONDO DE INVERSION COLETIVA INTERES,411495053,411495,"(FI) BANCOLOMBIA Cta No, 69000008134",0,-1510179598,EquityAndLiabilities,Equity,EquityAttributableToOwnersOfParent,OtherEquityInterest,ProfitLossFromContinuingOperations,ProfitLoss,ProfitLossBeforeTax,ProfitLossFromOperatingActivities,Revenue,InterestIncomeOnCashAndCashEquivalents,,
3,FONDO DE INVERSION COLETIVA INTERES,411495056,411495,"(FI) AV VILLAS Cau No,065035206",0,-1020109,EquityAndLiabilities,Equity,EquityAttributableToOwnersOfParent,OtherEquityInterest,ProfitLossFromContinuingOperations,ProfitLoss,ProfitLossBeforeTax,ProfitLossFromOperatingActivities,Revenue,InterestIncomeOnCashAndCashEquivalents,,
3,FONDO DE INVERSION COLETIVA INTERES,411495058,411495,"(FI) BCO FALABELLA Cta No,159920000166",0,"-348566678,2",EquityAndLiabilities,Equity,EquityAttributableToOwnersOfParent,OtherEquityInterest,ProfitLossFromContinuingOperations,ProfitLoss,ProfitLossBeforeTax,ProfitLossFromOperatingActivities,Revenue,InterestIncomeOnCashAndCashEquivalents,,
3,FONDO DE INVERSION COLETIVA INTERES,411495060,411495,"(FI) BANCO CITIBANK Cta No,5060135055",0,-260848640,EquityAndLiabilities,Equity,EquityAttributableToOwnersOfParent,OtherEquityInterest,ProfitLossFromContinuingOperations,ProfitLoss,ProfitLossBeforeTax,ProfitLossFromOperatingActivities,Revenue,InterestIncomeOnCashAndCashEquivalents,,
3,FONDO DE INVERSION COLETIVA INTERES,411495071,411495,"(FI) HELM BANK S,A, Cau No,007302011",0,"-432826,71",EquityAndLiabilities,Equity,EquityAttributableToOwnersOfParent,OtherEquityInterest,ProfitLossFromContinuingOperations,ProfitLoss,ProfitLossBeforeTax,ProfitLossFromOperatingActivities,Revenue,InterestIncomeOnCashAndCashEquivalents,,
3,FONDO DE INVERSION COLETIVA INTERES,411495090,411495,(FI) JP MORGAN Cau 2600000083,0,"-960925543,6",EquityAndLiabilities,Equity,EquityAttributableToOwnersOfParent,OtherEquityInterest,ProfitLossFromContinuingOperations,ProfitLoss,ProfitLossBeforeTax,ProfitLossFromOperatingActivities,Revenue,InterestIncomeOnCashAndCashEquivalents,,
3,FONDO DE INVERSION COLETIVA INTERES,411495101,411495,"(FI) GNB SUDAMERIS Cau No,90060000070",0,"-12223317,93",EquityAndLiabilities,Equity,EquityAttributableToOwnersOfParent,OtherEquityInterest,ProfitLossFromContinuingOperations,ProfitLoss,ProfitLossBeforeTax,ProfitLossFromOperatingActivities,Revenue,InterestIncomeOnCashAndCashEquivalents,,
3,FONDO DE INVERSION COLETIVA INTERES,411495151,411495,"(FI) CORPBANCA Cta No,051006755",0,"-272358,28",EquityAndLiabilities,Equity,EquityAttributableToOwnersOfParent,OtherEquityInterest,ProfitLossFromContinuingOperations,ProfitLoss,ProfitLossBeforeTax,ProfitLossFromOperatingActivities,Revenue,InterestIncomeOnCashAndCashEquivalents,,
3,FONDO DE INVERSION COLETIVA INTERES,411495197,411495,"(FI)BBVA Cta Cau No,895000586",0,-126606425,EquityAndLiabilities,Equity,EquityAttributableToOwnersOfParent,OtherEquityInterest,ProfitLossFromContinuingOperations,ProfitLoss,ProfitLossBeforeTax,ProfitLossFromOperatingActivities,Revenue,InterestIncomeOnCashAndCashEquivalents,,
3,FONDO DE INVERSION COLETIVA INTERES,411495321,411495,"(FI) BANCOLOMBIA Cau No,04882033479",0,-65956292,EquityAndLiabilities,Equity,EquityAttributableToOwnersOfParent,OtherEquityInterest,ProfitLossFromContinuingOperations,ProfitLoss,ProfitLossBeforeTax,ProfitLossFromOperatingActivities,Revenue,InterestIncomeOnCashAndCashEquivalents,,
3,FONDO DE INVERSION COLETIVA INTERES,411495621,411495,"(FI) BANCOOMEVA Cau No, 050301555601",0,"-89879,39",EquityAndLiabilities,Equity,EquityAttributableToOwnersOfParent,OtherEquityInterest,ProfitLossFromContinuingOperations,ProfitLoss,ProfitLossBeforeTax,ProfitLossFromOperatingActivities,Revenue,InterestIncomeOnCashAndCashEquivalents,,
3,FONDO DE INVERSION COLETIVA INTERES,411495631,411495,"(FI) AGRARIO Cta No, 408203013514",0,"-35086,93",EquityAndLiabilities,Equity,EquityAttributableToOwnersOfParent,OtherEquityInterest,ProfitLossFromContinuingOperations,ProfitLoss,ProfitLossBeforeTax,ProfitLossFromOperatingActivities,Revenue,InterestIncomeOnCashAndCashEquivalents,,
3,FONDO DE INVERSION COLETIVA INTERES,411495887,411495,"(FI) BANCO W Cta Cau No,900064598200002",0,"-45875669,58",EquityAndLiabilities,Equity,EquityAttributableToOwnersOfParent,OtherEquityInterest,ProfitLossFromContinuingOperations,ProfitLoss,ProfitLossBeforeTax,ProfitLossFromOperatingActivities,Revenue,InterestIncomeOnCashAndCashEquivalents,,
3,FONDO DE INVERSION COLETIVA INTERES,411495888,411495,"(FI) BANCO W Cta Cau No,900064598200001",0,"-26541636,26",EquityAndLiabilities,Equity,EquityAttributableToOwnersOfParent,OtherEquityInterest,ProfitLossFromContinuingOperations,ProfitLoss,ProfitLossBeforeTax,ProfitLossFromOperatingActivities,Revenue,InterestIncomeOnCashAndCashEquivalents,,
3,FONDO DE INVERSION COLETIVA INTERES,412505105,412505,TÍTULOS DE TESORERÍA -TES,0,-5797107768,EquityAndLiabilities,Equity,EquityAttributableToOwnersOfParent,OtherEquityInterest,ProfitLossFromContinuingOperations,ProfitLoss,ProfitLossBeforeTax,ProfitLossFromOperatingActivities,Revenue,,,
3,FONDO DE INVERSION COLETIVA INTERES,412505115,412505,OTROS EMISORES NACIONALES,0,-2598684900,EquityAndLiabilities,Equity,EquityAttributableToOwnersOfParent,OtherEquityInterest,ProfitLossFromContinuingOperations,ProfitLoss,ProfitLossBeforeTax,ProfitLossFromOperatingActivities,Revenue,,,
3,FONDO DE INVERSION COLETIVA INTERES,412917020,412917,UTILIDAD DERIVADOS DE MONEDA,0,-103830,EquityAndLiabilities,Equity,EquityAttributableToOwnersOfParent,OtherEquityInterest,ProfitLossFromContinuingOperations,ProfitLoss,ProfitLossBeforeTax,ProfitLossFromOperatingActivities,Revenue,,,AdjustmentsForDecreaseIncreaseInOtherCurrentAssets
3,FONDO DE INVERSION COLETIVA INTERES,413515010,413515,DIFERENCIA EN CAMBIO,0,"-549688877,5",EquityAndLiabilities,Equity,EquityAttributableToOwnersOfParent,OtherEquityInterest,ProfitLossFromContinuingOperations,ProfitLoss,ProfitLossBeforeTax,ProfitLossFromOperatingActivities,OtherExpenseByNature,,,
3,FONDO DE INVERSION COLETIVA INTERES,413535010,413535,REEXPRESION OTROS PASIVOS,0,0,EquityAndLiabilities,Equity,EquityAttributableToOwnersOfParent,OtherEquityInterest,ProfitLossFromContinuingOperations,ProfitLoss,ProfitLossBeforeTax,ProfitLossFromOperatingActivities,OtherExpenseByNature,,,
3,FONDO DE INVERSION COLETIVA INTERES,419595030,419595,OTROS,0,"-221922995,5",EquityAndLiabilities,Equity,EquityAttributableToOwnersOfParent,OtherEquityInterest,ProfitLossFromContinuingOperations,ProfitLoss,ProfitLossBeforeTax,ProfitLossFromOperatingActivities,Revenue,OtherRevenue,,
3,FONDO DE INVERSION COLETIVA INTERES,510605115,510605,OTROS EMISORES NACIONALES,0,4501579700,EquityAndLiabilities,Equity,EquityAttributableToOwnersOfParent,OtherEquityInterest,ProfitLossFromContinuingOperations,ProfitLoss,ProfitLossBeforeTax,ProfitLossFromOperatingActivities,OtherExpenseByNature,,,AdjustmentsForDecreaseIncreaseInOtherCurrentAssets
3,FONDO DE INVERSION COLETIVA INTERES,512505105,512505,TÍTULOS DE TESORERÍA -TES,0,0,EquityAndLiabilities,Equity,EquityAttributableToOwnersOfParent,OtherEquityInterest,ProfitLossFromContinuingOperations,ProfitLoss,ProfitLossBeforeTax,ProfitLossFromOperatingActivities,OtherExpenseByNature,,,
3,FONDO DE INVERSION COLETIVA INTERES,512905010,512905,FORWARDS DE COMPRA DE MONEDAS PESO/DÓLAR,0,62289000,EquityAndLiabilities,Equity,EquityAttributableToOwnersOfParent,OtherEquityInterest,ProfitLossFromContinuingOperations,ProfitLoss,ProfitLossBeforeTax,ProfitLossFromOperatingActivities,Revenue,,,
3,FONDO DE INVERSION COLETIVA INTERES,513015003,513015,REVISORIA FISCAL,0,"12429441,91",EquityAndLiabilities,Equity,EquityAttributableToOwnersOfParent,OtherEquityInterest,ProfitLossFromContinuingOperations,ProfitLoss,ProfitLossBeforeTax,ProfitLossFromOperatingActivities,OtherExpenseByNature,,,
3,FONDO DE INVERSION COLETIVA INTERES,519095006,519095,CUENTAS DE DEPOSITO (CUD),0,"2051655,7",EquityAndLiabilities,Equity,EquityAttributableToOwnersOfParent,OtherEquityInterest,ProfitLossFromContinuingOperations,ProfitLoss,ProfitLossBeforeTax,ProfitLossFromOperatingActivities,OtherExpenseByNature,,,
3,FONDO DE INVERSION COLETIVA INTERES,519095007,519095,COMISION SAE CUSTODIO,0,"4543811,33",EquityAndLiabilities,Equity,EquityAttributableToOwnersOfParent,OtherEquityInterest,ProfitLossFromContinuingOperations,ProfitLoss,ProfitLossBeforeTax,ProfitLossFromOperatingActivities,OtherExpenseByNature,,,
3,FONDO DE INVERSION COLETIVA INTERES,590505010,590505,CANCELACION DE INGRESOS RF,0,17908622517,EquityAndLiabilities,Equity,EquityAttributableToOwnersOfParent,OtherEquityInterest,,,,,,,,
3,FONDO DE INVERSION COLETIVA INTERES,590505015,590505,CANCELACION DE INGRESOS RV,0,"3001,07",EquityAndLiabilities,Equity,EquityAttributableToOwnersOfParent,OtherEquityInterest,,,,,,,,
3,FONDO DE INVERSION COLETIVA INTERES,810505105,810505,TÍTULOS DE TESORERÍA -TES,229441490149,322924752000,EquityAndLiabilities,Equity,EquityAttributableToOwnersOfParent,,,,,,,,,
3,FONDO DE INVERSION COLETIVA INTERES,821505010,821505,EN TITULOS DE TESORERIA - TES,-402932389025,-703067120690,EquityAndLiabilities,Equity,EquityAttributableToOwnersOfParent,,,,,,,,,
3,FONDO DE INVERSION COLETIVA INTERES,830505010,830505,DEUDORAS POR CONTRA,-2269297194249,-2320350919677,EquityAndLiabilities,Equity,EquityAttributableToOwnersOfParent,,,,,,,,,
6,FONDO DE INVERSION COLECTIVA ACCIONES GLOBALES,111505003,111505,"(FA) BANCOLOMBIA Cta No, 04882034297","5221475,26","16299782,23",Assets,,CashAndCashEquivalents,BalancesWithBanks,Cash,,,NetAssetsLiabilities,,,,
6,FONDO DE INVERSION COLECTIVA ACCIONES GLOBALES,111505005,111505,"(FA) DAVIVIENDA Cta No,005069993078","3333367,19","3330674,06",Assets,,CashAndCashEquivalents,BalancesWithBanks,Cash,,,NetAssetsLiabilities,,,,
6,FONDO DE INVERSION COLECTIVA ACCIONES GLOBALES,111510156,111510,BCO BOGOTA MIAMI CTA: 90829,"18916897,8","23604093,8",Assets,,CashAndCashEquivalents,BalancesWithBanks,Cash,,,NetAssetsLiabilities,,,,
6,FONDO DE INVERSION COLECTIVA ACCIONES GLOBALES,122005010,122005,"COMP DE TRANSF DE INV EN OP, SIM",0,0,Assets,,CashAndCashEquivalents,BalancesWithBanks,Cash,,,NetAssetsLiabilities,,,,
6,FONDO DE INVERSION COLECTIVA ACCIONES GLOBALES,130210200,130210,EMISORES EXTRANJEROS,17047558138,18435808518,Assets,,Inversiones,ActivosFinancierosCorrientesValorRazonableCambiosResultadosInversiones,InversionesNegociables,NegociablesInstrumentosPatrimonio,,NetAssetsLiabilities,,,,
6,FONDO DE INVERSION COLECTIVA ACCIONES GLOBALES,135115200,135115,DERECHO DE COMPRA TITULOS,2244156046,0,Assets,,Inversiones,ActivosFinancierosCorrientesValorRazonableCambiosResultadosInversiones,InversionesNegociables,NegociablesInstrumentosPatrimonio,,NetAssetsLiabilities,,,,
6,FONDO DE INVERSION COLECTIVA ACCIONES GLOBALES,135115300,135115,DERECHO DE COMPRA TITULOS,0,0,Assets,,Inversiones,ActivosFinancierosCorrientesValorRazonableCambiosResultadosInversiones,InversionesNegociables,NegociablesInstrumentosPatrimonio,,NetAssetsLiabilities,,,,
6,FONDO DE INVERSION COLECTIVA ACCIONES GLOBALES,135120300,135120,DERECHO DE VENTA TITULOS,2593240,2593240,Assets,,Inversiones,ActivosFinancierosCorrientesValorRazonableCambiosResultadosInversiones,InversionesNegociables,NegociablesInstrumentosPatrimonio,,NetAssetsLiabilities,,,,
6,FONDO DE INVERSION COLECTIVA ACCIONES GLOBALES,135135010,135135,OBLIGACIÓN DE VENTA SOBRE DIVISAS,0,0,,,,,,,,,,,,
6,FONDO DE INVERSION COLECTIVA ACCIONES GLOBALES,135140300,135140,OBLIGACION DE COMPRA TITULOS,5646560,5646560,Assets,,Inversiones,ActivosFinancierosCorrientesValorRazonableCambiosResultadosInversiones,InversionesNegociables,NegociablesInstrumentosPatrimonio,,NetAssetsLiabilities,,,,
6,FONDO DE INVERSION COLECTIVA ACCIONES GLOBALES,135145200,135145,OBLIGACION DE VENTA SOBRE TÍTULOS,"-462812518,4",0,Assets,,Inversiones,ActivosFinancierosCorrientesValorRazonableCambiosResultadosInversiones,InversionesNegociables,NegociablesInstrumentosPatrimonio,,NetAssetsLiabilities,,,,
6,FONDO DE INVERSION COLECTIVA ACCIONES GLOBALES,135145300,135145,OBLIGACION VENTA TITULOS,0,0,Assets,,Inversiones,ActivosFinancierosCorrientesValorRazonableCambiosResultadosInversiones,InversionesNegociables,NegociablesInstrumentosPatrimonio,,NetAssetsLiabilities,,,,
6,FONDO DE INVERSION COLECTIVA ACCIONES GLOBALES,161695004,161695,"(LD) BCO DAVIVIENDA cta No,482800025215","774304,68","777030,67",Assets,,TradeAndOtherReceivables,,,,,NetAssetsLiabilities,,,,
6,FONDO DE INVERSION COLECTIVA ACCIONES GLOBALES,161695010,161695,"(FA) BCO OCCIDENTE Cta No, 219886793","391590,69","167026,66",Assets,,TradeAndOtherReceivables,,,,,NetAssetsLiabilities,,,,
6,FONDO DE INVERSION COLECTIVA ACCIONES GLOBALES,161695012,161695,"(AA) Davivienda Panam Ah Cta,10001015157","-1102,19","44316,21",Assets,,TradeAndOtherReceivables,,,,,NetAssetsLiabilities,,,,
6,FONDO DE INVERSION COLECTIVA ACCIONES GLOBALES,161695034,161695,"(FA) BOGOTA Cau No,049216492","471857,5","204487,21",Assets,,TradeAndOtherReceivables,,,,,NetAssetsLiabilities,,,,
6,FONDO DE INVERSION COLECTIVA ACCIONES GLOBALES,161695130,161695,"(FA) ALL FUNDS Cau No, 1110500576003","6921710,23","6238010,13",Assets,,TradeAndOtherReceivables,,,,,NetAssetsLiabilities,,,,
6,FONDO DE INVERSION COLECTIVA ACCIONES GLOBALES,161695160,161695,"(FA) OCCIDENTAL BANK Cau No, 509078","1350673,18","1309756,24",Assets,,TradeAndOtherReceivables,,,,,NetAssetsLiabilities,,,,
6,FONDO DE INVERSION COLECTIVA ACCIONES GLOBALES,161695194,161695,"(FA) DAVIVIENDA Cta Cau No,005070366652","60416,4","6544,36",Assets,,TradeAndOtherReceivables,,,,,NetAssetsLiabilities,,,,
6,FONDO DE INVERSION COLECTIVA ACCIONES GLOBALES,161695494,161695,"(FA) DAVIVIENDA Cau No, 005069994274","582,21","582,21",Assets,,TradeAndOtherReceivables,,,,,NetAssetsLiabilities,,,,
6,FONDO DE INVERSION COLECTIVA ACCIONES GLOBALES,161795020,161795,OTROS,0,0,Assets,,TradeAndOtherReceivables,,,,,NetAssetsLiabilities,,,,
6,FONDO DE INVERSION COLECTIVA ACCIONES GLOBALES,162825010,162825,EN GARANTIA,25224444,164443889,Assets,,TradeAndOtherReceivables,,,,,NetAssetsLiabilities,,,,
6,FONDO DE INVERSION COLECTIVA ACCIONES GLOBALES,192595002,192595,CUENTAS DE DEPOSITO (CUD),0,"11090,17",Assets,,OtherNonfinancialAssets,,,,,NetAssetsLiabilities,,,,
6,FONDO DE INVERSION COLECTIVA ACCIONES GLOBALES,192595003,192595,REVISORIA FISCAL,0,0,Assets,,OtherNonfinancialAssets,,,,,NetAssetsLiabilities,,,,
6,FONDO DE INVERSION COLECTIVA ACCIONES GLOBALES,225015011,225015,DERECHO COMPRA SOBRE TITULOS,0,0,EquityAndLiabilities,Liabilities,OtherFinancialLiabilities,,,,,NetAssetsLiabilities,,,,
6,FONDO DE INVERSION COLECTIVA ACCIONES GLOBALES,225020300,225020,DERECHO VENTA TITULOS,0,0,EquityAndLiabilities,Liabilities,OtherFinancialLiabilities,,,,,NetAssetsLiabilities,,,,
6,FONDO DE INVERSION COLECTIVA ACCIONES GLOBALES,225045300,225045,OBLIGACION VENTA TITULOS,0,0,EquityAndLiabilities,Liabilities,OtherFinancialLiabilities,,,,,NetAssetsLiabilities,,,,
6,FONDO DE INVERSION COLECTIVA ACCIONES GLOBALES,250105035,250105,Revisoria Fiscal,0,0,EquityAndLiabilities,Liabilities,TradeAndOtherPayables,,,,,NetAssetsLiabilities,,,,
6,FONDO DE INVERSION COLECTIVA ACCIONES GLOBALES,250110015,250110,COMISION DE ADMINISTRACION,"-1697482,3","-797288,18",EquityAndLiabilities,Liabilities,TradeAndOtherPayables,,,,,NetAssetsLiabilities,,,,
6,FONDO DE INVERSION COLECTIVA ACCIONES GLOBALES,250295037,250295,CUENTAS DE DEPOSITO (CUD),0,0,EquityAndLiabilities,Liabilities,TradeAndOtherPayables,,,,,NetAssetsLiabilities,,,,
6,FONDO DE INVERSION COLECTIVA ACCIONES GLOBALES,250295038,250295,COMISION SAE CUSTODIO,0,0,EquityAndLiabilities,Liabilities,TradeAndOtherPayables,,,,,NetAssetsLiabilities,,,,
6,FONDO DE INVERSION COLECTIVA ACCIONES GLOBALES,250295050,250295,OTROS PROVEEDORES,0,0,EquityAndLiabilities,Liabilities,TradeAndOtherPayables,,,,,NetAssetsLiabilities,,,,
6,FONDO DE INVERSION COLECTIVA ACCIONES GLOBALES,253105110,253105,CUENTA COMPENSACION,"-380822292,8","-380822292,8",EquityAndLiabilities,Liabilities,TradeAndOtherPayables,,,,,NetAssetsLiabilities,,,,
6,FONDO DE INVERSION COLECTIVA ACCIONES GLOBALES,253105220,253105,CUENTA DE COMPENSACION DIVISAS,0,0,EquityAndLiabilities,Liabilities,TradeAndOtherPayables,,,,,NetAssetsLiabilities,,,,
6,FONDO DE INVERSION COLECTIVA ACCIONES GLOBALES,352505010,352505,PARTICIPACIONES EN FDO DE INVERSIÓN COLE,-21505217306,-20222173386,EquityAndLiabilities,Equity,EquityAttributableToOwnersOfParent,OtherEquityInterest,,,,,,,,
6,FONDO DE INVERSION COLECTIVA ACCIONES GLOBALES,111505006,111505,"(FA) BCO BOGOTÁ Cta No,049335045","52627887,61","4403996,61",Assets,,CashAndCashEquivalents,BalancesWithBanks,Cash,,,NetAssetsLiabilities,,,,
6,FONDO DE INVERSION COLECTIVA ACCIONES GLOBALES,111505007,111505,"(FA) BANCOLOMBIA Cta No,69000008135","234280671,5","43375908,49",Assets,,CashAndCashEquivalents,BalancesWithBanks,Cash,,,NetAssetsLiabilities,,,,
6,FONDO DE INVERSION COLECTIVA ACCIONES GLOBALES,111505008,111505,"(FA) BANCO COLPATRIA Cta No,0072967710","112224409,1","8424710,7",Assets,,CashAndCashEquivalents,BalancesWithBanks,Cash,,,NetAssetsLiabilities,,,,
6,FONDO DE INVERSION COLECTIVA ACCIONES GLOBALES,111505010,111505,"(FA) BCO OCCIDENTE Cta No, 219886793","611769570,7","126042624,3",Assets,,CashAndCashEquivalents,BalancesWithBanks,Cash,,,NetAssetsLiabilities,,,,
6,FONDO DE INVERSION COLECTIVA ACCIONES GLOBALES,111505033,111505,"(FA) BOGOTA Cta No,049216492","69355284,5","21863055,5",Assets,,CashAndCashEquivalents,BalancesWithBanks,Cash,,,NetAssetsLiabilities,,,,
6,FONDO DE INVERSION COLECTIVA ACCIONES GLOBALES,111505035,111505,"(FA) OCCIDENTE Cta No,288821390","27145426,13","25639225,73",Assets,,CashAndCashEquivalents,BalancesWithBanks,Cash,,,NetAssetsLiabilities,,,,
6,FONDO DE INVERSION COLECTIVA ACCIONES GLOBALES,111505106,111505,"(FA) BANCOLOMBIA Cta No,17854125032","5807226,48","4141,74",Assets,,CashAndCashEquivalents,BalancesWithBanks,Cash,,,NetAssetsLiabilities,,,,
6,FONDO DE INVERSION COLECTIVA ACCIONES GLOBALES,111505159,111505,CUSTODIO BANCO REPUBLICA,0,0,Assets,,CashAndCashEquivalents,BalancesWithBanks,Cash,,,NetAssetsLiabilities,,,,
6,FONDO DE INVERSION COLECTIVA ACCIONES GLOBALES,111510001,111510,(AA) Davivienda Panam Ah Cta:10001015157,21800607,"20223099,89",Assets,,CashAndCashEquivalents,BalancesWithBanks,Cash,,,NetAssetsLiabilities,,,,
6,FONDO DE INVERSION COLECTIVA ACCIONES GLOBALES,111510130,111510,ALL FUNDS CTA: 1110500576003,"5476470,1","3595804,92",Assets,,CashAndCashEquivalents,BalancesWithBanks,Cash,,,NetAssetsLiabilities,,,,
6,FONDO DE INVERSION COLECTIVA ACCIONES GLOBALES,111510154,111510,CITIBANK NEW YORK CTA: 27075100,2585916598,"50497242,59",Assets,,CashAndCashEquivalents,BalancesWithBanks,Cash,,,NetAssetsLiabilities,,,,
6,FONDO DE INVERSION COLECTIVA ACCIONES GLOBALES,111510155,111510,BANCOLOMBIA PANAMA CTA: 80100008440,"22205883,21","20367167,4",Assets,,CashAndCashEquivalents,BalancesWithBanks,Cash,,,NetAssetsLiabilities,,,,
6,FONDO DE INVERSION COLECTIVA ACCIONES GLOBALES,111510160,111510,OCCIDENTAL BANK BARBADOS CTA: 509078,"22519186,11","20623646,9",Assets,,CashAndCashEquivalents,BalancesWithBanks,Cash,,,NetAssetsLiabilities,,,,
6,FONDO DE INVERSION COLECTIVA ACCIONES GLOBALES,111510999,111510,OCCIDENTAL COLOMBIA CTA PUENTE,0,0,Assets,,CashAndCashEquivalents,BalancesWithBanks,Cash,,,NetAssetsLiabilities,,,,
6,FONDO DE INVERSION COLECTIVA ACCIONES GLOBALES,130205300,130205,EMISORES NACIONALES,-388079955,"169091707,9",Assets,,Inversiones,ActivosFinancierosCorrientesValorRazonableCambiosResultadosInversiones,InversionesNegociables,NegociablesInstrumentosPatrimonio,,NetAssetsLiabilities,,,,
6,FONDO DE INVERSION COLECTIVA ACCIONES GLOBALES,130205300,130205,EMISORES NACIONALES,880278915,880278915,Assets,,Inversiones,ActivosFinancierosCorrientesValorRazonableCambiosResultadosInversiones,InversionesNegociables,NegociablesInstrumentosPatrimonio,,NetAssetsLiabilities,,,,
6,FONDO DE INVERSION COLECTIVA ACCIONES GLOBALES,135105010,135105,DERECHO DE COMPRA SOBRE DIVISAS,0,0,,,,,,,,,,,,
6,FONDO DE INVERSION COLECTIVA ACCIONES GLOBALES,135110010,135110,DERECHO DE VENTA SOBRE DIVISAS,0,0,,,,,,,,,,,,
6,FONDO DE INVERSION COLECTIVA ACCIONES GLOBALES,135120200,135120,DERECHO DE VENTA SOBRE TÍTULOS,"464327748,8",0,Assets,,Inversiones,ActivosFinancierosCorrientesValorRazonableCambiosResultadosInversiones,InversionesNegociables,NegociablesInstrumentosPatrimonio,,NetAssetsLiabilities,,,,
6,FONDO DE INVERSION COLECTIVA ACCIONES GLOBALES,135120300,135120,DERECHO DE VENTA TITULOS,-2593240,-2593240,Assets,,Inversiones,ActivosFinancierosCorrientesValorRazonableCambiosResultadosInversiones,InversionesNegociables,NegociablesInstrumentosPatrimonio,,NetAssetsLiabilities,,,,
6,FONDO DE INVERSION COLECTIVA ACCIONES GLOBALES,135130010,135130,OBLIGACIÓN DE COMPRA SOBRE DIVISAS,0,0,,,,,,,,,,,,
6,FONDO DE INVERSION COLECTIVA ACCIONES GLOBALES,135140200,135140,OBLIGACION DE COMPRA TITULOS,-2241207076,0,Assets,,Inversiones,ActivosFinancierosCorrientesValorRazonableCambiosResultadosInversiones,InversionesNegociables,NegociablesInstrumentosPatrimonio,,NetAssetsLiabilities,,,,
6,FONDO DE INVERSION COLECTIVA ACCIONES GLOBALES,135140300,135140,OBLIGACION DE COMPRA TITULOS,-5646560,-5646560,Assets,,Inversiones,ActivosFinancierosCorrientesValorRazonableCambiosResultadosInversiones,InversionesNegociables,NegociablesInstrumentosPatrimonio,,NetAssetsLiabilities,,,,
6,FONDO DE INVERSION COLECTIVA ACCIONES GLOBALES,135305010,135305,DERECHO DE MONEDAS,3050452000,1731248000,Assets,,Inversiones,ActivosFinancierosCorrientesValorRazonableCambiosResultadosInversiones,InversionesNegociables,NegociablesInstrumentosPatrimonio,,NetAssetsLiabilities,,,,
6,FONDO DE INVERSION COLECTIVA ACCIONES GLOBALES,135305015,135305,OBLIGACION MONEDAS,-3050452000,-1731248000,Assets,,Inversiones,ActivosFinancierosCorrientesValorRazonableCambiosResultadosInversiones,InversionesNegociables,NegociablesInstrumentosPatrimonio,,NetAssetsLiabilities,,,,
6,FONDO DE INVERSION COLECTIVA ACCIONES GLOBALES,161695002,161695,"(FA) BANCOLOMBIA Cta No,69000008135","61317,06","116711,33",Assets,,TradeAndOtherReceivables,,,,,NetAssetsLiabilities,,,,
6,FONDO DE INVERSION COLECTIVA ACCIONES GLOBALES,161695005,161695,"(FA) DAVIVIENDA Cta No, 482800035990","95214,27","95214,27",Assets,,TradeAndOtherReceivables,,,,,NetAssetsLiabilities,,,,
6,FONDO DE INVERSION COLECTIVA ACCIONES GLOBALES,161695007,161695,"(FA) BCO BOGOTÁ Cta No,049335045","343894,53","34494,93",Assets,,TradeAndOtherReceivables,,,,,NetAssetsLiabilities,,,,
6,FONDO DE INVERSION COLECTIVA ACCIONES GLOBALES,161695008,161695,"(FA) BANCO COLPATRIA Cta No,0072967710","724512,33","59596,27",Assets,,TradeAndOtherReceivables,,,,,NetAssetsLiabilities,,,,
6,FONDO DE INVERSION COLECTIVA ACCIONES GLOBALES,161695015,161695,GASTOS VARIOS DE ADMON,0,"-137838,4",Assets,,TradeAndOtherReceivables,,,,,NetAssetsLiabilities,,,,
6,FONDO DE INVERSION COLECTIVA ACCIONES GLOBALES,161695018,161695,"(FA) Colpatria Cta Cau No, 0062513018","27589,12","29253,41",Assets,,TradeAndOtherReceivables,,,,,NetAssetsLiabilities,,,,
6,FONDO DE INVERSION COLECTIVA ACCIONES GLOBALES,161695036,161695,"(FA) OCCIDENTE Cau No,288821390","406102,67","423520,8",Assets,,TradeAndOtherReceivables,,,,,NetAssetsLiabilities,,,,
6,FONDO DE INVERSION COLECTIVA ACCIONES GLOBALES,161695045,161695,CUENTA CORRIENTE,"3950107,77","85958310,12",Assets,,TradeAndOtherReceivables,,,,,NetAssetsLiabilities,,,,
6,FONDO DE INVERSION COLECTIVA ACCIONES GLOBALES,352510010,352510,PARTICIPACIONES POR IDENTIFICAR,"-231885,82","-233805,11",EquityAndLiabilities,Equity,EquityAttributableToOwnersOfParent,OtherEquityInterest,,,,,,,,
6,FONDO DE INVERSION COLECTIVA ACCIONES GLOBALES,410355010,410355,REND X COMPROMISOS DE TRANSF OP SIM,0,"-3255089,86",EquityAndLiabilities,Equity,EquityAttributableToOwnersOfParent,OtherEquityInterest,ProfitLossFromContinuingOperations,ProfitLoss,ProfitLossBeforeTax,ProfitLossFromOperatingActivities,OtherExpenseByNature,OtherRevenue,,
6,FONDO DE INVERSION COLECTIVA ACCIONES GLOBALES,410805300,410805,EMISORES NACIONALES,0,"-110244388,9",EquityAndLiabilities,Equity,EquityAttributableToOwnersOfParent,OtherEquityInterest,ProfitLossFromContinuingOperations,ProfitLoss,ProfitLossBeforeTax,ProfitLossFromOperatingActivities,OtherExpenseByNature,,,AdjustmentsForDecreaseIncreaseInOtherCurrentAssets
6,FONDO DE INVERSION COLECTIVA ACCIONES GLOBALES,411495007,411495,"(FA) BCO BOGOTÁ Cta No,049335045",0,"-1466709,4",EquityAndLiabilities,Equity,EquityAttributableToOwnersOfParent,OtherEquityInterest,ProfitLossFromContinuingOperations,ProfitLoss,ProfitLossBeforeTax,ProfitLossFromOperatingActivities,Revenue,InterestIncomeOnCashAndCashEquivalents,,
6,FONDO DE INVERSION COLECTIVA ACCIONES GLOBALES,411495008,411495,"(FA) BANCO COLPATRIA Cta No,0072967710",0,"-2072094,55",EquityAndLiabilities,Equity,EquityAttributableToOwnersOfParent,OtherEquityInterest,ProfitLossFromContinuingOperations,ProfitLoss,ProfitLossBeforeTax,ProfitLossFromOperatingActivities,Revenue,InterestIncomeOnCashAndCashEquivalents,,
6,FONDO DE INVERSION COLECTIVA ACCIONES GLOBALES,411495010,411495,"(FA) BCO OCCIDENTE Cta No, 219886793",0,"-9275109,72",EquityAndLiabilities,Equity,EquityAttributableToOwnersOfParent,OtherEquityInterest,ProfitLossFromContinuingOperations,ProfitLoss,ProfitLossBeforeTax,ProfitLossFromOperatingActivities,Revenue,InterestIncomeOnCashAndCashEquivalents,,
6,FONDO DE INVERSION COLECTIVA ACCIONES GLOBALES,411495012,411495,"(AA) Davivienda Panam Ah Cta,10001015157",0,"-321206,67",EquityAndLiabilities,Equity,EquityAttributableToOwnersOfParent,OtherEquityInterest,ProfitLossFromContinuingOperations,ProfitLoss,ProfitLossBeforeTax,ProfitLossFromOperatingActivities,Revenue,InterestIncomeOnCashAndCashEquivalents,,
6,FONDO DE INVERSION COLECTIVA ACCIONES GLOBALES,411495036,411495,"(FA) OCCIDENTE Cau No,288821390",0,"-2527748,19",EquityAndLiabilities,Equity,EquityAttributableToOwnersOfParent,OtherEquityInterest,ProfitLossFromContinuingOperations,ProfitLoss,ProfitLossBeforeTax,ProfitLossFromOperatingActivities,Revenue,InterestIncomeOnCashAndCashEquivalents,,
6,FONDO DE INVERSION COLECTIVA ACCIONES GLOBALES,411495130,411495,"(FA) ALL FUNDS Cau No, 1110500576003",0,"-23574,8",EquityAndLiabilities,Equity,EquityAttributableToOwnersOfParent,OtherEquityInterest,ProfitLossFromContinuingOperations,ProfitLoss,ProfitLossBeforeTax,ProfitLossFromOperatingActivities,Revenue,InterestIncomeOnCashAndCashEquivalents,,
6,FONDO DE INVERSION COLECTIVA ACCIONES GLOBALES,411495492,411495,"(FA) DAVIVIENDA Cta No,5070350797",0,"-1444714,55",EquityAndLiabilities,Equity,EquityAttributableToOwnersOfParent,OtherEquityInterest,ProfitLossFromContinuingOperations,ProfitLoss,ProfitLossBeforeTax,ProfitLossFromOperatingActivities,Revenue,InterestIncomeOnCashAndCashEquivalents,,
6,FONDO DE INVERSION COLECTIVA ACCIONES GLOBALES,412917010,412917,FUTUROS DE MONEDAS,0,-91178000,EquityAndLiabilities,Equity,EquityAttributableToOwnersOfParent,OtherEquityInterest,ProfitLossFromContinuingOperations,ProfitLoss,ProfitLossBeforeTax,ProfitLossFromOperatingActivities,Revenue,,,AdjustmentsForDecreaseIncreaseInOtherCurrentAssets
6,FONDO DE INVERSION COLECTIVA ACCIONES GLOBALES,412917020,412917,UTILIDAD DERIVADOS DE MONEDA,0,"-208414020,6",EquityAndLiabilities,Equity,EquityAttributableToOwnersOfParent,OtherEquityInterest,ProfitLossFromContinuingOperations,ProfitLoss,ProfitLossBeforeTax,ProfitLossFromOperatingActivities,Revenue,,,AdjustmentsForDecreaseIncreaseInOtherCurrentAssets
6,FONDO DE INVERSION COLECTIVA ACCIONES GLOBALES,413515010,413515,REEXPRESION DE ACTIVOS,0,"-110295001,1",EquityAndLiabilities,Equity,EquityAttributableToOwnersOfParent,OtherEquityInterest,ProfitLossFromContinuingOperations,ProfitLoss,ProfitLossBeforeTax,ProfitLossFromOperatingActivities,OtherExpenseByNature,,,
6,FONDO DE INVERSION COLECTIVA ACCIONES GLOBALES,413535010,413535,REEXPRESION OTROS PASIVOS,0,0,EquityAndLiabilities,Equity,EquityAttributableToOwnersOfParent,OtherEquityInterest,ProfitLossFromContinuingOperations,ProfitLoss,ProfitLossBeforeTax,ProfitLossFromOperatingActivities,OtherExpenseByNature,,,
6,FONDO DE INVERSION COLECTIVA ACCIONES GLOBALES,419595999,419595,OTROS,0,"-3,96",EquityAndLiabilities,Equity,EquityAttributableToOwnersOfParent,OtherEquityInterest,ProfitLossFromContinuingOperations,ProfitLoss,ProfitLossBeforeTax,ProfitLossFromOperatingActivities,Revenue,OtherRevenue,,
6,FONDO DE INVERSION COLECTIVA ACCIONES GLOBALES,510805200,510805,EMISORES EXTRANJEROS,0,1396444712,EquityAndLiabilities,Equity,EquityAttributableToOwnersOfParent,OtherEquityInterest,ProfitLossFromContinuingOperations,ProfitLoss,ProfitLossBeforeTax,ProfitLossFromOperatingActivities,OtherExpenseByNature,,,AdjustmentsForDecreaseIncreaseInOtherCurrentAssets
6,FONDO DE INVERSION COLECTIVA ACCIONES GLOBALES,511325002,511325,COMISION CUSTODIA VARIABLE,0,"8004571,05",EquityAndLiabilities,Equity,EquityAttributableToOwnersOfParent,OtherEquityInterest,ProfitLossFromContinuingOperations,ProfitLoss,ProfitLossBeforeTax,ProfitLossFromOperatingActivities,OtherExpenseByNature,BrokerageFeeExpense,FeeAndCommissionExpense,FeeAndCommissionIncomeExpense
6,FONDO DE INVERSION COLECTIVA ACCIONES GLOBALES,511325010,511325,COMISION CUSTODIA FIJA,0,"1149064,49",EquityAndLiabilities,Equity,EquityAttributableToOwnersOfParent,OtherEquityInterest,ProfitLossFromContinuingOperations,ProfitLoss,ProfitLossBeforeTax,ProfitLossFromOperatingActivities,OtherExpenseByNature,BrokerageFeeExpense,FeeAndCommissionExpense,FeeAndCommissionIncomeExpense
6,FONDO DE INVERSION COLECTIVA ACCIONES GLOBALES,511595070,511595,COMISIONES OP DEL EXTERIOR,0,"4877653,98",EquityAndLiabilities,Equity,EquityAttributableToOwnersOfParent,OtherEquityInterest,ProfitLossFromContinuingOperations,ProfitLoss,ProfitLossBeforeTax,ProfitLossFromOperatingActivities,OtherExpenseByNature,OtherFeeAndCommissionExpense,FeeAndCommissionExpense,FeeAndCommissionIncomeExpense
6,FONDO DE INVERSION COLECTIVA ACCIONES GLOBALES,513015003,513015,REVISORIA FISCAL,0,"13093593,08",EquityAndLiabilities,Equity,EquityAttributableToOwnersOfParent,OtherEquityInterest,ProfitLossFromContinuingOperations,ProfitLoss,ProfitLossBeforeTax,ProfitLossFromOperatingActivities,OtherExpenseByNature,,,
6,FONDO DE INVERSION COLECTIVA ACCIONES GLOBALES,513535010,513535,REEXPRESION ACTIVOS,0,"116670200,6",EquityAndLiabilities,Equity,EquityAttributableToOwnersOfParent,OtherEquityInterest,ProfitLossFromContinuingOperations,ProfitLoss,ProfitLossBeforeTax,ProfitLossFromOperatingActivities,OtherExpenseByNature,,,
6,FONDO DE INVERSION COLECTIVA ACCIONES GLOBALES,514005010,514005,IMPUESTO A LOS MOVIMIENTOS FINANCIEROS,0,"63247,61",EquityAndLiabilities,Equity,EquityAttributableToOwnersOfParent,OtherEquityInterest,ProfitLossFromContinuingOperations,ProfitLoss,ProfitLossBeforeTax,ProfitLossFromOperatingActivities,OtherExpenseByNature,,,
6,FONDO DE INVERSION COLECTIVA ACCIONES GLOBALES,519095006,519095,CUENTAS DE DEPOSITO (CUD),0,"2054812,75",EquityAndLiabilities,Equity,EquityAttributableToOwnersOfParent,OtherEquityInterest,ProfitLossFromContinuingOperations,ProfitLoss,ProfitLossBeforeTax,ProfitLossFromOperatingActivities,OtherExpenseByNature,,,
6,FONDO DE INVERSION COLECTIVA ACCIONES GLOBALES,590505015,590505,CANCELACION DE INGRESOS RV,0,"20864928,29",EquityAndLiabilities,Equity,EquityAttributableToOwnersOfParent,OtherEquityInterest,,,,,,,,
6,FONDO DE INVERSION COLECTIVA ACCIONES GLOBALES,821505010,821505,EN TITULOS DE TESORERIA - TES,0,0,EquityAndLiabilities,Equity,EquityAttributableToOwnersOfParent,,,,,,,,,
10,FIC DIVERSIFICADO MODERADO,111505004,111505,"(DM) OCCIDENTE Cta No, 219885894",1769607608,"844860769,3",Assets,,CashAndCashEquivalents,BalancesWithBanks,Cash,,,NetAssetsLiabilities,,,,
10,FIC DIVERSIFICADO MODERADO,111505006,111505,"(DM) BANCO COLPATRIA Cta No, 0072967712","53107350,39","55002435,44",Assets,,CashAndCashEquivalents,BalancesWithBanks,Cash,,,NetAssetsLiabilities,,,,
10,FIC DIVERSIFICADO MODERADO,111505147,111505,"(FR) DAVIVIENDA Cta No, 005069993326",2001000,2382176,Assets,,CashAndCashEquivalents,BalancesWithBanks,Cash,,,NetAssetsLiabilities,,,,
10,FIC DIVERSIFICADO MODERADO,111505193,111505,"(BA) BCO BOGOTA Cta Ah No, 049280159",6238289,6510736,Assets,,CashAndCashEquivalents,BalancesWithBanks,Cash,,,NetAssetsLiabilities,,,,
10,FIC DIVERSIFICADO MODERADO,111505196,111505,"(EA) DAVIVIENDA Cta Cte, No 005069993052","89155543,4","49142077,73",Assets,,CashAndCashEquivalents,BalancesWithBanks,Cash,,,NetAssetsLiabilities,,,,
10,FIC DIVERSIFICADO MODERADO,111510130,111510,ALL FUNDS CTA: 1160500576000,"13271922,61","3523444,3",Assets,,CashAndCashEquivalents,BalancesWithBanks,Cash,,,NetAssetsLiabilities,,,,
10,FIC DIVERSIFICADO MODERADO,111510666,111510,"OCCIDENTAL CTA, TRANSITO COLOMBIA",0,0,Assets,,CashAndCashEquivalents,BalancesWithBanks,Cash,,,NetAssetsLiabilities,,,,
10,FIC DIVERSIFICADO MODERADO,130115115,130115,OTROS EMISORES NACIONALES,14671966750,8503222800,Assets,,Inversiones,ActivosFinancierosCorrientesValorRazonableCambiosResultadosInversiones,InversionesNegociables,NegociablesInstrumentosDeuda,,NetAssetsLiabilities,,,,
10,FIC DIVERSIFICADO MODERADO,130205300,130205,EMISORES NACIONALES,5000067239,5117515395,Assets,,Inversiones,ActivosFinancierosCorrientesValorRazonableCambiosResultadosInversiones,InversionesNegociables,NegociablesInstrumentosPatrimonio,,NetAssetsLiabilities,,,,
6,FONDO DE INVERSION COLECTIVA ACCIONES GLOBALES,161695197,161695,"(FA) BBVA Cau No, 895000610","31341,5","31341,5",Assets,,TradeAndOtherReceivables,,,,,NetAssetsLiabilities,,,,
6,FONDO DE INVERSION COLECTIVA ACCIONES GLOBALES,161695255,161695,"(FA) Bancol pan Cau No, 80100008440","18367,84","16557,6",Assets,,TradeAndOtherReceivables,,,,,NetAssetsLiabilities,,,,
6,FONDO DE INVERSION COLECTIVA ACCIONES GLOBALES,161695491,161695,"(FA) POPULAR Cau No,220063102297","36,57","36,57",Assets,,TradeAndOtherReceivables,,,,,NetAssetsLiabilities,,,,
6,FONDO DE INVERSION COLECTIVA ACCIONES GLOBALES,161695492,161695,"(FA) DAVIVIENDA Cau No,5070350797","18896,63","50333,43",Assets,,TradeAndOtherReceivables,,,,,NetAssetsLiabilities,,,,
6,FONDO DE INVERSION COLECTIVA ACCIONES GLOBALES,161695999,161695,PROVEEDORES,0,0,Assets,,TradeAndOtherReceivables,,,,,NetAssetsLiabilities,,,,
6,FONDO DE INVERSION COLECTIVA ACCIONES GLOBALES,225040011,225040,OBLIGACION DE COMPRA SOBRE TITULOS,0,0,EquityAndLiabilities,Liabilities,OtherFinancialLiabilities,,,,,NetAssetsLiabilities,,,,
6,FONDO DE INVERSION COLECTIVA ACCIONES GLOBALES,250110010,250110,COMISION CUSTODIA FIJA,0,0,EquityAndLiabilities,Liabilities,TradeAndOtherPayables,,,,,NetAssetsLiabilities,,,,
6,FONDO DE INVERSION COLECTIVA ACCIONES GLOBALES,250110033,250110,COMISION CUSTODIO,-85000,-195000,EquityAndLiabilities,Liabilities,TradeAndOtherPayables,,,,,NetAssetsLiabilities,,,,
6,FONDO DE INVERSION COLECTIVA ACCIONES GLOBALES,250295034,250295,MERCADO ELECTRONICO COLOMBIANO (MEC),0,0,EquityAndLiabilities,Liabilities,TradeAndOtherPayables,,,,,NetAssetsLiabilities,,,,
6,FONDO DE INVERSION COLECTIVA ACCIONES GLOBALES,250305011,250305,RENDIMIENTOS FINANCIEROS CAPITALIZADOS,-3726,0,EquityAndLiabilities,Liabilities,TradeAndOtherPayables,,,,,NetAssetsLiabilities,,,,
6,FONDO DE INVERSION COLECTIVA ACCIONES GLOBALES,250305020,250305,RTE FTE PROVEEDORES,0,0,EquityAndLiabilities,Liabilities,TradeAndOtherPayables,,,,,NetAssetsLiabilities,,,,
6,FONDO DE INVERSION COLECTIVA ACCIONES GLOBALES,253105003,253105,CUENTA CORRIENTE IBA,0,0,EquityAndLiabilities,Liabilities,TradeAndOtherPayables,,,,,NetAssetsLiabilities,,,,
6,FONDO DE INVERSION COLECTIVA ACCIONES GLOBALES,253105110,253105,CUENTA COMPENSACION,"364381621,5","304912239,9",EquityAndLiabilities,Liabilities,TradeAndOtherPayables,,,,,NetAssetsLiabilities,,,,
6,FONDO DE INVERSION COLECTIVA ACCIONES GLOBALES,253105135,253105,CUMPLIMIENTO DERIVADOS,-20601000,-2323500,EquityAndLiabilities,Liabilities,TradeAndOtherPayables,,,,,NetAssetsLiabilities,,,,
6,FONDO DE INVERSION COLECTIVA ACCIONES GLOBALES,410805200,410805,EMISORES EXTRANJEROS,0,-1331054101,EquityAndLiabilities,Equity,EquityAttributableToOwnersOfParent,OtherEquityInterest,ProfitLossFromContinuingOperations,ProfitLoss,ProfitLossBeforeTax,ProfitLossFromOperatingActivities,OtherExpenseByNature,,,AdjustmentsForDecreaseIncreaseInOtherCurrentAssets
6,FONDO DE INVERSION COLECTIVA ACCIONES GLOBALES,411405015,411405,INGRESO POR OP REPO,0,"-2590772,81",EquityAndLiabilities,Equity,EquityAttributableToOwnersOfParent,OtherEquityInterest,ProfitLossFromContinuingOperations,ProfitLoss,ProfitLossBeforeTax,ProfitLossFromOperatingActivities,Revenue,InterestIncomeOnCashAndCashEquivalents,,
6,FONDO DE INVERSION COLECTIVA ACCIONES GLOBALES,411415020,411415,DIVIDENDOS,0,-3749830,EquityAndLiabilities,Equity,EquityAttributableToOwnersOfParent,OtherEquityInterest,ProfitLossFromContinuingOperations,ProfitLoss,ProfitLossBeforeTax,ProfitLossFromOperatingActivities,Revenue,InterestIncomeOnCashAndCashEquivalents,,
6,FONDO DE INVERSION COLECTIVA ACCIONES GLOBALES,411495002,411495,"(FA) BANCOLOMBIA Cta No,69000008135",0,"-1397460,75",EquityAndLiabilities,Equity,EquityAttributableToOwnersOfParent,OtherEquityInterest,ProfitLossFromContinuingOperations,ProfitLoss,ProfitLossBeforeTax,ProfitLossFromOperatingActivities,Revenue,InterestIncomeOnCashAndCashEquivalents,,
6,FONDO DE INVERSION COLECTIVA ACCIONES GLOBALES,411495004,411495,"(FA) BANCOLOMBIA Cau No,04882034297",0,"-179457,62",EquityAndLiabilities,Equity,EquityAttributableToOwnersOfParent,OtherEquityInterest,ProfitLossFromContinuingOperations,ProfitLoss,ProfitLossBeforeTax,ProfitLossFromOperatingActivities,Revenue,InterestIncomeOnCashAndCashEquivalents,,
6,FONDO DE INVERSION COLECTIVA ACCIONES GLOBALES,411495018,411495,"(FA) Colpatria Cta No, 0062513018",0,"-97920,06",EquityAndLiabilities,Equity,EquityAttributableToOwnersOfParent,OtherEquityInterest,ProfitLossFromContinuingOperations,ProfitLoss,ProfitLossBeforeTax,ProfitLossFromOperatingActivities,Revenue,InterestIncomeOnCashAndCashEquivalents,,
6,FONDO DE INVERSION COLECTIVA ACCIONES GLOBALES,411495034,411495,"(FA) BOGOTA Cau No,049216492",0,"-2240590,71",EquityAndLiabilities,Equity,EquityAttributableToOwnersOfParent,OtherEquityInterest,ProfitLossFromContinuingOperations,ProfitLoss,ProfitLossBeforeTax,ProfitLossFromOperatingActivities,Revenue,InterestIncomeOnCashAndCashEquivalents,,
6,FONDO DE INVERSION COLECTIVA ACCIONES GLOBALES,411495160,411495,"(FA) OCCIDENTAL BANK Cau No, 509078",0,"-80573,78",EquityAndLiabilities,Equity,EquityAttributableToOwnersOfParent,OtherEquityInterest,ProfitLossFromContinuingOperations,ProfitLoss,ProfitLossBeforeTax,ProfitLossFromOperatingActivities,Revenue,InterestIncomeOnCashAndCashEquivalents,,
6,FONDO DE INVERSION COLECTIVA ACCIONES GLOBALES,411495194,411495,"(FA) DAVIVIENDA Cta Cau No,005070366652",0,"-4942298,23",EquityAndLiabilities,Equity,EquityAttributableToOwnersOfParent,OtherEquityInterest,ProfitLossFromContinuingOperations,ProfitLoss,ProfitLossBeforeTax,ProfitLossFromOperatingActivities,Revenue,InterestIncomeOnCashAndCashEquivalents,,
6,FONDO DE INVERSION COLECTIVA ACCIONES GLOBALES,411495255,411495,CAUS BANCOLOMBIA PANAMA 80100008440 AHO,0,"-34986,12",EquityAndLiabilities,Equity,EquityAttributableToOwnersOfParent,OtherEquityInterest,ProfitLossFromContinuingOperations,ProfitLoss,ProfitLossBeforeTax,ProfitLossFromOperatingActivities,Revenue,InterestIncomeOnCashAndCashEquivalents,,
6,FONDO DE INVERSION COLECTIVA ACCIONES GLOBALES,411495999,411495,OTROS,0,"-2,66",EquityAndLiabilities,Equity,EquityAttributableToOwnersOfParent,OtherEquityInterest,ProfitLossFromContinuingOperations,ProfitLoss,ProfitLossBeforeTax,ProfitLossFromOperatingActivities,Revenue,InterestIncomeOnCashAndCashEquivalents,,
6,FONDO DE INVERSION COLECTIVA ACCIONES GLOBALES,412510200,412510,EMISORES EXTRANJEROS,0,"-465676075,7",EquityAndLiabilities,Equity,EquityAttributableToOwnersOfParent,OtherEquityInterest,ProfitLossFromContinuingOperations,ProfitLoss,ProfitLossBeforeTax,ProfitLossFromOperatingActivities,Revenue,,,
6,FONDO DE INVERSION COLECTIVA ACCIONES GLOBALES,413515015,413515,UT/PER REEXPRESIÓN OTROS ACTIVOS (DER CO,0,-717600,EquityAndLiabilities,Equity,EquityAttributableToOwnersOfParent,OtherEquityInterest,ProfitLossFromContinuingOperations,ProfitLoss,ProfitLossBeforeTax,ProfitLossFromOperatingActivities,OtherExpenseByNature,,,
6,FONDO DE INVERSION COLECTIVA ACCIONES GLOBALES,413535015,413535,UT/PER REEXPRESIÓN OTROS PASIVOS (OBL VE,0,-1210100,EquityAndLiabilities,Equity,EquityAttributableToOwnersOfParent,OtherEquityInterest,ProfitLossFromContinuingOperations,ProfitLoss,ProfitLossBeforeTax,ProfitLossFromOperatingActivities,OtherExpenseByNature,,,
6,FONDO DE INVERSION COLECTIVA ACCIONES GLOBALES,419595025,419595,PENALIZACIONES,0,"-81314,93",EquityAndLiabilities,Equity,EquityAttributableToOwnersOfParent,OtherEquityInterest,ProfitLossFromContinuingOperations,ProfitLoss,ProfitLossBeforeTax,ProfitLossFromOperatingActivities,Revenue,OtherRevenue,,
6,FONDO DE INVERSION COLECTIVA ACCIONES GLOBALES,511512010,511512,GASTOS BANCARIOS,0,"5449128,97",EquityAndLiabilities,Equity,EquityAttributableToOwnersOfParent,OtherEquityInterest,ProfitLossFromContinuingOperations,ProfitLoss,ProfitLossBeforeTax,ProfitLossFromOperatingActivities,OtherExpenseByNature,OtherFeeAndCommissionExpense,FeeAndCommissionExpense,FeeAndCommissionIncomeExpense
6,FONDO DE INVERSION COLECTIVA ACCIONES GLOBALES,511548010,511548,"COMISION DE ADMINISTRACION R,F,",0,"152643136,5",EquityAndLiabilities,Equity,EquityAttributableToOwnersOfParent,OtherEquityInterest,ProfitLossFromContinuingOperations,ProfitLoss,ProfitLossBeforeTax,ProfitLossFromOperatingActivities,OtherExpenseByNature,OtherFeeAndCommissionExpense,FeeAndCommissionExpense,FeeAndCommissionIncomeExpense
6,FONDO DE INVERSION COLECTIVA ACCIONES GLOBALES,512510200,512510,EMISORES EXTRANJEROS,0,219329374,EquityAndLiabilities,Equity,EquityAttributableToOwnersOfParent,OtherEquityInterest,ProfitLossFromContinuingOperations,ProfitLoss,ProfitLossBeforeTax,ProfitLossFromOperatingActivities,OtherExpenseByNature,,,
6,FONDO DE INVERSION COLECTIVA ACCIONES GLOBALES,512917010,512917,PERDIDA FUTUROS DE MONEDAS,0,"52270499,77",EquityAndLiabilities,Equity,EquityAttributableToOwnersOfParent,OtherEquityInterest,ProfitLossFromContinuingOperations,ProfitLoss,ProfitLossBeforeTax,ProfitLossFromOperatingActivities,OtherExpenseByNature,,,AdjustmentsForDecreaseIncreaseInOtherCurrentAssets
6,FONDO DE INVERSION COLECTIVA ACCIONES GLOBALES,512917020,512917,VALORACION FUTUROS DE MONEDAS,0,"183850500,1",EquityAndLiabilities,Equity,EquityAttributableToOwnersOfParent,OtherEquityInterest,ProfitLossFromContinuingOperations,ProfitLoss,ProfitLossBeforeTax,ProfitLossFromOperatingActivities,OtherExpenseByNature,,,AdjustmentsForDecreaseIncreaseInOtherCurrentAssets
6,FONDO DE INVERSION COLECTIVA ACCIONES GLOBALES,513535015,513535,UT/PER REEXPRESIÓN OTROS PASIVOS (OBL VE,0,554280,EquityAndLiabilities,Equity,EquityAttributableToOwnersOfParent,OtherEquityInterest,ProfitLossFromContinuingOperations,ProfitLoss,ProfitLossBeforeTax,ProfitLossFromOperatingActivities,OtherExpenseByNature,,,
6,FONDO DE INVERSION COLECTIVA ACCIONES GLOBALES,514005011,514005,IMPOVENTAS,0,"2585963,28",EquityAndLiabilities,Equity,EquityAttributableToOwnersOfParent,OtherEquityInterest,ProfitLossFromContinuingOperations,ProfitLoss,ProfitLossBeforeTax,ProfitLossFromOperatingActivities,OtherExpenseByNature,,,
6,FONDO DE INVERSION COLECTIVA ACCIONES GLOBALES,519095004,519095,MERCADO ELECTRONICO COLOMBIANO (MEC),0,"246896,67",EquityAndLiabilities,Equity,EquityAttributableToOwnersOfParent,OtherEquityInterest,ProfitLossFromContinuingOperations,ProfitLoss,ProfitLossBeforeTax,ProfitLossFromOperatingActivities,OtherExpenseByNature,,,
6,FONDO DE INVERSION COLECTIVA ACCIONES GLOBALES,519095007,519095,SAE CUSTODIO,0,"111072,46",EquityAndLiabilities,Equity,EquityAttributableToOwnersOfParent,OtherEquityInterest,ProfitLossFromContinuingOperations,ProfitLoss,ProfitLossBeforeTax,ProfitLossFromOperatingActivities,OtherExpenseByNature,,,
6,FONDO DE INVERSION COLECTIVA ACCIONES GLOBALES,519095999,519095,OTROS,0,"6,16",EquityAndLiabilities,Equity,EquityAttributableToOwnersOfParent,OtherEquityInterest,ProfitLossFromContinuingOperations,ProfitLoss,ProfitLossBeforeTax,ProfitLossFromOperatingActivities,OtherExpenseByNature,,,
6,FONDO DE INVERSION COLECTIVA ACCIONES GLOBALES,590505010,590505,CANCELACION DE INGRESOS RF,0,"150279559,9",EquityAndLiabilities,Equity,EquityAttributableToOwnersOfParent,OtherEquityInterest,,,,,,,,
6,FONDO DE INVERSION COLECTIVA ACCIONES GLOBALES,590505020,590505,UTILIDAD/PERDIDA PAGADA EN REDENCIONES,0,"24027545,54",EquityAndLiabilities,Equity,EquityAttributableToOwnersOfParent,OtherEquityInterest,,,,,,,,
6,FONDO DE INVERSION COLECTIVA ACCIONES GLOBALES,810505205,810505,EMISORES NACIONALES,492198960,1049370623,EquityAndLiabilities,Equity,EquityAttributableToOwnersOfParent,,,,,,,,,
6,FONDO DE INVERSION COLECTIVA ACCIONES GLOBALES,810505210,810505,EMISORES EXTRANJEROS,17047558138,18435808518,EquityAndLiabilities,Equity,EquityAttributableToOwnersOfParent,,,,,,,,,
6,FONDO DE INVERSION COLECTIVA ACCIONES GLOBALES,830505010,830505,DEUDORAS POR CONTRA,-17539757098,-19485179141,EquityAndLiabilities,Equity,EquityAttributableToOwnersOfParent,,,,,,,,,
6,FONDO DE INVERSION COLECTIVA ACCIONES GLOBALES,840505010,840505,ACREEDORAS POR CONTRA,0,0,EquityAndLiabilities,Equity,EquityAttributableToOwnersOfParent,,,,,,,,,
10,FIC DIVERSIFICADO MODERADO,111505001,111505,"(DM) DAVIVIENDA Cta No,482800036014","46444395,81",1810456621,Assets,,CashAndCashEquivalents,BalancesWithBanks,Cash,,,NetAssetsLiabilities,,,,
10,FIC DIVERSIFICADO MODERADO,111505002,111505,"(DM) BCO BOGOTA Cta No,049335060","308267204,2","97984450,49",Assets,,CashAndCashEquivalents,BalancesWithBanks,Cash,,,NetAssetsLiabilities,,,,
10,FIC DIVERSIFICADO MODERADO,111505005,111505,"(DM) BANCOLOMBIA Cta No, 69000008137","221966541,9","733629555,3",Assets,,CashAndCashEquivalents,BalancesWithBanks,Cash,,,NetAssetsLiabilities,,,,
10,FIC DIVERSIFICADO MODERADO,111505087,111505,"(FR) BANCOLOMBIA Cta No,04882034670","22118161,24","36300878,88",Assets,,CashAndCashEquivalents,BalancesWithBanks,Cash,,,NetAssetsLiabilities,,,,
10,FIC DIVERSIFICADO MODERADO,111505115,111505,"(BA) BANCO COLPATRIA Cta No,0062513021","6337783,65","6337783,65",Assets,,CashAndCashEquivalents,BalancesWithBanks,Cash,,,NetAssetsLiabilities,,,,
10,FIC DIVERSIFICADO MODERADO,111505140,111505,"(FR) BANCOLOMBIA Cta No,17854124724","129637571,1","26851939,46",Assets,,CashAndCashEquivalents,BalancesWithBanks,Cash,,,NetAssetsLiabilities,,,,
10,FIC DIVERSIFICADO MODERADO,111505142,111505,"(FR) OCCIDENTE Cta No, 288854078","2641823,64","313210329,3",Assets,,CashAndCashEquivalents,BalancesWithBanks,Cash,,,NetAssetsLiabilities,,,,
10,FIC DIVERSIFICADO MODERADO,111505144,111505,"(BA) DAVIVIENDA Cta No, 5070361620","15723275,64",206248004,Assets,,CashAndCashEquivalents,BalancesWithBanks,Cash,,,NetAssetsLiabilities,,,,
10,FIC DIVERSIFICADO MODERADO,111505192,111505,"(BA) DAVIVIENDA Cta No,005070366645","6704040,04","8494023,46",Assets,,CashAndCashEquivalents,BalancesWithBanks,Cash,,,NetAssetsLiabilities,,,,
10,FIC DIVERSIFICADO MODERADO,111505390,111505,"(FR) REPUBLICA Cta No,62255450","188019,66","188019,69",Assets,,CashAndCashEquivalents,BalancesWithBanks,Cash,,,NetAssetsLiabilities,,,,
10,FIC DIVERSIFICADO MODERADO,111510001,111510,Davivienda Panama AH CTA: 10001015160,"168216907,6","149572467,3",Assets,,CashAndCashEquivalents,BalancesWithBanks,Cash,,,NetAssetsLiabilities,,,,
10,FIC DIVERSIFICADO MODERADO,111510125,111510,CITIBANK NEW YORK CTA: 27075300,"54987758,76","521569028,6",Assets,,CashAndCashEquivalents,BalancesWithBanks,Cash,,,NetAssetsLiabilities,,,,
10,FIC DIVERSIFICADO MODERADO,111510140,111510,BANCOLOMBIA PANAMA CTA: 80100007240,"21788058,44",16656370,Assets,,CashAndCashEquivalents,BalancesWithBanks,Cash,,,NetAssetsLiabilities,,,,
10,FIC DIVERSIFICADO MODERADO,111510145,111510,BANCO DE BOGOTA MIAMI CTA: 79681,"24251951,4","25135263,15",Assets,,CashAndCashEquivalents,BalancesWithBanks,Cash,,,NetAssetsLiabilities,,,,
10,FIC DIVERSIFICADO MODERADO,111510150,111510,OCCIDENTAL BANK BARBADOS CTA: 509086,"23820638,54","28611189,5",Assets,,CashAndCashEquivalents,BalancesWithBanks,Cash,,,NetAssetsLiabilities,,,,
10,FIC DIVERSIFICADO MODERADO,122005010,122005,"COMP DE TRANSF DE INV EN OP, SIM",0,0,Assets,,CashAndCashEquivalents,BalancesWithBanks,Cash,,,NetAssetsLiabilities,,,,
10,FIC DIVERSIFICADO MODERADO,130105105,130105,TÍTULOS DE TESORERÍA -TES,22627499645,17701764450,Assets,,Inversiones,ActivosFinancierosCorrientesValorRazonableCambiosResultadosInversiones,InversionesNegociables,NegociablesInstrumentosDeuda,,NetAssetsLiabilities,,,,
10,FIC DIVERSIFICADO MODERADO,130210200,130210,EMISORES EXTRANJEROS,18677845883,15548348626,Assets,,Inversiones,ActivosFinancierosCorrientesValorRazonableCambiosResultadosInversiones,InversionesNegociables,NegociablesInstrumentosPatrimonio,,NetAssetsLiabilities,,,,
10,FIC DIVERSIFICADO MODERADO,135105010,135105,DERECHO DE COMPRA SOBRE DIVISAS,0,0,,,,,,,,,,,,
10,FIC DIVERSIFICADO MODERADO,135115300,135115,DERECHO DE COMPRA TITULOS,0,91640000,Assets,,Inversiones,ActivosFinancierosCorrientesValorRazonableCambiosResultadosInversiones,InversionesNegociables,NegociablesInstrumentosPatrimonio,,NetAssetsLiabilities,,,,
10,FIC DIVERSIFICADO MODERADO,135120200,135120,DERECHO DE VENTA SOBRE TÍTULOS,0,0,Assets,,Inversiones,ActivosFinancierosCorrientesValorRazonableCambiosResultadosInversiones,InversionesNegociables,NegociablesInstrumentosPatrimonio,,NetAssetsLiabilities,,,,
10,FIC DIVERSIFICADO MODERADO,135120300,135120,DERECHO DE VENTA TITULOS,0,0,Assets,,Inversiones,ActivosFinancierosCorrientesValorRazonableCambiosResultadosInversiones,InversionesNegociables,NegociablesInstrumentosPatrimonio,,NetAssetsLiabilities,,,,
10,FIC DIVERSIFICADO MODERADO,135135010,135135,OBLIGACIÓN DE VENTA SOBRE DIVISAS,0,0,,,,,,,,,,,,
10,FIC DIVERSIFICADO MODERADO,130210300,130210,EMISORES EXTRANJEROS,0,0,Assets,,Inversiones,ActivosFinancierosCorrientesValorRazonableCambiosResultadosInversiones,InversionesNegociables,NegociablesInstrumentosPatrimonio,,NetAssetsLiabilities,,,,
10,FIC DIVERSIFICADO MODERADO,135110010,135110,DERECHO DE VENTA SOBRE DIVISAS,0,0,,,,,,,,,,,,
10,FIC DIVERSIFICADO MODERADO,135115200,135115,DERECHO DE COMPRA TITULOS,0,0,Assets,,Inversiones,ActivosFinancierosCorrientesValorRazonableCambiosResultadosInversiones,InversionesNegociables,NegociablesInstrumentosPatrimonio,,NetAssetsLiabilities,,,,
10,FIC DIVERSIFICADO MODERADO,135130010,135130,OBLIGACIÓN DE COMPRA SOBRE DIVISAS,0,0,,,,,,,,,,,,
10,FIC DIVERSIFICADO MODERADO,135305010,135305,DERECHO DE MONEDAS,5128484000,3639898000,Assets,,Inversiones,ActivosFinancierosCorrientesValorRazonableCambiosResultadosInversiones,InversionesNegociables,NegociablesInstrumentosPatrimonio,,NetAssetsLiabilities,,,,
10,FIC DIVERSIFICADO MODERADO,135305015,135305,OBLIGACION DE MONEDAS,-5128484000,-3639898000,Assets,,Inversiones,ActivosFinancierosCorrientesValorRazonableCambiosResultadosInversiones,InversionesNegociables,NegociablesInstrumentosPatrimonio,,NetAssetsLiabilities,,,,
10,FIC DIVERSIFICADO MODERADO,161695001,161695,"(DM) DAVIVIENDA Cta No,482800036014","49834,28","492362,5",Assets,,TradeAndOtherReceivables,,,,,NetAssetsLiabilities,,,,
10,FIC DIVERSIFICADO MODERADO,161695002,161695,"(DM) BCO BOGOTA Cta No,049335060","2014355,64","767454,54",Assets,,TradeAndOtherReceivables,,,,,NetAssetsLiabilities,,,,
10,FIC DIVERSIFICADO MODERADO,161695005,161695,"(DM) BANCOLOMBIA Cta No, 69000008137","57275,69","302374,44",Assets,,TradeAndOtherReceivables,,,,,NetAssetsLiabilities,,,,
10,FIC DIVERSIFICADO MODERADO,161695007,161695,"(DM) Davivienda Panama CTA, 10001015160",0,"337378,12",Assets,,TradeAndOtherReceivables,,,,,NetAssetsLiabilities,,,,
10,FIC DIVERSIFICADO MODERADO,161695015,161695,GASTOS VARIOS DE ADMON,0,0,Assets,,TradeAndOtherReceivables,,,,,NetAssetsLiabilities,,,,
10,FIC DIVERSIFICADO MODERADO,161695025,161695,Retención en la fuente,0,"290733,52",Assets,,TradeAndOtherReceivables,,,,,NetAssetsLiabilities,,,,
10,FIC DIVERSIFICADO MODERADO,161695045,161695,CUENTA CORRIENTE,0,"3081745,64",Assets,,TradeAndOtherReceivables,,,,,NetAssetsLiabilities,,,,
10,FIC DIVERSIFICADO MODERADO,161695124,161695,"(EA) Bco Popular cau No, 220066149154","152,29","152,29",Assets,,TradeAndOtherReceivables,,,,,NetAssetsLiabilities,,,,
10,FIC DIVERSIFICADO MODERADO,161695130,161695,"ALL FUNDS Cau, 1160500576000 CTE","13304362,32","12212191,41",Assets,,TradeAndOtherReceivables,,,,,NetAssetsLiabilities,,,,
10,FIC DIVERSIFICADO MODERADO,161695143,161695,"(FR) BBVA Cau No, 870002821","1574,28","1574,28",Assets,,TradeAndOtherReceivables,,,,,NetAssetsLiabilities,,,,
10,FIC DIVERSIFICADO MODERADO,161695149,161695,"(EA) Bco Citibank Cau No, 5082432118","146468,28","146468,28",Assets,,TradeAndOtherReceivables,,,,,NetAssetsLiabilities,,,,
10,FIC DIVERSIFICADO MODERADO,161695192,161695,"(BA) DAVIVIENDA Cta Cau No,005070366645","24420,16","23843,2",Assets,,TradeAndOtherReceivables,,,,,NetAssetsLiabilities,,,,
10,FIC DIVERSIFICADO MODERADO,161695193,161695,"(BA) BCO BOGOTA Cau No, 049280159","281366,21","291595,61",Assets,,TradeAndOtherReceivables,,,,,NetAssetsLiabilities,,,,
10,FIC DIVERSIFICADO MODERADO,161695197,161695,"(BA) BBVA Cta Cau No,895000594","1120,84","1120,84",Assets,,TradeAndOtherReceivables,,,,,NetAssetsLiabilities,,,,
10,FIC DIVERSIFICADO MODERADO,225040011,225040,OBLIGACION DE COMPRA SOBRE TITULOS,-645967500,0,EquityAndLiabilities,Liabilities,OtherFinancialLiabilities,,,,,NetAssetsLiabilities,,,,
10,FIC DIVERSIFICADO MODERADO,250110033,250110,COMISION CUSTODIO,"-1555511,58","-1516133,61",EquityAndLiabilities,Liabilities,TradeAndOtherPayables,,,,,NetAssetsLiabilities,,,,
10,FIC DIVERSIFICADO MODERADO,250110037,250110,COMISION CUENTA (CUD,0,0,EquityAndLiabilities,Liabilities,TradeAndOtherPayables,,,,,NetAssetsLiabilities,,,,
10,FIC DIVERSIFICADO MODERADO,250295034,250295,MERCADO ELECTRONICO COLOMBIANO (MEC),0,0,EquityAndLiabilities,Liabilities,TradeAndOtherPayables,,,,,NetAssetsLiabilities,,,,
10,FIC DIVERSIFICADO MODERADO,250305011,250305,RENDIMIENTOS FINANCIEROS CAPITALIZADOS,0,-199,EquityAndLiabilities,Liabilities,TradeAndOtherPayables,,,,,NetAssetsLiabilities,,,,
10,FIC DIVERSIFICADO MODERADO,253105003,253105,CUENTA CORRIENTE IBA,0,0,EquityAndLiabilities,Liabilities,TradeAndOtherPayables,,,,,NetAssetsLiabilities,,,,
10,FIC DIVERSIFICADO MODERADO,253105024,253105,COMPENSACION DERIVADOS,0,0,EquityAndLiabilities,Liabilities,TradeAndOtherPayables,,,,,NetAssetsLiabilities,,,,
10,FIC DIVERSIFICADO MODERADO,253105110,253105,CUENTA COMPENSACION,"-71314266,62","-133355397,3",EquityAndLiabilities,Liabilities,TradeAndOtherPayables,,,,,NetAssetsLiabilities,,,,
10,FIC DIVERSIFICADO MODERADO,410705115,410705,OTROS EMISORES NACIONALES,0,-211351900,EquityAndLiabilities,Equity,EquityAttributableToOwnersOfParent,OtherEquityInterest,ProfitLossFromContinuingOperations,ProfitLoss,ProfitLossBeforeTax,ProfitLossFromOperatingActivities,Revenue,OtherRevenue,,AdjustmentsForDecreaseIncreaseInOtherCurrentAssets
10,FIC DIVERSIFICADO MODERADO,410805200,410805,EMISORES EXTRANJEROS,0,"-97125932,84",EquityAndLiabilities,Equity,EquityAttributableToOwnersOfParent,OtherEquityInterest,ProfitLossFromContinuingOperations,ProfitLoss,ProfitLossBeforeTax,ProfitLossFromOperatingActivities,OtherExpenseByNature,,,AdjustmentsForDecreaseIncreaseInOtherCurrentAssets
10,FIC DIVERSIFICADO MODERADO,411405015,411405,INGRESO POR OP REPO,0,"-8434395,99",EquityAndLiabilities,Equity,EquityAttributableToOwnersOfParent,OtherEquityInterest,ProfitLossFromContinuingOperations,ProfitLoss,ProfitLossBeforeTax,ProfitLossFromOperatingActivities,Revenue,InterestIncomeOnCashAndCashEquivalents,,
10,FIC DIVERSIFICADO MODERADO,411415020,411415,DIVIDENDOS,0,"-51390274,48",EquityAndLiabilities,Equity,EquityAttributableToOwnersOfParent,OtherEquityInterest,ProfitLossFromContinuingOperations,ProfitLoss,ProfitLossBeforeTax,ProfitLossFromOperatingActivities,Revenue,InterestIncomeOnCashAndCashEquivalents,,
10,FIC DIVERSIFICADO MODERADO,411495002,411495,"(DM) BCO BOGOTA Cta No,049335060",0,"-10028370,9",EquityAndLiabilities,Equity,EquityAttributableToOwnersOfParent,OtherEquityInterest,ProfitLossFromContinuingOperations,ProfitLoss,ProfitLossBeforeTax,ProfitLossFromOperatingActivities,Revenue,InterestIncomeOnCashAndCashEquivalents,,
10,FIC DIVERSIFICADO MODERADO,411495005,411495,"(DM) BANCOLOMBIA Cta No, 69000008137",0,"-4142404,18",EquityAndLiabilities,Equity,EquityAttributableToOwnersOfParent,OtherEquityInterest,ProfitLossFromContinuingOperations,ProfitLoss,ProfitLossBeforeTax,ProfitLossFromOperatingActivities,Revenue,InterestIncomeOnCashAndCashEquivalents,,
10,FIC DIVERSIFICADO MODERADO,411495006,411495,"(DM) BANCO COLPATRIA Cta No, 0072967712",0,"-2324366,8",EquityAndLiabilities,Equity,EquityAttributableToOwnersOfParent,OtherEquityInterest,ProfitLossFromContinuingOperations,ProfitLoss,ProfitLossBeforeTax,ProfitLossFromOperatingActivities,Revenue,InterestIncomeOnCashAndCashEquivalents,,
10,FIC DIVERSIFICADO MODERADO,411495015,411495,RENDIMIENTOS INVERSIONES EN FICS,0,"-40439349,49",EquityAndLiabilities,Equity,EquityAttributableToOwnersOfParent,OtherEquityInterest,ProfitLossFromContinuingOperations,ProfitLoss,ProfitLossBeforeTax,ProfitLossFromOperatingActivities,Revenue,InterestIncomeOnCashAndCashEquivalents,,
10,FIC DIVERSIFICADO MODERADO,411495040,411495,"(EA) Bancolombia cau No, 80100007240",0,"-26471,98",EquityAndLiabilities,Equity,EquityAttributableToOwnersOfParent,OtherEquityInterest,ProfitLossFromContinuingOperations,ProfitLoss,ProfitLossBeforeTax,ProfitLossFromOperatingActivities,Revenue,InterestIncomeOnCashAndCashEquivalents,,
10,FIC DIVERSIFICADO MODERADO,411495088,411495,"(FR) BANCOLOMBIA Cau No,04882034670",0,"-478384,37",EquityAndLiabilities,Equity,EquityAttributableToOwnersOfParent,OtherEquityInterest,ProfitLossFromContinuingOperations,ProfitLoss,ProfitLossBeforeTax,ProfitLossFromOperatingActivities,Revenue,InterestIncomeOnCashAndCashEquivalents,,
10,FIC DIVERSIFICADO MODERADO,411495115,411495,"(BA) BANCO COLPATRIA Cau No,0062513021",0,"-238990,59",EquityAndLiabilities,Equity,EquityAttributableToOwnersOfParent,OtherEquityInterest,ProfitLossFromContinuingOperations,ProfitLoss,ProfitLossBeforeTax,ProfitLossFromOperatingActivities,Revenue,InterestIncomeOnCashAndCashEquivalents,,
10,FIC DIVERSIFICADO MODERADO,411495142,411495,"(FR) OCCIDENTES Cau No, 288854078",0,"-46129945,72",EquityAndLiabilities,Equity,EquityAttributableToOwnersOfParent,OtherEquityInterest,ProfitLossFromContinuingOperations,ProfitLoss,ProfitLossBeforeTax,ProfitLossFromOperatingActivities,Revenue,InterestIncomeOnCashAndCashEquivalents,,
10,FIC DIVERSIFICADO MODERADO,411495300,411495,INTERESES TÍTULOS,0,-1236336479,EquityAndLiabilities,Equity,EquityAttributableToOwnersOfParent,OtherEquityInterest,ProfitLossFromContinuingOperations,ProfitLoss,ProfitLossBeforeTax,ProfitLossFromOperatingActivities,Revenue,InterestIncomeOnCashAndCashEquivalents,,
10,FIC DIVERSIFICADO MODERADO,411495999,411495,OTROS,0,"-132869,53",EquityAndLiabilities,Equity,EquityAttributableToOwnersOfParent,OtherEquityInterest,ProfitLossFromContinuingOperations,ProfitLoss,ProfitLossBeforeTax,ProfitLossFromOperatingActivities,Revenue,InterestIncomeOnCashAndCashEquivalents,,
10,FIC DIVERSIFICADO MODERADO,412505115,412505,OTROS EMISORES NACIONALES,0,-465000,EquityAndLiabilities,Equity,EquityAttributableToOwnersOfParent,OtherEquityInterest,ProfitLossFromContinuingOperations,ProfitLoss,ProfitLossBeforeTax,ProfitLossFromOperatingActivities,Revenue,,,
10,FIC DIVERSIFICADO MODERADO,412510200,412510,EMISORES EXTRANJEROS,0,-348016652,EquityAndLiabilities,Equity,EquityAttributableToOwnersOfParent,OtherEquityInterest,ProfitLossFromContinuingOperations,ProfitLoss,ProfitLossBeforeTax,ProfitLossFromOperatingActivities,Revenue,,,
10,FIC DIVERSIFICADO MODERADO,413515010,413515,POR REEXPRESION DE OTROS ACTIVOS,0,"-218121160,3",EquityAndLiabilities,Equity,EquityAttributableToOwnersOfParent,OtherEquityInterest,ProfitLossFromContinuingOperations,ProfitLoss,ProfitLossBeforeTax,ProfitLossFromOperatingActivities,OtherExpenseByNature,,,
10,FIC DIVERSIFICADO MODERADO,413515015,413515,UT/PER REEXPRESIÓN OTROS ACTIVOS (DER CO,0,-559850,EquityAndLiabilities,Equity,EquityAttributableToOwnersOfParent,OtherEquityInterest,ProfitLossFromContinuingOperations,ProfitLoss,ProfitLossBeforeTax,ProfitLossFromOperatingActivities,OtherExpenseByNature,,,
10,FIC DIVERSIFICADO MODERADO,413535010,413535,REEXPRESIÓN OTROS PASIVOS (OBL VENTA DIV,0,0,EquityAndLiabilities,Equity,EquityAttributableToOwnersOfParent,OtherEquityInterest,ProfitLossFromContinuingOperations,ProfitLoss,ProfitLossBeforeTax,ProfitLossFromOperatingActivities,OtherExpenseByNature,,,
10,FIC DIVERSIFICADO MODERADO,413535015,413535,UT/PER REEXPRESIÓN OTROS PASIVOS (OBL VE,0,-1946250,EquityAndLiabilities,Equity,EquityAttributableToOwnersOfParent,OtherEquityInterest,ProfitLossFromContinuingOperations,ProfitLoss,ProfitLossBeforeTax,ProfitLossFromOperatingActivities,OtherExpenseByNature,,,
10,FIC DIVERSIFICADO MODERADO,419595025,419595,PENALIZACIONES,0,0,EquityAndLiabilities,Equity,EquityAttributableToOwnersOfParent,OtherEquityInterest,ProfitLossFromContinuingOperations,ProfitLoss,ProfitLossBeforeTax,ProfitLossFromOperatingActivities,Revenue,OtherRevenue,,
10,FIC DIVERSIFICADO MODERADO,510605105,510605,TÍTULOS DE TESORERÍA -TES,0,"989143063,2",EquityAndLiabilities,Equity,EquityAttributableToOwnersOfParent,OtherEquityInterest,ProfitLossFromContinuingOperations,ProfitLoss,ProfitLossBeforeTax,ProfitLossFromOperatingActivities,OtherExpenseByNature,,,AdjustmentsForDecreaseIncreaseInOtherCurrentAssets
10,FIC DIVERSIFICADO MODERADO,511512010,511512,GASTOS BANCARIOS,0,"10996731,92",EquityAndLiabilities,Equity,EquityAttributableToOwnersOfParent,OtherEquityInterest,ProfitLossFromContinuingOperations,ProfitLoss,ProfitLossBeforeTax,ProfitLossFromOperatingActivities,OtherExpenseByNature,OtherFeeAndCommissionExpense,FeeAndCommissionExpense,FeeAndCommissionIncomeExpense
10,FIC DIVERSIFICADO MODERADO,511548010,511548,"COMISION DE ADMINISTRACION R,F,",0,"480225354,3",EquityAndLiabilities,Equity,EquityAttributableToOwnersOfParent,OtherEquityInterest,ProfitLossFromContinuingOperations,ProfitLoss,ProfitLossBeforeTax,ProfitLossFromOperatingActivities,OtherExpenseByNature,OtherFeeAndCommissionExpense,FeeAndCommissionExpense,FeeAndCommissionIncomeExpense
10,FIC DIVERSIFICADO MODERADO,512505105,512505,TÍTULOS DE TESORERÍA -TES,0,"2466817,73",EquityAndLiabilities,Equity,EquityAttributableToOwnersOfParent,OtherEquityInterest,ProfitLossFromContinuingOperations,ProfitLoss,ProfitLossBeforeTax,ProfitLossFromOperatingActivities,OtherExpenseByNature,,,
10,FIC DIVERSIFICADO MODERADO,512505115,512505,OTROS EMISORES NACIONALES,0,3263850,EquityAndLiabilities,Equity,EquityAttributableToOwnersOfParent,OtherEquityInterest,ProfitLossFromContinuingOperations,ProfitLoss,ProfitLossBeforeTax,ProfitLossFromOperatingActivities,OtherExpenseByNature,,,
10,FIC DIVERSIFICADO MODERADO,512510200,512510,EMISORES EXTRANJEROS,0,"223838782,3",EquityAndLiabilities,Equity,EquityAttributableToOwnersOfParent,OtherEquityInterest,ProfitLossFromContinuingOperations,ProfitLoss,ProfitLossBeforeTax,ProfitLossFromOperatingActivities,OtherExpenseByNature,,,
10,FIC DIVERSIFICADO MODERADO,512917010,512917,PERDIDA FUTUROS DE MONEDAS,0,152889500,EquityAndLiabilities,Equity,EquityAttributableToOwnersOfParent,OtherEquityInterest,ProfitLossFromContinuingOperations,ProfitLoss,ProfitLossBeforeTax,ProfitLossFromOperatingActivities,OtherExpenseByNature,,,AdjustmentsForDecreaseIncreaseInOtherCurrentAssets
10,FIC DIVERSIFICADO MODERADO,512917020,512917,VALORACION FUTUROS DE MONEDAS,0,301465000,EquityAndLiabilities,Equity,EquityAttributableToOwnersOfParent,OtherEquityInterest,ProfitLossFromContinuingOperations,ProfitLoss,ProfitLossBeforeTax,ProfitLossFromOperatingActivities,OtherExpenseByNature,,,AdjustmentsForDecreaseIncreaseInOtherCurrentAssets
10,FIC DIVERSIFICADO MODERADO,514005011,514005,IMPOVENTAS,0,"1448806,8",EquityAndLiabilities,Equity,EquityAttributableToOwnersOfParent,OtherEquityInterest,ProfitLossFromContinuingOperations,ProfitLoss,ProfitLossBeforeTax,ProfitLossFromOperatingActivities,OtherExpenseByNature,,,
10,FIC DIVERSIFICADO MODERADO,519095004,519095,MERCADO ELECTRONICO COLOMBIANO (MEC),0,"3476825,38",EquityAndLiabilities,Equity,EquityAttributableToOwnersOfParent,OtherEquityInterest,ProfitLossFromContinuingOperations,ProfitLoss,ProfitLossBeforeTax,ProfitLossFromOperatingActivities,OtherExpenseByNature,,,
10,FIC DIVERSIFICADO MODERADO,519095006,519095,CUENTA DE DEPOSITO (CUD),0,"2051655,7",EquityAndLiabilities,Equity,EquityAttributableToOwnersOfParent,OtherEquityInterest,ProfitLossFromContinuingOperations,ProfitLoss,ProfitLossBeforeTax,ProfitLossFromOperatingActivities,OtherExpenseByNature,,,
10,FIC DIVERSIFICADO MODERADO,519095007,519095,SAE CUSTODIO,0,"131965,29",EquityAndLiabilities,Equity,EquityAttributableToOwnersOfParent,OtherEquityInterest,ProfitLossFromContinuingOperations,ProfitLoss,ProfitLossBeforeTax,ProfitLossFromOperatingActivities,OtherExpenseByNature,,,
10,FIC DIVERSIFICADO MODERADO,519095999,519095,OTROS,0,"114,38",EquityAndLiabilities,Equity,EquityAttributableToOwnersOfParent,OtherEquityInterest,ProfitLossFromContinuingOperations,ProfitLoss,ProfitLossBeforeTax,ProfitLossFromOperatingActivities,OtherExpenseByNature,,,
10,FIC DIVERSIFICADO MODERADO,590505010,590505,CANCELACION DE INGRESOS RF,0,1032020898,EquityAndLiabilities,Equity,EquityAttributableToOwnersOfParent,OtherEquityInterest,,,,,,,,
10,FIC DIVERSIFICADO MODERADO,590505020,590505,UTILIDAD/PERDIDA PAGADA EN REDENCIONES,0,2047417554,EquityAndLiabilities,Equity,EquityAttributableToOwnersOfParent,OtherEquityInterest,,,,,,,,
10,FIC DIVERSIFICADO MODERADO,810505205,810505,OTROS,3015928563,3119030653,EquityAndLiabilities,Equity,EquityAttributableToOwnersOfParent,,,,,,,,,
10,FIC DIVERSIFICADO MODERADO,810505210,810505,EMISORES EXTRANJEROS,18677845883,15548348626,EquityAndLiabilities,Equity,EquityAttributableToOwnersOfParent,,,,,,,,,
10,FIC DIVERSIFICADO MODERADO,830505010,830505,DEUDORAS POR CONTRA,-58993240841,-44872366529,EquityAndLiabilities,Equity,EquityAttributableToOwnersOfParent,,,,,,,,,
10,FIC DIVERSIFICADO MODERADO,840505010,840505,ACREEDORAS POR CONTRA,0,0,EquityAndLiabilities,Equity,EquityAttributableToOwnersOfParent,,,,,,,,,
133,FCP CORREDORES CAPITAL I,111505130,111505,"(CP) BANCOLOMBIA Cta No,69000001707","804,13","818,26",Assets,,CashAndCashEquivalents,BalancesWithBanks,Cash,,,NetAssetsLiabilities,,,,
133,FCP CORREDORES CAPITAL I,130205300,130205,EMISORES NACIONALES,451771145671,460297071629,Assets,,Inversiones,ActivosFinancierosCorrientesValorRazonableCambiosResultadosInversiones,InversionesNegociables,NegociablesInstrumentosPatrimonio,,NetAssetsLiabilities,,,,
133,FCP CORREDORES CAPITAL I,161695015,161695,GASTOS VARIOS DE ADMON,0,"13,11",Assets,,TradeAndOtherReceivables,,,,,NetAssetsLiabilities,,,,
133,FCP CORREDORES CAPITAL I,161695123,161695,"(CK) BANCOLOMBIA Cau No,04872908752","153379,1","762496,11",Assets,,TradeAndOtherReceivables,,,,,NetAssetsLiabilities,,,,
133,FCP CORREDORES CAPITAL I,161695999,161695,PROVEEDORES,0,0,Assets,,TradeAndOtherReceivables,,,,,NetAssetsLiabilities,,,,
10,FIC DIVERSIFICADO MODERADO,135140200,135140,OBLIGACION DE COMPRA TITULOS,0,0,Assets,,Inversiones,ActivosFinancierosCorrientesValorRazonableCambiosResultadosInversiones,InversionesNegociables,NegociablesInstrumentosPatrimonio,,NetAssetsLiabilities,,,,
10,FIC DIVERSIFICADO MODERADO,135140300,135140,OBLIGACION DE COMPRA TITULOS,0,-90440000,Assets,,Inversiones,ActivosFinancierosCorrientesValorRazonableCambiosResultadosInversiones,InversionesNegociables,NegociablesInstrumentosPatrimonio,,NetAssetsLiabilities,,,,
10,FIC DIVERSIFICADO MODERADO,135145200,135145,OBLIGACION DE VENTA SOBRE TÍTULOS,0,0,Assets,,Inversiones,ActivosFinancierosCorrientesValorRazonableCambiosResultadosInversiones,InversionesNegociables,NegociablesInstrumentosPatrimonio,,NetAssetsLiabilities,,,,
10,FIC DIVERSIFICADO MODERADO,135145300,135145,OBLIGACION VENTA TITULOS,0,0,Assets,,Inversiones,ActivosFinancierosCorrientesValorRazonableCambiosResultadosInversiones,InversionesNegociables,NegociablesInstrumentosPatrimonio,,NetAssetsLiabilities,,,,
10,FIC DIVERSIFICADO MODERADO,161695004,161695,"(LD) BCO DAVIVIENDA cta No,482800025215","1132716,54","966152,5",Assets,,TradeAndOtherReceivables,,,,,NetAssetsLiabilities,,,,
10,FIC DIVERSIFICADO MODERADO,161695006,161695,"(DM) BANCO COLPATRIA Cta No, 0072967712","364985,03","360935,05",Assets,,TradeAndOtherReceivables,,,,,NetAssetsLiabilities,,,,
10,FIC DIVERSIFICADO MODERADO,161695016,161695,"(EA) BANCOLOMBIA PMÁ Cau No, 80100001434","47705,03","47705,03",Assets,,TradeAndOtherReceivables,,,,,NetAssetsLiabilities,,,,
10,FIC DIVERSIFICADO MODERADO,161695040,161695,"(EA) Bancolombia Cta Cau No, 80100007240","168986,6","165485,51",Assets,,TradeAndOtherReceivables,,,,,NetAssetsLiabilities,,,,
10,FIC DIVERSIFICADO MODERADO,161695088,161695,"(FR) BANCOLOMBIA Cau No,04882034670","55555,53","88222,26",Assets,,TradeAndOtherReceivables,,,,,NetAssetsLiabilities,,,,
10,FIC DIVERSIFICADO MODERADO,161695115,161695,"(BA) BANCO COLPATRIA Cau No,0062513021","90980,29","329970,88",Assets,,TradeAndOtherReceivables,,,,,NetAssetsLiabilities,,,,
10,FIC DIVERSIFICADO MODERADO,161695142,161695,"(FR) OCCIDENTE Cau No, 288854078","19590,26","437628,99",Assets,,TradeAndOtherReceivables,,,,,NetAssetsLiabilities,,,,
10,FIC DIVERSIFICADO MODERADO,161695144,161695,"(FR) DAVIVIENDACau No, 005070361620","-9802,97","36342,73",Assets,,TradeAndOtherReceivables,,,,,NetAssetsLiabilities,,,,
10,FIC DIVERSIFICADO MODERADO,161695150,161695,OCCIDENTAL BANK BARBADOS LTD 509086 CTE,"1951082,2","1973406,81",Assets,,TradeAndOtherReceivables,,,,,NetAssetsLiabilities,,,,
10,FIC DIVERSIFICADO MODERADO,161695200,161695,compensacion divisas,0,0,Assets,,TradeAndOtherReceivables,,,,,NetAssetsLiabilities,,,,
10,FIC DIVERSIFICADO MODERADO,161795020,161795,OTROS,13313500,2352000,Assets,,TradeAndOtherReceivables,,,,,NetAssetsLiabilities,,,,
10,FIC DIVERSIFICADO MODERADO,162825010,162825,EN GARANTIA,162646111,450803611,Assets,,TradeAndOtherReceivables,,,,,NetAssetsLiabilities,,,,
10,FIC DIVERSIFICADO MODERADO,192595002,192595,CUENTAS DE DEPOSITO (CUD),0,"11090,17",Assets,,OtherNonfinancialAssets,,,,,NetAssetsLiabilities,,,,
10,FIC DIVERSIFICADO MODERADO,192595003,192595,REVISORIA FISCAL,0,0,Assets,,OtherNonfinancialAssets,,,,,NetAssetsLiabilities,,,,
10,FIC DIVERSIFICADO MODERADO,225015011,225015,DERECHO COMPRA SOBRE TITULOS,645000000,0,EquityAndLiabilities,Liabilities,OtherFinancialLiabilities,,,,,NetAssetsLiabilities,,,,
10,FIC DIVERSIFICADO MODERADO,225020300,225020,DERECHO VENTA TITULOS,0,90560000,EquityAndLiabilities,Liabilities,OtherFinancialLiabilities,,,,,NetAssetsLiabilities,,,,
10,FIC DIVERSIFICADO MODERADO,225045300,225045,OBLIGACION VENTA TITULOS,0,-91640000,EquityAndLiabilities,Liabilities,OtherFinancialLiabilities,,,,,NetAssetsLiabilities,,,,
10,FIC DIVERSIFICADO MODERADO,250105035,250105,REVISORIA FISCAL,0,0,EquityAndLiabilities,Liabilities,TradeAndOtherPayables,,,,,NetAssetsLiabilities,,,,
10,FIC DIVERSIFICADO MODERADO,250110010,250110,COMISION CUSTODIA FIJA - DCV,0,0,EquityAndLiabilities,Liabilities,TradeAndOtherPayables,,,,,NetAssetsLiabilities,,,,
10,FIC DIVERSIFICADO MODERADO,250110015,250110,COMISION DE ADMINISTRACION,"-6086070,23","-2471198,74",EquityAndLiabilities,Liabilities,TradeAndOtherPayables,,,,,NetAssetsLiabilities,,,,
10,FIC DIVERSIFICADO MODERADO,250295037,250295,CUENTAS DE DEPOSITO (CUD),0,0,EquityAndLiabilities,Liabilities,TradeAndOtherPayables,,,,,NetAssetsLiabilities,,,,
10,FIC DIVERSIFICADO MODERADO,250295038,250295,COMISION SAE CUSTODIO,0,0,EquityAndLiabilities,Liabilities,TradeAndOtherPayables,,,,,NetAssetsLiabilities,,,,
10,FIC DIVERSIFICADO MODERADO,253105135,253105,LIQUIDACION DERIVADOS,0,0,EquityAndLiabilities,Liabilities,TradeAndOtherPayables,,,,,NetAssetsLiabilities,,,,
10,FIC DIVERSIFICADO MODERADO,253105220,253105,CUENTA COMPENSACION DIVISAS,0,0,EquityAndLiabilities,Liabilities,TradeAndOtherPayables,,,,,NetAssetsLiabilities,,,,
10,FIC DIVERSIFICADO MODERADO,352505010,352505,PARTICIPACIONES EN FDO DE INVERSIÓN COLE,-64078809293,-52150701474,EquityAndLiabilities,Equity,EquityAttributableToOwnersOfParent,OtherEquityInterest,,,,,,,,
10,FIC DIVERSIFICADO MODERADO,352510010,352510,PARTICIPACIONES POR IDENTIFICAR,"-785059,87","-1115976,92",EquityAndLiabilities,Equity,EquityAttributableToOwnersOfParent,OtherEquityInterest,,,,,,,,
10,FIC DIVERSIFICADO MODERADO,410355010,410355,REND X COMPROMISOS DE TRANSF OP SIM,0,-52718921,EquityAndLiabilities,Equity,EquityAttributableToOwnersOfParent,OtherEquityInterest,ProfitLossFromContinuingOperations,ProfitLoss,ProfitLossBeforeTax,ProfitLossFromOperatingActivities,OtherExpenseByNature,OtherRevenue,,
10,FIC DIVERSIFICADO MODERADO,410705105,410705,TÍTULOS DE TESORERÍA -TES,0,-1912611050,EquityAndLiabilities,Equity,EquityAttributableToOwnersOfParent,OtherEquityInterest,ProfitLossFromContinuingOperations,ProfitLoss,ProfitLossBeforeTax,ProfitLossFromOperatingActivities,Revenue,OtherRevenue,,AdjustmentsForDecreaseIncreaseInOtherCurrentAssets
10,FIC DIVERSIFICADO MODERADO,410805300,410805,EMISORES NACIONALES,0,"-574641948,3",EquityAndLiabilities,Equity,EquityAttributableToOwnersOfParent,OtherEquityInterest,ProfitLossFromContinuingOperations,ProfitLoss,ProfitLossBeforeTax,ProfitLossFromOperatingActivities,OtherExpenseByNature,,,AdjustmentsForDecreaseIncreaseInOtherCurrentAssets
10,FIC DIVERSIFICADO MODERADO,411495001,411495,"(DM) DAVIVIENDA Cta No,482800036014",0,"-17234798,46",EquityAndLiabilities,Equity,EquityAttributableToOwnersOfParent,OtherEquityInterest,ProfitLossFromContinuingOperations,ProfitLoss,ProfitLossBeforeTax,ProfitLossFromOperatingActivities,Revenue,InterestIncomeOnCashAndCashEquivalents,,
10,FIC DIVERSIFICADO MODERADO,411495004,411495,"(DM) OCCIDENTE Cta No, 219885894",0,"-65864244,37",EquityAndLiabilities,Equity,EquityAttributableToOwnersOfParent,OtherEquityInterest,ProfitLossFromContinuingOperations,ProfitLoss,ProfitLossBeforeTax,ProfitLossFromOperatingActivities,Revenue,InterestIncomeOnCashAndCashEquivalents,,
10,FIC DIVERSIFICADO MODERADO,411495007,411495,"(DM) Davivienda Panama CTA, 10001015160",0,"-3202512,95",EquityAndLiabilities,Equity,EquityAttributableToOwnersOfParent,OtherEquityInterest,ProfitLossFromContinuingOperations,ProfitLoss,ProfitLossBeforeTax,ProfitLossFromOperatingActivities,Revenue,InterestIncomeOnCashAndCashEquivalents,,
133,FCP CORREDORES CAPITAL I,192595015,192595,COMISION ADMINISTRACION,"58349441,26",0,Assets,,OtherNonfinancialAssets,,,,,NetAssetsLiabilities,,,,
133,FCP CORREDORES CAPITAL I,192595030,192595,AMORTIZACION COMISION DE ADMON,0,"58349441,12",Assets,,OtherNonfinancialAssets,,,,,NetAssetsLiabilities,,,,
133,FCP CORREDORES CAPITAL I,250110015,250110,COMISION DE ADMINISTRACION,0,0,EquityAndLiabilities,Liabilities,TradeAndOtherPayables,,,,,NetAssetsLiabilities,,,,
133,FCP CORREDORES CAPITAL I,250295050,250295,OTROS PROVEEDORES,0,0,EquityAndLiabilities,Liabilities,TradeAndOtherPayables,,,,,NetAssetsLiabilities,,,,
133,FCP CORREDORES CAPITAL I,250305011,250305,RENDIMIENTOS FINANCIEROS CAPITALIZADOS,0,0,EquityAndLiabilities,Liabilities,TradeAndOtherPayables,,,,,NetAssetsLiabilities,,,,
133,FCP CORREDORES CAPITAL I,250305020,250305,RETENCION PROVEEDORES,0,0,EquityAndLiabilities,Liabilities,TradeAndOtherPayables,,,,,NetAssetsLiabilities,,,,
133,FCP CORREDORES CAPITAL I,352505010,352505,PARTICIPACIONES EN FDO DE INVERSIÓN COLE,-452460995393,-461402346881,EquityAndLiabilities,Equity,EquityAttributableToOwnersOfParent,OtherEquityInterest,,,,,,,,
133,FCP CORREDORES CAPITAL I,410805300,410805,EMISORES NACIONALES,0,-8525925957,EquityAndLiabilities,Equity,EquityAttributableToOwnersOfParent,OtherEquityInterest,ProfitLossFromContinuingOperations,ProfitLoss,ProfitLossBeforeTax,ProfitLossFromOperatingActivities,OtherExpenseByNature,,,AdjustmentsForDecreaseIncreaseInOtherCurrentAssets
133,FCP CORREDORES CAPITAL I,411495130,411495,"(CP) BANCOLOMBIA Cta cau No,69000001707",0,"-14,51",EquityAndLiabilities,Equity,EquityAttributableToOwnersOfParent,OtherEquityInterest,ProfitLossFromContinuingOperations,ProfitLoss,ProfitLossBeforeTax,ProfitLossFromOperatingActivities,Revenue,InterestIncomeOnCashAndCashEquivalents,,
133,FCP CORREDORES CAPITAL I,510805010,510805,POR DISMINUCION EN EL VALOR DE MERCADO,0,0,EquityAndLiabilities,Equity,EquityAttributableToOwnersOfParent,OtherEquityInterest,ProfitLossFromContinuingOperations,ProfitLoss,ProfitLossBeforeTax,ProfitLossFromOperatingActivities,OtherExpenseByNature,,,AdjustmentsForDecreaseIncreaseInOtherCurrentAssets
133,FCP CORREDORES CAPITAL I,513015003,513015,REVISORIA FISCAL,0,7566750,EquityAndLiabilities,Equity,EquityAttributableToOwnersOfParent,OtherEquityInterest,ProfitLossFromContinuingOperations,ProfitLoss,ProfitLossBeforeTax,ProfitLossFromOperatingActivities,OtherExpenseByNature,,,
133,FCP CORREDORES CAPITAL I,514005011,514005,IMPOVENTAS,0,"7301366,7",EquityAndLiabilities,Equity,EquityAttributableToOwnersOfParent,OtherEquityInterest,ProfitLossFromContinuingOperations,ProfitLoss,ProfitLossBeforeTax,ProfitLossFromOperatingActivities,OtherExpenseByNature,,,
133,FCP CORREDORES CAPITAL I,514005020,514005,IMPUESTOS ASUMIDOS,0,0,EquityAndLiabilities,Equity,EquityAttributableToOwnersOfParent,OtherEquityInterest,ProfitLossFromContinuingOperations,ProfitLoss,ProfitLossBeforeTax,ProfitLossFromOperatingActivities,OtherExpenseByNature,,,
133,FCP CORREDORES CAPITAL I,519095999,519095,OTROS,0,"0,06",EquityAndLiabilities,Equity,EquityAttributableToOwnersOfParent,OtherEquityInterest,ProfitLossFromContinuingOperations,ProfitLoss,ProfitLossBeforeTax,ProfitLossFromOperatingActivities,OtherExpenseByNature,,,
133,FCP CORREDORES CAPITAL I,590505010,590505,CANCELACION DE INGRESOS RF,0,"426495728,8",EquityAndLiabilities,Equity,EquityAttributableToOwnersOfParent,OtherEquityInterest,,,,,,,,
133,FCP CORREDORES CAPITAL I,590505015,590505,CANCELACION DE INGRESOS RV,0,8514855759,EquityAndLiabilities,Equity,EquityAttributableToOwnersOfParent,OtherEquityInterest,,,,,,,,
133,FCP CORREDORES CAPITAL I,590505020,590505,UTILIDAD/PERDIDA PAGADA EN REDENCIÓN,0,27537089630,EquityAndLiabilities,Equity,EquityAttributableToOwnersOfParent,OtherEquityInterest,,,,,,,,
133,FCP CORREDORES CAPITAL I,829595998,829595,OTRAS CUENTAS DE ORDEN ACREEDORAS PESOS,"-5983604,82","-5983604,82",EquityAndLiabilities,Equity,EquityAttributableToOwnersOfParent,,,,,,,,,
133,FCP CORREDORES CAPITAL I,830505010,830505,DEUDORAS POR CONTRA,-451771145671,-460297071629,EquityAndLiabilities,Equity,EquityAttributableToOwnersOfParent,,,,,,,,,
139,FCP TEKA COLOMBIA I - COMPARTIMENTO GP,111505027,111505,"(TK) BANCOLOMBIA Cta No,04872907942",0,0,Assets,,CashAndCashEquivalents,BalancesWithBanks,Cash,,,NetAssetsLiabilities,,,,
139,FCP TEKA COLOMBIA I - COMPARTIMENTO GP,161695526,161695,"(TK) BANCOLOMBIA Cau No,04872907349","4597,08","9456,42",Assets,,TradeAndOtherReceivables,,,,,NetAssetsLiabilities,,,,
139,FCP TEKA COLOMBIA I - COMPARTIMENTO GP,250110015,250110,COMISION DE ADMINISTRACION,0,0,EquityAndLiabilities,Liabilities,TradeAndOtherPayables,,,,,NetAssetsLiabilities,,,,
139,FCP TEKA COLOMBIA I - COMPARTIMENTO GP,250110025,250110,OTRAS COMISIONES,0,0,EquityAndLiabilities,Liabilities,TradeAndOtherPayables,,,,,NetAssetsLiabilities,,,,
139,FCP TEKA COLOMBIA I - COMPARTIMENTO GP,352505010,352505,PARTICIPACIONES EN FDO DE INVERSIÓN COLE,"-38898474,85","-39071842,72",EquityAndLiabilities,Equity,EquityAttributableToOwnersOfParent,OtherEquityInterest,,,,,,,,
139,FCP TEKA COLOMBIA I - COMPARTIMENTO GP,410805300,410805,EMISORES NACIONALES,0,"-2118405,18",EquityAndLiabilities,Equity,EquityAttributableToOwnersOfParent,OtherEquityInterest,ProfitLossFromContinuingOperations,ProfitLoss,ProfitLossBeforeTax,ProfitLossFromOperatingActivities,OtherExpenseByNature,,,AdjustmentsForDecreaseIncreaseInOtherCurrentAssets
139,FCP TEKA COLOMBIA I - COMPARTIMENTO GP,411495526,411495,"(TK) BANCOLOMBIA Cau No,04872907349",0,"-293569,38",EquityAndLiabilities,Equity,EquityAttributableToOwnersOfParent,OtherEquityInterest,ProfitLossFromContinuingOperations,ProfitLoss,ProfitLossBeforeTax,ProfitLossFromOperatingActivities,Revenue,InterestIncomeOnCashAndCashEquivalents,,
139,FCP TEKA COLOMBIA I - COMPARTIMENTO GP,511325010,511325,COMISION CUSTODIA FIJA,0,"201545,07",EquityAndLiabilities,Equity,EquityAttributableToOwnersOfParent,OtherEquityInterest,ProfitLossFromContinuingOperations,ProfitLoss,ProfitLossBeforeTax,ProfitLossFromOperatingActivities,OtherExpenseByNature,BrokerageFeeExpense,FeeAndCommissionExpense,FeeAndCommissionIncomeExpense
139,FCP TEKA COLOMBIA I - COMPARTIMENTO GP,513015003,513015,REVISORIA FISCAL,0,76151,EquityAndLiabilities,Equity,EquityAttributableToOwnersOfParent,OtherEquityInterest,ProfitLossFromContinuingOperations,ProfitLoss,ProfitLossBeforeTax,ProfitLossFromOperatingActivities,OtherExpenseByNature,,,
139,FCP TEKA COLOMBIA I - COMPARTIMENTO GP,513095090,513095,OTROS HONORARIOS,0,"157585,86",EquityAndLiabilities,Equity,EquityAttributableToOwnersOfParent,OtherEquityInterest,ProfitLossFromContinuingOperations,ProfitLoss,ProfitLossBeforeTax,ProfitLossFromOperatingActivities,OtherExpenseByNature,,,
139,FCP TEKA COLOMBIA I - COMPARTIMENTO GP,514005010,514005,IMPUESTO A LOS MOVIMIENTOS FINANCIEROS,0,"20310,72",EquityAndLiabilities,Equity,EquityAttributableToOwnersOfParent,OtherEquityInterest,ProfitLossFromContinuingOperations,ProfitLoss,ProfitLossBeforeTax,ProfitLossFromOperatingActivities,OtherExpenseByNature,,,
139,FCP TEKA COLOMBIA I - COMPARTIMENTO GP,515525010,515525,SEGUROS DE RESPONSABILIDAD CIVIL,0,"364465,25",EquityAndLiabilities,Equity,EquityAttributableToOwnersOfParent,OtherEquityInterest,ProfitLossFromContinuingOperations,ProfitLoss,ProfitLossBeforeTax,ProfitLossFromOperatingActivities,OtherExpenseByNature,,,
139,FCP TEKA COLOMBIA I - COMPARTIMENTO GP,590505010,590505,UTILIDAD DEL EJERCICIO,0,"-1270244,69",EquityAndLiabilities,Equity,EquityAttributableToOwnersOfParent,OtherEquityInterest,,,,,,,,
139,FCP TEKA COLOMBIA I - COMPARTIMENTO GP,590505015,590505,CANCELACION DE INGRESOS RV,0,"1443612,56",EquityAndLiabilities,Equity,EquityAttributableToOwnersOfParent,OtherEquityInterest,,,,,,,,
139,FCP TEKA COLOMBIA I - COMPARTIMENTO GP,810505205,810505,EMISORES NACIONALES,"19968990,53","16067473,48",EquityAndLiabilities,Equity,EquityAttributableToOwnersOfParent,,,,,,,,,
139,FCP TEKA COLOMBIA I - COMPARTIMENTO GP,829595998,829595,OTRAS CUENTAS DE ORDEN ACREEDORAS PESOS,-175921770,-175921770,EquityAndLiabilities,Equity,EquityAttributableToOwnersOfParent,,,,,,,,,
10,FIC DIVERSIFICADO MODERADO,411495130,411495,"ALL FUNDS Cau, 1160500576000 CTE",0,"-28212,05",EquityAndLiabilities,Equity,EquityAttributableToOwnersOfParent,OtherEquityInterest,ProfitLossFromContinuingOperations,ProfitLoss,ProfitLossBeforeTax,ProfitLossFromOperatingActivities,Revenue,InterestIncomeOnCashAndCashEquivalents,,
10,FIC DIVERSIFICADO MODERADO,411495144,411495,"(FR) DAVIVIENDACau No, 005070361620",0,"-17661708,72",EquityAndLiabilities,Equity,EquityAttributableToOwnersOfParent,OtherEquityInterest,ProfitLossFromContinuingOperations,ProfitLoss,ProfitLossBeforeTax,ProfitLossFromOperatingActivities,Revenue,InterestIncomeOnCashAndCashEquivalents,,
10,FIC DIVERSIFICADO MODERADO,411495150,411495,OCCIDENTAL BANK BARBADOS LTD 509086 CTE,0,"-200113,2",EquityAndLiabilities,Equity,EquityAttributableToOwnersOfParent,OtherEquityInterest,ProfitLossFromContinuingOperations,ProfitLoss,ProfitLossBeforeTax,ProfitLossFromOperatingActivities,Revenue,InterestIncomeOnCashAndCashEquivalents,,
10,FIC DIVERSIFICADO MODERADO,411495192,411495,"(BA) DAVIVIENDA Cta Cau No,005070366645",0,"-1851265,11",EquityAndLiabilities,Equity,EquityAttributableToOwnersOfParent,OtherEquityInterest,ProfitLossFromContinuingOperations,ProfitLoss,ProfitLossBeforeTax,ProfitLossFromOperatingActivities,Revenue,InterestIncomeOnCashAndCashEquivalents,,
10,FIC DIVERSIFICADO MODERADO,411495193,411495,"(BA) BCO BOGOTA Cau No, 049280159",0,"-283056,4",EquityAndLiabilities,Equity,EquityAttributableToOwnersOfParent,OtherEquityInterest,ProfitLossFromContinuingOperations,ProfitLoss,ProfitLossBeforeTax,ProfitLossFromOperatingActivities,Revenue,InterestIncomeOnCashAndCashEquivalents,,
10,FIC DIVERSIFICADO MODERADO,412505105,412505,TÍTULOS DE TESORERÍA -TES,0,-366000,EquityAndLiabilities,Equity,EquityAttributableToOwnersOfParent,OtherEquityInterest,ProfitLossFromContinuingOperations,ProfitLoss,ProfitLossBeforeTax,ProfitLossFromOperatingActivities,Revenue,,,
10,FIC DIVERSIFICADO MODERADO,412917010,412917,FUTUROS DE MONEDAS,0,-343061250,EquityAndLiabilities,Equity,EquityAttributableToOwnersOfParent,OtherEquityInterest,ProfitLossFromContinuingOperations,ProfitLoss,ProfitLossBeforeTax,ProfitLossFromOperatingActivities,Revenue,,,AdjustmentsForDecreaseIncreaseInOtherCurrentAssets
10,FIC DIVERSIFICADO MODERADO,412917020,412917,UTILIDAD DERIVADOS DE MONEDA,0,"-316438374,7",EquityAndLiabilities,Equity,EquityAttributableToOwnersOfParent,OtherEquityInterest,ProfitLossFromContinuingOperations,ProfitLoss,ProfitLossBeforeTax,ProfitLossFromOperatingActivities,Revenue,,,AdjustmentsForDecreaseIncreaseInOtherCurrentAssets
10,FIC DIVERSIFICADO MODERADO,510440010,510440,COMP DE TRANSFERENCIA EN OPER REPO,0,"97317,75",EquityAndLiabilities,Equity,EquityAttributableToOwnersOfParent,OtherEquityInterest,ProfitLossFromContinuingOperations,ProfitLoss,ProfitLossBeforeTax,ProfitLossFromOperatingActivities,OtherExpenseByNature,,,
10,FIC DIVERSIFICADO MODERADO,510605115,510605,OTROS EMISORES NACIONALES,0,295477000,EquityAndLiabilities,Equity,EquityAttributableToOwnersOfParent,OtherEquityInterest,ProfitLossFromContinuingOperations,ProfitLoss,ProfitLossBeforeTax,ProfitLossFromOperatingActivities,OtherExpenseByNature,,,AdjustmentsForDecreaseIncreaseInOtherCurrentAssets
10,FIC DIVERSIFICADO MODERADO,510805200,510805,EMISORES EXTRANJEROS,0,1201825317,EquityAndLiabilities,Equity,EquityAttributableToOwnersOfParent,OtherEquityInterest,ProfitLossFromContinuingOperations,ProfitLoss,ProfitLossBeforeTax,ProfitLossFromOperatingActivities,OtherExpenseByNature,,,AdjustmentsForDecreaseIncreaseInOtherCurrentAssets
10,FIC DIVERSIFICADO MODERADO,511325010,511325,COMISION CUSTODIA FIJA,0,"231835,81",EquityAndLiabilities,Equity,EquityAttributableToOwnersOfParent,OtherEquityInterest,ProfitLossFromContinuingOperations,ProfitLoss,ProfitLossBeforeTax,ProfitLossFromOperatingActivities,OtherExpenseByNature,BrokerageFeeExpense,FeeAndCommissionExpense,FeeAndCommissionIncomeExpense
10,FIC DIVERSIFICADO MODERADO,511595070,511595,COMISIONES OP DEL EXTERIOR,0,"3483879,04",EquityAndLiabilities,Equity,EquityAttributableToOwnersOfParent,OtherEquityInterest,ProfitLossFromContinuingOperations,ProfitLoss,ProfitLossBeforeTax,ProfitLossFromOperatingActivities,OtherExpenseByNature,OtherFeeAndCommissionExpense,FeeAndCommissionExpense,FeeAndCommissionIncomeExpense
10,FIC DIVERSIFICADO MODERADO,513015003,513015,REVISORIA FISCAL,0,"7625299,69",EquityAndLiabilities,Equity,EquityAttributableToOwnersOfParent,OtherEquityInterest,ProfitLossFromContinuingOperations,ProfitLoss,ProfitLossBeforeTax,ProfitLossFromOperatingActivities,OtherExpenseByNature,,,
10,FIC DIVERSIFICADO MODERADO,513535010,513535,POR REEXPRESION DE OTROS ACTIVOS,0,309355075,EquityAndLiabilities,Equity,EquityAttributableToOwnersOfParent,OtherEquityInterest,ProfitLossFromContinuingOperations,ProfitLoss,ProfitLossBeforeTax,ProfitLossFromOperatingActivities,OtherExpenseByNature,,,
10,FIC DIVERSIFICADO MODERADO,514005010,514005,IMPUESTO A LOS MOVIMIENTOS FINANCIEROS,0,"211292,74",EquityAndLiabilities,Equity,EquityAttributableToOwnersOfParent,OtherEquityInterest,ProfitLossFromContinuingOperations,ProfitLoss,ProfitLossBeforeTax,ProfitLossFromOperatingActivities,OtherExpenseByNature,,,
10,FIC DIVERSIFICADO MODERADO,514005015,514005,IMPUESTO DE INDUSTRIA Y COMERCIO,0,"16744,2",EquityAndLiabilities,Equity,EquityAttributableToOwnersOfParent,OtherEquityInterest,ProfitLossFromContinuingOperations,ProfitLoss,ProfitLossBeforeTax,ProfitLossFromOperatingActivities,OtherExpenseByNature,,,
10,FIC DIVERSIFICADO MODERADO,514005020,514005,RETENCION TRASLADABLE,0,14039,EquityAndLiabilities,Equity,EquityAttributableToOwnersOfParent,OtherEquityInterest,ProfitLossFromContinuingOperations,ProfitLoss,ProfitLossBeforeTax,ProfitLossFromOperatingActivities,OtherExpenseByNature,,,
10,FIC DIVERSIFICADO MODERADO,519095030,519095,DESVALORIZACION FONDOS ABIERTOS,0,"26093283,08",EquityAndLiabilities,Equity,EquityAttributableToOwnersOfParent,OtherEquityInterest,ProfitLossFromContinuingOperations,ProfitLoss,ProfitLossBeforeTax,ProfitLossFromOperatingActivities,OtherExpenseByNature,,,
10,FIC DIVERSIFICADO MODERADO,590505015,590505,CANCELACION DE INGRESOS RV,0,-1511415499,EquityAndLiabilities,Equity,EquityAttributableToOwnersOfParent,OtherEquityInterest,,,,,,,,
10,FIC DIVERSIFICADO MODERADO,810505105,810505,TÍTULOS DE TESORERÍA -TES,22627499645,17701764450,EquityAndLiabilities,Equity,EquityAttributableToOwnersOfParent,,,,,,,,,
10,FIC DIVERSIFICADO MODERADO,810505115,810505,OTROS EMISORES NACIONALES,14671966750,8503222800,EquityAndLiabilities,Equity,EquityAttributableToOwnersOfParent,,,,,,,,,
10,FIC DIVERSIFICADO MODERADO,821505010,821505,EN TITULOS DE TESORERIA - TES,0,0,EquityAndLiabilities,Equity,EquityAttributableToOwnersOfParent,,,,,,,,,
133,FCP CORREDORES CAPITAL I,111505122,111505,(CK) BANCOLOMBIA CTA CTE 04872908752,"631346095,6",1046160156,Assets,,CashAndCashEquivalents,BalancesWithBanks,Cash,,,NetAssetsLiabilities,,,,
133,FCP CORREDORES CAPITAL I,161695045,161695,CUENTA CORRIENTE,0,"2324,86",Assets,,TradeAndOtherReceivables,,,,,NetAssetsLiabilities,,,,
133,FCP CORREDORES CAPITAL I,161695130,161695,"(CP) BANCOLOMBIA Cta cau No,69000001707","2,15","2,1",Assets,,TradeAndOtherReceivables,,,,,NetAssetsLiabilities,,,,
133,FCP CORREDORES CAPITAL I,161695999,161695,PROVEEDORES,0,0,Assets,,TradeAndOtherReceivables,,,,,NetAssetsLiabilities,,,,
133,FCP CORREDORES CAPITAL I,250105010,250105,HONORARIOS,0,0,EquityAndLiabilities,Liabilities,TradeAndOtherPayables,,,,,NetAssetsLiabilities,,,,
133,FCP CORREDORES CAPITAL I,250110010,250110,COMISION CUSTODIA FIJA,0,0,EquityAndLiabilities,Liabilities,TradeAndOtherPayables,,,,,NetAssetsLiabilities,,,,
133,FCP CORREDORES CAPITAL I,250295050,250295,OTROS PROVEEDORES,0,0,EquityAndLiabilities,Liabilities,TradeAndOtherPayables,,,,,NetAssetsLiabilities,,,,
133,FCP CORREDORES CAPITAL I,250305020,250305,RETENCION PROVEEDORES,0,0,EquityAndLiabilities,Liabilities,TradeAndOtherPayables,,,,,NetAssetsLiabilities,,,,
133,FCP CORREDORES CAPITAL I,253105003,253105,CUENTA CORRIENTE IBA,0,0,EquityAndLiabilities,Liabilities,TradeAndOtherPayables,,,,,NetAssetsLiabilities,,,,
133,FCP CORREDORES CAPITAL I,253105107,253105,CUENTA DE COMPENSACION,0,0,EquityAndLiabilities,Liabilities,TradeAndOtherPayables,,,,,NetAssetsLiabilities,,,,
133,FCP CORREDORES CAPITAL I,253105110,253105,CUENTA COMPENSACION,"-0,49",0,EquityAndLiabilities,Liabilities,TradeAndOtherPayables,,,,,NetAssetsLiabilities,,,,
133,FCP CORREDORES CAPITAL I,411415010,411415,DIVIDENDOS,0,-28337282924,EquityAndLiabilities,Equity,EquityAttributableToOwnersOfParent,OtherEquityInterest,ProfitLossFromContinuingOperations,ProfitLoss,ProfitLossBeforeTax,ProfitLossFromOperatingActivities,Revenue,InterestIncomeOnCashAndCashEquivalents,,
133,FCP CORREDORES CAPITAL I,411495123,411495,"(CK) BANCOLOMBIA Cau No,04872908752",0,"-11246494,9",EquityAndLiabilities,Equity,EquityAttributableToOwnersOfParent,OtherEquityInterest,ProfitLossFromContinuingOperations,ProfitLoss,ProfitLossBeforeTax,ProfitLossFromOperatingActivities,Revenue,InterestIncomeOnCashAndCashEquivalents,,
141,FCP TEKA COLOMBIA I - COMPARTIMIENTO LP,130205300,130205,EMISORES NACIONALES,"484886053,3","687469233,7",Assets,,Inversiones,ActivosFinancierosCorrientesValorRazonableCambiosResultadosInversiones,InversionesNegociables,NegociablesInstrumentosPatrimonio,,NetAssetsLiabilities,,,,
141,FCP TEKA COLOMBIA I - COMPARTIMIENTO LP,161695028,161695,"(TK) BANCOLOMBIA Cau No,04872907942","606128,79","884820,16",Assets,,TradeAndOtherReceivables,,,,,NetAssetsLiabilities,,,,
141,FCP TEKA COLOMBIA I - COMPARTIMIENTO LP,192595015,192595,COMISION DE GESTIÓN,0,0,Assets,,OtherNonfinancialAssets,,,,,NetAssetsLiabilities,,,,
141,FCP TEKA COLOMBIA I - COMPARTIMIENTO LP,192595025,192595,COMISION ADMINISTRACION,0,0,Assets,,OtherNonfinancialAssets,,,,,NetAssetsLiabilities,,,,
141,FCP TEKA COLOMBIA I - COMPARTIMIENTO LP,192595030,192595,AMORTIZACION COMISION DE ADMON,0,0,Assets,,OtherNonfinancialAssets,,,,,NetAssetsLiabilities,,,,
141,FCP TEKA COLOMBIA I - COMPARTIMIENTO LP,250110015,250110,COMISION DE ADMINISTRACION,0,0,EquityAndLiabilities,Liabilities,TradeAndOtherPayables,,,,,NetAssetsLiabilities,,,,
141,FCP TEKA COLOMBIA I - COMPARTIMIENTO LP,250195010,250195,COMISION GESTOR PROFESIONAL,0,0,EquityAndLiabilities,Liabilities,TradeAndOtherPayables,,,,,NetAssetsLiabilities,,,,
141,FCP TEKA COLOMBIA I - COMPARTIMIENTO LP,250305011,250305,RENDIMIENTOS FINANCIEROS CAPITALIZADOS,0,0,EquityAndLiabilities,Liabilities,TradeAndOtherPayables,,,,,NetAssetsLiabilities,,,,
141,FCP TEKA COLOMBIA I - COMPARTIMIENTO LP,352505010,352505,PARTICIPACIONES EN FDO DE INVERSIÓN COLE,-4492777734,-3764236434,EquityAndLiabilities,Equity,EquityAttributableToOwnersOfParent,OtherEquityInterest,,,,,,,,
141,FCP TEKA COLOMBIA I - COMPARTIMIENTO LP,410805300,410805,EMISORES NACIONALES,0,"-211834424,8",EquityAndLiabilities,Equity,EquityAttributableToOwnersOfParent,OtherEquityInterest,ProfitLossFromContinuingOperations,ProfitLoss,ProfitLossBeforeTax,ProfitLossFromOperatingActivities,OtherExpenseByNature,,,AdjustmentsForDecreaseIncreaseInOtherCurrentAssets
141,FCP TEKA COLOMBIA I - COMPARTIMIENTO LP,513015003,513015,REVISORIA FISCAL,0,7615099,EquityAndLiabilities,Equity,EquityAttributableToOwnersOfParent,OtherEquityInterest,ProfitLossFromContinuingOperations,ProfitLoss,ProfitLossBeforeTax,ProfitLossFromOperatingActivities,OtherExpenseByNature,,,
141,FCP TEKA COLOMBIA I - COMPARTIMIENTO LP,515525010,515525,SEGUROS DE RESPONSABILIDAD CIVIL,0,"36446524,54",EquityAndLiabilities,Equity,EquityAttributableToOwnersOfParent,OtherEquityInterest,ProfitLossFromContinuingOperations,ProfitLoss,ProfitLossBeforeTax,ProfitLossFromOperatingActivities,OtherExpenseByNature,,,
141,FCP TEKA COLOMBIA I - COMPARTIMIENTO LP,590505010,590505,CANCELACION DE INGRESOS RF,0,"-463872259,9",EquityAndLiabilities,Equity,EquityAttributableToOwnersOfParent,OtherEquityInterest,,,,,,,,
141,FCP TEKA COLOMBIA I - COMPARTIMIENTO LP,590505015,590505,CANCELACION DE INGRESOS RV,0,"-264669040,3",EquityAndLiabilities,Equity,EquityAttributableToOwnersOfParent,OtherEquityInterest,,,,,,,,
141,FCP TEKA COLOMBIA I - COMPARTIMIENTO LP,829595998,829595,OTRAS CUENTAS DE ORDEN ACREEDORAS PESOS,-252616065,-252616065,EquityAndLiabilities,Equity,EquityAttributableToOwnersOfParent,,,,,,,,,
141,FCP TEKA COLOMBIA I - COMPARTIMIENTO LP,830505010,830505,DEUDORAS POR CONTRA,-1996867409,-1606692238,EquityAndLiabilities,Equity,EquityAttributableToOwnersOfParent,,,,,,,,,
152,FCP INVERSOR COMPARTIMIENTO A,111505001,111505,"(IN) BANCOLOMBIA Cta No,04872908426","220124428,2","767276506,9",Assets,,CashAndCashEquivalents,BalancesWithBanks,Cash,,,NetAssetsLiabilities,,,,
152,FCP INVERSOR COMPARTIMIENTO A,111505002,111505,"(IN) DAVIVIENDA Cta No,482800051880","79175063,92","67260890,45",Assets,,CashAndCashEquivalents,BalancesWithBanks,Cash,,,NetAssetsLiabilities,,,,
152,FCP INVERSOR COMPARTIMIENTO A,130205300,130205,EMISORES NACIONALES,6897624143,4880551832,Assets,,Inversiones,ActivosFinancierosCorrientesValorRazonableCambiosResultadosInversiones,InversionesNegociables,NegociablesInstrumentosPatrimonio,,NetAssetsLiabilities,,,,
152,FCP INVERSOR COMPARTIMIENTO A,136000300,136000,INVERSIONES DERECHOS FIDUCIARIOS,19058245995,18461921456,Assets,,Inversiones,ActivosFinancierosCorrientesValorRazonableCambiosResultadosInversiones,InversionesNegociables,NegociablesInstrumentosPatrimonio,,NetAssetsLiabilities,,,,
152,FCP INVERSOR COMPARTIMIENTO A,161695002,161695,"(IN) DAVIVIENDA Cta No,482800051880","564147,45","2404430,3",Assets,,TradeAndOtherReceivables,,,,,NetAssetsLiabilities,,,,
152,FCP INVERSOR COMPARTIMIENTO A,161695015,161695,GASTOS VARIOS DE ADMON,0,0,Assets,,TradeAndOtherReceivables,,,,,NetAssetsLiabilities,,,,
152,FCP INVERSOR COMPARTIMIENTO A,161695045,161695,CUENTA CORRIENTE,"278811566,2","48634,81",Assets,,TradeAndOtherReceivables,,,,,NetAssetsLiabilities,,,,
152,FCP INVERSOR COMPARTIMIENTO A,161695999,161695,Proveedores,0,0,Assets,,TradeAndOtherReceivables,,,,,NetAssetsLiabilities,,,,
152,FCP INVERSOR COMPARTIMIENTO A,192595030,192595,COMISION ADMINISTRACION,0,0,Assets,,OtherNonfinancialAssets,,,,,NetAssetsLiabilities,,,,
152,FCP INVERSOR COMPARTIMIENTO A,250105010,250105,HONORARIOS,0,0,EquityAndLiabilities,Liabilities,TradeAndOtherPayables,,,,,NetAssetsLiabilities,,,,
152,FCP INVERSOR COMPARTIMIENTO A,250110010,250110,COMISION CUSTODIA FIJA,0,0,EquityAndLiabilities,Liabilities,TradeAndOtherPayables,,,,,NetAssetsLiabilities,,,,
152,FCP INVERSOR COMPARTIMIENTO A,250110015,250110,COMISION DE ADMISTRACION,0,0,EquityAndLiabilities,Liabilities,TradeAndOtherPayables,,,,,NetAssetsLiabilities,,,,
152,FCP INVERSOR COMPARTIMIENTO A,250305011,250305,RENDIMIENTOS FINANCIEROS CAPITALIZADOS,0,0,EquityAndLiabilities,Liabilities,TradeAndOtherPayables,,,,,NetAssetsLiabilities,,,,
152,FCP INVERSOR COMPARTIMIENTO A,253105003,253105,CUENTA CORRIENTE IBA,0,0,EquityAndLiabilities,Liabilities,TradeAndOtherPayables,,,,,NetAssetsLiabilities,,,,
152,FCP INVERSOR COMPARTIMIENTO A,253105110,253105,CUENTA COMPENSACION,"-4602,96",0,EquityAndLiabilities,Liabilities,TradeAndOtherPayables,,,,,NetAssetsLiabilities,,,,
152,FCP INVERSOR COMPARTIMIENTO A,410395010,410395,OTROS RENDIMIENTOS FINANCIEROS,0,-688959090,EquityAndLiabilities,Equity,EquityAttributableToOwnersOfParent,OtherEquityInterest,ProfitLossFromContinuingOperations,ProfitLoss,ProfitLossBeforeTax,ProfitLossFromOperatingActivities,OtherExpenseByNature,OtherRevenue,,
152,FCP INVERSOR COMPARTIMIENTO A,411495002,411495,"(IN) DAVIVIENDA Cta No,482800051880",0,"-5025879,79",EquityAndLiabilities,Equity,EquityAttributableToOwnersOfParent,OtherEquityInterest,ProfitLossFromContinuingOperations,ProfitLoss,ProfitLossBeforeTax,ProfitLossFromOperatingActivities,Revenue,InterestIncomeOnCashAndCashEquivalents,,
152,FCP INVERSOR COMPARTIMIENTO A,411495015,411495,RENDIMIENTOS INVERSIONES EN FICS,0,"-6,45",EquityAndLiabilities,Equity,EquityAttributableToOwnersOfParent,OtherEquityInterest,ProfitLossFromContinuingOperations,ProfitLoss,ProfitLossBeforeTax,ProfitLossFromOperatingActivities,Revenue,InterestIncomeOnCashAndCashEquivalents,,
152,FCP INVERSOR COMPARTIMIENTO A,411495999,411495,OTROS,0,"-4601,57",EquityAndLiabilities,Equity,EquityAttributableToOwnersOfParent,OtherEquityInterest,ProfitLossFromContinuingOperations,ProfitLoss,ProfitLossBeforeTax,ProfitLossFromOperatingActivities,Revenue,InterestIncomeOnCashAndCashEquivalents,,
133,FCP CORREDORES CAPITAL I,411495999,411495,OTROS,0,"-9,32",EquityAndLiabilities,Equity,EquityAttributableToOwnersOfParent,OtherEquityInterest,ProfitLossFromContinuingOperations,ProfitLoss,ProfitLossBeforeTax,ProfitLossFromOperatingActivities,Revenue,InterestIncomeOnCashAndCashEquivalents,,
133,FCP CORREDORES CAPITAL I,511325010,511325,COMISION CUSTODIA FIJA,0,20356050,EquityAndLiabilities,Equity,EquityAttributableToOwnersOfParent,OtherEquityInterest,ProfitLossFromContinuingOperations,ProfitLoss,ProfitLossBeforeTax,ProfitLossFromOperatingActivities,OtherExpenseByNature,BrokerageFeeExpense,FeeAndCommissionExpense,FeeAndCommissionIncomeExpense
133,FCP CORREDORES CAPITAL I,511512010,511512,GASTOS BANCARIOS,0,"5120,8",EquityAndLiabilities,Equity,EquityAttributableToOwnersOfParent,OtherEquityInterest,ProfitLossFromContinuingOperations,ProfitLoss,ProfitLossBeforeTax,ProfitLossFromOperatingActivities,OtherExpenseByNature,OtherFeeAndCommissionExpense,FeeAndCommissionExpense,FeeAndCommissionIncomeExpense
133,FCP CORREDORES CAPITAL I,511548010,511548,"COMISION DE ADMINISTRACION R,F,",0,"350096646,8",EquityAndLiabilities,Equity,EquityAttributableToOwnersOfParent,OtherEquityInterest,ProfitLossFromContinuingOperations,ProfitLoss,ProfitLossBeforeTax,ProfitLossFromOperatingActivities,OtherExpenseByNature,OtherFeeAndCommissionExpense,FeeAndCommissionExpense,FeeAndCommissionIncomeExpense
133,FCP CORREDORES CAPITAL I,513095090,513095,OTROS HONORARIOS,0,10505430,EquityAndLiabilities,Equity,EquityAttributableToOwnersOfParent,OtherEquityInterest,ProfitLossFromContinuingOperations,ProfitLoss,ProfitLossBeforeTax,ProfitLossFromOperatingActivities,OtherExpenseByNature,,,
133,FCP CORREDORES CAPITAL I,514005010,514005,IMPUESTO A LOS MOVIMIENTOS FINANCIEROS,0,"182918,39",EquityAndLiabilities,Equity,EquityAttributableToOwnersOfParent,OtherEquityInterest,ProfitLossFromContinuingOperations,ProfitLoss,ProfitLossBeforeTax,ProfitLossFromOperatingActivities,OtherExpenseByNature,,,
133,FCP CORREDORES CAPITAL I,810505205,810505,EMISORES NACIONALES,451771145671,460297071629,EquityAndLiabilities,Equity,EquityAttributableToOwnersOfParent,,,,,,,,,
133,FCP CORREDORES CAPITAL I,840505998,840505,ACREEDORAS POR CONTRA PESOS,"5983604,82","5983604,82",EquityAndLiabilities,Equity,EquityAttributableToOwnersOfParent,,,,,,,,,
139,FCP TEKA COLOMBIA I - COMPARTIMENTO GP,111505525,111505,"(TK) BANCOLOMBIA Cta No,04872907349","18924858,06","23359176,57",Assets,,CashAndCashEquivalents,BalancesWithBanks,Cash,,,NetAssetsLiabilities,,,,
139,FCP TEKA COLOMBIA I - COMPARTIMENTO GP,130205300,130205,EMISORES NACIONALES,"4849249,23","6875243,43",Assets,,Inversiones,ActivosFinancierosCorrientesValorRazonableCambiosResultadosInversiones,InversionesNegociables,NegociablesInstrumentosPatrimonio,,NetAssetsLiabilities,,,,
139,FCP TEKA COLOMBIA I - COMPARTIMENTO GP,136000300,136000,INVERSIONES DERECHOS FIDUCIARIOS,"15119741,3","9192230,05",Assets,,Inversiones,ActivosFinancierosCorrientesValorRazonableCambiosResultadosInversiones,InversionesNegociables,NegociablesInstrumentosPatrimonio,,NetAssetsLiabilities,,,,
139,FCP TEKA COLOMBIA I - COMPARTIMENTO GP,161695045,161695,CUENTA CORRIENTE,"29,18",0,Assets,,TradeAndOtherReceivables,,,,,NetAssetsLiabilities,,,,
139,FCP TEKA COLOMBIA I - COMPARTIMENTO GP,192595030,192595,AMORTIZACION COMISION DE ADMON,0,0,Assets,,OtherNonfinancialAssets,,,,,NetAssetsLiabilities,,,,
139,FCP TEKA COLOMBIA I - COMPARTIMENTO GP,250105010,250105,HONORARIOS,0,0,EquityAndLiabilities,Liabilities,TradeAndOtherPayables,,,,,NetAssetsLiabilities,,,,
139,FCP TEKA COLOMBIA I - COMPARTIMENTO GP,250110010,250110,COMISION CUSTODIA FIJA,0,0,EquityAndLiabilities,Liabilities,TradeAndOtherPayables,,,,,NetAssetsLiabilities,,,,
139,FCP TEKA COLOMBIA I - COMPARTIMENTO GP,253105003,253105,CUENTA CORRIENTE IBA,0,0,EquityAndLiabilities,Liabilities,TradeAndOtherPayables,,,,,NetAssetsLiabilities,,,,
139,FCP TEKA COLOMBIA I - COMPARTIMENTO GP,253105110,253105,CUENTA COMPENSACION,0,"-364263,75",EquityAndLiabilities,Liabilities,TradeAndOtherPayables,,,,,NetAssetsLiabilities,,,,
139,FCP TEKA COLOMBIA I - COMPARTIMENTO GP,510805010,510805,POR DISMINUCION EN EL VALOR RAZONABLE,0,0,EquityAndLiabilities,Equity,EquityAttributableToOwnersOfParent,OtherEquityInterest,ProfitLossFromContinuingOperations,ProfitLoss,ProfitLossBeforeTax,ProfitLossFromOperatingActivities,OtherExpenseByNature,,,AdjustmentsForDecreaseIncreaseInOtherCurrentAssets
139,FCP TEKA COLOMBIA I - COMPARTIMENTO GP,511548010,511548,"COMISION DE ADMINISTRACION R,F,",0,"1050294,99",EquityAndLiabilities,Equity,EquityAttributableToOwnersOfParent,OtherEquityInterest,ProfitLossFromContinuingOperations,ProfitLoss,ProfitLossBeforeTax,ProfitLossFromOperatingActivities,OtherExpenseByNature,OtherFeeAndCommissionExpense,FeeAndCommissionExpense,FeeAndCommissionIncomeExpense
139,FCP TEKA COLOMBIA I - COMPARTIMENTO GP,511595015,511595,OTRAS COMISIONES,0,"302185,54",EquityAndLiabilities,Equity,EquityAttributableToOwnersOfParent,OtherEquityInterest,ProfitLossFromContinuingOperations,ProfitLoss,ProfitLossBeforeTax,ProfitLossFromOperatingActivities,OtherExpenseByNature,OtherFeeAndCommissionExpense,FeeAndCommissionExpense,FeeAndCommissionIncomeExpense
139,FCP TEKA COLOMBIA I - COMPARTIMENTO GP,514005011,514005,IMPOVENTAS,0,"66068,26",EquityAndLiabilities,Equity,EquityAttributableToOwnersOfParent,OtherEquityInterest,ProfitLossFromContinuingOperations,ProfitLoss,ProfitLossBeforeTax,ProfitLossFromOperatingActivities,OtherExpenseByNature,,,
139,FCP TEKA COLOMBIA I - COMPARTIMENTO GP,830505010,830505,"OTRAS TIT, VENDIDOS POR ENTREGAR","-19968990,53","-16067473,48",EquityAndLiabilities,Equity,EquityAttributableToOwnersOfParent,,,,,,,,,
139,FCP TEKA COLOMBIA I - COMPARTIMENTO GP,840505998,840505,ACREEDORAS POR CONTRA PESOS,175921770,175921770,EquityAndLiabilities,Equity,EquityAttributableToOwnersOfParent,,,,,,,,,
141,FCP TEKA COLOMBIA I - COMPARTIMIENTO LP,111505027,111505,"(TK) BANCOLOMBIA Cta No,04872907942",2494984542,2155973069,Assets,,CashAndCashEquivalents,BalancesWithBanks,Cash,,,NetAssetsLiabilities,,,,
141,FCP TEKA COLOMBIA I - COMPARTIMIENTO LP,136000300,136000,INVERSIONES DERECHOS FIDUCIARIOS,1511981356,"919223004,7",Assets,,Inversiones,ActivosFinancierosCorrientesValorRazonableCambiosResultadosInversiones,InversionesNegociables,NegociablesInstrumentosPatrimonio,,NetAssetsLiabilities,,,,
141,FCP TEKA COLOMBIA I - COMPARTIMIENTO LP,161695015,161695,GASTOS VARIOS DE ADMON,0,0,Assets,,TradeAndOtherReceivables,,,,,NetAssetsLiabilities,,,,
141,FCP TEKA COLOMBIA I - COMPARTIMIENTO LP,161695045,161695,CUENTA CORRIENTE,"319654,37","686306,11",Assets,,TradeAndOtherReceivables,,,,,NetAssetsLiabilities,,,,
141,FCP TEKA COLOMBIA I - COMPARTIMIENTO LP,250105010,250105,HONORARIOS,0,0,EquityAndLiabilities,Liabilities,TradeAndOtherPayables,,,,,NetAssetsLiabilities,,,,
141,FCP TEKA COLOMBIA I - COMPARTIMIENTO LP,250110010,250110,COMISION CUSTODIA FIJA,0,0,EquityAndLiabilities,Liabilities,TradeAndOtherPayables,,,,,NetAssetsLiabilities,,,,
141,FCP TEKA COLOMBIA I - COMPARTIMIENTO LP,250110025,250110,OTRAS COMISIONES,0,0,EquityAndLiabilities,Liabilities,TradeAndOtherPayables,,,,,NetAssetsLiabilities,,,,
141,FCP TEKA COLOMBIA I - COMPARTIMIENTO LP,253105003,253105,CUENTA CORRIENTE IBA,0,0,EquityAndLiabilities,Liabilities,TradeAndOtherPayables,,,,,NetAssetsLiabilities,,,,
141,FCP TEKA COLOMBIA I - COMPARTIMIENTO LP,253105110,253105,CUENTA COMPENSACION,0,0,EquityAndLiabilities,Liabilities,TradeAndOtherPayables,,,,,NetAssetsLiabilities,,,,
141,FCP TEKA COLOMBIA I - COMPARTIMIENTO LP,411495028,411495,"(TK) BANCOLOMBIA Cau No,04872907942",0,"-31126698,94",EquityAndLiabilities,Equity,EquityAttributableToOwnersOfParent,OtherEquityInterest,ProfitLossFromContinuingOperations,ProfitLoss,ProfitLossBeforeTax,ProfitLossFromOperatingActivities,Revenue,InterestIncomeOnCashAndCashEquivalents,,
141,FCP TEKA COLOMBIA I - COMPARTIMIENTO LP,510805010,510805,POR DISMINUCION EN EL VALOR RAZONABLE,0,0,EquityAndLiabilities,Equity,EquityAttributableToOwnersOfParent,OtherEquityInterest,ProfitLossFromContinuingOperations,ProfitLoss,ProfitLossBeforeTax,ProfitLossFromOperatingActivities,OtherExpenseByNature,,,AdjustmentsForDecreaseIncreaseInOtherCurrentAssets
141,FCP TEKA COLOMBIA I - COMPARTIMIENTO LP,511325010,511325,COMISION CUSTODIA FIJA,0,"20154504,93",EquityAndLiabilities,Equity,EquityAttributableToOwnersOfParent,OtherEquityInterest,ProfitLossFromContinuingOperations,ProfitLoss,ProfitLossBeforeTax,ProfitLossFromOperatingActivities,OtherExpenseByNature,BrokerageFeeExpense,FeeAndCommissionExpense,FeeAndCommissionIncomeExpense
152,FCP INVERSOR COMPARTIMIENTO A,511512010,511512,GASTOS BANCARIOS,0,"9071,42",EquityAndLiabilities,Equity,EquityAttributableToOwnersOfParent,OtherEquityInterest,ProfitLossFromContinuingOperations,ProfitLoss,ProfitLossBeforeTax,ProfitLossFromOperatingActivities,OtherExpenseByNature,OtherFeeAndCommissionExpense,FeeAndCommissionExpense,FeeAndCommissionIncomeExpense
152,FCP INVERSOR COMPARTIMIENTO A,511548010,511548,"COMISION DE ADMINISTRACION R,F,",0,"59078214,9",EquityAndLiabilities,Equity,EquityAttributableToOwnersOfParent,OtherEquityInterest,ProfitLossFromContinuingOperations,ProfitLoss,ProfitLossBeforeTax,ProfitLossFromOperatingActivities,OtherExpenseByNature,OtherFeeAndCommissionExpense,FeeAndCommissionExpense,FeeAndCommissionIncomeExpense
152,FCP INVERSOR COMPARTIMIENTO A,511595011,511595,COMISION GESTOR PROFESIONAL,0,"222258082,2",EquityAndLiabilities,Equity,EquityAttributableToOwnersOfParent,OtherEquityInterest,ProfitLossFromContinuingOperations,ProfitLoss,ProfitLossBeforeTax,ProfitLossFromOperatingActivities,OtherExpenseByNature,OtherFeeAndCommissionExpense,FeeAndCommissionExpense,FeeAndCommissionIncomeExpense
152,FCP INVERSOR COMPARTIMIENTO A,514005011,514005,IMPOVENTAS,0,"1854257,37",EquityAndLiabilities,Equity,EquityAttributableToOwnersOfParent,OtherEquityInterest,ProfitLossFromContinuingOperations,ProfitLoss,ProfitLossBeforeTax,ProfitLossFromOperatingActivities,OtherExpenseByNature,,,
152,FCP INVERSOR COMPARTIMIENTO A,514005015,514005,IVA COMISION GESTOR PROFESIONAL,0,"42229035,6",EquityAndLiabilities,Equity,EquityAttributableToOwnersOfParent,OtherEquityInterest,ProfitLossFromContinuingOperations,ProfitLoss,ProfitLossBeforeTax,ProfitLossFromOperatingActivities,OtherExpenseByNature,,,
152,FCP INVERSOR COMPARTIMIENTO A,519095045,519095,OTROS GTOS OPERACIONALES,0,"99377393,19",EquityAndLiabilities,Equity,EquityAttributableToOwnersOfParent,OtherEquityInterest,ProfitLossFromContinuingOperations,ProfitLoss,ProfitLossBeforeTax,ProfitLossFromOperatingActivities,OtherExpenseByNature,,,
152,FCP INVERSOR COMPARTIMIENTO A,519095999,519095,OTROS,0,0,EquityAndLiabilities,Equity,EquityAttributableToOwnersOfParent,OtherEquityInterest,ProfitLossFromContinuingOperations,ProfitLoss,ProfitLossBeforeTax,ProfitLossFromOperatingActivities,OtherExpenseByNature,,,
152,FCP INVERSOR COMPARTIMIENTO A,590505010,590505,CANCELACION DE INGRESOS RF,0,"-374526897,1",EquityAndLiabilities,Equity,EquityAttributableToOwnersOfParent,OtherEquityInterest,,,,,,,,
152,FCP INVERSOR COMPARTIMIENTO A,830505010,830505,DEUDORAS POR CONTRA,-25955870010,-23342473154,EquityAndLiabilities,Equity,EquityAttributableToOwnersOfParent,,,,,,,,,
152,FCP INVERSOR COMPARTIMIENTO A,840505998,840505,ACREEDORAS POR CONTRA PESOS,1475736284,1475736284,EquityAndLiabilities,Equity,EquityAttributableToOwnersOfParent,,,,,,,,,
165,FCP INVERSOR COMPARTIMENTO B,111505427,111505,"(IB) BANCOLOMBIA Cta No,69000001709","10219,22","10369,92",Assets,,CashAndCashEquivalents,BalancesWithBanks,Cash,,,NetAssetsLiabilities,,,,
165,FCP INVERSOR COMPARTIMENTO B,161695003,161695,"(IN) DAVIVIENDA Cta No, 482800051898","2231,62","319,1",Assets,,TradeAndOtherReceivables,,,,,NetAssetsLiabilities,,,,
165,FCP INVERSOR COMPARTIMENTO B,161695015,161695,GASTOS VARIOS DE ADMINISTRACION,0,0,Assets,,TradeAndOtherReceivables,,,,,NetAssetsLiabilities,,,,
165,FCP INVERSOR COMPARTIMENTO B,161695426,161695,"(IN) BANCOLOMBIA Cau No,04872908574","2063,71","180337,24",Assets,,TradeAndOtherReceivables,,,,,NetAssetsLiabilities,,,,
165,FCP INVERSOR COMPARTIMENTO B,192595015,192595,COMISION DE GESTION,0,0,Assets,,OtherNonfinancialAssets,,,,,NetAssetsLiabilities,,,,
165,FCP INVERSOR COMPARTIMENTO B,250110010,250110,COMISION CUSTODIO FIJA,0,0,EquityAndLiabilities,Liabilities,TradeAndOtherPayables,,,,,NetAssetsLiabilities,,,,
165,FCP INVERSOR COMPARTIMENTO B,250110015,250110,COMISION DE ADMISTRACION,0,0,EquityAndLiabilities,Liabilities,TradeAndOtherPayables,,,,,NetAssetsLiabilities,,,,
165,FCP INVERSOR COMPARTIMENTO B,250110025,250110,OTRAS COMISIONES,0,0,EquityAndLiabilities,Liabilities,TradeAndOtherPayables,,,,,NetAssetsLiabilities,,,,
165,FCP INVERSOR COMPARTIMENTO B,253105003,253105,Cuenta corriente 4*1000,0,0,EquityAndLiabilities,Liabilities,TradeAndOtherPayables,,,,,NetAssetsLiabilities,,,,
165,FCP INVERSOR COMPARTIMENTO B,352505010,352505,PARTICIPACIONES EN FDO DE INVERSIÓN COLE,-1092794727,-1121048751,EquityAndLiabilities,Equity,EquityAttributableToOwnersOfParent,OtherEquityInterest,,,,,,,,
165,FCP INVERSOR COMPARTIMENTO B,410805300,410805,EMISORES NACIONALES,0,0,EquityAndLiabilities,Equity,EquityAttributableToOwnersOfParent,OtherEquityInterest,ProfitLossFromContinuingOperations,ProfitLoss,ProfitLossBeforeTax,ProfitLossFromOperatingActivities,OtherExpenseByNature,,,AdjustmentsForDecreaseIncreaseInOtherCurrentAssets
165,FCP INVERSOR COMPARTIMENTO B,411495426,411495,"(IN) BANCOLOMBIA Cau No,04872908574",0,"-438330,52",EquityAndLiabilities,Equity,EquityAttributableToOwnersOfParent,OtherEquityInterest,ProfitLossFromContinuingOperations,ProfitLoss,ProfitLossBeforeTax,ProfitLossFromOperatingActivities,Revenue,InterestIncomeOnCashAndCashEquivalents,,
165,FCP INVERSOR COMPARTIMENTO B,510805010,510805,POR DISMINUCION SOBRE EL VALOR RAZONABLE,0,"33756132,58",EquityAndLiabilities,Equity,EquityAttributableToOwnersOfParent,OtherEquityInterest,ProfitLossFromContinuingOperations,ProfitLoss,ProfitLossBeforeTax,ProfitLossFromOperatingActivities,OtherExpenseByNature,,,AdjustmentsForDecreaseIncreaseInOtherCurrentAssets
165,FCP INVERSOR COMPARTIMENTO B,511325010,511325,COMISION CUSTODIA FIJA,0,"241937,6",EquityAndLiabilities,Equity,EquityAttributableToOwnersOfParent,OtherEquityInterest,ProfitLossFromContinuingOperations,ProfitLoss,ProfitLossBeforeTax,ProfitLossFromOperatingActivities,OtherExpenseByNature,BrokerageFeeExpense,FeeAndCommissionExpense,FeeAndCommissionIncomeExpense
165,FCP INVERSOR COMPARTIMENTO B,513015003,513015,REVISORIA FISCAL,0,"411292,36",EquityAndLiabilities,Equity,EquityAttributableToOwnersOfParent,OtherEquityInterest,ProfitLossFromContinuingOperations,ProfitLoss,ProfitLossBeforeTax,ProfitLossFromOperatingActivities,OtherExpenseByNature,,,
165,FCP INVERSOR COMPARTIMENTO B,514005010,514005,IMPUESTO A LOS MOVIMIENTOS FINANCIEROS,0,"73922,36",EquityAndLiabilities,Equity,EquityAttributableToOwnersOfParent,OtherEquityInterest,ProfitLossFromContinuingOperations,ProfitLoss,ProfitLossBeforeTax,ProfitLossFromOperatingActivities,OtherExpenseByNature,,,
165,FCP INVERSOR COMPARTIMENTO B,590505010,590505,CANCELACION DE INGRESOS RF,0,"-18233937,42",EquityAndLiabilities,Equity,EquityAttributableToOwnersOfParent,OtherEquityInterest,,,,,,,,
165,FCP INVERSOR COMPARTIMENTO B,590505015,590505,CANCELACION DE INGRESOS RV,0,"1487961,71",EquityAndLiabilities,Equity,EquityAttributableToOwnersOfParent,OtherEquityInterest,,,,,,,,
165,FCP INVERSOR COMPARTIMENTO B,829595998,829595,OTRAS CUENTAS DE ORDEN ACREEDORAS PESOS,-933500000,-933500000,EquityAndLiabilities,Equity,EquityAttributableToOwnersOfParent,,,,,,,,,
167,"FDO DE CAPITAL PRIVADO ENERGETICO ANDINO-COMPART, A",111505072,111505,"(EA) BANCOLOMBIA Cta No,04872907098","454990824,2",0,Assets,,CashAndCashEquivalents,BalancesWithBanks,Cash,,,NetAssetsLiabilities,,,,
167,"FDO DE CAPITAL PRIVADO ENERGETICO ANDINO-COMPART, A",111505173,111505,"(EA) BANCOLOMBIA Cta No,69000001702",0,0,Assets,,CashAndCashEquivalents,BalancesWithBanks,Cash,,,NetAssetsLiabilities,,,,
167,"FDO DE CAPITAL PRIVADO ENERGETICO ANDINO-COMPART, A",161695015,161695,GASTOS VARIOS DE ADMON,0,0,Assets,,TradeAndOtherReceivables,,,,,NetAssetsLiabilities,,,,
167,"FDO DE CAPITAL PRIVADO ENERGETICO ANDINO-COMPART, A",161695073,161695,"(EA) BANCOLOMBIA Cau No,04872907098","110533,23",0,Assets,,TradeAndOtherReceivables,,,,,NetAssetsLiabilities,,,,
167,"FDO DE CAPITAL PRIVADO ENERGETICO ANDINO-COMPART, A",161695999,161695,PROVEEDORES,0,0,Assets,,TradeAndOtherReceivables,,,,,NetAssetsLiabilities,,,,
167,"FDO DE CAPITAL PRIVADO ENERGETICO ANDINO-COMPART, A",250305011,250305,RENDIMIENTOS FINANCIEROS CAPITALIZADOS,0,0,EquityAndLiabilities,Liabilities,TradeAndOtherPayables,,,,,NetAssetsLiabilities,,,,
167,"FDO DE CAPITAL PRIVADO ENERGETICO ANDINO-COMPART, A",253105110,253105,CUENTA COMPENSACION,0,0,EquityAndLiabilities,Liabilities,TradeAndOtherPayables,,,,,NetAssetsLiabilities,,,,
167,"FDO DE CAPITAL PRIVADO ENERGETICO ANDINO-COMPART, A",411495073,411495,"(EA) BANCOLOMBIA Cau No,04872907098",0,0,EquityAndLiabilities,Equity,EquityAttributableToOwnersOfParent,OtherEquityInterest,ProfitLossFromContinuingOperations,ProfitLoss,ProfitLossBeforeTax,ProfitLossFromOperatingActivities,Revenue,InterestIncomeOnCashAndCashEquivalents,,
167,"FDO DE CAPITAL PRIVADO ENERGETICO ANDINO-COMPART, A",513015003,513015,REVISORIA FISCAL,0,0,EquityAndLiabilities,Equity,EquityAttributableToOwnersOfParent,OtherEquityInterest,ProfitLossFromContinuingOperations,ProfitLoss,ProfitLossBeforeTax,ProfitLossFromOperatingActivities,OtherExpenseByNature,,,
167,"FDO DE CAPITAL PRIVADO ENERGETICO ANDINO-COMPART, A",514005011,514005,IMPOVENTAS,0,0,EquityAndLiabilities,Equity,EquityAttributableToOwnersOfParent,OtherEquityInterest,ProfitLossFromContinuingOperations,ProfitLoss,ProfitLossBeforeTax,ProfitLossFromOperatingActivities,OtherExpenseByNature,,,
167,"FDO DE CAPITAL PRIVADO ENERGETICO ANDINO-COMPART, A",519095999,519095,OTROS,0,0,EquityAndLiabilities,Equity,EquityAttributableToOwnersOfParent,OtherEquityInterest,ProfitLossFromContinuingOperations,ProfitLoss,ProfitLossBeforeTax,ProfitLossFromOperatingActivities,OtherExpenseByNature,,,
167,"FDO DE CAPITAL PRIVADO ENERGETICO ANDINO-COMPART, A",590505010,590505,CANCELACION DE INGRESOS RF,0,0,EquityAndLiabilities,Equity,EquityAttributableToOwnersOfParent,OtherEquityInterest,,,,,,,,
167,"FDO DE CAPITAL PRIVADO ENERGETICO ANDINO-COMPART, A",590505015,590505,CANCELACION DE INGRESOS RV,0,0,EquityAndLiabilities,Equity,EquityAttributableToOwnersOfParent,OtherEquityInterest,,,,,,,,
167,"FDO DE CAPITAL PRIVADO ENERGETICO ANDINO-COMPART, A",590505020,590505,UTILIDAD/PERDIDA PAGADA EN REDENCIONES,0,0,EquityAndLiabilities,Equity,EquityAttributableToOwnersOfParent,OtherEquityInterest,,,,,,,,
173,FONDO DE CAPITAL PRIVADO ALTRA II,111505525,111505,"(ALTII) BANCOLOMBIA Cta No,17891607288","81884247,35","34556461,25",Assets,,CashAndCashEquivalents,BalancesWithBanks,Cash,,,NetAssetsLiabilities,,,,
173,FONDO DE CAPITAL PRIVADO ALTRA II,161695001,161695,"(ALTII) BANCOLOMBIA Cta No, 80100008101","97933,6","97933,6",Assets,,TradeAndOtherReceivables,,,,,NetAssetsLiabilities,,,,
173,FONDO DE CAPITAL PRIVADO ALTRA II,161695526,161695,"(ALII) BANCOLOMBIA Cau No,17891607288","-77882,2","-75387,42",Assets,,TradeAndOtherReceivables,,,,,NetAssetsLiabilities,,,,
173,FONDO DE CAPITAL PRIVADO ALTRA II,161695527,161695,"(AII) BANCOLOMBIA Cau No,69000001710","2402,24","2439,82",Assets,,TradeAndOtherReceivables,,,,,NetAssetsLiabilities,,,,
173,FONDO DE CAPITAL PRIVADO ALTRA II,192595015,192595,COMISION DE GESTION,0,0,Assets,,OtherNonfinancialAssets,,,,,NetAssetsLiabilities,,,,
173,FONDO DE CAPITAL PRIVADO ALTRA II,250110015,250110,COMISION DE ADMINISTRACION,0,0,EquityAndLiabilities,Liabilities,TradeAndOtherPayables,,,,,NetAssetsLiabilities,,,,
173,FONDO DE CAPITAL PRIVADO ALTRA II,250295050,250295,OTROS PROVEEDORES,0,0,EquityAndLiabilities,Liabilities,TradeAndOtherPayables,,,,,NetAssetsLiabilities,,,,
173,FONDO DE CAPITAL PRIVADO ALTRA II,352505010,352505,PARTICIPACIONES EN FDO DE INVERSIÓN COLE,-7955860604,-8089452853,EquityAndLiabilities,Equity,EquityAttributableToOwnersOfParent,OtherEquityInterest,,,,,,,,
173,FONDO DE CAPITAL PRIVADO ALTRA II,410805210,410805,EMISORES EXTRANJEROS,0,"-269167525,8",EquityAndLiabilities,Equity,EquityAttributableToOwnersOfParent,OtherEquityInterest,ProfitLossFromContinuingOperations,ProfitLoss,ProfitLossBeforeTax,ProfitLossFromOperatingActivities,OtherExpenseByNature,,,AdjustmentsForDecreaseIncreaseInOtherCurrentAssets
173,FONDO DE CAPITAL PRIVADO ALTRA II,410805300,410805,EMISORES NACIONALES,0,0,EquityAndLiabilities,Equity,EquityAttributableToOwnersOfParent,OtherEquityInterest,ProfitLossFromContinuingOperations,ProfitLoss,ProfitLossBeforeTax,ProfitLossFromOperatingActivities,OtherExpenseByNature,,,AdjustmentsForDecreaseIncreaseInOtherCurrentAssets
173,FONDO DE CAPITAL PRIVADO ALTRA II,411495526,411495,"(ALTII) BANCOLOMBIA Cta No,17891607288",0,"-702501,26",EquityAndLiabilities,Equity,EquityAttributableToOwnersOfParent,OtherEquityInterest,ProfitLossFromContinuingOperations,ProfitLoss,ProfitLossBeforeTax,ProfitLossFromOperatingActivities,Revenue,InterestIncomeOnCashAndCashEquivalents,,
173,FONDO DE CAPITAL PRIVADO ALTRA II,411495527,411495,"(AII) BANCOLOMBIA Cau No,69000001710",0,"-15601,64",EquityAndLiabilities,Equity,EquityAttributableToOwnersOfParent,OtherEquityInterest,ProfitLossFromContinuingOperations,ProfitLoss,ProfitLossBeforeTax,ProfitLossFromOperatingActivities,Revenue,InterestIncomeOnCashAndCashEquivalents,,
173,FONDO DE CAPITAL PRIVADO ALTRA II,510805010,510805,POR DISMINUCION EN EL VALOR DE MERCADO,0,0,EquityAndLiabilities,Equity,EquityAttributableToOwnersOfParent,OtherEquityInterest,ProfitLossFromContinuingOperations,ProfitLoss,ProfitLossBeforeTax,ProfitLossFromOperatingActivities,OtherExpenseByNature,,,AdjustmentsForDecreaseIncreaseInOtherCurrentAssets
173,FONDO DE CAPITAL PRIVADO ALTRA II,511325010,511325,COMISION CUSTODIA FIJA,0,20356050,EquityAndLiabilities,Equity,EquityAttributableToOwnersOfParent,OtherEquityInterest,ProfitLossFromContinuingOperations,ProfitLoss,ProfitLossBeforeTax,ProfitLossFromOperatingActivities,OtherExpenseByNature,BrokerageFeeExpense,FeeAndCommissionExpense,FeeAndCommissionIncomeExpense
173,FONDO DE CAPITAL PRIVADO ALTRA II,513015003,513015,REVISORIA FISCAL,0,3786751,EquityAndLiabilities,Equity,EquityAttributableToOwnersOfParent,OtherEquityInterest,ProfitLossFromContinuingOperations,ProfitLoss,ProfitLossBeforeTax,ProfitLossFromOperatingActivities,OtherExpenseByNature,,,
173,FONDO DE CAPITAL PRIVADO ALTRA II,513095090,513095,OTROS HONORARIOS,0,7003620,EquityAndLiabilities,Equity,EquityAttributableToOwnersOfParent,OtherEquityInterest,ProfitLossFromContinuingOperations,ProfitLoss,ProfitLossBeforeTax,ProfitLossFromOperatingActivities,OtherExpenseByNature,,,
173,FONDO DE CAPITAL PRIVADO ALTRA II,514005010,514005,IMPUESTO A LOS MOVIMIENTOS FINANCIEROS,0,"184147,45",EquityAndLiabilities,Equity,EquityAttributableToOwnersOfParent,OtherEquityInterest,ProfitLossFromContinuingOperations,ProfitLoss,ProfitLossBeforeTax,ProfitLossFromOperatingActivities,OtherExpenseByNature,,,
173,FONDO DE CAPITAL PRIVADO ALTRA II,590505015,590505,CANCELACION DE INGRESOS RV,0,"132889567,5",EquityAndLiabilities,Equity,EquityAttributableToOwnersOfParent,OtherEquityInterest,,,,,,,,
175,FCP TC LATAM COMPARTIMENTO A,111505001,111505,"(LT) BANCOLOMBIA Cta No,69000002514","1402974,85","1428968,53",Assets,,CashAndCashEquivalents,BalancesWithBanks,Cash,,,NetAssetsLiabilities,,,,
175,FCP TC LATAM COMPARTIMENTO A,111505003,111505,(LT) BANCOLOMBIA Cta Inactiva,0,0,Assets,,CashAndCashEquivalents,BalancesWithBanks,Cash,,,NetAssetsLiabilities,,,,
175,FCP TC LATAM COMPARTIMENTO A,130205300,130205,EMISORES NACIONALES,"226577823,4","0,02",Assets,,Inversiones,ActivosFinancierosCorrientesValorRazonableCambiosResultadosInversiones,InversionesNegociables,NegociablesInstrumentosPatrimonio,,NetAssetsLiabilities,,,,
175,FCP TC LATAM COMPARTIMENTO A,130210300,130210,EMISORES EXTRANJEROS,4013136726,2348062066,Assets,,Inversiones,ActivosFinancierosCorrientesValorRazonableCambiosResultadosInversiones,InversionesNegociables,NegociablesInstrumentosPatrimonio,,NetAssetsLiabilities,,,,
175,FCP TC LATAM COMPARTIMENTO A,161695002,161695,"(LA) BANCOLOMBIA PANAMA CTA,80100001881","77782,69","205412,11",Assets,,TradeAndOtherReceivables,,,,,NetAssetsLiabilities,,,,
175,FCP TC LATAM COMPARTIMENTO A,161695015,161695,GASTOS VARIOS DE ADMON,0,"158,46",Assets,,TradeAndOtherReceivables,,,,,NetAssetsLiabilities,,,,
175,FCP TC LATAM COMPARTIMENTO A,161695436,161695,"(TA) BANCOLOMBIA Cau No,03141537163","25790,94","272370,9",Assets,,TradeAndOtherReceivables,,,,,NetAssetsLiabilities,,,,
175,FCP TC LATAM COMPARTIMENTO A,161695999,161695,PROVEEDORES,0,0,Assets,,TradeAndOtherReceivables,,,,,NetAssetsLiabilities,,,,
141,FCP TEKA COLOMBIA I - COMPARTIMIENTO LP,511512010,511512,GASTOS BANCARIOS,0,"16874,51",EquityAndLiabilities,Equity,EquityAttributableToOwnersOfParent,OtherEquityInterest,ProfitLossFromContinuingOperations,ProfitLoss,ProfitLossBeforeTax,ProfitLossFromOperatingActivities,OtherExpenseByNature,OtherFeeAndCommissionExpense,FeeAndCommissionExpense,FeeAndCommissionIncomeExpense
141,FCP TEKA COLOMBIA I - COMPARTIMIENTO LP,511548010,511548,"COMISION DE ADMINISTRACION R,F,",0,105029542,EquityAndLiabilities,Equity,EquityAttributableToOwnersOfParent,OtherEquityInterest,ProfitLossFromContinuingOperations,ProfitLoss,ProfitLossBeforeTax,ProfitLossFromOperatingActivities,OtherExpenseByNature,OtherFeeAndCommissionExpense,FeeAndCommissionExpense,FeeAndCommissionIncomeExpense
141,FCP TEKA COLOMBIA I - COMPARTIMIENTO LP,511595011,511595,COMISION GESTOR PROFESIONAL,0,"744717522,5",EquityAndLiabilities,Equity,EquityAttributableToOwnersOfParent,OtherEquityInterest,ProfitLossFromContinuingOperations,ProfitLoss,ProfitLossBeforeTax,ProfitLossFromOperatingActivities,OtherExpenseByNature,OtherFeeAndCommissionExpense,FeeAndCommissionExpense,FeeAndCommissionIncomeExpense
141,FCP TEKA COLOMBIA I - COMPARTIMIENTO LP,511595015,511595,OTRAS COMISIONES,0,"30218554,95",EquityAndLiabilities,Equity,EquityAttributableToOwnersOfParent,OtherEquityInterest,ProfitLossFromContinuingOperations,ProfitLoss,ProfitLossBeforeTax,ProfitLossFromOperatingActivities,OtherExpenseByNature,OtherFeeAndCommissionExpense,FeeAndCommissionExpense,FeeAndCommissionIncomeExpense
141,FCP TEKA COLOMBIA I - COMPARTIMIENTO LP,513095090,513095,OTROS HONORARIOS,0,"15688570,14",EquityAndLiabilities,Equity,EquityAttributableToOwnersOfParent,OtherEquityInterest,ProfitLossFromContinuingOperations,ProfitLoss,ProfitLossBeforeTax,ProfitLossFromOperatingActivities,OtherExpenseByNature,,,
141,FCP TEKA COLOMBIA I - COMPARTIMIENTO LP,514005010,514005,IMPUESTO A LOS MOVIMIENTOS FINANCIEROS,0,"5021625,68",EquityAndLiabilities,Equity,EquityAttributableToOwnersOfParent,OtherEquityInterest,ProfitLossFromContinuingOperations,ProfitLoss,ProfitLossBeforeTax,ProfitLossFromOperatingActivities,OtherExpenseByNature,,,
141,FCP TEKA COLOMBIA I - COMPARTIMIENTO LP,514005011,514005,IMPOVENTAS,0,"6593605,74",EquityAndLiabilities,Equity,EquityAttributableToOwnersOfParent,OtherEquityInterest,ProfitLossFromContinuingOperations,ProfitLoss,ProfitLossBeforeTax,ProfitLossFromOperatingActivities,OtherExpenseByNature,,,
141,FCP TEKA COLOMBIA I - COMPARTIMIENTO LP,514005015,514005,IVA COMISION GESTOR PROFESIONAL,0,0,EquityAndLiabilities,Equity,EquityAttributableToOwnersOfParent,OtherEquityInterest,ProfitLossFromContinuingOperations,ProfitLoss,ProfitLossBeforeTax,ProfitLossFromOperatingActivities,OtherExpenseByNature,,,
141,FCP TEKA COLOMBIA I - COMPARTIMIENTO LP,810505205,810505,EMISORES NACIONALES,1996867409,1606692238,EquityAndLiabilities,Equity,EquityAttributableToOwnersOfParent,,,,,,,,,
141,FCP TEKA COLOMBIA I - COMPARTIMIENTO LP,840505998,840505,ACREEDORAS POR CONTRA PESOS,252616065,252616065,EquityAndLiabilities,Equity,EquityAttributableToOwnersOfParent,,,,,,,,,
152,FCP INVERSOR COMPARTIMIENTO A,111505005,111505,"(IA) BANCOLOMBIA Cta No,69000001708","10231,04","10381,99",Assets,,CashAndCashEquivalents,BalancesWithBanks,Cash,,,NetAssetsLiabilities,,,,
152,FCP INVERSOR COMPARTIMIENTO A,161695005,161695,"(IA) BANCOLOMBIA Cta cau No,69000001708","24,9","25,2",Assets,,TradeAndOtherReceivables,,,,,NetAssetsLiabilities,,,,
152,FCP INVERSOR COMPARTIMIENTO A,192595015,192595,COMISION DE GESTION,0,0,Assets,,OtherNonfinancialAssets,,,,,NetAssetsLiabilities,,,,
152,FCP INVERSOR COMPARTIMIENTO A,250110025,250110,OTRAS COMISIONES,0,0,EquityAndLiabilities,Liabilities,TradeAndOtherPayables,,,,,NetAssetsLiabilities,,,,
152,FCP INVERSOR COMPARTIMIENTO A,250295050,250295,OTROS PROVEEDORES,0,0,EquityAndLiabilities,Liabilities,TradeAndOtherPayables,,,,,NetAssetsLiabilities,,,,
152,FCP INVERSOR COMPARTIMIENTO A,250305020,250305,RETENCION PROVEEDORES,0,0,EquityAndLiabilities,Liabilities,TradeAndOtherPayables,,,,,NetAssetsLiabilities,,,,
152,FCP INVERSOR COMPARTIMIENTO A,352505010,352505,PARTICIPACIONES EN FDO DE INVERSIÓN COLE,-26534550996,-24179474158,EquityAndLiabilities,Equity,EquityAttributableToOwnersOfParent,OtherEquityInterest,,,,,,,,
152,FCP INVERSOR COMPARTIMIENTO A,410805300,410805,EMISORES NACIONALES,0,0,EquityAndLiabilities,Equity,EquityAttributableToOwnersOfParent,OtherEquityInterest,ProfitLossFromContinuingOperations,ProfitLoss,ProfitLossBeforeTax,ProfitLossFromOperatingActivities,OtherExpenseByNature,,,AdjustmentsForDecreaseIncreaseInOtherCurrentAssets
152,FCP INVERSOR COMPARTIMIENTO A,411495005,411495,"(IA) BANCOLOMBIA Cta cau No,69000001708",0,"-151,25",EquityAndLiabilities,Equity,EquityAttributableToOwnersOfParent,OtherEquityInterest,ProfitLossFromContinuingOperations,ProfitLoss,ProfitLossBeforeTax,ProfitLossFromOperatingActivities,Revenue,InterestIncomeOnCashAndCashEquivalents,,
152,FCP INVERSOR COMPARTIMIENTO A,510805010,510805,POR DISMINUCION EN EL VALOR DE MERCADO,0,2613396855,EquityAndLiabilities,Equity,EquityAttributableToOwnersOfParent,OtherEquityInterest,ProfitLossFromContinuingOperations,ProfitLoss,ProfitLossBeforeTax,ProfitLossFromOperatingActivities,OtherExpenseByNature,,,AdjustmentsForDecreaseIncreaseInOtherCurrentAssets
152,FCP INVERSOR COMPARTIMIENTO A,511325010,511325,COMISION CUSTODIA FIJA,0,"3614547,4",EquityAndLiabilities,Equity,EquityAttributableToOwnersOfParent,OtherEquityInterest,ProfitLossFromContinuingOperations,ProfitLoss,ProfitLossBeforeTax,ProfitLossFromOperatingActivities,OtherExpenseByNature,BrokerageFeeExpense,FeeAndCommissionExpense,FeeAndCommissionIncomeExpense
152,FCP INVERSOR COMPARTIMIENTO A,513015003,513015,REVISORIA FISCAL,0,"6144707,64",EquityAndLiabilities,Equity,EquityAttributableToOwnersOfParent,OtherEquityInterest,ProfitLossFromContinuingOperations,ProfitLoss,ProfitLossBeforeTax,ProfitLossFromOperatingActivities,OtherExpenseByNature,,,
152,FCP INVERSOR COMPARTIMIENTO A,514005010,514005,IMPUESTO A LOS MOVIMIENTOS FINANCIEROS,0,"1104402,05",EquityAndLiabilities,Equity,EquityAttributableToOwnersOfParent,OtherEquityInterest,ProfitLossFromContinuingOperations,ProfitLoss,ProfitLossBeforeTax,ProfitLossFromOperatingActivities,OtherExpenseByNature,,,
152,FCP INVERSOR COMPARTIMIENTO A,590505015,590505,CANCELACION DE INGRESOS RV,0,-1980549941,EquityAndLiabilities,Equity,EquityAttributableToOwnersOfParent,OtherEquityInterest,,,,,,,,
152,FCP INVERSOR COMPARTIMIENTO A,810505205,810505,EMISORES NACIONALES,25955870010,23342473154,EquityAndLiabilities,Equity,EquityAttributableToOwnersOfParent,,,,,,,,,
152,FCP INVERSOR COMPARTIMIENTO A,829595998,829595,OTRAS CUENTAS DE ORDEN ACREEDORAS PESOS,-1475736284,-1475736284,EquityAndLiabilities,Equity,EquityAttributableToOwnersOfParent,,,,,,,,,
165,FCP INVERSOR COMPARTIMENTO B,111505003,111505,"(IN) DAVIVIENDA Cta No, 482800051898","5455661,16","1560195,31",Assets,,CashAndCashEquivalents,BalancesWithBanks,Cash,,,NetAssetsLiabilities,,,,
165,FCP INVERSOR COMPARTIMENTO B,111505425,111505,"(IN) BANCOLOMBIA Cta No,04872908574","8494732,98","74272434,8",Assets,,CashAndCashEquivalents,BalancesWithBanks,Cash,,,NetAssetsLiabilities,,,,
165,FCP INVERSOR COMPARTIMENTO B,136000300,136000,INVERSIONES DERECHOS FIDUCIARIOS,1078829793,1045073661,Assets,,Inversiones,ActivosFinancierosCorrientesValorRazonableCambiosResultadosInversiones,InversionesNegociables,NegociablesInstrumentosPatrimonio,,NetAssetsLiabilities,,,,
165,FCP INVERSOR COMPARTIMENTO B,161695045,161695,CUENTA CORRIENTE,0,0,Assets,,TradeAndOtherReceivables,,,,,NetAssetsLiabilities,,,,
165,FCP INVERSOR COMPARTIMENTO B,161695427,161695,"(IB) BANCOLOMBIA Cta cau No,69000001709","25,73","25,2",Assets,,TradeAndOtherReceivables,,,,,NetAssetsLiabilities,,,,
165,FCP INVERSOR COMPARTIMENTO B,192595030,192595,COMISION ADMINISTRACION,0,0,Assets,,OtherNonfinancialAssets,,,,,NetAssetsLiabilities,,,,
165,FCP INVERSOR COMPARTIMENTO B,250105010,250105,HONORARIOS,0,0,EquityAndLiabilities,Liabilities,TradeAndOtherPayables,,,,,NetAssetsLiabilities,,,,
165,FCP INVERSOR COMPARTIMENTO B,253105110,253105,CUENTA COMPENSACION,"-1,23","-48591,51",EquityAndLiabilities,Liabilities,TradeAndOtherPayables,,,,,NetAssetsLiabilities,,,,
165,FCP INVERSOR COMPARTIMENTO B,410395010,410395,OTROS RENDIMIENTOS FINANCIEROS,0,-38999895,EquityAndLiabilities,Equity,EquityAttributableToOwnersOfParent,OtherEquityInterest,ProfitLossFromContinuingOperations,ProfitLoss,ProfitLossBeforeTax,ProfitLossFromOperatingActivities,OtherExpenseByNature,OtherRevenue,,
175,FCP TC LATAM COMPARTIMENTO A,161695999,161695,PROVEEDORES,0,0,Assets,,TradeAndOtherReceivables,,,,,NetAssetsLiabilities,,,,
175,FCP TC LATAM COMPARTIMENTO A,161695999,161695,PROVEEDORES,0,0,Assets,,TradeAndOtherReceivables,,,,,NetAssetsLiabilities,,,,
175,FCP TC LATAM COMPARTIMENTO A,161695999,161695,PROVEEDORES,0,0,Assets,,TradeAndOtherReceivables,,,,,NetAssetsLiabilities,,,,
175,FCP TC LATAM COMPARTIMENTO A,163035010,163035,IVA DESCONTABLE 19%,"117222,4","61204,1",Assets,,TradeAndOtherReceivables,,,,,NetAssetsLiabilities,,,,
175,FCP TC LATAM COMPARTIMENTO A,250110015,250110,COMISION DE ADMINISTRACION,0,0,EquityAndLiabilities,Liabilities,TradeAndOtherPayables,,,,,NetAssetsLiabilities,,,,
175,FCP TC LATAM COMPARTIMENTO A,250295050,250295,OTROS PROVEEDORES,0,0,EquityAndLiabilities,Liabilities,TradeAndOtherPayables,,,,,NetAssetsLiabilities,,,,
175,FCP TC LATAM COMPARTIMENTO A,250305011,250305,RENDIMIENTOS FINANCIEROS CAPITALIZADOS,0,0,EquityAndLiabilities,Liabilities,TradeAndOtherPayables,,,,,NetAssetsLiabilities,,,,
175,FCP TC LATAM COMPARTIMENTO A,250305020,250305,RTE FTE PROVEEDORES,0,0,EquityAndLiabilities,Liabilities,TradeAndOtherPayables,,,,,NetAssetsLiabilities,,,,
175,FCP TC LATAM COMPARTIMENTO A,253105220,253105,CUENTA COMPENSACION DIVISAS,0,0,EquityAndLiabilities,Liabilities,TradeAndOtherPayables,,,,,NetAssetsLiabilities,,,,
175,FCP TC LATAM COMPARTIMENTO A,410705115,410705,OTROS EMISORES NACIONALES,0,0,EquityAndLiabilities,Equity,EquityAttributableToOwnersOfParent,OtherEquityInterest,ProfitLossFromContinuingOperations,ProfitLoss,ProfitLossBeforeTax,ProfitLossFromOperatingActivities,Revenue,OtherRevenue,,AdjustmentsForDecreaseIncreaseInOtherCurrentAssets
175,FCP TC LATAM COMPARTIMENTO A,410805300,410805,EMISORES NACIONALES,0,0,EquityAndLiabilities,Equity,EquityAttributableToOwnersOfParent,OtherEquityInterest,ProfitLossFromContinuingOperations,ProfitLoss,ProfitLossBeforeTax,ProfitLossFromOperatingActivities,OtherExpenseByNature,,,AdjustmentsForDecreaseIncreaseInOtherCurrentAssets
175,FCP TC LATAM COMPARTIMENTO A,411495001,411495,"(LT) BANCOLOMBIA Cta No,69000002514",0,"-26170,22",EquityAndLiabilities,Equity,EquityAttributableToOwnersOfParent,OtherEquityInterest,ProfitLossFromContinuingOperations,ProfitLoss,ProfitLossBeforeTax,ProfitLossFromOperatingActivities,Revenue,InterestIncomeOnCashAndCashEquivalents,,
175,FCP TC LATAM COMPARTIMENTO A,411495436,411495,"(TA) BANCOLOMBIA Cau No,03141537163",0,"-5475644,68",EquityAndLiabilities,Equity,EquityAttributableToOwnersOfParent,OtherEquityInterest,ProfitLossFromContinuingOperations,ProfitLoss,ProfitLossBeforeTax,ProfitLossFromOperatingActivities,Revenue,InterestIncomeOnCashAndCashEquivalents,,
175,FCP TC LATAM COMPARTIMENTO A,511595015,511595,OTRAS COMISIONES,0,"560065,3",EquityAndLiabilities,Equity,EquityAttributableToOwnersOfParent,OtherEquityInterest,ProfitLossFromContinuingOperations,ProfitLoss,ProfitLossBeforeTax,ProfitLossFromOperatingActivities,OtherExpenseByNature,OtherFeeAndCommissionExpense,FeeAndCommissionExpense,FeeAndCommissionIncomeExpense
175,FCP TC LATAM COMPARTIMENTO A,512505120,512505,EMISORES EXTRANJEROS,0,"15257333,38",EquityAndLiabilities,Equity,EquityAttributableToOwnersOfParent,OtherEquityInterest,ProfitLossFromContinuingOperations,ProfitLoss,ProfitLossBeforeTax,ProfitLossFromOperatingActivities,OtherExpenseByNature,,,
175,FCP TC LATAM COMPARTIMENTO A,513015003,513015,REVISORIA FISCAL,0,"6297739,87",EquityAndLiabilities,Equity,EquityAttributableToOwnersOfParent,OtherEquityInterest,ProfitLossFromContinuingOperations,ProfitLoss,ProfitLossBeforeTax,ProfitLossFromOperatingActivities,OtherExpenseByNature,,,
175,FCP TC LATAM COMPARTIMENTO A,513535010,513535,POR REEXPRESION DE OTROS ACTIVOS,0,"284462015,6",EquityAndLiabilities,Equity,EquityAttributableToOwnersOfParent,OtherEquityInterest,ProfitLossFromContinuingOperations,ProfitLoss,ProfitLossBeforeTax,ProfitLossFromOperatingActivities,OtherExpenseByNature,,,
175,FCP TC LATAM COMPARTIMENTO A,514005011,514005,IMPOVENTAS,0,"2229550,99",EquityAndLiabilities,Equity,EquityAttributableToOwnersOfParent,OtherEquityInterest,ProfitLossFromContinuingOperations,ProfitLoss,ProfitLossBeforeTax,ProfitLossFromOperatingActivities,OtherExpenseByNature,,,
175,FCP TC LATAM COMPARTIMENTO A,517040010,517040,DE INVERSIONES,0,"259622283,2",EquityAndLiabilities,Equity,EquityAttributableToOwnersOfParent,OtherEquityInterest,ProfitLossFromContinuingOperations,ProfitLoss,ProfitLossBeforeTax,ProfitLossFromOperatingActivities,OtherExpenseByNature,,,
175,FCP TC LATAM COMPARTIMENTO A,590505010,590505,CANCELACION DE INGRESOS RF,0,"-307013265,4",EquityAndLiabilities,Equity,EquityAttributableToOwnersOfParent,OtherEquityInterest,,,,,,,,
175,FCP TC LATAM COMPARTIMENTO A,590505015,590505,CANCELACION DE INGRESOS RV,0,-1826866883,EquityAndLiabilities,Equity,EquityAttributableToOwnersOfParent,OtherEquityInterest,,,,,,,,
175,FCP TC LATAM COMPARTIMENTO A,810505120,810505,EMISORES EXTRANJEROS,4965969061,2348062066,EquityAndLiabilities,Equity,EquityAttributableToOwnersOfParent,,,,,,,,,
175,FCP TC LATAM COMPARTIMENTO A,830505010,830505,DEUDORAS POR CONTRA,-5430342238,-2719831336,EquityAndLiabilities,Equity,EquityAttributableToOwnersOfParent,,,,,,,,,
176,FCP TC LATAM - COMPARTIMENTO B,111505529,111505,"(TB) BANCOLOMBIA Cta No,03141537287","38948428,61","80421258,95",Assets,,CashAndCashEquivalents,BalancesWithBanks,Cash,,,NetAssetsLiabilities,,,,
176,FCP TC LATAM - COMPARTIMENTO B,111510004,111510,(LB) BANCOLOMBIA PANAMA CTA: 80100001882,"17565137,97",192581982,Assets,,CashAndCashEquivalents,BalancesWithBanks,Cash,,,NetAssetsLiabilities,,,,
176,FCP TC LATAM - COMPARTIMENTO B,130120120,130120,EMISORES EXTRANJEROS,"274476854,1",0,Assets,,Inversiones,ActivosFinancierosCorrientesValorRazonableCambiosResultadosInversiones,InversionesNegociables,NegociablesInstrumentosDeuda,,NetAssetsLiabilities,,,,
176,FCP TC LATAM - COMPARTIMENTO B,130205300,130205,EMISORES NACIONALES,"64735501,96","0,01",Assets,,Inversiones,ActivosFinancierosCorrientesValorRazonableCambiosResultadosInversiones,InversionesNegociables,NegociablesInstrumentosPatrimonio,,NetAssetsLiabilities,,,,
176,FCP TC LATAM - COMPARTIMENTO B,130210300,130210,EMISORES EXTRANJEROS,1146722883,"670990134,1",Assets,,Inversiones,ActivosFinancierosCorrientesValorRazonableCambiosResultadosInversiones,InversionesNegociables,NegociablesInstrumentosPatrimonio,,NetAssetsLiabilities,,,,
176,FCP TC LATAM - COMPARTIMENTO B,136000300,136000,INVERSIONES DERECHOS FIDUCIARIOS,"67941529,6","67941529,6",Assets,,Inversiones,ActivosFinancierosCorrientesValorRazonableCambiosResultadosInversiones,InversionesNegociables,NegociablesInstrumentosPatrimonio,,NetAssetsLiabilities,,,,
176,FCP TC LATAM - COMPARTIMENTO B,161695004,161695,"(LD) BCO DAVIVIENDA cta No,482800025215","8183,1","45688,11",Assets,,TradeAndOtherReceivables,,,,,NetAssetsLiabilities,,,,
176,FCP TC LATAM - COMPARTIMENTO B,161695015,161695,GASTOS VARIOS DE ADMON,0,"4,09",Assets,,TradeAndOtherReceivables,,,,,NetAssetsLiabilities,,,,
176,FCP TC LATAM - COMPARTIMENTO B,161695045,161695,CUENTA CORRIENTE,"38120686,6","285546620,1",Assets,,TradeAndOtherReceivables,,,,,NetAssetsLiabilities,,,,
176,FCP TC LATAM - COMPARTIMENTO B,163035010,163035,IVA DESCONTABLE 19%,"33489,2","17486,9",Assets,,TradeAndOtherReceivables,,,,,NetAssetsLiabilities,,,,
176,FCP TC LATAM - COMPARTIMENTO B,169895010,169895,DETERIORO OTRAS CUENTAS POR COBRAR,0,"-76522565,94",Assets,,TradeAndOtherReceivables,,,,,NetAssetsLiabilities,,,,
176,FCP TC LATAM - COMPARTIMENTO B,253105003,253105,CUENTA CORRIENTE IBA,0,0,EquityAndLiabilities,Liabilities,TradeAndOtherPayables,,,,,NetAssetsLiabilities,,,,
176,FCP TC LATAM - COMPARTIMENTO B,253105110,253105,CUENTA COMPENSACION,"-42635568,91","-262206906,4",EquityAndLiabilities,Liabilities,TradeAndOtherPayables,,,,,NetAssetsLiabilities,,,,
165,FCP INVERSOR COMPARTIMENTO B,411495003,411495,"(IN) DAVIVIENDA Cta No, 482800051898",0,"-83065,27",EquityAndLiabilities,Equity,EquityAttributableToOwnersOfParent,OtherEquityInterest,ProfitLossFromContinuingOperations,ProfitLoss,ProfitLossBeforeTax,ProfitLossFromOperatingActivities,Revenue,InterestIncomeOnCashAndCashEquivalents,,
165,FCP INVERSOR COMPARTIMENTO B,411495427,411495,"(IB) BANCOLOMBIA Cta No,69000001709",0,"-150,17",EquityAndLiabilities,Equity,EquityAttributableToOwnersOfParent,OtherEquityInterest,ProfitLossFromContinuingOperations,ProfitLoss,ProfitLossBeforeTax,ProfitLossFromOperatingActivities,Revenue,InterestIncomeOnCashAndCashEquivalents,,
165,FCP INVERSOR COMPARTIMENTO B,411495999,411495,OTROS,0,"-0,02",EquityAndLiabilities,Equity,EquityAttributableToOwnersOfParent,OtherEquityInterest,ProfitLossFromContinuingOperations,ProfitLoss,ProfitLossBeforeTax,ProfitLossFromOperatingActivities,Revenue,InterestIncomeOnCashAndCashEquivalents,,
165,FCP INVERSOR COMPARTIMENTO B,511512010,511512,GASTOS BANCARIOS,0,"2365,36",EquityAndLiabilities,Equity,EquityAttributableToOwnersOfParent,OtherEquityInterest,ProfitLossFromContinuingOperations,ProfitLoss,ProfitLossBeforeTax,ProfitLossFromOperatingActivities,OtherExpenseByNature,OtherFeeAndCommissionExpense,FeeAndCommissionExpense,FeeAndCommissionIncomeExpense
165,FCP INVERSOR COMPARTIMENTO B,511548010,511548,"COMISION DE ADMINISTRACION R,F,",0,"3954365,1",EquityAndLiabilities,Equity,EquityAttributableToOwnersOfParent,OtherEquityInterest,ProfitLossFromContinuingOperations,ProfitLoss,ProfitLossBeforeTax,ProfitLossFromOperatingActivities,OtherExpenseByNature,OtherFeeAndCommissionExpense,FeeAndCommissionExpense,FeeAndCommissionIncomeExpense
165,FCP INVERSOR COMPARTIMENTO B,511595011,511595,COMISION GESTOR PROFESIONAL,0,"14876712,36",EquityAndLiabilities,Equity,EquityAttributableToOwnersOfParent,OtherEquityInterest,ProfitLossFromContinuingOperations,ProfitLoss,ProfitLossBeforeTax,ProfitLossFromOperatingActivities,OtherExpenseByNature,OtherFeeAndCommissionExpense,FeeAndCommissionExpense,FeeAndCommissionIncomeExpense
165,FCP INVERSOR COMPARTIMENTO B,514005011,514005,IMPOVENTAS,0,"124113,63",EquityAndLiabilities,Equity,EquityAttributableToOwnersOfParent,OtherEquityInterest,ProfitLossFromContinuingOperations,ProfitLoss,ProfitLossBeforeTax,ProfitLossFromOperatingActivities,OtherExpenseByNature,,,
165,FCP INVERSOR COMPARTIMENTO B,514005015,514005,IVA COMISION GESTOR PROFESIONAL,0,"2826575,34",EquityAndLiabilities,Equity,EquityAttributableToOwnersOfParent,OtherEquityInterest,ProfitLossFromContinuingOperations,ProfitLoss,ProfitLossBeforeTax,ProfitLossFromOperatingActivities,OtherExpenseByNature,,,
165,FCP INVERSOR COMPARTIMENTO B,519095999,519095,OTROS,0,0,EquityAndLiabilities,Equity,EquityAttributableToOwnersOfParent,OtherEquityInterest,ProfitLossFromContinuingOperations,ProfitLoss,ProfitLossBeforeTax,ProfitLossFromOperatingActivities,OtherExpenseByNature,,,
165,FCP INVERSOR COMPARTIMENTO B,810505205,810505,EMISORES NACIONALES,1078829793,1045073661,EquityAndLiabilities,Equity,EquityAttributableToOwnersOfParent,,,,,,,,,
165,FCP INVERSOR COMPARTIMENTO B,830505010,830505,DEUDORAS POR CONTRA,-1078829793,-1045073661,EquityAndLiabilities,Equity,EquityAttributableToOwnersOfParent,,,,,,,,,
165,FCP INVERSOR COMPARTIMENTO B,840505998,840505,ACREEDORAS POR CONTRA PESOS,933500000,933500000,EquityAndLiabilities,Equity,EquityAttributableToOwnersOfParent,,,,,,,,,
167,"FDO DE CAPITAL PRIVADO ENERGETICO ANDINO-COMPART, A",161695045,161695,CUENTA CORRIENTE,"92,67",0,Assets,,TradeAndOtherReceivables,,,,,NetAssetsLiabilities,,,,
167,"FDO DE CAPITAL PRIVADO ENERGETICO ANDINO-COMPART, A",250110010,250110,COMISION CUSTODIA FIJA,0,0,EquityAndLiabilities,Liabilities,TradeAndOtherPayables,,,,,NetAssetsLiabilities,,,,
167,"FDO DE CAPITAL PRIVADO ENERGETICO ANDINO-COMPART, A",250295050,250295,OTROS PROVEEDORES,0,0,EquityAndLiabilities,Liabilities,TradeAndOtherPayables,,,,,NetAssetsLiabilities,,,,
167,"FDO DE CAPITAL PRIVADO ENERGETICO ANDINO-COMPART, A",250305020,250305,RTE FTE PROVEEDORES,0,0,EquityAndLiabilities,Liabilities,TradeAndOtherPayables,,,,,NetAssetsLiabilities,,,,
167,"FDO DE CAPITAL PRIVADO ENERGETICO ANDINO-COMPART, A",253105003,253105,CUENTA CORRIENTE IBA,0,0,EquityAndLiabilities,Liabilities,TradeAndOtherPayables,,,,,NetAssetsLiabilities,,,,
167,"FDO DE CAPITAL PRIVADO ENERGETICO ANDINO-COMPART, A",352505010,352505,PARTICIPACIONES EN FDO DE INVERSIÓN COLE,"-455101450,1",0,EquityAndLiabilities,Equity,EquityAttributableToOwnersOfParent,OtherEquityInterest,,,,,,,,
167,"FDO DE CAPITAL PRIVADO ENERGETICO ANDINO-COMPART, A",511325010,511325,COMISION CUSTODIA FIJA,0,0,EquityAndLiabilities,Equity,EquityAttributableToOwnersOfParent,OtherEquityInterest,ProfitLossFromContinuingOperations,ProfitLoss,ProfitLossBeforeTax,ProfitLossFromOperatingActivities,OtherExpenseByNature,BrokerageFeeExpense,FeeAndCommissionExpense,FeeAndCommissionIncomeExpense
167,"FDO DE CAPITAL PRIVADO ENERGETICO ANDINO-COMPART, A",511512010,511512,GASTOS BANCARIOS,0,0,EquityAndLiabilities,Equity,EquityAttributableToOwnersOfParent,OtherEquityInterest,ProfitLossFromContinuingOperations,ProfitLoss,ProfitLossBeforeTax,ProfitLossFromOperatingActivities,OtherExpenseByNature,OtherFeeAndCommissionExpense,FeeAndCommissionExpense,FeeAndCommissionIncomeExpense
167,"FDO DE CAPITAL PRIVADO ENERGETICO ANDINO-COMPART, A",514005010,514005,IMPUESTO A LOS MOVIMIENTOS FINANCIEROS,0,0,EquityAndLiabilities,Equity,EquityAttributableToOwnersOfParent,OtherEquityInterest,ProfitLossFromContinuingOperations,ProfitLoss,ProfitLossBeforeTax,ProfitLossFromOperatingActivities,OtherExpenseByNature,,,
173,FONDO DE CAPITAL PRIVADO ALTRA II,111505527,111505,"(AII) BANCOLOMBIA Cta No,69000001710","1048282,98","1063847,04",Assets,,CashAndCashEquivalents,BalancesWithBanks,Cash,,,NetAssetsLiabilities,,,,
173,FONDO DE CAPITAL PRIVADO ALTRA II,130210300,130210,EMISORES EXTRANJEROS,7944075977,8185041243,Assets,,Inversiones,ActivosFinancierosCorrientesValorRazonableCambiosResultadosInversiones,InversionesNegociables,NegociablesInstrumentosPatrimonio,,NetAssetsLiabilities,,,,
173,FONDO DE CAPITAL PRIVADO ALTRA II,161695015,161695,GASTOS VARIOS DE ADMON,0,"13,56",Assets,,TradeAndOtherReceivables,,,,,NetAssetsLiabilities,,,,
173,FONDO DE CAPITAL PRIVADO ALTRA II,161695045,161695,CUENTA CORRIENTE,0,0,Assets,,TradeAndOtherReceivables,,,,,NetAssetsLiabilities,,,,
173,FONDO DE CAPITAL PRIVADO ALTRA II,161695999,161695,PROVEEDORES,0,0,Assets,,TradeAndOtherReceivables,,,,,NetAssetsLiabilities,,,,
173,FONDO DE CAPITAL PRIVADO ALTRA II,192595030,192595,AMORTIZACION COMISION DE ADMON,0,0,Assets,,OtherNonfinancialAssets,,,,,NetAssetsLiabilities,,,,
173,FONDO DE CAPITAL PRIVADO ALTRA II,250105010,250105,HONORARIOS,0,0,EquityAndLiabilities,Liabilities,TradeAndOtherPayables,,,,,NetAssetsLiabilities,,,,
173,FONDO DE CAPITAL PRIVADO ALTRA II,250110010,250110,COMISION CUSTODIA FIJA,0,0,EquityAndLiabilities,Liabilities,TradeAndOtherPayables,,,,,NetAssetsLiabilities,,,,
173,FONDO DE CAPITAL PRIVADO ALTRA II,250195010,250195,COMISION DE GESTION,"-58564453,35","-127064753,6",EquityAndLiabilities,Liabilities,TradeAndOtherPayables,,,,,NetAssetsLiabilities,,,,
173,FONDO DE CAPITAL PRIVADO ALTRA II,250305011,250305,RENDIMIENTOS FINANCIEROS CAPITALIZADOS,0,0,EquityAndLiabilities,Liabilities,TradeAndOtherPayables,,,,,NetAssetsLiabilities,,,,
173,FONDO DE CAPITAL PRIVADO ALTRA II,250305020,250305,RTE FTE PROVEEDORES,0,0,EquityAndLiabilities,Liabilities,TradeAndOtherPayables,,,,,NetAssetsLiabilities,,,,
173,FONDO DE CAPITAL PRIVADO ALTRA II,253105003,253105,CUENTA CORRIENTE IBA,0,0,EquityAndLiabilities,Liabilities,TradeAndOtherPayables,,,,,NetAssetsLiabilities,,,,
173,FONDO DE CAPITAL PRIVADO ALTRA II,253105110,253105,CUENTA COMPENSACION,"-12605903,01","-4168943,81",EquityAndLiabilities,Liabilities,TradeAndOtherPayables,,,,,NetAssetsLiabilities,,,,
176,FCP TC LATAM - COMPARTIMENTO B,410705115,410705,OTROS EMISORES NACIONALES,0,0,EquityAndLiabilities,Equity,EquityAttributableToOwnersOfParent,OtherEquityInterest,ProfitLossFromContinuingOperations,ProfitLoss,ProfitLossBeforeTax,ProfitLossFromOperatingActivities,Revenue,OtherRevenue,,AdjustmentsForDecreaseIncreaseInOtherCurrentAssets
176,FCP TC LATAM - COMPARTIMENTO B,410705120,410705,EMISORES EXTRANJEROS,0,"-15260152,36",EquityAndLiabilities,Equity,EquityAttributableToOwnersOfParent,OtherEquityInterest,ProfitLossFromContinuingOperations,ProfitLoss,ProfitLossBeforeTax,ProfitLossFromOperatingActivities,Revenue,OtherRevenue,,AdjustmentsForDecreaseIncreaseInOtherCurrentAssets
176,FCP TC LATAM - COMPARTIMENTO B,411495004,411495,"(LB) BANCOLOMBIA PANAMA CTA,80100001882",0,"-268347,44",EquityAndLiabilities,Equity,EquityAttributableToOwnersOfParent,OtherEquityInterest,ProfitLossFromContinuingOperations,ProfitLoss,ProfitLossBeforeTax,ProfitLossFromOperatingActivities,Revenue,InterestIncomeOnCashAndCashEquivalents,,
176,FCP TC LATAM - COMPARTIMENTO B,411495529,411495,"(TB) BANCOLOMBIA Cau No,03141537287",0,"-815528,53",EquityAndLiabilities,Equity,EquityAttributableToOwnersOfParent,OtherEquityInterest,ProfitLossFromContinuingOperations,ProfitLoss,ProfitLossBeforeTax,ProfitLossFromOperatingActivities,Revenue,InterestIncomeOnCashAndCashEquivalents,,
176,FCP TC LATAM - COMPARTIMENTO B,411495999,411495,OTROS,0,"-50247593,65",EquityAndLiabilities,Equity,EquityAttributableToOwnersOfParent,OtherEquityInterest,ProfitLossFromContinuingOperations,ProfitLoss,ProfitLossBeforeTax,ProfitLossFromOperatingActivities,Revenue,InterestIncomeOnCashAndCashEquivalents,,
176,FCP TC LATAM - COMPARTIMENTO B,414515010,414515,ARRENDAMIENTO INMUEBLES IVA 19%,0,"-2469667,74",EquityAndLiabilities,Equity,EquityAttributableToOwnersOfParent,OtherEquityInterest,ProfitLossFromContinuingOperations,ProfitLoss,ProfitLossBeforeTax,ProfitLossFromOperatingActivities,Revenue,OtherRevenue,,
176,FCP TC LATAM - COMPARTIMENTO B,510605120,510605,EMISORES EXTRANJEROS,0,0,EquityAndLiabilities,Equity,EquityAttributableToOwnersOfParent,OtherEquityInterest,ProfitLossFromContinuingOperations,ProfitLoss,ProfitLossBeforeTax,ProfitLossFromOperatingActivities,OtherExpenseByNature,,,AdjustmentsForDecreaseIncreaseInOtherCurrentAssets
176,FCP TC LATAM - COMPARTIMENTO B,511548010,511548,"COMISION DE ADMINISTRACION R,F,",0,"4323785,44",EquityAndLiabilities,Equity,EquityAttributableToOwnersOfParent,OtherEquityInterest,ProfitLossFromContinuingOperations,ProfitLoss,ProfitLossBeforeTax,ProfitLossFromOperatingActivities,OtherExpenseByNature,OtherFeeAndCommissionExpense,FeeAndCommissionExpense,FeeAndCommissionIncomeExpense
176,FCP TC LATAM - COMPARTIMENTO B,511595015,511595,OTRAS COMISIONES,0,"160018,8",EquityAndLiabilities,Equity,EquityAttributableToOwnersOfParent,OtherEquityInterest,ProfitLossFromContinuingOperations,ProfitLoss,ProfitLossBeforeTax,ProfitLossFromOperatingActivities,OtherExpenseByNature,OtherFeeAndCommissionExpense,FeeAndCommissionExpense,FeeAndCommissionIncomeExpense
176,FCP TC LATAM - COMPARTIMENTO B,512505120,512505,EMISORES EXTRANJEROS,0,"4395091,47",EquityAndLiabilities,Equity,EquityAttributableToOwnersOfParent,OtherEquityInterest,ProfitLossFromContinuingOperations,ProfitLoss,ProfitLossBeforeTax,ProfitLossFromOperatingActivities,OtherExpenseByNature,,,
176,FCP TC LATAM - COMPARTIMENTO B,514005011,514005,IMPOVENTAS,0,"637014,55",EquityAndLiabilities,Equity,EquityAttributableToOwnersOfParent,OtherEquityInterest,ProfitLossFromContinuingOperations,ProfitLoss,ProfitLossBeforeTax,ProfitLossFromOperatingActivities,OtherExpenseByNature,,,
176,FCP TC LATAM - COMPARTIMENTO B,519095999,519095,OTROS,0,0,EquityAndLiabilities,Equity,EquityAttributableToOwnersOfParent,OtherEquityInterest,ProfitLossFromContinuingOperations,ProfitLoss,ProfitLossBeforeTax,ProfitLossFromOperatingActivities,OtherExpenseByNature,,,
176,FCP TC LATAM - COMPARTIMENTO B,590505010,590505,CANCELACION DE INGRESOS RF,0,"-83659227,23",EquityAndLiabilities,Equity,EquityAttributableToOwnersOfParent,OtherEquityInterest,,,,,,,,
176,FCP TC LATAM - COMPARTIMENTO B,590505015,590505,CANCELACION DE INGRESOS RV,0,"-525139900,4",EquityAndLiabilities,Equity,EquityAttributableToOwnersOfParent,OtherEquityInterest,,,,,,,,
176,FCP TC LATAM - COMPARTIMENTO B,810505120,810505,EMISORES EXTRANJEROS,1421199738,"670990134,1",EquityAndLiabilities,Equity,EquityAttributableToOwnersOfParent,,,,,,,,,
176,FCP TC LATAM - COMPARTIMENTO B,830505010,830505,DEUDORAS POR CONTRA,-1553876769,"-777052350,3",EquityAndLiabilities,Equity,EquityAttributableToOwnersOfParent,,,,,,,,,
178,FIC RENTA FIJA MEDIANO PLAZO MULTIESCALA,111505002,111505,"(FE) BCO BOGOTA Cta No,049335052","65374770,89","21953910,04",Assets,,CashAndCashEquivalents,BalancesWithBanks,Cash,,,NetAssetsLiabilities,,,,
178,FIC RENTA FIJA MEDIANO PLAZO MULTIESCALA,111505007,111505,"(FE) BANCO BBVA Cta No, 895000075","194970780,6","35685844,52",Assets,,CashAndCashEquivalents,BalancesWithBanks,Cash,,,NetAssetsLiabilities,,,,
178,FIC RENTA FIJA MEDIANO PLAZO MULTIESCALA,111505103,111505,"(60) BANCOLOMBIA Cta No,17854124126","29133302,5","29130054,48",Assets,,CashAndCashEquivalents,BalancesWithBanks,Cash,,,NetAssetsLiabilities,,,,
178,FIC RENTA FIJA MEDIANO PLAZO MULTIESCALA,111505159,111505,REPUBLICA OTROS,0,0,Assets,,CashAndCashEquivalents,BalancesWithBanks,Cash,,,NetAssetsLiabilities,,,,
178,FIC RENTA FIJA MEDIANO PLAZO MULTIESCALA,111505197,111505,"(60) DAVIVIENDA Cta No,005070366660","63262299,33",645991621,Assets,,CashAndCashEquivalents,BalancesWithBanks,Cash,,,NetAssetsLiabilities,,,,
178,FIC RENTA FIJA MEDIANO PLAZO MULTIESCALA,111505207,111505,"(60) DAVIVIENDA Cta No,005070350045","3453480,6","159323395,8",Assets,,CashAndCashEquivalents,BalancesWithBanks,Cash,,,NetAssetsLiabilities,,,,
178,FIC RENTA FIJA MEDIANO PLAZO MULTIESCALA,111505208,111505,"(60) DAVIVIENDA Cta No,005069994357",56600000,56600000,Assets,,CashAndCashEquivalents,BalancesWithBanks,Cash,,,NetAssetsLiabilities,,,,
178,FIC RENTA FIJA MEDIANO PLAZO MULTIESCALA,111505400,111505,"(60) REPUBLICA Cta No,62255476","1000,19","1000,39",Assets,,CashAndCashEquivalents,BalancesWithBanks,Cash,,,NetAssetsLiabilities,,,,
178,FIC RENTA FIJA MEDIANO PLAZO MULTIESCALA,122005010,122005,"COMP DE TRANSF DE INV EN OP SIM,",0,0,Assets,,CashAndCashEquivalents,BalancesWithBanks,Cash,,,NetAssetsLiabilities,,,,
178,FIC RENTA FIJA MEDIANO PLAZO MULTIESCALA,130115115,130115,OTROS EMISORES NACIONALES,243761725450,141501711100,Assets,,Inversiones,ActivosFinancierosCorrientesValorRazonableCambiosResultadosInversiones,InversionesNegociables,NegociablesInstrumentosDeuda,,NetAssetsLiabilities,,,,
178,FIC RENTA FIJA MEDIANO PLAZO MULTIESCALA,161695003,161695,"(FE) OCCIDENTE Cta No, 219885886","562005,68","126843,06",Assets,,TradeAndOtherReceivables,,,,,NetAssetsLiabilities,,,,
178,FIC RENTA FIJA MEDIANO PLAZO MULTIESCALA,161695005,161695,"(FE) BANCO COLPATRIA Cta No, 0072967711","-8196382,09","-8504641,2",Assets,,TradeAndOtherReceivables,,,,,NetAssetsLiabilities,,,,
178,FIC RENTA FIJA MEDIANO PLAZO MULTIESCALA,161695015,161695,GASTOS VARIOS DE ADMON,0,"11874,09",Assets,,TradeAndOtherReceivables,,,,,NetAssetsLiabilities,,,,
178,FIC RENTA FIJA MEDIANO PLAZO MULTIESCALA,161695016,161695,"60) CORFICOLOMBIANA Cau No,2111600","432636,76","432636,76",Assets,,TradeAndOtherReceivables,,,,,NetAssetsLiabilities,,,,
178,FIC RENTA FIJA MEDIANO PLAZO MULTIESCALA,161695045,161695,CUENTA CORRIENTE,0,"153984,78",Assets,,TradeAndOtherReceivables,,,,,NetAssetsLiabilities,,,,
178,FIC RENTA FIJA MEDIANO PLAZO MULTIESCALA,161695072,161695,"(60) CITIBANK Cta Cau No,5082432029","135140,85","135140,85",Assets,,TradeAndOtherReceivables,,,,,NetAssetsLiabilities,,,,
178,FIC RENTA FIJA MEDIANO PLAZO MULTIESCALA,161695083,161695,"(60) OCCIDENTE Cau No,288839293","2835,4","11937841,54",Assets,,TradeAndOtherReceivables,,,,,NetAssetsLiabilities,,,,
178,FIC RENTA FIJA MEDIANO PLAZO MULTIESCALA,161695197,161695,"(60) DAVIVIENDA Cta Cau No,005070366660","25877,28","164677,82",Assets,,TradeAndOtherReceivables,,,,,NetAssetsLiabilities,,,,
178,FIC RENTA FIJA MEDIANO PLAZO MULTIESCALA,161695350,161695,"(60) BANCOLOMBIA Cta Cau No,0132098160","7155,52","9112,8",Assets,,TradeAndOtherReceivables,,,,,NetAssetsLiabilities,,,,
173,FONDO DE CAPITAL PRIVADO ALTRA II,410805805,410805,POR INCREMENTO EN EL VALOR DE MERCADO,0,0,EquityAndLiabilities,Equity,EquityAttributableToOwnersOfParent,OtherEquityInterest,ProfitLossFromContinuingOperations,ProfitLoss,ProfitLossBeforeTax,ProfitLossFromOperatingActivities,OtherExpenseByNature,,,AdjustmentsForDecreaseIncreaseInOtherCurrentAssets
173,FONDO DE CAPITAL PRIVADO ALTRA II,411495999,411495,OTROS,0,"-0,15",EquityAndLiabilities,Equity,EquityAttributableToOwnersOfParent,OtherEquityInterest,ProfitLossFromContinuingOperations,ProfitLoss,ProfitLossBeforeTax,ProfitLossFromOperatingActivities,Revenue,InterestIncomeOnCashAndCashEquivalents,,
173,FONDO DE CAPITAL PRIVADO ALTRA II,511512010,511512,GASTOS BANCARIOS,0,"10824,07",EquityAndLiabilities,Equity,EquityAttributableToOwnersOfParent,OtherEquityInterest,ProfitLossFromContinuingOperations,ProfitLoss,ProfitLossBeforeTax,ProfitLossFromOperatingActivities,OtherExpenseByNature,OtherFeeAndCommissionExpense,FeeAndCommissionExpense,FeeAndCommissionIncomeExpense
173,FONDO DE CAPITAL PRIVADO ALTRA II,511548010,511548,"COMISION DE ADMINISTRACION R,F,",0,30000000,EquityAndLiabilities,Equity,EquityAttributableToOwnersOfParent,OtherEquityInterest,ProfitLossFromContinuingOperations,ProfitLoss,ProfitLossBeforeTax,ProfitLossFromOperatingActivities,OtherExpenseByNature,OtherFeeAndCommissionExpense,FeeAndCommissionExpense,FeeAndCommissionIncomeExpense
173,FONDO DE CAPITAL PRIVADO ALTRA II,511595011,511595,COMISION GESTOR PROFESIONAL,0,"58890898,68",EquityAndLiabilities,Equity,EquityAttributableToOwnersOfParent,OtherEquityInterest,ProfitLossFromContinuingOperations,ProfitLoss,ProfitLossBeforeTax,ProfitLossFromOperatingActivities,OtherExpenseByNature,OtherFeeAndCommissionExpense,FeeAndCommissionExpense,FeeAndCommissionIncomeExpense
173,FONDO DE CAPITAL PRIVADO ALTRA II,514005011,514005,IMPOVENTAS,0,"5917819,8",EquityAndLiabilities,Equity,EquityAttributableToOwnersOfParent,OtherEquityInterest,ProfitLossFromContinuingOperations,ProfitLoss,ProfitLossBeforeTax,ProfitLossFromOperatingActivities,OtherExpenseByNature,,,
173,FONDO DE CAPITAL PRIVADO ALTRA II,514005015,514005,IVA COMISION GESTOR PROFESIONAL,0,"9465245,47",EquityAndLiabilities,Equity,EquityAttributableToOwnersOfParent,OtherEquityInterest,ProfitLossFromContinuingOperations,ProfitLoss,ProfitLossBeforeTax,ProfitLossFromOperatingActivities,OtherExpenseByNature,,,
173,FONDO DE CAPITAL PRIVADO ALTRA II,515525010,515525,RESPONSABILIDAD CIVIL,0,"678023,33",EquityAndLiabilities,Equity,EquityAttributableToOwnersOfParent,OtherEquityInterest,ProfitLossFromContinuingOperations,ProfitLoss,ProfitLossBeforeTax,ProfitLossFromOperatingActivities,OtherExpenseByNature,,,
173,FONDO DE CAPITAL PRIVADO ALTRA II,519095999,519095,OTROS,0,"0,15",EquityAndLiabilities,Equity,EquityAttributableToOwnersOfParent,OtherEquityInterest,ProfitLossFromContinuingOperations,ProfitLoss,ProfitLossBeforeTax,ProfitLossFromOperatingActivities,OtherExpenseByNature,,,
173,FONDO DE CAPITAL PRIVADO ALTRA II,590505010,590505,CANCELACION DE INGRESOS RF,0,"702681,37",EquityAndLiabilities,Equity,EquityAttributableToOwnersOfParent,OtherEquityInterest,,,,,,,,
173,FONDO DE CAPITAL PRIVADO ALTRA II,810505210,810505,EMISORES EXTRANJEROS,7944075977,8185041243,EquityAndLiabilities,Equity,EquityAttributableToOwnersOfParent,,,,,,,,,
173,FONDO DE CAPITAL PRIVADO ALTRA II,830505010,830505,EMISORES EXTRANJEROS,-7944075977,-8185041243,EquityAndLiabilities,Equity,EquityAttributableToOwnersOfParent,,,,,,,,,
175,FCP TC LATAM COMPARTIMENTO A,111505436,111505,"(TA) BANCOLOMBIA Cta No, 03141537163","159226557,7","309966945,6",Assets,,CashAndCashEquivalents,BalancesWithBanks,Cash,,,NetAssetsLiabilities,,,,
175,FCP TC LATAM COMPARTIMENTO A,111510002,111510,(LA) BANCOLOMBIA PANAMA CTA: 80100001881,"279445674,2","876027954,7",Assets,,CashAndCashEquivalents,BalancesWithBanks,Cash,,,NetAssetsLiabilities,,,,
175,FCP TC LATAM COMPARTIMENTO A,130115115,130115,OTROS EMISORES NACIONALES,0,"133973916,2",Assets,,Inversiones,ActivosFinancierosCorrientesValorRazonableCambiosResultadosInversiones,InversionesNegociables,NegociablesInstrumentosDeuda,,NetAssetsLiabilities,,,,
175,FCP TC LATAM COMPARTIMENTO A,130120120,130120,EMISORES EXTRANJEROS,"952832335,6",0,Assets,,Inversiones,ActivosFinancierosCorrientesValorRazonableCambiosResultadosInversiones,InversionesNegociables,NegociablesInstrumentosDeuda,,NetAssetsLiabilities,,,,
175,FCP TC LATAM COMPARTIMENTO A,136000300,136000,INVERSIONES DERECHOS FIDUCIARIOS,"237795353,6","237795353,6",Assets,,Inversiones,ActivosFinancierosCorrientesValorRazonableCambiosResultadosInversiones,InversionesNegociables,NegociablesInstrumentosPatrimonio,,NetAssetsLiabilities,,,,
175,FCP TC LATAM COMPARTIMENTO A,161205010,161205,ARRENDAMIENTOS DE BIENES PROPIOS,0,0,Assets,,TradeAndOtherReceivables,,,,,NetAssetsLiabilities,,,,
175,FCP TC LATAM COMPARTIMENTO A,161695001,161695,"(LT) BANCOLOMBIA Cta No,69000002514","-938,58","-762,04",Assets,,TradeAndOtherReceivables,,,,,NetAssetsLiabilities,,,,
175,FCP TC LATAM COMPARTIMENTO A,161695045,161695,CUENTA CORRIENTE,"133973916,2",1046854836,Assets,,TradeAndOtherReceivables,,,,,NetAssetsLiabilities,,,,
175,FCP TC LATAM COMPARTIMENTO A,169895010,169895,DETERIORO OTRAS CUENTAS POR COBRAR,0,"-259622283,2",Assets,,TradeAndOtherReceivables,,,,,NetAssetsLiabilities,,,,
175,FCP TC LATAM COMPARTIMENTO A,182705010,182705,PROPIEDADES DE INVERSION,"530105628,2","530105628,2",Assets,,OtherNonfinancialAssets,,,,,NetAssetsLiabilities,,,,
175,FCP TC LATAM COMPARTIMENTO A,192595030,192595,AMORTIZACIÓN COMISIÓN DE ADMÓN,0,0,Assets,,OtherNonfinancialAssets,,,,,NetAssetsLiabilities,,,,
175,FCP TC LATAM COMPARTIMENTO A,250110010,250110,COMISION CUSTODIA FIJA,0,0,EquityAndLiabilities,Liabilities,TradeAndOtherPayables,,,,,NetAssetsLiabilities,,,,
175,FCP TC LATAM COMPARTIMENTO A,250295050,250295,OTROS PROVEEDORES,0,0,EquityAndLiabilities,Liabilities,TradeAndOtherPayables,,,,,NetAssetsLiabilities,,,,
175,FCP TC LATAM COMPARTIMENTO A,250295050,250295,OTROS PROVEEDORES,0,0,EquityAndLiabilities,Liabilities,TradeAndOtherPayables,,,,,NetAssetsLiabilities,,,,
175,FCP TC LATAM COMPARTIMENTO A,250295050,250295,OTROS PROVEEDORES,0,0,EquityAndLiabilities,Liabilities,TradeAndOtherPayables,,,,,NetAssetsLiabilities,,,,
175,FCP TC LATAM COMPARTIMENTO A,250305020,250305,RTE FTE PROVEEDORES,0,0,EquityAndLiabilities,Liabilities,TradeAndOtherPayables,,,,,NetAssetsLiabilities,,,,
175,FCP TC LATAM COMPARTIMENTO A,250305020,250305,RTE FTE PROVEEDORES,0,0,EquityAndLiabilities,Liabilities,TradeAndOtherPayables,,,,,NetAssetsLiabilities,,,,
175,FCP TC LATAM COMPARTIMENTO A,250305020,250305,RTE FTE PROVEEDORES,0,0,EquityAndLiabilities,Liabilities,TradeAndOtherPayables,,,,,NetAssetsLiabilities,,,,
175,FCP TC LATAM COMPARTIMENTO A,250340010,250340,SOBRE LAS VENTAS POR PAGAR 19%,"-1082889,2","-560247,7",EquityAndLiabilities,Liabilities,TradeAndOtherPayables,,,,,NetAssetsLiabilities,,,,
175,FCP TC LATAM COMPARTIMENTO A,253105003,253105,CUENTA CORRIENTE IBA,0,0,EquityAndLiabilities,Liabilities,TradeAndOtherPayables,,,,,NetAssetsLiabilities,,,,
175,FCP TC LATAM COMPARTIMENTO A,253105110,253105,CUENTA COMPENSACION,"-149228473,9","-974046186,8",EquityAndLiabilities,Liabilities,TradeAndOtherPayables,,,,,NetAssetsLiabilities,,,,
175,FCP TC LATAM COMPARTIMENTO A,352505010,352505,PARTICIPACIONES EN FDO DE INVERSIÓN COLE,-6384405484,-4250525335,EquityAndLiabilities,Equity,EquityAttributableToOwnersOfParent,OtherEquityInterest,,,,,,,,
175,FCP TC LATAM COMPARTIMENTO A,410705120,410705,EMISORES EXTRANJEROS,0,"-52974814,12",EquityAndLiabilities,Equity,EquityAttributableToOwnersOfParent,OtherEquityInterest,ProfitLossFromContinuingOperations,ProfitLoss,ProfitLossBeforeTax,ProfitLossFromOperatingActivities,Revenue,OtherRevenue,,AdjustmentsForDecreaseIncreaseInOtherCurrentAssets
178,FIC RENTA FIJA MEDIANO PLAZO MULTIESCALA,161695999,161695,PROVEEDORES,0,0,Assets,,TradeAndOtherReceivables,,,,,NetAssetsLiabilities,,,,
178,FIC RENTA FIJA MEDIANO PLAZO MULTIESCALA,161695999,161695,PROVEEDORES,0,0,Assets,,TradeAndOtherReceivables,,,,,NetAssetsLiabilities,,,,
178,FIC RENTA FIJA MEDIANO PLAZO MULTIESCALA,192595001,192595,CALIFICADORA DE VALORES,0,0,Assets,,OtherNonfinancialAssets,,,,,NetAssetsLiabilities,,,,
178,FIC RENTA FIJA MEDIANO PLAZO MULTIESCALA,250105040,250105,CALIFICADORA,0,"-1569989,31",EquityAndLiabilities,Liabilities,TradeAndOtherPayables,,,,,NetAssetsLiabilities,,,,
178,FIC RENTA FIJA MEDIANO PLAZO MULTIESCALA,250110010,250110,COMISION CUSTODIA FIJA,0,0,EquityAndLiabilities,Liabilities,TradeAndOtherPayables,,,,,NetAssetsLiabilities,,,,
178,FIC RENTA FIJA MEDIANO PLAZO MULTIESCALA,250110033,250110,COMISION CUSTODIO,"-6767299,82","-3002316,27",EquityAndLiabilities,Liabilities,TradeAndOtherPayables,,,,,NetAssetsLiabilities,,,,
178,FIC RENTA FIJA MEDIANO PLAZO MULTIESCALA,250295034,250295,MERCADO ELECTRONICO COLOMBIANO (MEC),0,0,EquityAndLiabilities,Liabilities,TradeAndOtherPayables,,,,,NetAssetsLiabilities,,,,
178,FIC RENTA FIJA MEDIANO PLAZO MULTIESCALA,250295038,250295,COMISION SAE CUSTODIO,0,0,EquityAndLiabilities,Liabilities,TradeAndOtherPayables,,,,,NetAssetsLiabilities,,,,
178,FIC RENTA FIJA MEDIANO PLAZO MULTIESCALA,250295050,250295,OTROS PROVEEDORES,0,0,EquityAndLiabilities,Liabilities,TradeAndOtherPayables,,,,,NetAssetsLiabilities,,,,
178,FIC RENTA FIJA MEDIANO PLAZO MULTIESCALA,250305020,250305,RETENCION PROVEEDORES,0,0,EquityAndLiabilities,Liabilities,TradeAndOtherPayables,,,,,NetAssetsLiabilities,,,,
178,FIC RENTA FIJA MEDIANO PLAZO MULTIESCALA,253105003,253105,CUENTA CORRIENTE IBA,0,0,EquityAndLiabilities,Liabilities,TradeAndOtherPayables,,,,,NetAssetsLiabilities,,,,
178,FIC RENTA FIJA MEDIANO PLAZO MULTIESCALA,253105110,253105,CUENTA COMPENSACION,-1001487572,"-254042582,6",EquityAndLiabilities,Liabilities,TradeAndOtherPayables,,,,,NetAssetsLiabilities,,,,
178,FIC RENTA FIJA MEDIANO PLAZO MULTIESCALA,352510010,352510,PARTICIPACIONES POR IDENTIFICAR,"-109724916,5","-116093417,3",EquityAndLiabilities,Equity,EquityAttributableToOwnersOfParent,OtherEquityInterest,,,,,,,,
178,FIC RENTA FIJA MEDIANO PLAZO MULTIESCALA,410705115,410705,OTROS EMISORES NACIONALES,0,-3690187950,EquityAndLiabilities,Equity,EquityAttributableToOwnersOfParent,OtherEquityInterest,ProfitLossFromContinuingOperations,ProfitLoss,ProfitLossBeforeTax,ProfitLossFromOperatingActivities,Revenue,OtherRevenue,,AdjustmentsForDecreaseIncreaseInOtherCurrentAssets
178,FIC RENTA FIJA MEDIANO PLAZO MULTIESCALA,411495002,411495,"(FE) BCO BOGOTA Cta No,049335052",0,"-852817,43",EquityAndLiabilities,Equity,EquityAttributableToOwnersOfParent,OtherEquityInterest,ProfitLossFromContinuingOperations,ProfitLoss,ProfitLossBeforeTax,ProfitLossFromOperatingActivities,Revenue,InterestIncomeOnCashAndCashEquivalents,,
178,FIC RENTA FIJA MEDIANO PLAZO MULTIESCALA,411495004,411495,"(FE) BANCOLOMBIA Cta No, 69000008136",0,"-47992232,21",EquityAndLiabilities,Equity,EquityAttributableToOwnersOfParent,OtherEquityInterest,ProfitLossFromContinuingOperations,ProfitLoss,ProfitLossBeforeTax,ProfitLossFromOperatingActivities,Revenue,InterestIncomeOnCashAndCashEquivalents,,
178,FIC RENTA FIJA MEDIANO PLAZO MULTIESCALA,411495007,411495,"(FE) BANCO BBVA Cta No, 895000075",0,"-545646,81",EquityAndLiabilities,Equity,EquityAttributableToOwnersOfParent,OtherEquityInterest,ProfitLossFromContinuingOperations,ProfitLoss,ProfitLossBeforeTax,ProfitLossFromOperatingActivities,Revenue,InterestIncomeOnCashAndCashEquivalents,,
178,FIC RENTA FIJA MEDIANO PLAZO MULTIESCALA,411495083,411495,"(60) OCCIDENTE Cta No,288839293",0,-510394274,EquityAndLiabilities,Equity,EquityAttributableToOwnersOfParent,OtherEquityInterest,ProfitLossFromContinuingOperations,ProfitLoss,ProfitLossBeforeTax,ProfitLossFromOperatingActivities,Revenue,InterestIncomeOnCashAndCashEquivalents,,
178,FIC RENTA FIJA MEDIANO PLAZO MULTIESCALA,411495196,411495,"(60) BANCOLOMBIA Cau No,17823311257",0,"-1188368,05",EquityAndLiabilities,Equity,EquityAttributableToOwnersOfParent,OtherEquityInterest,ProfitLossFromContinuingOperations,ProfitLoss,ProfitLossBeforeTax,ProfitLossFromOperatingActivities,Revenue,InterestIncomeOnCashAndCashEquivalents,,
178,FIC RENTA FIJA MEDIANO PLAZO MULTIESCALA,411495300,411495,INTERESES TÍTULOS,0,-14801218315,EquityAndLiabilities,Equity,EquityAttributableToOwnersOfParent,OtherEquityInterest,ProfitLossFromContinuingOperations,ProfitLoss,ProfitLossBeforeTax,ProfitLossFromOperatingActivities,Revenue,InterestIncomeOnCashAndCashEquivalents,,
178,FIC RENTA FIJA MEDIANO PLAZO MULTIESCALA,411495999,411495,OTROS,0,"-56578,79",EquityAndLiabilities,Equity,EquityAttributableToOwnersOfParent,OtherEquityInterest,ProfitLossFromContinuingOperations,ProfitLoss,ProfitLossBeforeTax,ProfitLossFromOperatingActivities,Revenue,InterestIncomeOnCashAndCashEquivalents,,
178,FIC RENTA FIJA MEDIANO PLAZO MULTIESCALA,419595025,419595,PENALIZACIONES,0,"-11585117,14",EquityAndLiabilities,Equity,EquityAttributableToOwnersOfParent,OtherEquityInterest,ProfitLossFromContinuingOperations,ProfitLoss,ProfitLossBeforeTax,ProfitLossFromOperatingActivities,Revenue,OtherRevenue,,
178,FIC RENTA FIJA MEDIANO PLAZO MULTIESCALA,510440010,510440,COMPDE TRANSFERENCIA EN OPER REPO,0,282360,EquityAndLiabilities,Equity,EquityAttributableToOwnersOfParent,OtherEquityInterest,ProfitLossFromContinuingOperations,ProfitLoss,ProfitLossBeforeTax,ProfitLossFromOperatingActivities,OtherExpenseByNature,,,
178,FIC RENTA FIJA MEDIANO PLAZO MULTIESCALA,510605105,510605,TÍTULOS DE TESORERÍA -TES,0,8261169171,EquityAndLiabilities,Equity,EquityAttributableToOwnersOfParent,OtherEquityInterest,ProfitLossFromContinuingOperations,ProfitLoss,ProfitLossBeforeTax,ProfitLossFromOperatingActivities,OtherExpenseByNature,,,AdjustmentsForDecreaseIncreaseInOtherCurrentAssets
178,FIC RENTA FIJA MEDIANO PLAZO MULTIESCALA,511325010,511325,COMISION CUSTODIA FIJA,0,"34935891,04",EquityAndLiabilities,Equity,EquityAttributableToOwnersOfParent,OtherEquityInterest,ProfitLossFromContinuingOperations,ProfitLoss,ProfitLossBeforeTax,ProfitLossFromOperatingActivities,OtherExpenseByNature,BrokerageFeeExpense,FeeAndCommissionExpense,FeeAndCommissionIncomeExpense
178,FIC RENTA FIJA MEDIANO PLAZO MULTIESCALA,511512010,511512,GASTOS BANCARIOS,0,"50565583,6",EquityAndLiabilities,Equity,EquityAttributableToOwnersOfParent,OtherEquityInterest,ProfitLossFromContinuingOperations,ProfitLoss,ProfitLossBeforeTax,ProfitLossFromOperatingActivities,OtherExpenseByNature,OtherFeeAndCommissionExpense,FeeAndCommissionExpense,FeeAndCommissionIncomeExpense
178,FIC RENTA FIJA MEDIANO PLAZO MULTIESCALA,511548010,511548,"COMISION DE ADMINISTRACION R,F,",0,1907387560,EquityAndLiabilities,Equity,EquityAttributableToOwnersOfParent,OtherEquityInterest,ProfitLossFromContinuingOperations,ProfitLoss,ProfitLossBeforeTax,ProfitLossFromOperatingActivities,OtherExpenseByNature,OtherFeeAndCommissionExpense,FeeAndCommissionExpense,FeeAndCommissionIncomeExpense
178,FIC RENTA FIJA MEDIANO PLAZO MULTIESCALA,512505115,512505,OTROS EMISORES NACIONALES,0,1666182750,EquityAndLiabilities,Equity,EquityAttributableToOwnersOfParent,OtherEquityInterest,ProfitLossFromContinuingOperations,ProfitLoss,ProfitLossBeforeTax,ProfitLossFromOperatingActivities,OtherExpenseByNature,,,
178,FIC RENTA FIJA MEDIANO PLAZO MULTIESCALA,514005011,514005,IMPOVENTAS,0,"1427225,82",EquityAndLiabilities,Equity,EquityAttributableToOwnersOfParent,OtherEquityInterest,ProfitLossFromContinuingOperations,ProfitLoss,ProfitLossBeforeTax,ProfitLossFromOperatingActivities,OtherExpenseByNature,,,
178,FIC RENTA FIJA MEDIANO PLAZO MULTIESCALA,519095004,519095,MERCADO ELECTRONICO COLOMBIA (MEC),0,"298534,16",EquityAndLiabilities,Equity,EquityAttributableToOwnersOfParent,OtherEquityInterest,ProfitLossFromContinuingOperations,ProfitLoss,ProfitLossBeforeTax,ProfitLossFromOperatingActivities,OtherExpenseByNature,,,
178,FIC RENTA FIJA MEDIANO PLAZO MULTIESCALA,519095007,519095,SAE CUSTODIO,0,"893286,18",EquityAndLiabilities,Equity,EquityAttributableToOwnersOfParent,OtherEquityInterest,ProfitLossFromContinuingOperations,ProfitLoss,ProfitLossBeforeTax,ProfitLossFromOperatingActivities,OtherExpenseByNature,,,
178,FIC RENTA FIJA MEDIANO PLAZO MULTIESCALA,519095999,519095,OTROS,0,"3,25",EquityAndLiabilities,Equity,EquityAttributableToOwnersOfParent,OtherEquityInterest,ProfitLossFromContinuingOperations,ProfitLoss,ProfitLossBeforeTax,ProfitLossFromOperatingActivities,OtherExpenseByNature,,,
178,FIC RENTA FIJA MEDIANO PLAZO MULTIESCALA,590505020,590505,UTILIDAD/PERDIDA PAGADA EN REDENCIONES,0,12828937270,EquityAndLiabilities,Equity,EquityAttributableToOwnersOfParent,OtherEquityInterest,,,,,,,,
178,FIC RENTA FIJA MEDIANO PLAZO MULTIESCALA,840505010,840505,ACREEDORAS POR CONTRA,0,0,EquityAndLiabilities,Equity,EquityAttributableToOwnersOfParent,,,,,,,,,
175,FCP TC LATAM COMPARTIMENTO A,411495002,411495,"(LA) BANCOLOMBIA PANAMA CTA,80100001881",0,"-1432739,9",EquityAndLiabilities,Equity,EquityAttributableToOwnersOfParent,OtherEquityInterest,ProfitLossFromContinuingOperations,ProfitLoss,ProfitLossBeforeTax,ProfitLossFromOperatingActivities,Revenue,InterestIncomeOnCashAndCashEquivalents,,
175,FCP TC LATAM COMPARTIMENTO A,411495999,411495,OTROS,0,"-175881049,4",EquityAndLiabilities,Equity,EquityAttributableToOwnersOfParent,OtherEquityInterest,ProfitLossFromContinuingOperations,ProfitLoss,ProfitLossBeforeTax,ProfitLossFromOperatingActivities,Revenue,InterestIncomeOnCashAndCashEquivalents,,
175,FCP TC LATAM COMPARTIMENTO A,413515010,413515,DIFERENCIA EN CAMBIO,0,"-219538614,1",EquityAndLiabilities,Equity,EquityAttributableToOwnersOfParent,OtherEquityInterest,ProfitLossFromContinuingOperations,ProfitLoss,ProfitLossBeforeTax,ProfitLossFromOperatingActivities,OtherExpenseByNature,,,
175,FCP TC LATAM COMPARTIMENTO A,414515010,414515,ARRENDAMIENTO INMUEBLES IVA 19%,0,"-8643837,04",EquityAndLiabilities,Equity,EquityAttributableToOwnersOfParent,OtherEquityInterest,ProfitLossFromContinuingOperations,ProfitLoss,ProfitLossBeforeTax,ProfitLossFromOperatingActivities,Revenue,OtherRevenue,,
175,FCP TC LATAM COMPARTIMENTO A,510605120,510605,EMISORES EXTRANJEROS,0,0,EquityAndLiabilities,Equity,EquityAttributableToOwnersOfParent,OtherEquityInterest,ProfitLossFromContinuingOperations,ProfitLoss,ProfitLossBeforeTax,ProfitLossFromOperatingActivities,OtherExpenseByNature,,,AdjustmentsForDecreaseIncreaseInOtherCurrentAssets
175,FCP TC LATAM COMPARTIMENTO A,510805010,510805,POR DISMINUCION EN EL VALOR RAZONABLE,0,1891652483,EquityAndLiabilities,Equity,EquityAttributableToOwnersOfParent,OtherEquityInterest,ProfitLossFromContinuingOperations,ProfitLoss,ProfitLossBeforeTax,ProfitLossFromOperatingActivities,OtherExpenseByNature,,,AdjustmentsForDecreaseIncreaseInOtherCurrentAssets
175,FCP TC LATAM COMPARTIMENTO A,511325010,511325,COMISION CUSTODIA FIJA,0,"2421649,31",EquityAndLiabilities,Equity,EquityAttributableToOwnersOfParent,OtherEquityInterest,ProfitLossFromContinuingOperations,ProfitLoss,ProfitLossBeforeTax,ProfitLossFromOperatingActivities,OtherExpenseByNature,BrokerageFeeExpense,FeeAndCommissionExpense,FeeAndCommissionIncomeExpense
175,FCP TC LATAM COMPARTIMENTO A,511512010,511512,GASTOS BANCARIOS,0,"655616,77",EquityAndLiabilities,Equity,EquityAttributableToOwnersOfParent,OtherEquityInterest,ProfitLossFromContinuingOperations,ProfitLoss,ProfitLossBeforeTax,ProfitLossFromOperatingActivities,OtherExpenseByNature,OtherFeeAndCommissionExpense,FeeAndCommissionExpense,FeeAndCommissionIncomeExpense
175,FCP TC LATAM COMPARTIMENTO A,511548010,511548,"COMISION DE ADMINISTRACION R,F,",0,"12494695,56",EquityAndLiabilities,Equity,EquityAttributableToOwnersOfParent,OtherEquityInterest,ProfitLossFromContinuingOperations,ProfitLoss,ProfitLossBeforeTax,ProfitLossFromOperatingActivities,OtherExpenseByNature,OtherFeeAndCommissionExpense,FeeAndCommissionExpense,FeeAndCommissionIncomeExpense
175,FCP TC LATAM COMPARTIMENTO A,513095090,513095,OTROS HONORARIOS,0,"6270081,12",EquityAndLiabilities,Equity,EquityAttributableToOwnersOfParent,OtherEquityInterest,ProfitLossFromContinuingOperations,ProfitLoss,ProfitLossBeforeTax,ProfitLossFromOperatingActivities,OtherExpenseByNature,,,
175,FCP TC LATAM COMPARTIMENTO A,514005010,514005,IMPUESTO A LOS MOVIMIENTOS FINANCIEROS,0,"413850,53",EquityAndLiabilities,Equity,EquityAttributableToOwnersOfParent,OtherEquityInterest,ProfitLossFromContinuingOperations,ProfitLoss,ProfitLossBeforeTax,ProfitLossFromOperatingActivities,OtherExpenseByNature,,,
175,FCP TC LATAM COMPARTIMENTO A,519095010,519095,ADMINISTRACION DE ARRENDAMIENTOS,0,"947134,05",EquityAndLiabilities,Equity,EquityAttributableToOwnersOfParent,OtherEquityInterest,ProfitLossFromContinuingOperations,ProfitLoss,ProfitLossBeforeTax,ProfitLossFromOperatingActivities,OtherExpenseByNature,,,
175,FCP TC LATAM COMPARTIMENTO A,519095050,519095,GASTOS REEMBOLSABLES,0,"114568519,4",EquityAndLiabilities,Equity,EquityAttributableToOwnersOfParent,OtherEquityInterest,ProfitLossFromContinuingOperations,ProfitLoss,ProfitLossBeforeTax,ProfitLossFromOperatingActivities,OtherExpenseByNature,,,
175,FCP TC LATAM COMPARTIMENTO A,810505115,810505,OTROS EMISORES NACIONALES,0,"133973916,2",EquityAndLiabilities,Equity,EquityAttributableToOwnersOfParent,,,,,,,,,
175,FCP TC LATAM COMPARTIMENTO A,810505205,810505,EMISORES NACIONALES,464373177,"237795353,6",EquityAndLiabilities,Equity,EquityAttributableToOwnersOfParent,,,,,,,,,
175,FCP TC LATAM COMPARTIMENTO A,829595999,829595,OTRAS CUENTAS DE ORDEN ACREEDORAS USD,-1523995181,-1395713782,EquityAndLiabilities,Equity,EquityAttributableToOwnersOfParent,,,,,,,,,
175,FCP TC LATAM COMPARTIMENTO A,840505999,840505,OTRAS CUENTAS DE ORDEN ACREEDORAS USD,1523995181,1395713782,EquityAndLiabilities,Equity,EquityAttributableToOwnersOfParent,,,,,,,,,
176,FCP TC LATAM - COMPARTIMENTO B,130115115,130115,OTROS EMISORES NACIONALES,0,"38120686,6",Assets,,Inversiones,ActivosFinancierosCorrientesValorRazonableCambiosResultadosInversiones,InversionesNegociables,NegociablesInstrumentosDeuda,,NetAssetsLiabilities,,,,
176,FCP TC LATAM - COMPARTIMENTO B,161205010,161205,ARRENDAMIENTOS DE BIENES PROPIOS,0,0,Assets,,TradeAndOtherReceivables,,,,,NetAssetsLiabilities,,,,
176,FCP TC LATAM - COMPARTIMENTO B,161695529,161695,"(TB) BANCOLOMBIA Cau No,03141537287","3153,19","35932,26",Assets,,TradeAndOtherReceivables,,,,,NetAssetsLiabilities,,,,
176,FCP TC LATAM - COMPARTIMENTO B,182705010,182705,PROPIEDADES DE INVERSION,"151446349,9","151446349,9",Assets,,OtherNonfinancialAssets,,,,,NetAssetsLiabilities,,,,
176,FCP TC LATAM - COMPARTIMENTO B,192595030,192595,AMORTIZACIÓN COMISIÓN DE ADMÓN,0,0,Assets,,OtherNonfinancialAssets,,,,,NetAssetsLiabilities,,,,
176,FCP TC LATAM - COMPARTIMENTO B,250105010,250105,HONORARIOS,0,0,EquityAndLiabilities,Liabilities,TradeAndOtherPayables,,,,,NetAssetsLiabilities,,,,
176,FCP TC LATAM - COMPARTIMENTO B,250110010,250110,COMISION CUSTODIA FIJA,0,0,EquityAndLiabilities,Liabilities,TradeAndOtherPayables,,,,,NetAssetsLiabilities,,,,
176,FCP TC LATAM - COMPARTIMENTO B,250110015,250110,COMISION DE ADMINISTRACION,0,0,EquityAndLiabilities,Liabilities,TradeAndOtherPayables,,,,,NetAssetsLiabilities,,,,
176,FCP TC LATAM - COMPARTIMENTO B,250340010,250340,SOBRE LAS VENTAS POR PAGAR 19%,"-309371,6","-160070,7",EquityAndLiabilities,Liabilities,TradeAndOtherPayables,,,,,NetAssetsLiabilities,,,,
176,FCP TC LATAM - COMPARTIMENTO B,253105220,253105,CUENTA COMPENSACION DIVISAS,0,0,EquityAndLiabilities,Liabilities,TradeAndOtherPayables,,,,,NetAssetsLiabilities,,,,
176,FCP TC LATAM - COMPARTIMENTO B,352505010,352505,PARTICIPACIONES EN FDO DE INVERSIÓN COLE,-1757057257,-1148258130,EquityAndLiabilities,Equity,EquityAttributableToOwnersOfParent,OtherEquityInterest,,,,,,,,
176,FCP TC LATAM - COMPARTIMENTO B,410805300,410805,EMISORES NACIONALES,0,0,EquityAndLiabilities,Equity,EquityAttributableToOwnersOfParent,OtherEquityInterest,ProfitLossFromContinuingOperations,ProfitLoss,ProfitLossBeforeTax,ProfitLossFromOperatingActivities,OtherExpenseByNature,,,AdjustmentsForDecreaseIncreaseInOtherCurrentAssets
176,FCP TC LATAM - COMPARTIMENTO B,413515010,413515,DIFERENCIA EN CAMBIO,0,"-46033032,84",EquityAndLiabilities,Equity,EquityAttributableToOwnersOfParent,OtherEquityInterest,ProfitLossFromContinuingOperations,ProfitLoss,ProfitLossBeforeTax,ProfitLossFromOperatingActivities,OtherExpenseByNature,,,
176,FCP TC LATAM - COMPARTIMENTO B,510805010,510805,POR DISMINUCION EN EL VALOR RAZONABLE,0,"540468251,3",EquityAndLiabilities,Equity,EquityAttributableToOwnersOfParent,OtherEquityInterest,ProfitLossFromContinuingOperations,ProfitLoss,ProfitLossBeforeTax,ProfitLossFromOperatingActivities,OtherExpenseByNature,,,AdjustmentsForDecreaseIncreaseInOtherCurrentAssets
176,FCP TC LATAM - COMPARTIMENTO B,511325010,511325,COMISION CUSTODIA FIJA,0,"691899,8",EquityAndLiabilities,Equity,EquityAttributableToOwnersOfParent,OtherEquityInterest,ProfitLossFromContinuingOperations,ProfitLoss,ProfitLossBeforeTax,ProfitLossFromOperatingActivities,OtherExpenseByNature,BrokerageFeeExpense,FeeAndCommissionExpense,FeeAndCommissionIncomeExpense
176,FCP TC LATAM - COMPARTIMENTO B,511512010,511512,GASTOS BANCARIOS,0,"542870,99",EquityAndLiabilities,Equity,EquityAttributableToOwnersOfParent,OtherEquityInterest,ProfitLossFromContinuingOperations,ProfitLoss,ProfitLossBeforeTax,ProfitLossFromOperatingActivities,OtherExpenseByNature,OtherFeeAndCommissionExpense,FeeAndCommissionExpense,FeeAndCommissionIncomeExpense
176,FCP TC LATAM - COMPARTIMENTO B,513015003,513015,REVISORIA FISCAL,0,"1799354,22",EquityAndLiabilities,Equity,EquityAttributableToOwnersOfParent,OtherEquityInterest,ProfitLossFromContinuingOperations,ProfitLoss,ProfitLossBeforeTax,ProfitLossFromOperatingActivities,OtherExpenseByNature,,,
176,FCP TC LATAM - COMPARTIMENTO B,513095090,513095,OTROS HONORARIOS,0,"1791451,76",EquityAndLiabilities,Equity,EquityAttributableToOwnersOfParent,OtherEquityInterest,ProfitLossFromContinuingOperations,ProfitLoss,ProfitLossBeforeTax,ProfitLossFromOperatingActivities,OtherExpenseByNature,,,
176,FCP TC LATAM - COMPARTIMENTO B,513535010,513535,POR REEXPRESION DE OTROS ACTIVOS,0,"59457680,21",EquityAndLiabilities,Equity,EquityAttributableToOwnersOfParent,OtherEquityInterest,ProfitLossFromContinuingOperations,ProfitLoss,ProfitLossBeforeTax,ProfitLossFromOperatingActivities,OtherExpenseByNature,,,
186,FCP TC LATAM COMPARTIMENTO C,111505522,111505,"(TC) BANCOLOMBIA Cta No,03141537601",1610694713,2808361157,Assets,,CashAndCashEquivalents,BalancesWithBanks,Cash,,,NetAssetsLiabilities,,,,
186,FCP TC LATAM COMPARTIMENTO C,130115115,130115,OTROS EMISORES NACIONALES,0,1477771290,Assets,,Inversiones,ActivosFinancierosCorrientesValorRazonableCambiosResultadosInversiones,InversionesNegociables,NegociablesInstrumentosDeuda,,NetAssetsLiabilities,,,,
186,FCP TC LATAM COMPARTIMENTO C,136000300,136000,INVERSIONES DERECHOS FIDUCIARIOS,2267548550,2267548550,Assets,,Inversiones,ActivosFinancierosCorrientesValorRazonableCambiosResultadosInversiones,InversionesNegociables,NegociablesInstrumentosPatrimonio,,NetAssetsLiabilities,,,,
186,FCP TC LATAM COMPARTIMENTO C,161205010,161205,ARRENDAMIENTOS DE BIENES PROPIOS,0,0,Assets,,TradeAndOtherReceivables,,,,,NetAssetsLiabilities,,,,
186,FCP TC LATAM COMPARTIMENTO C,161695003,161695,"(LC) BANCOLOMBIA Cta No, 69000002515","2559,36","3362,7",Assets,,TradeAndOtherReceivables,,,,,NetAssetsLiabilities,,,,
186,FCP TC LATAM COMPARTIMENTO C,161695015,161695,GASTOS VARIOS DE ADMON,0,0,Assets,,TradeAndOtherReceivables,,,,,NetAssetsLiabilities,,,,
186,FCP TC LATAM COMPARTIMENTO C,161695045,161695,CUENTA CORRIENTE,1477771290,"1410739,78",Assets,,TradeAndOtherReceivables,,,,,NetAssetsLiabilities,,,,
186,FCP TC LATAM COMPARTIMENTO C,161695522,161695,"(TC) BANCOLOMBIA Cau No,03141537601","260889,46","1366061,75",Assets,,TradeAndOtherReceivables,,,,,NetAssetsLiabilities,,,,
186,FCP TC LATAM COMPARTIMENTO C,163035010,163035,IVA DESCONTABLE 19%,"1116832,4","583625,3",Assets,,TradeAndOtherReceivables,,,,,NetAssetsLiabilities,,,,
186,FCP TC LATAM COMPARTIMENTO C,192595030,192595,AMORTIZACIÓN COMISIÓN DE ADMÓN,0,0,Assets,,OtherNonfinancialAssets,,,,,NetAssetsLiabilities,,,,
186,FCP TC LATAM COMPARTIMENTO C,250105010,250105,HONORARIOS,0,0,EquityAndLiabilities,Liabilities,TradeAndOtherPayables,,,,,NetAssetsLiabilities,,,,
186,FCP TC LATAM COMPARTIMENTO C,250110010,250110,COMISION CUSTODIA FIJA,0,0,EquityAndLiabilities,Liabilities,TradeAndOtherPayables,,,,,NetAssetsLiabilities,,,,
186,FCP TC LATAM COMPARTIMENTO C,253105003,253105,CUENTA CORRIENTE IBA,0,0,EquityAndLiabilities,Liabilities,TradeAndOtherPayables,,,,,NetAssetsLiabilities,,,,
186,FCP TC LATAM COMPARTIMENTO C,253105110,253105,CUENTA COMPENSACION,-1422598590,-3584659237,EquityAndLiabilities,Liabilities,TradeAndOtherPayables,,,,,NetAssetsLiabilities,,,,
186,FCP TC LATAM COMPARTIMENTO C,411495522,411495,"(TC) BANCOLOMBIA Cau No,03141537601",0,"-26689470,98",EquityAndLiabilities,Equity,EquityAttributableToOwnersOfParent,OtherEquityInterest,ProfitLossFromContinuingOperations,ProfitLoss,ProfitLossBeforeTax,ProfitLossFromOperatingActivities,Revenue,InterestIncomeOnCashAndCashEquivalents,,
186,FCP TC LATAM COMPARTIMENTO C,411495999,411495,OTROS,0,"-0,06",EquityAndLiabilities,Equity,EquityAttributableToOwnersOfParent,OtherEquityInterest,ProfitLossFromContinuingOperations,ProfitLoss,ProfitLossBeforeTax,ProfitLossFromOperatingActivities,Revenue,InterestIncomeOnCashAndCashEquivalents,,
186,FCP TC LATAM COMPARTIMENTO C,414515010,414515,ARRENDAMIENTO INMUEBLES IVA 19%,0,"-82425160,3",EquityAndLiabilities,Equity,EquityAttributableToOwnersOfParent,OtherEquityInterest,ProfitLossFromContinuingOperations,ProfitLoss,ProfitLossBeforeTax,ProfitLossFromOperatingActivities,Revenue,OtherRevenue,,
186,FCP TC LATAM COMPARTIMENTO C,510805010,510805,POR DISMINUCIÓN EN VALOR RAZONABLE,0,0,EquityAndLiabilities,Equity,EquityAttributableToOwnersOfParent,OtherEquityInterest,ProfitLossFromContinuingOperations,ProfitLoss,ProfitLossBeforeTax,ProfitLossFromOperatingActivities,OtherExpenseByNature,,,AdjustmentsForDecreaseIncreaseInOtherCurrentAssets
186,FCP TC LATAM COMPARTIMENTO C,511512010,511512,GASTOS BANCARIOS,0,"802727,96",EquityAndLiabilities,Equity,EquityAttributableToOwnersOfParent,OtherEquityInterest,ProfitLossFromContinuingOperations,ProfitLoss,ProfitLossBeforeTax,ProfitLossFromOperatingActivities,OtherExpenseByNature,OtherFeeAndCommissionExpense,FeeAndCommissionExpense,FeeAndCommissionIncomeExpense
186,FCP TC LATAM COMPARTIMENTO C,511548010,511548,"COMISION DE ADMINISTRACION R,F,",0,"6521192,64",EquityAndLiabilities,Equity,EquityAttributableToOwnersOfParent,OtherEquityInterest,ProfitLossFromContinuingOperations,ProfitLoss,ProfitLossBeforeTax,ProfitLossFromOperatingActivities,OtherExpenseByNature,OtherFeeAndCommissionExpense,FeeAndCommissionExpense,FeeAndCommissionIncomeExpense
186,FCP TC LATAM COMPARTIMENTO C,511595015,511595,OTRAS COMISIONES,0,"5340624,6",EquityAndLiabilities,Equity,EquityAttributableToOwnersOfParent,OtherEquityInterest,ProfitLossFromContinuingOperations,ProfitLoss,ProfitLossBeforeTax,ProfitLossFromOperatingActivities,OtherExpenseByNature,OtherFeeAndCommissionExpense,FeeAndCommissionExpense,FeeAndCommissionIncomeExpense
186,FCP TC LATAM COMPARTIMENTO C,514005011,514005,IMPOVENTAS,0,"1528834,94",EquityAndLiabilities,Equity,EquityAttributableToOwnersOfParent,OtherEquityInterest,ProfitLossFromContinuingOperations,ProfitLoss,ProfitLossBeforeTax,ProfitLossFromOperatingActivities,OtherExpenseByNature,,,
186,FCP TC LATAM COMPARTIMENTO C,519095010,519095,ADMINISTRACION DE ARRENDAMIENTOS,0,"9031599,66",EquityAndLiabilities,Equity,EquityAttributableToOwnersOfParent,OtherEquityInterest,ProfitLossFromContinuingOperations,ProfitLoss,ProfitLossBeforeTax,ProfitLossFromOperatingActivities,OtherExpenseByNature,,,
186,FCP TC LATAM COMPARTIMENTO C,519095999,519095,OTROS,0,0,EquityAndLiabilities,Equity,EquityAttributableToOwnersOfParent,OtherEquityInterest,ProfitLossFromContinuingOperations,ProfitLoss,ProfitLossBeforeTax,ProfitLossFromOperatingActivities,OtherExpenseByNature,,,
186,FCP TC LATAM COMPARTIMENTO C,810505205,810505,EMISORES NACIONALES,2267548550,2267548550,EquityAndLiabilities,Equity,EquityAttributableToOwnersOfParent,,,,,,,,,
187,FCP TC LATAM COMPARTIMENTO D,111505431,111505,"(TED) BANCOLOMBIA Cta No,03141537767","166827959,9",220138972,Assets,,CashAndCashEquivalents,BalancesWithBanks,Cash,,,NetAssetsLiabilities,,,,
187,FCP TC LATAM COMPARTIMENTO D,130115115,130115,OTROS EMISORES NACIONALES,0,"61246769,12",Assets,,Inversiones,ActivosFinancierosCorrientesValorRazonableCambiosResultadosInversiones,InversionesNegociables,NegociablesInstrumentosDeuda,,NetAssetsLiabilities,,,,
187,FCP TC LATAM COMPARTIMENTO D,130120120,130120,EMISORES EXTRANJEROS,"316948547,9",0,Assets,,Inversiones,ActivosFinancierosCorrientesValorRazonableCambiosResultadosInversiones,InversionesNegociables,NegociablesInstrumentosDeuda,,NetAssetsLiabilities,,,,
187,FCP TC LATAM COMPARTIMENTO D,136000300,136000,INVERSIONES DERECHOS FIDUCIARIOS,"83865325,6","83865325,6",Assets,,Inversiones,ActivosFinancierosCorrientesValorRazonableCambiosResultadosInversiones,InversionesNegociables,NegociablesInstrumentosPatrimonio,,NetAssetsLiabilities,,,,
187,FCP TC LATAM COMPARTIMENTO D,161205010,161205,ARRENDAMIENTOS DE BIENES PROPIOS,0,0,Assets,,TradeAndOtherReceivables,,,,,NetAssetsLiabilities,,,,
187,FCP TC LATAM COMPARTIMENTO D,161695015,161695,GASTOS VARIOS DE ADMON,0,"4,09",Assets,,TradeAndOtherReceivables,,,,,NetAssetsLiabilities,,,,
187,FCP TC LATAM COMPARTIMENTO D,161695045,161695,CUENTA CORRIENTE,"61246769,12","330553594,6",Assets,,TradeAndOtherReceivables,,,,,NetAssetsLiabilities,,,,
187,FCP TC LATAM COMPARTIMENTO D,169895010,169895,DETERIORO OTRAS CUENTAS POR COBRAR,0,"-72569251,1",Assets,,TradeAndOtherReceivables,,,,,NetAssetsLiabilities,,,,
187,FCP TC LATAM COMPARTIMENTO D,182705010,182705,PROPIEDADES DE INVERSION,"186335426,2","186335426,2",Assets,,OtherNonfinancialAssets,,,,,NetAssetsLiabilities,,,,
187,FCP TC LATAM COMPARTIMENTO D,192595030,192595,AMORTIZACIÓN COMISIÓN DE ADMÓN,0,0,Assets,,OtherNonfinancialAssets,,,,,NetAssetsLiabilities,,,,
187,FCP TC LATAM COMPARTIMENTO D,250105010,250105,HONORARIOS,0,0,EquityAndLiabilities,Liabilities,TradeAndOtherPayables,,,,,NetAssetsLiabilities,,,,
176,FCP TC LATAM - COMPARTIMENTO B,514005010,514005,IMPUESTO A LOS MOVIMIENTOS FINANCIEROS,0,"99231,19",EquityAndLiabilities,Equity,EquityAttributableToOwnersOfParent,OtherEquityInterest,ProfitLossFromContinuingOperations,ProfitLoss,ProfitLossBeforeTax,ProfitLossFromOperatingActivities,OtherExpenseByNature,,,
176,FCP TC LATAM - COMPARTIMENTO B,517040010,517040,DE INVERSIONES,0,"76522565,94",EquityAndLiabilities,Equity,EquityAttributableToOwnersOfParent,OtherEquityInterest,ProfitLossFromContinuingOperations,ProfitLoss,ProfitLossBeforeTax,ProfitLossFromOperatingActivities,OtherExpenseByNature,,,
176,FCP TC LATAM - COMPARTIMENTO B,519095010,519095,ADMINISTRACION DE ARRENDAMIENTOS,0,"270609,72",EquityAndLiabilities,Equity,EquityAttributableToOwnersOfParent,OtherEquityInterest,ProfitLossFromContinuingOperations,ProfitLoss,ProfitLossBeforeTax,ProfitLossFromOperatingActivities,OtherExpenseByNature,,,
176,FCP TC LATAM - COMPARTIMENTO B,519095050,519095,GASTOS REEMBOLSABLES,0,"32733624,76",EquityAndLiabilities,Equity,EquityAttributableToOwnersOfParent,OtherEquityInterest,ProfitLossFromContinuingOperations,ProfitLoss,ProfitLossBeforeTax,ProfitLossFromOperatingActivities,OtherExpenseByNature,,,
176,FCP TC LATAM - COMPARTIMENTO B,810505115,810505,OTROS EMISORES NACIONALES,0,"38120686,6",EquityAndLiabilities,Equity,EquityAttributableToOwnersOfParent,,,,,,,,,
176,FCP TC LATAM - COMPARTIMENTO B,810505205,810505,EMISORES NACIONALES,"132677031,6","67941529,61",EquityAndLiabilities,Equity,EquityAttributableToOwnersOfParent,,,,,,,,,
176,FCP TC LATAM - COMPARTIMENTO B,829595999,829595,OTRAS CUENTAS DE ORDEN ACREEDORAS USD,"-284506310,7","-260558159,3",EquityAndLiabilities,Equity,EquityAttributableToOwnersOfParent,,,,,,,,,
176,FCP TC LATAM - COMPARTIMENTO B,840505999,840505,OTRAS CUENTAS DE ORDEN ACREEDORAS USD,"284506310,7","260558159,3",EquityAndLiabilities,Equity,EquityAttributableToOwnersOfParent,,,,,,,,,
178,FIC RENTA FIJA MEDIANO PLAZO MULTIESCALA,111505001,111505,"(FE) DAVIVIENDA Cta No,482800036006",3942248564,"173077811,5",Assets,,CashAndCashEquivalents,BalancesWithBanks,Cash,,,NetAssetsLiabilities,,,,
178,FIC RENTA FIJA MEDIANO PLAZO MULTIESCALA,111505003,111505,"(FE) OCCIDENTE Cta No, 219885886","878003462,5","94460214,84",Assets,,CashAndCashEquivalents,BalancesWithBanks,Cash,,,NetAssetsLiabilities,,,,
178,FIC RENTA FIJA MEDIANO PLAZO MULTIESCALA,111505004,111505,"(FE) BANCOLOMBIA Cta No, 69000008136","235989770,6",2631773827,Assets,,CashAndCashEquivalents,BalancesWithBanks,Cash,,,NetAssetsLiabilities,,,,
178,FIC RENTA FIJA MEDIANO PLAZO MULTIESCALA,111505005,111505,"(FE) BANCO COLPATRIA Cta No, 0072967711","71810646,4",105959209,Assets,,CashAndCashEquivalents,BalancesWithBanks,Cash,,,NetAssetsLiabilities,,,,
178,FIC RENTA FIJA MEDIANO PLAZO MULTIESCALA,111505082,111505,"(60) OCCIDENTE Cta No,288839293","4390580,37",21598465482,Assets,,CashAndCashEquivalents,BalancesWithBanks,Cash,,,NetAssetsLiabilities,,,,
178,FIC RENTA FIJA MEDIANO PLAZO MULTIESCALA,111505192,111505,"DAVIVIENDA CTA NO, 005069993060","8982641,82","198727869,3",Assets,,CashAndCashEquivalents,BalancesWithBanks,Cash,,,NetAssetsLiabilities,,,,
178,FIC RENTA FIJA MEDIANO PLAZO MULTIESCALA,111505195,111505,"(60) BANCOLOMBIA Cta No,17823311257","17556662,57","16286164,69",Assets,,CashAndCashEquivalents,BalancesWithBanks,Cash,,,NetAssetsLiabilities,,,,
178,FIC RENTA FIJA MEDIANO PLAZO MULTIESCALA,111505350,111505,"(60) COLPATRIA Cta No, 0132098160","8251195,11","8536662,75",Assets,,CashAndCashEquivalents,BalancesWithBanks,Cash,,,NetAssetsLiabilities,,,,
178,FIC RENTA FIJA MEDIANO PLAZO MULTIESCALA,130105105,130105,TÍTULOS DE TESORERÍA -TES,128861557192,79199014695,Assets,,Inversiones,ActivosFinancierosCorrientesValorRazonableCambiosResultadosInversiones,InversionesNegociables,NegociablesInstrumentosDeuda,,NetAssetsLiabilities,,,,
178,FIC RENTA FIJA MEDIANO PLAZO MULTIESCALA,161695001,161695,"(FE) DAVIVIENDA Cta No,482800036006","1612567,08","44121,43",Assets,,TradeAndOtherReceivables,,,,,NetAssetsLiabilities,,,,
178,FIC RENTA FIJA MEDIANO PLAZO MULTIESCALA,161695002,161695,"(FE) BCO BOGOTA Cta No,049335052","427236,89","119261,32",Assets,,TradeAndOtherReceivables,,,,,NetAssetsLiabilities,,,,
178,FIC RENTA FIJA MEDIANO PLAZO MULTIESCALA,161695004,161695,"(LD) BCO DAVIVIENDA cta No,482800025215","96838,1","730103,11",Assets,,TradeAndOtherReceivables,,,,,NetAssetsLiabilities,,,,
178,FIC RENTA FIJA MEDIANO PLAZO MULTIESCALA,161695007,161695,"(FE) BANCO BBVA Cta No, 895000075","138,88","12,71",Assets,,TradeAndOtherReceivables,,,,,NetAssetsLiabilities,,,,
178,FIC RENTA FIJA MEDIANO PLAZO MULTIESCALA,161695025,161695,RETENCION EN LA FUENTE,10584560,10584560,Assets,,TradeAndOtherReceivables,,,,,NetAssetsLiabilities,,,,
178,FIC RENTA FIJA MEDIANO PLAZO MULTIESCALA,161695196,161695,"(60) BANCOLOMBIA Cau No,17823311257","4252,89","6351,16",Assets,,TradeAndOtherReceivables,,,,,NetAssetsLiabilities,,,,
178,FIC RENTA FIJA MEDIANO PLAZO MULTIESCALA,161695198,161695,"(60) BBVA Cta cau No,895000602","470734,51","470734,51",Assets,,TradeAndOtherReceivables,,,,,NetAssetsLiabilities,,,,
178,FIC RENTA FIJA MEDIANO PLAZO MULTIESCALA,161695206,161695,"(60) BOGOTA Cau No,049126758","765019,26","765019,26",Assets,,TradeAndOtherReceivables,,,,,NetAssetsLiabilities,,,,
178,FIC RENTA FIJA MEDIANO PLAZO MULTIESCALA,161695207,161695,"(60) DAVIVIENDA Cau No,005070350045","1412,64","40615,12",Assets,,TradeAndOtherReceivables,,,,,NetAssetsLiabilities,,,,
178,FIC RENTA FIJA MEDIANO PLAZO MULTIESCALA,162825010,162825,EN GARANTIA,1063153724,1063153724,Assets,,TradeAndOtherReceivables,,,,,NetAssetsLiabilities,,,,
178,FIC RENTA FIJA MEDIANO PLAZO MULTIESCALA,192595002,192595,CUENTAS DE DEPOSITO (CUD),0,0,Assets,,OtherNonfinancialAssets,,,,,NetAssetsLiabilities,,,,
178,FIC RENTA FIJA MEDIANO PLAZO MULTIESCALA,192595003,192595,REVISORIA FISCAL,0,0,Assets,,OtherNonfinancialAssets,,,,,NetAssetsLiabilities,,,,
178,FIC RENTA FIJA MEDIANO PLAZO MULTIESCALA,250105035,250105,REVISORIA FISCAL,0,0,EquityAndLiabilities,Liabilities,TradeAndOtherPayables,,,,,NetAssetsLiabilities,,,,
178,FIC RENTA FIJA MEDIANO PLAZO MULTIESCALA,250110015,250110,COMISION DE ADMINISTRACION,"-28228873,63","-8834253,01",EquityAndLiabilities,Liabilities,TradeAndOtherPayables,,,,,NetAssetsLiabilities,,,,
178,FIC RENTA FIJA MEDIANO PLAZO MULTIESCALA,250295050,250295,OTROS PROVEEDORES,0,0,EquityAndLiabilities,Liabilities,TradeAndOtherPayables,,,,,NetAssetsLiabilities,,,,
178,FIC RENTA FIJA MEDIANO PLAZO MULTIESCALA,250305011,250305,RENDIMIENTOS FINANCIEROS CAPITALIZADOS,0,-2175359,EquityAndLiabilities,Liabilities,TradeAndOtherPayables,,,,,NetAssetsLiabilities,,,,
178,FIC RENTA FIJA MEDIANO PLAZO MULTIESCALA,250305020,250305,RETENCION PROVEEDORES,0,0,EquityAndLiabilities,Liabilities,TradeAndOtherPayables,,,,,NetAssetsLiabilities,,,,
178,FIC RENTA FIJA MEDIANO PLAZO MULTIESCALA,352505010,352505,PARTICIPACIONES EN FDO DE INVERSIÓN COLE,-378127188890,-247171362918,EquityAndLiabilities,Equity,EquityAttributableToOwnersOfParent,OtherEquityInterest,,,,,,,,
178,FIC RENTA FIJA MEDIANO PLAZO MULTIESCALA,410355010,410355,REND X COMPROMISOS DE TRANSF OP SIM,0,-689679041,EquityAndLiabilities,Equity,EquityAttributableToOwnersOfParent,OtherEquityInterest,ProfitLossFromContinuingOperations,ProfitLoss,ProfitLossBeforeTax,ProfitLossFromOperatingActivities,OtherExpenseByNature,OtherRevenue,,
178,FIC RENTA FIJA MEDIANO PLAZO MULTIESCALA,410705105,410705,TÍTULOS DE TESORERÍA -TES,0,-8627581513,EquityAndLiabilities,Equity,EquityAttributableToOwnersOfParent,OtherEquityInterest,ProfitLossFromContinuingOperations,ProfitLoss,ProfitLossBeforeTax,ProfitLossFromOperatingActivities,Revenue,OtherRevenue,,AdjustmentsForDecreaseIncreaseInOtherCurrentAssets
178,FIC RENTA FIJA MEDIANO PLAZO MULTIESCALA,411405015,411405,INGRESO OP REPO,0,"-31685408,71",EquityAndLiabilities,Equity,EquityAttributableToOwnersOfParent,OtherEquityInterest,ProfitLossFromContinuingOperations,ProfitLoss,ProfitLossBeforeTax,ProfitLossFromOperatingActivities,Revenue,InterestIncomeOnCashAndCashEquivalents,,
178,FIC RENTA FIJA MEDIANO PLAZO MULTIESCALA,411495001,411495,"(FE) DAVIVIENDA Cta No,482800036006",0,"-85515103,12",EquityAndLiabilities,Equity,EquityAttributableToOwnersOfParent,OtherEquityInterest,ProfitLossFromContinuingOperations,ProfitLoss,ProfitLossBeforeTax,ProfitLossFromOperatingActivities,Revenue,InterestIncomeOnCashAndCashEquivalents,,
178,FIC RENTA FIJA MEDIANO PLAZO MULTIESCALA,411495003,411495,"(FE) OCCIDENTE Cta No, 219885886",0,"-134347192,7",EquityAndLiabilities,Equity,EquityAttributableToOwnersOfParent,OtherEquityInterest,ProfitLossFromContinuingOperations,ProfitLoss,ProfitLossBeforeTax,ProfitLossFromOperatingActivities,Revenue,InterestIncomeOnCashAndCashEquivalents,,
178,FIC RENTA FIJA MEDIANO PLAZO MULTIESCALA,411495005,411495,"(FE) BANCO COLPATRIA Cta No, 0072967711",0,"-5939838,27",EquityAndLiabilities,Equity,EquityAttributableToOwnersOfParent,OtherEquityInterest,ProfitLossFromContinuingOperations,ProfitLoss,ProfitLossBeforeTax,ProfitLossFromOperatingActivities,Revenue,InterestIncomeOnCashAndCashEquivalents,,
178,FIC RENTA FIJA MEDIANO PLAZO MULTIESCALA,411495197,411495,"(60) DAVIVIENDA Cta Cau No,005070366660",0,"-45506122,17",EquityAndLiabilities,Equity,EquityAttributableToOwnersOfParent,OtherEquityInterest,ProfitLossFromContinuingOperations,ProfitLoss,ProfitLossBeforeTax,ProfitLossFromOperatingActivities,Revenue,InterestIncomeOnCashAndCashEquivalents,,
178,FIC RENTA FIJA MEDIANO PLAZO MULTIESCALA,411495207,411495,"(60) DAVIVIENDA Cau No,005070350045",0,"-53582220,66",EquityAndLiabilities,Equity,EquityAttributableToOwnersOfParent,OtherEquityInterest,ProfitLossFromContinuingOperations,ProfitLoss,ProfitLossBeforeTax,ProfitLossFromOperatingActivities,Revenue,InterestIncomeOnCashAndCashEquivalents,,
178,FIC RENTA FIJA MEDIANO PLAZO MULTIESCALA,411495350,411495,"(60) BANCOLOMBIA Cta Cau No,0132098160",0,"-315121,38",EquityAndLiabilities,Equity,EquityAttributableToOwnersOfParent,OtherEquityInterest,ProfitLossFromContinuingOperations,ProfitLoss,ProfitLossBeforeTax,ProfitLossFromOperatingActivities,Revenue,InterestIncomeOnCashAndCashEquivalents,,
178,FIC RENTA FIJA MEDIANO PLAZO MULTIESCALA,412505105,412505,TÍTULOS DE TESORERÍA -TES,0,"-625716550,2",EquityAndLiabilities,Equity,EquityAttributableToOwnersOfParent,OtherEquityInterest,ProfitLossFromContinuingOperations,ProfitLoss,ProfitLossBeforeTax,ProfitLossFromOperatingActivities,Revenue,,,
178,FIC RENTA FIJA MEDIANO PLAZO MULTIESCALA,412505115,412505,OTROS EMISORES NACIONALES,0,-234098900,EquityAndLiabilities,Equity,EquityAttributableToOwnersOfParent,OtherEquityInterest,ProfitLossFromContinuingOperations,ProfitLoss,ProfitLossBeforeTax,ProfitLossFromOperatingActivities,Revenue,,,
178,FIC RENTA FIJA MEDIANO PLAZO MULTIESCALA,510605115,510605,OTROS EMISORES NACIONALES,0,3239078450,EquityAndLiabilities,Equity,EquityAttributableToOwnersOfParent,OtherEquityInterest,ProfitLossFromContinuingOperations,ProfitLoss,ProfitLossBeforeTax,ProfitLossFromOperatingActivities,OtherExpenseByNature,,,AdjustmentsForDecreaseIncreaseInOtherCurrentAssets
178,FIC RENTA FIJA MEDIANO PLAZO MULTIESCALA,512505105,512505,TÍTULOS DE TESORERÍA -TES,0,"137477964,6",EquityAndLiabilities,Equity,EquityAttributableToOwnersOfParent,OtherEquityInterest,ProfitLossFromContinuingOperations,ProfitLoss,ProfitLossBeforeTax,ProfitLossFromOperatingActivities,OtherExpenseByNature,,,
178,FIC RENTA FIJA MEDIANO PLAZO MULTIESCALA,513015003,513015,REVISORIA FISCAL,0,"7511715,58",EquityAndLiabilities,Equity,EquityAttributableToOwnersOfParent,OtherEquityInterest,ProfitLossFromContinuingOperations,ProfitLoss,ProfitLossBeforeTax,ProfitLossFromOperatingActivities,OtherExpenseByNature,,,
178,FIC RENTA FIJA MEDIANO PLAZO MULTIESCALA,513095010,513095,CALIFICADORA,0,"19695024,49",EquityAndLiabilities,Equity,EquityAttributableToOwnersOfParent,OtherEquityInterest,ProfitLossFromContinuingOperations,ProfitLoss,ProfitLossBeforeTax,ProfitLossFromOperatingActivities,OtherExpenseByNature,,,
178,FIC RENTA FIJA MEDIANO PLAZO MULTIESCALA,514005010,514005,IMPUESTO A LOS MOVIMIENTOS FINANCIEROS,0,"2038688,83",EquityAndLiabilities,Equity,EquityAttributableToOwnersOfParent,OtherEquityInterest,ProfitLossFromContinuingOperations,ProfitLoss,ProfitLossBeforeTax,ProfitLossFromOperatingActivities,OtherExpenseByNature,,,
178,FIC RENTA FIJA MEDIANO PLAZO MULTIESCALA,519095006,519095,CUENTAS DE DEPOSITO (CUD),0,"2051655,7",EquityAndLiabilities,Equity,EquityAttributableToOwnersOfParent,OtherEquityInterest,ProfitLossFromContinuingOperations,ProfitLoss,ProfitLossBeforeTax,ProfitLossFromOperatingActivities,OtherExpenseByNature,,,
178,FIC RENTA FIJA MEDIANO PLAZO MULTIESCALA,590505010,590505,CANCELACION DE INGRESOS RF,0,1438055176,EquityAndLiabilities,Equity,EquityAttributableToOwnersOfParent,OtherEquityInterest,,,,,,,,
178,FIC RENTA FIJA MEDIANO PLAZO MULTIESCALA,810505105,810505,TÍTULOS DE TESORERÍA -TES,128861557192,79199014695,EquityAndLiabilities,Equity,EquityAttributableToOwnersOfParent,,,,,,,,,
178,FIC RENTA FIJA MEDIANO PLAZO MULTIESCALA,810505115,810505,OTROS EMISORES NACIONALES,243761725450,141501711100,EquityAndLiabilities,Equity,EquityAttributableToOwnersOfParent,,,,,,,,,
178,FIC RENTA FIJA MEDIANO PLAZO MULTIESCALA,821505010,821505,EN TITULOS DE TESORERIA - TES,0,0,EquityAndLiabilities,Equity,EquityAttributableToOwnersOfParent,,,,,,,,,
178,FIC RENTA FIJA MEDIANO PLAZO MULTIESCALA,821510010,821510,VALORES RECIBIDOS EN OP SIM ACTIVAS DB,0,0,EquityAndLiabilities,Equity,EquityAttributableToOwnersOfParent,,,,,,,,,
178,FIC RENTA FIJA MEDIANO PLAZO MULTIESCALA,830505010,830505,DEUDORAS POR CONTRA,-372623282642,-220700725795,EquityAndLiabilities,Equity,EquityAttributableToOwnersOfParent,,,,,,,,,
186,FCP TC LATAM COMPARTIMENTO C,111505003,111505,"(LC) BANCOLOMBIA Cta No, 69000002515","1019421,15","1384056,13",Assets,,CashAndCashEquivalents,BalancesWithBanks,Cash,,,NetAssetsLiabilities,,,,
186,FCP TC LATAM COMPARTIMENTO C,182705010,182705,PROPIEDADES DE INVERSION,5050562393,5050562393,Assets,,OtherNonfinancialAssets,,,,,NetAssetsLiabilities,,,,
186,FCP TC LATAM COMPARTIMENTO C,250110015,250110,COMISION DE ADMINISTRACION,0,0,EquityAndLiabilities,Liabilities,TradeAndOtherPayables,,,,,NetAssetsLiabilities,,,,
186,FCP TC LATAM COMPARTIMENTO C,250340010,250340,SOBRE LAS VENTAS POR PAGAR 19%,"-10317132,8","-5342361,6",EquityAndLiabilities,Liabilities,TradeAndOtherPayables,,,,,NetAssetsLiabilities,,,,
186,FCP TC LATAM COMPARTIMENTO C,352505010,352505,PARTICIPACIONES EN FDO DE INVERSIÓN COLE,-8976060926,-8018989637,EquityAndLiabilities,Equity,EquityAttributableToOwnersOfParent,OtherEquityInterest,,,,,,,,
186,FCP TC LATAM COMPARTIMENTO C,410805300,410805,EMISORES NACIONALES,0,0,EquityAndLiabilities,Equity,EquityAttributableToOwnersOfParent,OtherEquityInterest,ProfitLossFromContinuingOperations,ProfitLoss,ProfitLossBeforeTax,ProfitLossFromOperatingActivities,OtherExpenseByNature,,,AdjustmentsForDecreaseIncreaseInOtherCurrentAssets
186,FCP TC LATAM COMPARTIMENTO C,411495003,411495,"(LT) BANCOLOMBIA Cta No,69000002515",0,"-398425,12",EquityAndLiabilities,Equity,EquityAttributableToOwnersOfParent,OtherEquityInterest,ProfitLossFromContinuingOperations,ProfitLoss,ProfitLossBeforeTax,ProfitLossFromOperatingActivities,Revenue,InterestIncomeOnCashAndCashEquivalents,,
186,FCP TC LATAM COMPARTIMENTO C,419595020,419595,OTROS INGRESOS OPERACIONALES,0,0,EquityAndLiabilities,Equity,EquityAttributableToOwnersOfParent,OtherEquityInterest,ProfitLossFromContinuingOperations,ProfitLoss,ProfitLossBeforeTax,ProfitLossFromOperatingActivities,Revenue,OtherRevenue,,
186,FCP TC LATAM COMPARTIMENTO C,511325010,511325,COMISION CUSTODIA FIJA,0,"1660559,54",EquityAndLiabilities,Equity,EquityAttributableToOwnersOfParent,OtherEquityInterest,ProfitLossFromContinuingOperations,ProfitLoss,ProfitLossBeforeTax,ProfitLossFromOperatingActivities,OtherExpenseByNature,BrokerageFeeExpense,FeeAndCommissionExpense,FeeAndCommissionIncomeExpense
186,FCP TC LATAM COMPARTIMENTO C,513015003,513015,REVISORIA FISCAL,0,"4318450,19",EquityAndLiabilities,Equity,EquityAttributableToOwnersOfParent,OtherEquityInterest,ProfitLossFromContinuingOperations,ProfitLoss,ProfitLossBeforeTax,ProfitLossFromOperatingActivities,OtherExpenseByNature,,,
187,FCP TC LATAM COMPARTIMENTO D,250110010,250110,COMISION CUSTODIA FIJA,0,0,EquityAndLiabilities,Liabilities,TradeAndOtherPayables,,,,,NetAssetsLiabilities,,,,
187,FCP TC LATAM COMPARTIMENTO D,250340010,250340,SOBRE LAS VENTAS POR PAGAR 19%,"-380642,4","-197587,3",EquityAndLiabilities,Liabilities,TradeAndOtherPayables,,,,,NetAssetsLiabilities,,,,
187,FCP TC LATAM COMPARTIMENTO D,253105110,253105,CUENTA COMPENSACION,"-52572631,87","-323824443,9",EquityAndLiabilities,Liabilities,TradeAndOtherPayables,,,,,NetAssetsLiabilities,,,,
187,FCP TC LATAM COMPARTIMENTO D,410705120,410705,EMISORES EXTRANJEROS,0,"-17621452,98",EquityAndLiabilities,Equity,EquityAttributableToOwnersOfParent,OtherEquityInterest,ProfitLossFromContinuingOperations,ProfitLoss,ProfitLossBeforeTax,ProfitLossFromOperatingActivities,Revenue,OtherRevenue,,AdjustmentsForDecreaseIncreaseInOtherCurrentAssets
187,FCP TC LATAM COMPARTIMENTO D,411495005,411495,"(LD) BANCOLOMBIA PANAMA CTA,80100001883",0,"-741903,96",EquityAndLiabilities,Equity,EquityAttributableToOwnersOfParent,OtherEquityInterest,ProfitLossFromContinuingOperations,ProfitLoss,ProfitLossBeforeTax,ProfitLossFromOperatingActivities,Revenue,InterestIncomeOnCashAndCashEquivalents,,
187,FCP TC LATAM COMPARTIMENTO D,411495999,411495,OTROS,0,"-61823290,05",EquityAndLiabilities,Equity,EquityAttributableToOwnersOfParent,OtherEquityInterest,ProfitLossFromContinuingOperations,ProfitLoss,ProfitLossBeforeTax,ProfitLossFromOperatingActivities,Revenue,InterestIncomeOnCashAndCashEquivalents,,
187,FCP TC LATAM COMPARTIMENTO D,414515010,414515,ARRENDAMIENTO INMUEBLES IVA 19%,0,"-3048496,07",EquityAndLiabilities,Equity,EquityAttributableToOwnersOfParent,OtherEquityInterest,ProfitLossFromContinuingOperations,ProfitLoss,ProfitLossBeforeTax,ProfitLossFromOperatingActivities,Revenue,OtherRevenue,,
187,FCP TC LATAM COMPARTIMENTO D,510605120,510605,EMISORES EXTRANJEROS,0,0,EquityAndLiabilities,Equity,EquityAttributableToOwnersOfParent,OtherEquityInterest,ProfitLossFromContinuingOperations,ProfitLoss,ProfitLossBeforeTax,ProfitLossFromOperatingActivities,OtherExpenseByNature,,,AdjustmentsForDecreaseIncreaseInOtherCurrentAssets
187,FCP TC LATAM COMPARTIMENTO D,510805010,510805,POR DISMINUCION EN EL VALOR RAZONABLE,0,"664762001,5",EquityAndLiabilities,Equity,EquityAttributableToOwnersOfParent,OtherEquityInterest,ProfitLossFromContinuingOperations,ProfitLoss,ProfitLossBeforeTax,ProfitLossFromOperatingActivities,OtherExpenseByNature,,,AdjustmentsForDecreaseIncreaseInOtherCurrentAssets
187,FCP TC LATAM COMPARTIMENTO D,511325010,511325,COMISION CUSTODIA FIJA,0,"851036,77",EquityAndLiabilities,Equity,EquityAttributableToOwnersOfParent,OtherEquityInterest,ProfitLossFromContinuingOperations,ProfitLoss,ProfitLossBeforeTax,ProfitLossFromOperatingActivities,OtherExpenseByNature,BrokerageFeeExpense,FeeAndCommissionExpense,FeeAndCommissionIncomeExpense
187,FCP TC LATAM COMPARTIMENTO D,511512010,511512,GASTOS BANCARIOS,0,"542870,99",EquityAndLiabilities,Equity,EquityAttributableToOwnersOfParent,OtherEquityInterest,ProfitLossFromContinuingOperations,ProfitLoss,ProfitLossBeforeTax,ProfitLossFromOperatingActivities,OtherExpenseByNature,OtherFeeAndCommissionExpense,FeeAndCommissionExpense,FeeAndCommissionIncomeExpense
187,FCP TC LATAM COMPARTIMENTO D,511548010,511548,"COMISION DE ADMINISTRACION R,F,",0,"5456970,86",EquityAndLiabilities,Equity,EquityAttributableToOwnersOfParent,OtherEquityInterest,ProfitLossFromContinuingOperations,ProfitLoss,ProfitLossBeforeTax,ProfitLossFromOperatingActivities,OtherExpenseByNature,OtherFeeAndCommissionExpense,FeeAndCommissionExpense,FeeAndCommissionIncomeExpense
187,FCP TC LATAM COMPARTIMENTO D,511595015,511595,OTRAS COMISIONES,0,197523,EquityAndLiabilities,Equity,EquityAttributableToOwnersOfParent,OtherEquityInterest,ProfitLossFromContinuingOperations,ProfitLoss,ProfitLossBeforeTax,ProfitLossFromOperatingActivities,OtherExpenseByNature,OtherFeeAndCommissionExpense,FeeAndCommissionExpense,FeeAndCommissionIncomeExpense
187,FCP TC LATAM COMPARTIMENTO D,513095090,513095,OTROS HONORARIOS,0,"2203785,52",EquityAndLiabilities,Equity,EquityAttributableToOwnersOfParent,OtherEquityInterest,ProfitLossFromContinuingOperations,ProfitLoss,ProfitLossBeforeTax,ProfitLossFromOperatingActivities,OtherExpenseByNature,,,
187,FCP TC LATAM COMPARTIMENTO D,513535010,513535,POR REEXPRESION DE OTROS ACTIVOS,0,"154772798,5",EquityAndLiabilities,Equity,EquityAttributableToOwnersOfParent,OtherEquityInterest,ProfitLossFromContinuingOperations,ProfitLoss,ProfitLossBeforeTax,ProfitLossFromOperatingActivities,OtherExpenseByNature,,,
187,FCP TC LATAM COMPARTIMENTO D,514005010,514005,IMPUESTO A LOS MOVIMIENTOS FINANCIEROS,0,"115277,96",EquityAndLiabilities,Equity,EquityAttributableToOwnersOfParent,OtherEquityInterest,ProfitLossFromContinuingOperations,ProfitLoss,ProfitLossBeforeTax,ProfitLossFromOperatingActivities,OtherExpenseByNature,,,
187,FCP TC LATAM COMPARTIMENTO D,514005011,514005,IMPOVENTAS,0,"783527,91",EquityAndLiabilities,Equity,EquityAttributableToOwnersOfParent,OtherEquityInterest,ProfitLossFromContinuingOperations,ProfitLoss,ProfitLossBeforeTax,ProfitLossFromOperatingActivities,OtherExpenseByNature,,,
187,FCP TC LATAM COMPARTIMENTO D,519095010,519095,ADMINISTRACION DE ARRENDAMIENTOS,0,"334033,89",EquityAndLiabilities,Equity,EquityAttributableToOwnersOfParent,OtherEquityInterest,ProfitLossFromContinuingOperations,ProfitLoss,ProfitLossBeforeTax,ProfitLossFromOperatingActivities,OtherExpenseByNature,,,
187,FCP TC LATAM COMPARTIMENTO D,519095999,519095,OTROS,0,0,EquityAndLiabilities,Equity,EquityAttributableToOwnersOfParent,OtherEquityInterest,ProfitLossFromContinuingOperations,ProfitLoss,ProfitLossBeforeTax,ProfitLossFromOperatingActivities,OtherExpenseByNature,,,
187,FCP TC LATAM COMPARTIMENTO D,810505115,810505,OTROS EMISORES NACIONALES,0,"61246769,12",EquityAndLiabilities,Equity,EquityAttributableToOwnersOfParent,,,,,,,,,
187,FCP TC LATAM COMPARTIMENTO D,810505205,810505,EMISORES NACIONALES,"163496651,2","83865325,61",EquityAndLiabilities,Equity,EquityAttributableToOwnersOfParent,,,,,,,,,
200,FCP ENERGETICO ANDINO COMPARTIMENTO C,111505085,111505,"(EAC) BANCOLOMBIA Cta No,03130741559","339397408,8",0,Assets,,CashAndCashEquivalents,BalancesWithBanks,Cash,,,NetAssetsLiabilities,,,,
200,FCP ENERGETICO ANDINO COMPARTIMENTO C,161695015,161695,GASTOS VARIOS DE ADMON,0,0,Assets,,TradeAndOtherReceivables,,,,,NetAssetsLiabilities,,,,
200,FCP ENERGETICO ANDINO COMPARTIMENTO C,161695045,161695,CUENTA COMPENSACION,0,0,Assets,,TradeAndOtherReceivables,,,,,NetAssetsLiabilities,,,,
200,FCP ENERGETICO ANDINO COMPARTIMENTO C,250305011,250305,RENDIMIENTOS FINANCIEROS CAPITALIZADOS,0,0,EquityAndLiabilities,Liabilities,TradeAndOtherPayables,,,,,NetAssetsLiabilities,,,,
200,FCP ENERGETICO ANDINO COMPARTIMENTO C,411495085,411495,"(EAC) BANCOLOMBIA Cau No,03130741559",0,0,EquityAndLiabilities,Equity,EquityAttributableToOwnersOfParent,OtherEquityInterest,ProfitLossFromContinuingOperations,ProfitLoss,ProfitLossBeforeTax,ProfitLossFromOperatingActivities,Revenue,InterestIncomeOnCashAndCashEquivalents,,
200,FCP ENERGETICO ANDINO COMPARTIMENTO C,513015003,513015,REVISORIA FISCAL,0,0,EquityAndLiabilities,Equity,EquityAttributableToOwnersOfParent,OtherEquityInterest,ProfitLossFromContinuingOperations,ProfitLoss,ProfitLossBeforeTax,ProfitLossFromOperatingActivities,OtherExpenseByNature,,,
200,FCP ENERGETICO ANDINO COMPARTIMENTO C,514005011,514005,IMPOVENTAS,0,0,EquityAndLiabilities,Equity,EquityAttributableToOwnersOfParent,OtherEquityInterest,ProfitLossFromContinuingOperations,ProfitLoss,ProfitLossBeforeTax,ProfitLossFromOperatingActivities,OtherExpenseByNature,,,
200,FCP ENERGETICO ANDINO COMPARTIMENTO C,519095999,519095,OTROS,0,0,EquityAndLiabilities,Equity,EquityAttributableToOwnersOfParent,OtherEquityInterest,ProfitLossFromContinuingOperations,ProfitLoss,ProfitLossBeforeTax,ProfitLossFromOperatingActivities,OtherExpenseByNature,,,
200,FCP ENERGETICO ANDINO COMPARTIMENTO C,590505010,590505,CANCELACION DE INGRESOS RF,0,0,EquityAndLiabilities,Equity,EquityAttributableToOwnersOfParent,OtherEquityInterest,,,,,,,,
200,FCP ENERGETICO ANDINO COMPARTIMENTO C,590505020,590505,UTILIDAD/PERDIDA PAGADA EN REDENCIONES,0,0,EquityAndLiabilities,Equity,EquityAttributableToOwnersOfParent,OtherEquityInterest,,,,,,,,
240,FCP TC LATAM - COMPARTIMENTO E,130205300,130205,EMISORES NACIONALES,2480984398,1999464968,Assets,,Inversiones,ActivosFinancierosCorrientesValorRazonableCambiosResultadosInversiones,InversionesNegociables,NegociablesInstrumentosPatrimonio,,NetAssetsLiabilities,,,,
240,FCP TC LATAM - COMPARTIMENTO E,192595015,192595,COMISION DE GESTION,0,0,Assets,,OtherNonfinancialAssets,,,,,NetAssetsLiabilities,,,,
240,FCP TC LATAM - COMPARTIMENTO E,192595030,192595,AMORTIZACIÓN COMISIÓN DE ADMÓN,0,0,Assets,,OtherNonfinancialAssets,,,,,NetAssetsLiabilities,,,,
240,FCP TC LATAM - COMPARTIMENTO E,250110010,250110,COMISION CUSTODIO FIJA,0,0,EquityAndLiabilities,Liabilities,TradeAndOtherPayables,,,,,NetAssetsLiabilities,,,,
240,FCP TC LATAM - COMPARTIMENTO E,250110015,250110,COMISION DE ADMINISTRACION,0,0,EquityAndLiabilities,Liabilities,TradeAndOtherPayables,,,,,NetAssetsLiabilities,,,,
186,FCP TC LATAM COMPARTIMENTO C,513095090,513095,OTROS HONORARIOS,0,"6422634,6",EquityAndLiabilities,Equity,EquityAttributableToOwnersOfParent,OtherEquityInterest,ProfitLossFromContinuingOperations,ProfitLoss,ProfitLossBeforeTax,ProfitLossFromOperatingActivities,OtherExpenseByNature,,,
186,FCP TC LATAM COMPARTIMENTO C,514005010,514005,IMPUESTO A LOS MOVIMIENTOS FINANCIEROS,0,"637808,63",EquityAndLiabilities,Equity,EquityAttributableToOwnersOfParent,OtherEquityInterest,ProfitLossFromContinuingOperations,ProfitLoss,ProfitLossBeforeTax,ProfitLossFromOperatingActivities,OtherExpenseByNature,,,
186,FCP TC LATAM COMPARTIMENTO C,519095050,519095,GASTOS REEMBOLSABLES,0,"44319911,98",EquityAndLiabilities,Equity,EquityAttributableToOwnersOfParent,OtherEquityInterest,ProfitLossFromContinuingOperations,ProfitLoss,ProfitLossBeforeTax,ProfitLossFromOperatingActivities,OtherExpenseByNature,,,
186,FCP TC LATAM COMPARTIMENTO C,590505010,590505,CANCELACION DE INGRESOS RF,0,"28928711,72",EquityAndLiabilities,Equity,EquityAttributableToOwnersOfParent,OtherEquityInterest,,,,,,,,
186,FCP TC LATAM COMPARTIMENTO C,590505015,590505,CANCELACION DE INGRESOS RV,0,0,EquityAndLiabilities,Equity,EquityAttributableToOwnersOfParent,OtherEquityInterest,,,,,,,,
186,FCP TC LATAM COMPARTIMENTO C,810505115,810505,OTROS EMISORES NACIONALES,0,1477771290,EquityAndLiabilities,Equity,EquityAttributableToOwnersOfParent,,,,,,,,,
186,FCP TC LATAM COMPARTIMENTO C,829595999,829595,OTRAS CUENTAS DE ORDEN ACREEDORAS USD,"-100171755,4","-91739856,77",EquityAndLiabilities,Equity,EquityAttributableToOwnersOfParent,,,,,,,,,
186,FCP TC LATAM COMPARTIMENTO C,830505010,830505,DEUDORAS POR CONTRA,-2267548550,-3745319840,EquityAndLiabilities,Equity,EquityAttributableToOwnersOfParent,,,,,,,,,
186,FCP TC LATAM COMPARTIMENTO C,840505999,840505,OTRAS CUENTAS DE ORDEN ACREEDORAS USD,"100171755,4","91739856,77",EquityAndLiabilities,Equity,EquityAttributableToOwnersOfParent,,,,,,,,,
187,FCP TC LATAM COMPARTIMENTO D,111510005,111510,(LD) BANCOLOMBIA PANAMA CTA: 80100001883,"255886528,4",452053940,Assets,,CashAndCashEquivalents,BalancesWithBanks,Cash,,,NetAssetsLiabilities,,,,
187,FCP TC LATAM COMPARTIMENTO D,130205300,130205,EMISORES NACIONALES,"79631325,64","0,01",Assets,,Inversiones,ActivosFinancierosCorrientesValorRazonableCambiosResultadosInversiones,InversionesNegociables,NegociablesInstrumentosPatrimonio,,NetAssetsLiabilities,,,,
187,FCP TC LATAM COMPARTIMENTO D,130210300,130210,EMISORES EXTRANJEROS,1410187517,"825056841,5",Assets,,Inversiones,ActivosFinancierosCorrientesValorRazonableCambiosResultadosInversiones,InversionesNegociables,NegociablesInstrumentosPatrimonio,,NetAssetsLiabilities,,,,
187,FCP TC LATAM COMPARTIMENTO D,161695005,161695,"(LD) BANCOLOMBIA PANAMA CTA,80100001883","63077,4","103364,37",Assets,,TradeAndOtherReceivables,,,,,NetAssetsLiabilities,,,,
187,FCP TC LATAM COMPARTIMENTO D,161695431,161695,"(TD) BANCOLOMBIA Cau No,03141537767","27022,1","106979,78",Assets,,TradeAndOtherReceivables,,,,,NetAssetsLiabilities,,,,
187,FCP TC LATAM COMPARTIMENTO D,163035010,163035,IVA DESCONTABLE 19%,"41204,4","21585,4",Assets,,TradeAndOtherReceivables,,,,,NetAssetsLiabilities,,,,
187,FCP TC LATAM COMPARTIMENTO D,250110015,250110,COMISION DE ADMINISTRACION,0,0,EquityAndLiabilities,Liabilities,TradeAndOtherPayables,,,,,NetAssetsLiabilities,,,,
187,FCP TC LATAM COMPARTIMENTO D,253105003,253105,RENDIMIENTOS FINANCIEROS,0,0,EquityAndLiabilities,Liabilities,TradeAndOtherPayables,,,,,NetAssetsLiabilities,,,,
187,FCP TC LATAM COMPARTIMENTO D,253105220,253105,CUENTA COMPENSACION DIVISAS,0,0,EquityAndLiabilities,Liabilities,TradeAndOtherPayables,,,,,NetAssetsLiabilities,,,,
187,FCP TC LATAM COMPARTIMENTO D,352505010,352505,PARTICIPACIONES EN FDO DE INVERSIÓN COLE,-2508107430,-1762891520,EquityAndLiabilities,Equity,EquityAttributableToOwnersOfParent,OtherEquityInterest,,,,,,,,
187,FCP TC LATAM COMPARTIMENTO D,410705115,410705,OTROS EMISORES NACIONALES,0,0,EquityAndLiabilities,Equity,EquityAttributableToOwnersOfParent,OtherEquityInterest,ProfitLossFromContinuingOperations,ProfitLoss,ProfitLossBeforeTax,ProfitLossFromOperatingActivities,Revenue,OtherRevenue,,AdjustmentsForDecreaseIncreaseInOtherCurrentAssets
187,FCP TC LATAM COMPARTIMENTO D,410805300,410805,EMISORES NACIONALES,0,0,EquityAndLiabilities,Equity,EquityAttributableToOwnersOfParent,OtherEquityInterest,ProfitLossFromContinuingOperations,ProfitLoss,ProfitLossBeforeTax,ProfitLossFromOperatingActivities,OtherExpenseByNature,,,AdjustmentsForDecreaseIncreaseInOtherCurrentAssets
187,FCP TC LATAM COMPARTIMENTO D,411495431,411495,"(TD) BANCOLOMBIA Cau No,03141537767",0,"-3197642,43",EquityAndLiabilities,Equity,EquityAttributableToOwnersOfParent,OtherEquityInterest,ProfitLossFromContinuingOperations,ProfitLoss,ProfitLossBeforeTax,ProfitLossFromOperatingActivities,Revenue,InterestIncomeOnCashAndCashEquivalents,,
187,FCP TC LATAM COMPARTIMENTO D,413515010,413515,DIFERENCIA EN CAMBIO,0,"-118495630,9",EquityAndLiabilities,Equity,EquityAttributableToOwnersOfParent,OtherEquityInterest,ProfitLossFromContinuingOperations,ProfitLoss,ProfitLossBeforeTax,ProfitLossFromOperatingActivities,OtherExpenseByNature,,,
187,FCP TC LATAM COMPARTIMENTO D,512505120,512505,EMISORES EXTRANJEROS,0,"5075172,54",EquityAndLiabilities,Equity,EquityAttributableToOwnersOfParent,OtherEquityInterest,ProfitLossFromContinuingOperations,ProfitLoss,ProfitLossBeforeTax,ProfitLossFromOperatingActivities,OtherExpenseByNature,,,
187,FCP TC LATAM COMPARTIMENTO D,513015003,513015,REVISORIA FISCAL,0,"2213205,71",EquityAndLiabilities,Equity,EquityAttributableToOwnersOfParent,OtherEquityInterest,ProfitLossFromContinuingOperations,ProfitLoss,ProfitLossBeforeTax,ProfitLossFromOperatingActivities,OtherExpenseByNature,,,
187,FCP TC LATAM COMPARTIMENTO D,517040010,517040,DE INVERSIONES,0,"72569251,1",EquityAndLiabilities,Equity,EquityAttributableToOwnersOfParent,OtherEquityInterest,ProfitLossFromContinuingOperations,ProfitLoss,ProfitLossBeforeTax,ProfitLossFromOperatingActivities,OtherExpenseByNature,,,
187,FCP TC LATAM COMPARTIMENTO D,519095050,519095,GASTOS REEMBOLSADOS,0,"40266869,46",EquityAndLiabilities,Equity,EquityAttributableToOwnersOfParent,OtherEquityInterest,ProfitLossFromContinuingOperations,ProfitLoss,ProfitLossBeforeTax,ProfitLossFromOperatingActivities,OtherExpenseByNature,,,
187,FCP TC LATAM COMPARTIMENTO D,590505010,590505,CANCELACION DE INGRESOS RF,0,"-105463547,4",EquityAndLiabilities,Equity,EquityAttributableToOwnersOfParent,OtherEquityInterest,,,,,,,,
187,FCP TC LATAM COMPARTIMENTO D,590505015,590505,CANCELACION DE INGRESOS RV,0,-639752362,EquityAndLiabilities,Equity,EquityAttributableToOwnersOfParent,OtherEquityInterest,,,,,,,,
187,FCP TC LATAM COMPARTIMENTO D,810505120,810505,EMISORES EXTRANJEROS,1727136065,"825056841,5",EquityAndLiabilities,Equity,EquityAttributableToOwnersOfParent,,,,,,,,,
187,FCP TC LATAM COMPARTIMENTO D,829595999,829595,OTRAS CUENTAS DE ORDEN ACREEDORAS USD,-1742377485,-1595713884,EquityAndLiabilities,Equity,EquityAttributableToOwnersOfParent,,,,,,,,,
187,FCP TC LATAM COMPARTIMENTO D,830505010,830505,DEUDORAS POR CONTRA,-1890632717,"-970168936,2",EquityAndLiabilities,Equity,EquityAttributableToOwnersOfParent,,,,,,,,,
187,FCP TC LATAM COMPARTIMENTO D,840505999,840505,OTRAS CUENTAS DE ORDEN ACREEDORAS USD,1742377485,1595713884,EquityAndLiabilities,Equity,EquityAttributableToOwnersOfParent,,,,,,,,,
200,FCP ENERGETICO ANDINO COMPARTIMENTO C,111505086,111505,"(EC) BANCOLOMBIA Cta No,69000001704","35009,56",0,Assets,,CashAndCashEquivalents,BalancesWithBanks,Cash,,,NetAssetsLiabilities,,,,
200,FCP ENERGETICO ANDINO COMPARTIMENTO C,161695085,161695,"(EAC) BANCOLOMBIA Cau No,03130741559",0,0,Assets,,TradeAndOtherReceivables,,,,,NetAssetsLiabilities,,,,
200,FCP ENERGETICO ANDINO COMPARTIMENTO C,161695086,161695,"(EC) BANCOLOMBIA Cta No,69000001704","88,02",0,Assets,,TradeAndOtherReceivables,,,,,NetAssetsLiabilities,,,,
200,FCP ENERGETICO ANDINO COMPARTIMENTO C,250110010,250110,COMISION CUSTODIA FIJA,0,0,EquityAndLiabilities,Liabilities,TradeAndOtherPayables,,,,,NetAssetsLiabilities,,,,
200,FCP ENERGETICO ANDINO COMPARTIMENTO C,253105003,253105,CUENTA CORRIENTE IBA,0,0,EquityAndLiabilities,Liabilities,TradeAndOtherPayables,,,,,NetAssetsLiabilities,,,,
200,FCP ENERGETICO ANDINO COMPARTIMENTO C,253105110,253105,CUENTA COMPENSACION,"-89,37",0,EquityAndLiabilities,Liabilities,TradeAndOtherPayables,,,,,NetAssetsLiabilities,,,,
200,FCP ENERGETICO ANDINO COMPARTIMENTO C,352505010,352505,PARTICIPACIONES EN FDO DE INVERSION COLE,-339432417,0,EquityAndLiabilities,Equity,EquityAttributableToOwnersOfParent,OtherEquityInterest,,,,,,,,
200,FCP ENERGETICO ANDINO COMPARTIMENTO C,411495086,411495,"(EC) BANCOLOMBIA Cta Cau No,69000001704",0,0,EquityAndLiabilities,Equity,EquityAttributableToOwnersOfParent,OtherEquityInterest,ProfitLossFromContinuingOperations,ProfitLoss,ProfitLossBeforeTax,ProfitLossFromOperatingActivities,Revenue,InterestIncomeOnCashAndCashEquivalents,,
200,FCP ENERGETICO ANDINO COMPARTIMENTO C,411495999,411495,OTROS,0,0,EquityAndLiabilities,Equity,EquityAttributableToOwnersOfParent,OtherEquityInterest,ProfitLossFromContinuingOperations,ProfitLoss,ProfitLossBeforeTax,ProfitLossFromOperatingActivities,Revenue,InterestIncomeOnCashAndCashEquivalents,,
200,FCP ENERGETICO ANDINO COMPARTIMENTO C,511325010,511325,COMISION CUSTODIA FIJA,0,0,EquityAndLiabilities,Equity,EquityAttributableToOwnersOfParent,OtherEquityInterest,ProfitLossFromContinuingOperations,ProfitLoss,ProfitLossBeforeTax,ProfitLossFromOperatingActivities,OtherExpenseByNature,BrokerageFeeExpense,FeeAndCommissionExpense,FeeAndCommissionIncomeExpense
200,FCP ENERGETICO ANDINO COMPARTIMENTO C,511512010,511512,GASTOS BANCARIOS,0,0,EquityAndLiabilities,Equity,EquityAttributableToOwnersOfParent,OtherEquityInterest,ProfitLossFromContinuingOperations,ProfitLoss,ProfitLossBeforeTax,ProfitLossFromOperatingActivities,OtherExpenseByNature,OtherFeeAndCommissionExpense,FeeAndCommissionExpense,FeeAndCommissionIncomeExpense
200,FCP ENERGETICO ANDINO COMPARTIMENTO C,514005010,514005,IMPUESTO A LOS MOVIMIENTOS FINANCIEROS,0,0,EquityAndLiabilities,Equity,EquityAttributableToOwnersOfParent,OtherEquityInterest,ProfitLossFromContinuingOperations,ProfitLoss,ProfitLossBeforeTax,ProfitLossFromOperatingActivities,OtherExpenseByNature,,,
240,FCP TC LATAM - COMPARTIMENTO E,111505005,111505,"(LT) BANCOLOMBIA Cta No,69000002518",0,0,Assets,,CashAndCashEquivalents,BalancesWithBanks,Cash,,,NetAssetsLiabilities,,,,
240,FCP TC LATAM - COMPARTIMENTO E,111505531,111505,"(TE) BANCOLOMBIA Cta, 03141537881",2273250342,"676688120,9",Assets,,CashAndCashEquivalents,BalancesWithBanks,Cash,,,NetAssetsLiabilities,,,,
240,FCP TC LATAM - COMPARTIMENTO E,111510006,111510,(LE) BANCOLOMBIA PANAMA CTA: 80100005498,2360536883,"736212717,9",Assets,,CashAndCashEquivalents,BalancesWithBanks,Cash,,,NetAssetsLiabilities,,,,
240,FCP TC LATAM - COMPARTIMENTO E,130120120,130120,EMISORES EXTRANJEROS,5255276396,0,Assets,,Inversiones,ActivosFinancierosCorrientesValorRazonableCambiosResultadosInversiones,InversionesNegociables,NegociablesInstrumentosDeuda,,NetAssetsLiabilities,,,,
240,FCP TC LATAM - COMPARTIMENTO E,130210300,130210,EMISORES EXTRANJEROS,39794975422,24495384582,Assets,,Inversiones,ActivosFinancierosCorrientesValorRazonableCambiosResultadosInversiones,InversionesNegociables,NegociablesInstrumentosPatrimonio,,NetAssetsLiabilities,,,,
240,FCP TC LATAM - COMPARTIMENTO E,136000300,136000,INVERSIONES DERECHOS FIDUCIARIOS,127824271,28939321084,Assets,,Inversiones,ActivosFinancierosCorrientesValorRazonableCambiosResultadosInversiones,InversionesNegociables,NegociablesInstrumentosPatrimonio,,NetAssetsLiabilities,,,,
240,FCP TC LATAM - COMPARTIMENTO E,136005010,136005,INVERSIONES DERECHOS FIDUCIARIOS,31999832174,0,Assets,,Inversiones,ActivosFinancierosCorrientesValorRazonableCambiosResultadosInversiones,InversionesNegociables,NegociablesInstrumentosPatrimonio,,NetAssetsLiabilities,,,,
240,FCP TC LATAM - COMPARTIMENTO E,161695005,161695,"(LT) BANCOLOMBIA Cta No,69000002518","0,48","0,48",Assets,,TradeAndOtherReceivables,,,,,NetAssetsLiabilities,,,,
240,FCP TC LATAM - COMPARTIMENTO E,161695006,161695,"(LE) BANCOLOMBIA PANAMA CTA,80100005498","610732,73","639230,47",Assets,,TradeAndOtherReceivables,,,,,NetAssetsLiabilities,,,,
240,FCP TC LATAM - COMPARTIMENTO E,161695015,161695,GASTOS VARIOS DE ADMON,0,"4,09",Assets,,TradeAndOtherReceivables,,,,,NetAssetsLiabilities,,,,
240,FCP TC LATAM - COMPARTIMENTO E,161695045,161695,CUENTA CORRIENTE,0,5551812474,Assets,,TradeAndOtherReceivables,,,,,NetAssetsLiabilities,,,,
240,FCP TC LATAM - COMPARTIMENTO E,161695531,161695,"(TE) BANCOLOMBIA Cau No,03141537881","552269,23","1441880,19",Assets,,TradeAndOtherReceivables,,,,,NetAssetsLiabilities,,,,
240,FCP TC LATAM - COMPARTIMENTO E,161695999,161695,PROVEEDORES,0,0,Assets,,TradeAndOtherReceivables,,,,,NetAssetsLiabilities,,,,
240,FCP TC LATAM - COMPARTIMENTO E,161695999,161695,PROVEEDORES,0,0,Assets,,TradeAndOtherReceivables,,,,,NetAssetsLiabilities,,,,
240,FCP TC LATAM - COMPARTIMENTO E,161695999,161695,PROVEEDORES,0,0,Assets,,TradeAndOtherReceivables,,,,,NetAssetsLiabilities,,,,
240,FCP TC LATAM - COMPARTIMENTO E,161695999,161695,PROVEEDORES,0,0,Assets,,TradeAndOtherReceivables,,,,,NetAssetsLiabilities,,,,
240,FCP TC LATAM - COMPARTIMENTO E,250105010,250105,HONORARIOS,0,0,EquityAndLiabilities,Liabilities,TradeAndOtherPayables,,,,,NetAssetsLiabilities,,,,
240,FCP TC LATAM - COMPARTIMENTO E,250295050,250295,OTROS PROVEEDORES,0,0,EquityAndLiabilities,Liabilities,TradeAndOtherPayables,,,,,NetAssetsLiabilities,,,,
240,FCP TC LATAM - COMPARTIMENTO E,250305011,250305,RENDIMIENTOS FINANCIEROS CAPITALIZADOS,0,0,EquityAndLiabilities,Liabilities,TradeAndOtherPayables,,,,,NetAssetsLiabilities,,,,
240,FCP TC LATAM - COMPARTIMENTO E,250305020,250305,RTE FTE PROVEEDORES,0,0,EquityAndLiabilities,Liabilities,TradeAndOtherPayables,,,,,NetAssetsLiabilities,,,,
240,FCP TC LATAM - COMPARTIMENTO E,250305020,250305,RTE FTE PROVEEDORES,0,0,EquityAndLiabilities,Liabilities,TradeAndOtherPayables,,,,,NetAssetsLiabilities,,,,
240,FCP TC LATAM - COMPARTIMENTO E,250305020,250305,RTE FTE PROVEEDORES,0,0,EquityAndLiabilities,Liabilities,TradeAndOtherPayables,,,,,NetAssetsLiabilities,,,,
240,FCP TC LATAM - COMPARTIMENTO E,253105003,253105,CUENTA CORRIENTE IBA,0,0,EquityAndLiabilities,Liabilities,TradeAndOtherPayables,,,,,NetAssetsLiabilities,,,,
240,FCP TC LATAM - COMPARTIMENTO E,253105110,253105,CUENTA COMPENSACION,-2694852709,-2890922551,EquityAndLiabilities,Liabilities,TradeAndOtherPayables,,,,,NetAssetsLiabilities,,,,
240,FCP TC LATAM - COMPARTIMENTO E,410705120,410705,EMISORES EXTRANJEROS,0,"-156243570,3",EquityAndLiabilities,Equity,EquityAttributableToOwnersOfParent,OtherEquityInterest,ProfitLossFromContinuingOperations,ProfitLoss,ProfitLossBeforeTax,ProfitLossFromOperatingActivities,Revenue,OtherRevenue,,AdjustmentsForDecreaseIncreaseInOtherCurrentAssets
240,FCP TC LATAM - COMPARTIMENTO E,411495006,411495,"(LE) BANCOLOMBIA PANAMA CTA,80100005498",0,"-2212547,87",EquityAndLiabilities,Equity,EquityAttributableToOwnersOfParent,OtherEquityInterest,ProfitLossFromContinuingOperations,ProfitLoss,ProfitLossBeforeTax,ProfitLossFromOperatingActivities,Revenue,InterestIncomeOnCashAndCashEquivalents,,
240,FCP TC LATAM - COMPARTIMENTO E,250295050,250295,OTROS PROVEEDORES,0,0,EquityAndLiabilities,Liabilities,TradeAndOtherPayables,,,,,NetAssetsLiabilities,,,,
240,FCP TC LATAM - COMPARTIMENTO E,250295050,250295,OTROS PROVEEDORES,0,0,EquityAndLiabilities,Liabilities,TradeAndOtherPayables,,,,,NetAssetsLiabilities,,,,
240,FCP TC LATAM - COMPARTIMENTO E,250295050,250295,OTROS PROVEEDORES,0,0,EquityAndLiabilities,Liabilities,TradeAndOtherPayables,,,,,NetAssetsLiabilities,,,,
240,FCP TC LATAM - COMPARTIMENTO E,250305020,250305,RTE FTE PROVEEDORES,0,0,EquityAndLiabilities,Liabilities,TradeAndOtherPayables,,,,,NetAssetsLiabilities,,,,
240,FCP TC LATAM - COMPARTIMENTO E,253105220,253105,CUENTA COMPENSACION DIVISAS,0,"-650626887,3",EquityAndLiabilities,Liabilities,TradeAndOtherPayables,,,,,NetAssetsLiabilities,,,,
240,FCP TC LATAM - COMPARTIMENTO E,352505010,352505,PARTICIPACIONES EN FDO DE INVERSIÓN COLE,-81598990179,-58859415624,EquityAndLiabilities,Equity,EquityAttributableToOwnersOfParent,OtherEquityInterest,,,,,,,,
240,FCP TC LATAM - COMPARTIMENTO E,410805300,410805,EMISORES NACIONALES,0,0,EquityAndLiabilities,Equity,EquityAttributableToOwnersOfParent,OtherEquityInterest,ProfitLossFromContinuingOperations,ProfitLoss,ProfitLossBeforeTax,ProfitLossFromOperatingActivities,OtherExpenseByNature,,,AdjustmentsForDecreaseIncreaseInOtherCurrentAssets
240,FCP TC LATAM - COMPARTIMENTO E,413515010,413515,POR REEXPRESIÓN DE OTROS ACTIVOS,0,"-266446471,9",EquityAndLiabilities,Equity,EquityAttributableToOwnersOfParent,OtherEquityInterest,ProfitLossFromContinuingOperations,ProfitLoss,ProfitLossBeforeTax,ProfitLossFromOperatingActivities,OtherExpenseByNature,,,
240,FCP TC LATAM - COMPARTIMENTO E,511325010,511325,COMISION CUSTODIA FIJA,0,"4635728,66",EquityAndLiabilities,Equity,EquityAttributableToOwnersOfParent,OtherEquityInterest,ProfitLossFromContinuingOperations,ProfitLoss,ProfitLossBeforeTax,ProfitLossFromOperatingActivities,OtherExpenseByNature,BrokerageFeeExpense,FeeAndCommissionExpense,FeeAndCommissionIncomeExpense
240,FCP TC LATAM - COMPARTIMENTO E,513015003,513015,REVISORIA FISCAL,0,4199001,EquityAndLiabilities,Equity,EquityAttributableToOwnersOfParent,OtherEquityInterest,ProfitLossFromContinuingOperations,ProfitLoss,ProfitLossBeforeTax,ProfitLossFromOperatingActivities,OtherExpenseByNature,,,
240,FCP TC LATAM - COMPARTIMENTO E,513095090,513095,OTROS HONORARIOS,0,"14007240,01",EquityAndLiabilities,Equity,EquityAttributableToOwnersOfParent,OtherEquityInterest,ProfitLossFromContinuingOperations,ProfitLoss,ProfitLossBeforeTax,ProfitLossFromOperatingActivities,OtherExpenseByNature,,,
240,FCP TC LATAM - COMPARTIMENTO E,513535010,513535,POR REEXPRESION DE OTROS ACTIVOS,0,"327059876,3",EquityAndLiabilities,Equity,EquityAttributableToOwnersOfParent,OtherEquityInterest,ProfitLossFromContinuingOperations,ProfitLoss,ProfitLossBeforeTax,ProfitLossFromOperatingActivities,OtherExpenseByNature,,,
240,FCP TC LATAM - COMPARTIMENTO E,514005010,514005,IMPUESTO A LOS MOVIMIENTOS FINANCIEROS,0,"2014744,73",EquityAndLiabilities,Equity,EquityAttributableToOwnersOfParent,OtherEquityInterest,ProfitLossFromContinuingOperations,ProfitLoss,ProfitLossBeforeTax,ProfitLossFromOperatingActivities,OtherExpenseByNature,,,
240,FCP TC LATAM - COMPARTIMENTO E,519095050,519095,GASTOS REEMBOLSADOS,0,225134666,EquityAndLiabilities,Equity,EquityAttributableToOwnersOfParent,OtherEquityInterest,ProfitLossFromContinuingOperations,ProfitLoss,ProfitLossBeforeTax,ProfitLossFromOperatingActivities,OtherExpenseByNature,,,
240,FCP TC LATAM - COMPARTIMENTO E,590505015,590505,CANCELACION DE INGRESOS RV,0,-16882623459,EquityAndLiabilities,Equity,EquityAttributableToOwnersOfParent,OtherEquityInterest,,,,,,,,
240,FCP TC LATAM - COMPARTIMENTO E,810505120,810505,EMISORES EXTRANJEROS,45050251817,24495384582,EquityAndLiabilities,Equity,EquityAttributableToOwnersOfParent,,,,,,,,,
240,FCP TC LATAM - COMPARTIMENTO E,829595999,829595,OTRAS CUENTAS DE ORDEN ACREEDORAS USD,-25492349258,-23346545748,EquityAndLiabilities,Equity,EquityAttributableToOwnersOfParent,,,,,,,,,
240,FCP TC LATAM - COMPARTIMENTO E,840505999,840505,OTRAS CUENTAS DE ORDEN ACREEDORAS USD,25492349258,23346545748,EquityAndLiabilities,Equity,EquityAttributableToOwnersOfParent,,,,,,,,,
257,FIC INMOBILIARIO DE RENTA DAVIVIENDA CORREDORES,110505110,110505,CAJA GENERAL,0,0,,,,,,,,,,,,
257,FIC INMOBILIARIO DE RENTA DAVIVIENDA CORREDORES,111505003,111505,"(FIR) DAVIVIENDA Cta No, 005069993474","660086,92","684072,62",Assets,,CashAndCashEquivalents,BalancesWithBanks,Cash,,,NetAssetsLiabilities,,,,
257,FIC INMOBILIARIO DE RENTA DAVIVIENDA CORREDORES,111505004,111505,(FIR) Bancolombia CTA AH 03151159060,4721123288,1015166501,Assets,,CashAndCashEquivalents,BalancesWithBanks,Cash,,,NetAssetsLiabilities,,,,
257,FIC INMOBILIARIO DE RENTA DAVIVIENDA CORREDORES,111505005,111505,(FIR) Bancolombia CTA CTE 03164963055,"101529712,9","101910865,9",Assets,,CashAndCashEquivalents,BalancesWithBanks,Cash,,,NetAssetsLiabilities,,,,
257,FIC INMOBILIARIO DE RENTA DAVIVIENDA CORREDORES,111505006,111505,(FIR) Bancolombia CTA CTE 03164961182,100000,100000,Assets,,CashAndCashEquivalents,BalancesWithBanks,Cash,,,NetAssetsLiabilities,,,,
257,FIC INMOBILIARIO DE RENTA DAVIVIENDA CORREDORES,111505008,111505,(FIR) Occidente CTA AH 288857402,"9088572,61","5437466,52",Assets,,CashAndCashEquivalents,BalancesWithBanks,Cash,,,NetAssetsLiabilities,,,,
257,FIC INMOBILIARIO DE RENTA DAVIVIENDA CORREDORES,111505014,111505,"(FIR) Banco Popular Cta, 500804743994","8271539,8","8275671,47",Assets,,CashAndCashEquivalents,BalancesWithBanks,Cash,,,NetAssetsLiabilities,,,,
257,FIC INMOBILIARIO DE RENTA DAVIVIENDA CORREDORES,111505017,111505,(FIR) GNB SUDAMERIS CTA AH 91000023490,14771499343,"518956779,6",Assets,,CashAndCashEquivalents,BalancesWithBanks,Cash,,,NetAssetsLiabilities,,,,
257,FIC INMOBILIARIO DE RENTA DAVIVIENDA CORREDORES,111505018,111505,"(FIR) BANCO POPULAR CTA No, 500805563596","5752206,34","6013826,81",Assets,,CashAndCashEquivalents,BalancesWithBanks,Cash,,,NetAssetsLiabilities,,,,
257,FIC INMOBILIARIO DE RENTA DAVIVIENDA CORREDORES,111505019,111505,"(FIR) BANCOLOMBIA CTA No, 69000008139","2298642,44","1103064,17",Assets,,CashAndCashEquivalents,BalancesWithBanks,Cash,,,NetAssetsLiabilities,,,,
257,FIC INMOBILIARIO DE RENTA DAVIVIENDA CORREDORES,130205300,130205,EMISORES NACIONALES,0,17368223608,Assets,,Inversiones,ActivosFinancierosCorrientesValorRazonableCambiosResultadosInversiones,InversionesNegociables,NegociablesInstrumentosPatrimonio,,NetAssetsLiabilities,,,,
257,FIC INMOBILIARIO DE RENTA DAVIVIENDA CORREDORES,161695001,161695,"(FIR) DAVIVIENDA Cta Cau No,005000311323","1217913,28","1219136,19",Assets,,TradeAndOtherReceivables,,,,,NetAssetsLiabilities,,,,
257,FIC INMOBILIARIO DE RENTA DAVIVIENDA CORREDORES,161695004,161695,"(LD) BCO DAVIVIENDA cta No,482800025215","740844,13","192655,55",Assets,,TradeAndOtherReceivables,,,,,NetAssetsLiabilities,,,,
257,FIC INMOBILIARIO DE RENTA DAVIVIENDA CORREDORES,161695008,161695,(FIR) Occidente CTA CAU AH 288857402,"-1431830,76","-1430347,34",Assets,,TradeAndOtherReceivables,,,,,NetAssetsLiabilities,,,,
257,FIC INMOBILIARIO DE RENTA DAVIVIENDA CORREDORES,161695012,161695,"(FIR) Bco de Bogota Cta, Aho 049316169","21252,65","27572,03",Assets,,TradeAndOtherReceivables,,,,,NetAssetsLiabilities,,,,
257,FIC INMOBILIARIO DE RENTA DAVIVIENDA CORREDORES,161695017,161695,(FIR) Davivienda CTA AH 482800036030,"740,04","10000,59",Assets,,TradeAndOtherReceivables,,,,,NetAssetsLiabilities,,,,
240,FCP TC LATAM - COMPARTIMENTO E,411495300,411495,INTERESES TITULOS,0,"-53586982,56",EquityAndLiabilities,Equity,EquityAttributableToOwnersOfParent,OtherEquityInterest,ProfitLossFromContinuingOperations,ProfitLoss,ProfitLossBeforeTax,ProfitLossFromOperatingActivities,Revenue,InterestIncomeOnCashAndCashEquivalents,,
240,FCP TC LATAM - COMPARTIMENTO E,411495531,411495,(TE) BANCOLOMBIA CAU 03141537881,0,"-53174163,37",EquityAndLiabilities,Equity,EquityAttributableToOwnersOfParent,OtherEquityInterest,ProfitLossFromContinuingOperations,ProfitLoss,ProfitLossBeforeTax,ProfitLossFromOperatingActivities,Revenue,InterestIncomeOnCashAndCashEquivalents,,
240,FCP TC LATAM - COMPARTIMENTO E,411495999,411495,OTROS,0,"-9269,25",EquityAndLiabilities,Equity,EquityAttributableToOwnersOfParent,OtherEquityInterest,ProfitLossFromContinuingOperations,ProfitLoss,ProfitLossBeforeTax,ProfitLossFromOperatingActivities,Revenue,InterestIncomeOnCashAndCashEquivalents,,
240,FCP TC LATAM - COMPARTIMENTO E,510605120,510605,EMISORES EXTRANJEROS,0,0,EquityAndLiabilities,Equity,EquityAttributableToOwnersOfParent,OtherEquityInterest,ProfitLossFromContinuingOperations,ProfitLoss,ProfitLossBeforeTax,ProfitLossFromOperatingActivities,OtherExpenseByNature,,,AdjustmentsForDecreaseIncreaseInOtherCurrentAssets
240,FCP TC LATAM - COMPARTIMENTO E,510805010,510805,POR DISMINUCION EN EL VALOR RAZONABLE,0,16154404445,EquityAndLiabilities,Equity,EquityAttributableToOwnersOfParent,OtherEquityInterest,ProfitLossFromContinuingOperations,ProfitLoss,ProfitLossBeforeTax,ProfitLossFromOperatingActivities,OtherExpenseByNature,,,AdjustmentsForDecreaseIncreaseInOtherCurrentAssets
240,FCP TC LATAM - COMPARTIMENTO E,511512010,511512,GASTOS BANCARIOS,0,"1598646,2",EquityAndLiabilities,Equity,EquityAttributableToOwnersOfParent,OtherEquityInterest,ProfitLossFromContinuingOperations,ProfitLoss,ProfitLossBeforeTax,ProfitLossFromOperatingActivities,OtherExpenseByNature,OtherFeeAndCommissionExpense,FeeAndCommissionExpense,FeeAndCommissionIncomeExpense
240,FCP TC LATAM - COMPARTIMENTO E,511548010,511548,"COMISION DE ADMINISTRACION R,F,",0,"82489121,08",EquityAndLiabilities,Equity,EquityAttributableToOwnersOfParent,OtherEquityInterest,ProfitLossFromContinuingOperations,ProfitLoss,ProfitLossBeforeTax,ProfitLossFromOperatingActivities,OtherExpenseByNature,OtherFeeAndCommissionExpense,FeeAndCommissionExpense,FeeAndCommissionIncomeExpense
240,FCP TC LATAM - COMPARTIMENTO E,511595011,511595,COMISION DE GESTION,0,379541328,EquityAndLiabilities,Equity,EquityAttributableToOwnersOfParent,OtherEquityInterest,ProfitLossFromContinuingOperations,ProfitLoss,ProfitLossBeforeTax,ProfitLossFromOperatingActivities,OtherExpenseByNature,OtherFeeAndCommissionExpense,FeeAndCommissionExpense,FeeAndCommissionIncomeExpense
240,FCP TC LATAM - COMPARTIMENTO E,511595015,511595,OTRAS COMISIONES,0,1040622,EquityAndLiabilities,Equity,EquityAttributableToOwnersOfParent,OtherEquityInterest,ProfitLossFromContinuingOperations,ProfitLoss,ProfitLossBeforeTax,ProfitLossFromOperatingActivities,OtherExpenseByNature,OtherFeeAndCommissionExpense,FeeAndCommissionExpense,FeeAndCommissionIncomeExpense
240,FCP TC LATAM - COMPARTIMENTO E,512505120,512505,EMISORES EXTRANJEROS,0,0,EquityAndLiabilities,Equity,EquityAttributableToOwnersOfParent,OtherEquityInterest,ProfitLossFromContinuingOperations,ProfitLoss,ProfitLossBeforeTax,ProfitLossFromOperatingActivities,OtherExpenseByNature,,,
240,FCP TC LATAM - COMPARTIMENTO E,514005011,514005,IMPOVENTAS,0,"3009286,25",EquityAndLiabilities,Equity,EquityAttributableToOwnersOfParent,OtherEquityInterest,ProfitLossFromContinuingOperations,ProfitLoss,ProfitLossBeforeTax,ProfitLossFromOperatingActivities,OtherExpenseByNature,,,
240,FCP TC LATAM - COMPARTIMENTO E,514005015,514005,IVA COMISION GESTOR PROFESIONAL,0,"72112852,02",EquityAndLiabilities,Equity,EquityAttributableToOwnersOfParent,OtherEquityInterest,ProfitLossFromContinuingOperations,ProfitLoss,ProfitLossBeforeTax,ProfitLossFromOperatingActivities,OtherExpenseByNature,,,
240,FCP TC LATAM - COMPARTIMENTO E,519095999,519095,OTROS,0,"3,09",EquityAndLiabilities,Equity,EquityAttributableToOwnersOfParent,OtherEquityInterest,ProfitLossFromContinuingOperations,ProfitLoss,ProfitLossBeforeTax,ProfitLossFromOperatingActivities,OtherExpenseByNature,,,
240,FCP TC LATAM - COMPARTIMENTO E,590505010,590505,CANCELACION DE INGRESOS RF,0,"143048903,8",EquityAndLiabilities,Equity,EquityAttributableToOwnersOfParent,OtherEquityInterest,,,,,,,,
240,FCP TC LATAM - COMPARTIMENTO E,810505205,810505,EMISORES NACIONALES,34608640843,30938786052,EquityAndLiabilities,Equity,EquityAttributableToOwnersOfParent,,,,,,,,,
240,FCP TC LATAM - COMPARTIMENTO E,830505010,830505,DEUDORAS POR CONTRA,-79658892661,-55434170633,EquityAndLiabilities,Equity,EquityAttributableToOwnersOfParent,,,,,,,,,
257,FIC INMOBILIARIO DE RENTA DAVIVIENDA CORREDORES,111505001,111505,(FIR) Davivienda CTA AH 005000311323,"969720,51","6353169,11",Assets,,CashAndCashEquivalents,BalancesWithBanks,Cash,,,NetAssetsLiabilities,,,,
257,FIC INMOBILIARIO DE RENTA DAVIVIENDA CORREDORES,111505010,111505,(FIR) Occidente CTA CTE 288857493,"16774864,33","67082891,12",Assets,,CashAndCashEquivalents,BalancesWithBanks,Cash,,,NetAssetsLiabilities,,,,
257,FIC INMOBILIARIO DE RENTA DAVIVIENDA CORREDORES,111505012,111505,"(FIR) Bco de Bogota Cta, Aho 049316169",3360086,3610013,Assets,,CashAndCashEquivalents,BalancesWithBanks,Cash,,,NetAssetsLiabilities,,,,
257,FIC INMOBILIARIO DE RENTA DAVIVIENDA CORREDORES,111505013,111505,"(FIR) Bco de Bogota Cta, cte 049316151","32522398,56","43710254,26",Assets,,CashAndCashEquivalents,BalancesWithBanks,Cash,,,NetAssetsLiabilities,,,,
257,FIC INMOBILIARIO DE RENTA DAVIVIENDA CORREDORES,111505015,111505,(FIR) Davivienda CTA AH 482800036030,"9566993,47","114375708,4",Assets,,CashAndCashEquivalents,BalancesWithBanks,Cash,,,NetAssetsLiabilities,,,,
257,FIC INMOBILIARIO DE RENTA DAVIVIENDA CORREDORES,111505016,111505,(FIR) Occidente CTA AH 219885902,0,"1839078,31",Assets,,CashAndCashEquivalents,BalancesWithBanks,Cash,,,NetAssetsLiabilities,,,,
257,FIC INMOBILIARIO DE RENTA DAVIVIENDA CORREDORES,111505160,111505,"BCO REPUBLICA CTA NO,62250063",0,0,Assets,,CashAndCashEquivalents,BalancesWithBanks,Cash,,,NetAssetsLiabilities,,,,
257,FIC INMOBILIARIO DE RENTA DAVIVIENDA CORREDORES,136000300,136000,INVERSIONES DERECHOS FIDUCIARIOS,697616530839,717665984256,Assets,,Inversiones,ActivosFinancierosCorrientesValorRazonableCambiosResultadosInversiones,InversionesNegociables,NegociablesInstrumentosPatrimonio,,NetAssetsLiabilities,,,,
257,FIC INMOBILIARIO DE RENTA DAVIVIENDA CORREDORES,161205010,161205,ARRENDAMIENTOS DE BIENES PROPIOS,"350849798,7",1133311107,Assets,,TradeAndOtherReceivables,,,,,NetAssetsLiabilities,,,,
257,FIC INMOBILIARIO DE RENTA DAVIVIENDA CORREDORES,161695005,161695,(FIR) Occidente CTA AH 219885902,0,"2469,82",Assets,,TradeAndOtherReceivables,,,,,NetAssetsLiabilities,,,,
257,FIC INMOBILIARIO DE RENTA DAVIVIENDA CORREDORES,161695006,161695,(FIR) BANCO SUDAMERIS CTA AH 91000023490,"137289687,5","105249966,4",Assets,,TradeAndOtherReceivables,,,,,NetAssetsLiabilities,,,,
257,FIC INMOBILIARIO DE RENTA DAVIVIENDA CORREDORES,161695011,161695,(FIR) Sudameris Cta Aho 91000017850,"-190829,26","-190829,26",Assets,,TradeAndOtherReceivables,,,,,NetAssetsLiabilities,,,,
257,FIC INMOBILIARIO DE RENTA DAVIVIENDA CORREDORES,161695014,161695,"(FIR) Banco Popular Cta, 500804743994","7426,09","13142,66",Assets,,TradeAndOtherReceivables,,,,,NetAssetsLiabilities,,,,
257,FIC INMOBILIARIO DE RENTA DAVIVIENDA CORREDORES,161695015,161695,GASTOS VARIOS DE ADMON,"23163,9","4066424,47",Assets,,TradeAndOtherReceivables,,,,,NetAssetsLiabilities,,,,
257,FIC INMOBILIARIO DE RENTA DAVIVIENDA CORREDORES,161695019,161695,"(FIR) BANCOLOMBIA CTA No, 69000008139","691,82","775,35",Assets,,TradeAndOtherReceivables,,,,,NetAssetsLiabilities,,,,
257,FIC INMOBILIARIO DE RENTA DAVIVIENDA CORREDORES,161695045,161695,CUENTA CORRIENTE,172875636,4040352116,Assets,,TradeAndOtherReceivables,,,,,NetAssetsLiabilities,,,,
257,FIC INMOBILIARIO DE RENTA DAVIVIENDA CORREDORES,161695050,161695,"SERV, PUBLICOS","65869973,77","43971105,92",Assets,,TradeAndOtherReceivables,,,,,NetAssetsLiabilities,,,,
257,FIC INMOBILIARIO DE RENTA DAVIVIENDA CORREDORES,161695999,161695,PROVEEDORES,2847000,2847000,Assets,,TradeAndOtherReceivables,,,,,NetAssetsLiabilities,,,,
257,FIC INMOBILIARIO DE RENTA DAVIVIENDA CORREDORES,161695018,161695,"(FIR) BANCO POPULAR CTA No, 500805563596","1274,95","5220,5",Assets,,TradeAndOtherReceivables,,,,,NetAssetsLiabilities,,,,
257,FIC INMOBILIARIO DE RENTA DAVIVIENDA CORREDORES,161695030,161695,Proveedores,0,0,Assets,,TradeAndOtherReceivables,,,,,NetAssetsLiabilities,,,,
257,FIC INMOBILIARIO DE RENTA DAVIVIENDA CORREDORES,161695999,161695,PROVEEDORES,2847000,2847000,Assets,,TradeAndOtherReceivables,,,,,NetAssetsLiabilities,,,,
257,FIC INMOBILIARIO DE RENTA DAVIVIENDA CORREDORES,161695999,161695,PROVEEDORES,0,0,Assets,,TradeAndOtherReceivables,,,,,NetAssetsLiabilities,,,,
257,FIC INMOBILIARIO DE RENTA DAVIVIENDA CORREDORES,161695999,161695,PROVEEDORES,0,0,Assets,,TradeAndOtherReceivables,,,,,NetAssetsLiabilities,,,,
257,FIC INMOBILIARIO DE RENTA DAVIVIENDA CORREDORES,161695999,161695,PROVEEDORES,0,0,Assets,,TradeAndOtherReceivables,,,,,NetAssetsLiabilities,,,,
257,FIC INMOBILIARIO DE RENTA DAVIVIENDA CORREDORES,161695999,161695,PROVEEDORES,0,0,Assets,,TradeAndOtherReceivables,,,,,NetAssetsLiabilities,,,,
257,FIC INMOBILIARIO DE RENTA DAVIVIENDA CORREDORES,161695999,161695,PROVEEDORES,11499942,11499211,Assets,,TradeAndOtherReceivables,,,,,NetAssetsLiabilities,,,,
257,FIC INMOBILIARIO DE RENTA DAVIVIENDA CORREDORES,161695999,161695,PROVEEDORES,0,0,Assets,,TradeAndOtherReceivables,,,,,NetAssetsLiabilities,,,,
257,FIC INMOBILIARIO DE RENTA DAVIVIENDA CORREDORES,161695999,161695,PROVEEDORES,0,0,Assets,,TradeAndOtherReceivables,,,,,NetAssetsLiabilities,,,,
257,FIC INMOBILIARIO DE RENTA DAVIVIENDA CORREDORES,161695999,161695,PROVEEDORES,0,0,Assets,,TradeAndOtherReceivables,,,,,NetAssetsLiabilities,,,,
257,FIC INMOBILIARIO DE RENTA DAVIVIENDA CORREDORES,161695999,161695,PROVEEDORES,0,0,Assets,,TradeAndOtherReceivables,,,,,NetAssetsLiabilities,,,,
257,FIC INMOBILIARIO DE RENTA DAVIVIENDA CORREDORES,161695999,161695,PROVEEDORES,3326700,3326700,Assets,,TradeAndOtherReceivables,,,,,NetAssetsLiabilities,,,,
257,FIC INMOBILIARIO DE RENTA DAVIVIENDA CORREDORES,161695999,161695,PROVEEDORES,-87121436,-87121436,Assets,,TradeAndOtherReceivables,,,,,NetAssetsLiabilities,,,,
257,FIC INMOBILIARIO DE RENTA DAVIVIENDA CORREDORES,161695999,161695,PROVEEDORES,0,0,Assets,,TradeAndOtherReceivables,,,,,NetAssetsLiabilities,,,,
257,FIC INMOBILIARIO DE RENTA DAVIVIENDA CORREDORES,161695999,161695,PROVEEDORES,16413072,16413072,Assets,,TradeAndOtherReceivables,,,,,NetAssetsLiabilities,,,,
257,FIC INMOBILIARIO DE RENTA DAVIVIENDA CORREDORES,161695999,161695,PROVEEDORES,0,0,Assets,,TradeAndOtherReceivables,,,,,NetAssetsLiabilities,,,,
257,FIC INMOBILIARIO DE RENTA DAVIVIENDA CORREDORES,161695999,161695,PROVEEDORES,0,0,Assets,,TradeAndOtherReceivables,,,,,NetAssetsLiabilities,,,,
257,FIC INMOBILIARIO DE RENTA DAVIVIENDA CORREDORES,161695999,161695,PROVEEDORES,0,0,Assets,,TradeAndOtherReceivables,,,,,NetAssetsLiabilities,,,,
257,FIC INMOBILIARIO DE RENTA DAVIVIENDA CORREDORES,161695999,161695,PROVEEDORES,"316666,66","316666,66",Assets,,TradeAndOtherReceivables,,,,,NetAssetsLiabilities,,,,
257,FIC INMOBILIARIO DE RENTA DAVIVIENDA CORREDORES,161695999,161695,PROVEEDORES,2847000,2847000,Assets,,TradeAndOtherReceivables,,,,,NetAssetsLiabilities,,,,
257,FIC INMOBILIARIO DE RENTA DAVIVIENDA CORREDORES,161695999,161695,PROVEEDORES,0,0,Assets,,TradeAndOtherReceivables,,,,,NetAssetsLiabilities,,,,
257,FIC INMOBILIARIO DE RENTA DAVIVIENDA CORREDORES,161695999,161695,PROVEEDORES,290000,290000,Assets,,TradeAndOtherReceivables,,,,,NetAssetsLiabilities,,,,
257,FIC INMOBILIARIO DE RENTA DAVIVIENDA CORREDORES,161695999,161695,PROVEEDORES,0,0,Assets,,TradeAndOtherReceivables,,,,,NetAssetsLiabilities,,,,
257,FIC INMOBILIARIO DE RENTA DAVIVIENDA CORREDORES,161695999,161695,PROVEEDORES,"0,06","0,06",Assets,,TradeAndOtherReceivables,,,,,NetAssetsLiabilities,,,,
257,FIC INMOBILIARIO DE RENTA DAVIVIENDA CORREDORES,161695999,161695,PROVEEDORES,0,0,Assets,,TradeAndOtherReceivables,,,,,NetAssetsLiabilities,,,,
257,FIC INMOBILIARIO DE RENTA DAVIVIENDA CORREDORES,161695999,161695,PROVEEDORES,0,0,Assets,,TradeAndOtherReceivables,,,,,NetAssetsLiabilities,,,,
257,FIC INMOBILIARIO DE RENTA DAVIVIENDA CORREDORES,161695999,161695,PROVEEDORES,0,0,Assets,,TradeAndOtherReceivables,,,,,NetAssetsLiabilities,,,,
257,FIC INMOBILIARIO DE RENTA DAVIVIENDA CORREDORES,161695999,161695,PROVEEDORES,0,0,Assets,,TradeAndOtherReceivables,,,,,NetAssetsLiabilities,,,,
257,FIC INMOBILIARIO DE RENTA DAVIVIENDA CORREDORES,161695999,161695,PROVEEDORES,0,0,Assets,,TradeAndOtherReceivables,,,,,NetAssetsLiabilities,,,,
257,FIC INMOBILIARIO DE RENTA DAVIVIENDA CORREDORES,161695999,161695,PROVEEDORES,620000,620000,Assets,,TradeAndOtherReceivables,,,,,NetAssetsLiabilities,,,,
257,FIC INMOBILIARIO DE RENTA DAVIVIENDA CORREDORES,161695999,161695,PROVEEDORES,58,58,Assets,,TradeAndOtherReceivables,,,,,NetAssetsLiabilities,,,,
257,FIC INMOBILIARIO DE RENTA DAVIVIENDA CORREDORES,161695999,161695,PROVEEDORES,0,0,Assets,,TradeAndOtherReceivables,,,,,NetAssetsLiabilities,,,,
257,FIC INMOBILIARIO DE RENTA DAVIVIENDA CORREDORES,161695999,161695,PROVEEDORES,0,0,Assets,,TradeAndOtherReceivables,,,,,NetAssetsLiabilities,,,,
257,FIC INMOBILIARIO DE RENTA DAVIVIENDA CORREDORES,161695999,161695,PROVEEDORES,0,0,Assets,,TradeAndOtherReceivables,,,,,NetAssetsLiabilities,,,,
257,FIC INMOBILIARIO DE RENTA DAVIVIENDA CORREDORES,161695999,161695,PROVEEDORES,0,0,Assets,,TradeAndOtherReceivables,,,,,NetAssetsLiabilities,,,,
257,FIC INMOBILIARIO DE RENTA DAVIVIENDA CORREDORES,161695999,161695,PROVEEDORES,0,0,Assets,,TradeAndOtherReceivables,,,,,NetAssetsLiabilities,,,,
257,FIC INMOBILIARIO DE RENTA DAVIVIENDA CORREDORES,161695999,161695,PROVEEDORES,647448,647448,Assets,,TradeAndOtherReceivables,,,,,NetAssetsLiabilities,,,,
257,FIC INMOBILIARIO DE RENTA DAVIVIENDA CORREDORES,161695999,161695,PROVEEDORES,11213597,11213597,Assets,,TradeAndOtherReceivables,,,,,NetAssetsLiabilities,,,,
257,FIC INMOBILIARIO DE RENTA DAVIVIENDA CORREDORES,161695999,161695,PROVEEDORES,0,0,Assets,,TradeAndOtherReceivables,,,,,NetAssetsLiabilities,,,,
257,FIC INMOBILIARIO DE RENTA DAVIVIENDA CORREDORES,161695999,161695,PROVEEDORES,"2036960,22","2036960,44",Assets,,TradeAndOtherReceivables,,,,,NetAssetsLiabilities,,,,
257,FIC INMOBILIARIO DE RENTA DAVIVIENDA CORREDORES,161695999,161695,PROVEEDORES,14012000,"14011499,78",Assets,,TradeAndOtherReceivables,,,,,NetAssetsLiabilities,,,,
257,FIC INMOBILIARIO DE RENTA DAVIVIENDA CORREDORES,161695999,161695,PROVEEDORES,0,0,Assets,,TradeAndOtherReceivables,,,,,NetAssetsLiabilities,,,,
257,FIC INMOBILIARIO DE RENTA DAVIVIENDA CORREDORES,161695999,161695,PROVEEDORES,0,0,Assets,,TradeAndOtherReceivables,,,,,NetAssetsLiabilities,,,,
257,FIC INMOBILIARIO DE RENTA DAVIVIENDA CORREDORES,161695999,161695,PROVEEDORES,0,0,Assets,,TradeAndOtherReceivables,,,,,NetAssetsLiabilities,,,,
257,FIC INMOBILIARIO DE RENTA DAVIVIENDA CORREDORES,161695999,161695,PROVEEDORES,0,0,Assets,,TradeAndOtherReceivables,,,,,NetAssetsLiabilities,,,,
257,FIC INMOBILIARIO DE RENTA DAVIVIENDA CORREDORES,161695999,161695,PROVEEDORES,0,0,Assets,,TradeAndOtherReceivables,,,,,NetAssetsLiabilities,,,,
257,FIC INMOBILIARIO DE RENTA DAVIVIENDA CORREDORES,161695999,161695,PROVEEDORES,0,0,Assets,,TradeAndOtherReceivables,,,,,NetAssetsLiabilities,,,,
257,FIC INMOBILIARIO DE RENTA DAVIVIENDA CORREDORES,161695999,161695,PROVEEDORES,297788,297788,Assets,,TradeAndOtherReceivables,,,,,NetAssetsLiabilities,,,,
257,FIC INMOBILIARIO DE RENTA DAVIVIENDA CORREDORES,161695999,161695,PROVEEDORES,0,0,Assets,,TradeAndOtherReceivables,,,,,NetAssetsLiabilities,,,,
257,FIC INMOBILIARIO DE RENTA DAVIVIENDA CORREDORES,161695999,161695,PROVEEDORES,3069898,3069898,Assets,,TradeAndOtherReceivables,,,,,NetAssetsLiabilities,,,,
257,FIC INMOBILIARIO DE RENTA DAVIVIENDA CORREDORES,161695999,161695,PROVEEDORES,4203000,4203731,Assets,,TradeAndOtherReceivables,,,,,NetAssetsLiabilities,,,,
257,FIC INMOBILIARIO DE RENTA DAVIVIENDA CORREDORES,161695999,161695,PROVEEDORES,0,0,Assets,,TradeAndOtherReceivables,,,,,NetAssetsLiabilities,,,,
257,FIC INMOBILIARIO DE RENTA DAVIVIENDA CORREDORES,161695999,161695,PROVEEDORES,4270500,4270500,Assets,,TradeAndOtherReceivables,,,,,NetAssetsLiabilities,,,,
257,FIC INMOBILIARIO DE RENTA DAVIVIENDA CORREDORES,161695999,161695,PROVEEDORES,900000,900000,Assets,,TradeAndOtherReceivables,,,,,NetAssetsLiabilities,,,,
257,FIC INMOBILIARIO DE RENTA DAVIVIENDA CORREDORES,161695999,161695,PROVEEDORES,0,0,Assets,,TradeAndOtherReceivables,,,,,NetAssetsLiabilities,,,,
257,FIC INMOBILIARIO DE RENTA DAVIVIENDA CORREDORES,161695999,161695,PROVEEDORES,0,0,Assets,,TradeAndOtherReceivables,,,,,NetAssetsLiabilities,,,,
257,FIC INMOBILIARIO DE RENTA DAVIVIENDA CORREDORES,161695999,161695,PROVEEDORES,4008960,4008960,Assets,,TradeAndOtherReceivables,,,,,NetAssetsLiabilities,,,,
257,FIC INMOBILIARIO DE RENTA DAVIVIENDA CORREDORES,161695999,161695,PROVEEDORES,0,0,Assets,,TradeAndOtherReceivables,,,,,NetAssetsLiabilities,,,,
257,FIC INMOBILIARIO DE RENTA DAVIVIENDA CORREDORES,161695999,161695,PROVEEDORES,0,0,Assets,,TradeAndOtherReceivables,,,,,NetAssetsLiabilities,,,,
257,FIC INMOBILIARIO DE RENTA DAVIVIENDA CORREDORES,161695999,161695,PROVEEDORES,"0,06","500,06",Assets,,TradeAndOtherReceivables,,,,,NetAssetsLiabilities,,,,
257,FIC INMOBILIARIO DE RENTA DAVIVIENDA CORREDORES,161695999,161695,PROVEEDORES,0,0,Assets,,TradeAndOtherReceivables,,,,,NetAssetsLiabilities,,,,
257,FIC INMOBILIARIO DE RENTA DAVIVIENDA CORREDORES,161695999,161695,PROVEEDORES,0,0,Assets,,TradeAndOtherReceivables,,,,,NetAssetsLiabilities,,,,
257,FIC INMOBILIARIO DE RENTA DAVIVIENDA CORREDORES,161695999,161695,PROVEEDORES,1453846,1453846,Assets,,TradeAndOtherReceivables,,,,,NetAssetsLiabilities,,,,
257,FIC INMOBILIARIO DE RENTA DAVIVIENDA CORREDORES,161695999,161695,PROVEEDORES,0,0,Assets,,TradeAndOtherReceivables,,,,,NetAssetsLiabilities,,,,
257,FIC INMOBILIARIO DE RENTA DAVIVIENDA CORREDORES,161695999,161695,PROVEEDORES,0,0,Assets,,TradeAndOtherReceivables,,,,,NetAssetsLiabilities,,,,
257,FIC INMOBILIARIO DE RENTA DAVIVIENDA CORREDORES,161695999,161695,PROVEEDORES,0,0,Assets,,TradeAndOtherReceivables,,,,,NetAssetsLiabilities,,,,
257,FIC INMOBILIARIO DE RENTA DAVIVIENDA CORREDORES,163035020,163035,IVA DESCONTABLE 19%,540930,540930,Assets,,TradeAndOtherReceivables,,,,,NetAssetsLiabilities,,,,
257,FIC INMOBILIARIO DE RENTA DAVIVIENDA CORREDORES,163035020,163035,IVA DESCONTABLE 19%,"2523560,62","4784298,8",Assets,,TradeAndOtherReceivables,,,,,NetAssetsLiabilities,,,,
257,FIC INMOBILIARIO DE RENTA DAVIVIENDA CORREDORES,163035020,163035,IVA DESCONTABLE 19%,0,155610,Assets,,TradeAndOtherReceivables,,,,,NetAssetsLiabilities,,,,
257,FIC INMOBILIARIO DE RENTA DAVIVIENDA CORREDORES,163035020,163035,IVA DESCONTABLE 19%,0,3762000,Assets,,TradeAndOtherReceivables,,,,,NetAssetsLiabilities,,,,
257,FIC INMOBILIARIO DE RENTA DAVIVIENDA CORREDORES,163035020,163035,IVA DESCONTABLE 19%,"14914103,01","30732428,37",Assets,,TradeAndOtherReceivables,,,,,NetAssetsLiabilities,,,,
257,FIC INMOBILIARIO DE RENTA DAVIVIENDA CORREDORES,163035020,163035,IVA DESCONTABLE 19%,13250600,34948600,Assets,,TradeAndOtherReceivables,,,,,NetAssetsLiabilities,,,,
257,FIC INMOBILIARIO DE RENTA DAVIVIENDA CORREDORES,163035020,163035,IVA DESCONTABLE 19%,"5792694,54","6596109,54",Assets,,TradeAndOtherReceivables,,,,,NetAssetsLiabilities,,,,
257,FIC INMOBILIARIO DE RENTA DAVIVIENDA CORREDORES,163035020,163035,IVA DESCONTABLE 19%,1311000,1311000,Assets,,TradeAndOtherReceivables,,,,,NetAssetsLiabilities,,,,
257,FIC INMOBILIARIO DE RENTA DAVIVIENDA CORREDORES,163035020,163035,IVA DESCONTABLE 19%,255360,255360,Assets,,TradeAndOtherReceivables,,,,,NetAssetsLiabilities,,,,
257,FIC INMOBILIARIO DE RENTA DAVIVIENDA CORREDORES,163035020,163035,IVA DESCONTABLE 19%,"868062,69","868062,69",Assets,,TradeAndOtherReceivables,,,,,NetAssetsLiabilities,,,,
257,FIC INMOBILIARIO DE RENTA DAVIVIENDA CORREDORES,163035020,163035,IVA DESCONTABLE 19%,"19098494,67","28986695,07",Assets,,TradeAndOtherReceivables,,,,,NetAssetsLiabilities,,,,
257,FIC INMOBILIARIO DE RENTA DAVIVIENDA CORREDORES,163035020,163035,IVA DESCONTABLE 19%,12342400,20056400,Assets,,TradeAndOtherReceivables,,,,,NetAssetsLiabilities,,,,
257,FIC INMOBILIARIO DE RENTA DAVIVIENDA CORREDORES,163035020,163035,IVA DESCONTABLE 19%,0,"1499890,02",Assets,,TradeAndOtherReceivables,,,,,NetAssetsLiabilities,,,,
257,FIC INMOBILIARIO DE RENTA DAVIVIENDA CORREDORES,163035020,163035,IVA DESCONTABLE 19%,"74858,1","470207,06",Assets,,TradeAndOtherReceivables,,,,,NetAssetsLiabilities,,,,
257,FIC INMOBILIARIO DE RENTA DAVIVIENDA CORREDORES,163035020,163035,IVA DESCONTABLE 19%,3961500,5158500,Assets,,TradeAndOtherReceivables,,,,,NetAssetsLiabilities,,,,
257,FIC INMOBILIARIO DE RENTA DAVIVIENDA CORREDORES,163035020,163035,IVA DESCONTABLE 19%,0,"210641,6",Assets,,TradeAndOtherReceivables,,,,,NetAssetsLiabilities,,,,
257,FIC INMOBILIARIO DE RENTA DAVIVIENDA CORREDORES,163035020,163035,IVA DESCONTABLE 19%,"509217,48","989537,48",Assets,,TradeAndOtherReceivables,,,,,NetAssetsLiabilities,,,,
257,FIC INMOBILIARIO DE RENTA DAVIVIENDA CORREDORES,163035020,163035,IVA DESCONTABLE 19%,3005268,4049698,Assets,,TradeAndOtherReceivables,,,,,NetAssetsLiabilities,,,,
257,FIC INMOBILIARIO DE RENTA DAVIVIENDA CORREDORES,163035020,163035,IVA DESCONTABLE 19%,0,5605000,Assets,,TradeAndOtherReceivables,,,,,NetAssetsLiabilities,,,,
257,FIC INMOBILIARIO DE RENTA DAVIVIENDA CORREDORES,163035020,163035,IVA DESCONTABLE 19%,"3850566,6","5567340,1",Assets,,TradeAndOtherReceivables,,,,,NetAssetsLiabilities,,,,
257,FIC INMOBILIARIO DE RENTA DAVIVIENDA CORREDORES,163035020,163035,IVA DESCONTABLE 19%,798000,798000,Assets,,TradeAndOtherReceivables,,,,,NetAssetsLiabilities,,,,
257,FIC INMOBILIARIO DE RENTA DAVIVIENDA CORREDORES,163035020,163035,IVA DESCONTABLE 19%,"14284253,01","14284253,01",Assets,,TradeAndOtherReceivables,,,,,NetAssetsLiabilities,,,,
257,FIC INMOBILIARIO DE RENTA DAVIVIENDA CORREDORES,163035020,163035,IVA DESCONTABLE 19%,1997565,"3555377,85",Assets,,TradeAndOtherReceivables,,,,,NetAssetsLiabilities,,,,
257,FIC INMOBILIARIO DE RENTA DAVIVIENDA CORREDORES,163035020,163035,IVA DESCONTABLE 19%,281200,281200,Assets,,TradeAndOtherReceivables,,,,,NetAssetsLiabilities,,,,
257,FIC INMOBILIARIO DE RENTA DAVIVIENDA CORREDORES,163035020,163035,IVA DESCONTABLE 19%,8156700,9063000,Assets,,TradeAndOtherReceivables,,,,,NetAssetsLiabilities,,,,
257,FIC INMOBILIARIO DE RENTA DAVIVIENDA CORREDORES,163035020,163035,IVA DESCONTABLE 19%,0,698915,Assets,,TradeAndOtherReceivables,,,,,NetAssetsLiabilities,,,,
257,FIC INMOBILIARIO DE RENTA DAVIVIENDA CORREDORES,163035020,163035,IVA DESCONTABLE 19%,"494393,3","1842633,3",Assets,,TradeAndOtherReceivables,,,,,NetAssetsLiabilities,,,,
257,FIC INMOBILIARIO DE RENTA DAVIVIENDA CORREDORES,163035020,163035,IVA DESCONTABLE 19%,"201974,75","201974,75",Assets,,TradeAndOtherReceivables,,,,,NetAssetsLiabilities,,,,
257,FIC INMOBILIARIO DE RENTA DAVIVIENDA CORREDORES,163035020,163035,IVA DESCONTABLE 19%,"3293390,65","3592640,65",Assets,,TradeAndOtherReceivables,,,,,NetAssetsLiabilities,,,,
257,FIC INMOBILIARIO DE RENTA DAVIVIENDA CORREDORES,163035020,163035,IVA DESCONTABLE 19%,101650,101650,Assets,,TradeAndOtherReceivables,,,,,NetAssetsLiabilities,,,,
257,FIC INMOBILIARIO DE RENTA DAVIVIENDA CORREDORES,163035020,163035,IVA DESCONTABLE 19%,117800,117800,Assets,,TradeAndOtherReceivables,,,,,NetAssetsLiabilities,,,,
257,FIC INMOBILIARIO DE RENTA DAVIVIENDA CORREDORES,163020010,163020,IMPUESTO A LAS VENTAS RETENIDO SOBRE 19%,"111022626,7","87877687,12",Assets,,TradeAndOtherReceivables,,,,,NetAssetsLiabilities,,,,
257,FIC INMOBILIARIO DE RENTA DAVIVIENDA CORREDORES,163035010,163035,IVA DESCONTABLE 19%,"71171474,39","21030822,75",Assets,,TradeAndOtherReceivables,,,,,NetAssetsLiabilities,,,,
257,FIC INMOBILIARIO DE RENTA DAVIVIENDA CORREDORES,163035020,163035,IVA DESCONTABLE 19%,2470000,3230000,Assets,,TradeAndOtherReceivables,,,,,NetAssetsLiabilities,,,,
257,FIC INMOBILIARIO DE RENTA DAVIVIENDA CORREDORES,163035020,163035,IVA DESCONTABLE 19%,"16304081,26","29486271,19",Assets,,TradeAndOtherReceivables,,,,,NetAssetsLiabilities,,,,
257,FIC INMOBILIARIO DE RENTA DAVIVIENDA CORREDORES,163035020,163035,IVA DESCONTABLE 19%,"-300764370,5","-693001069,4",Assets,,TradeAndOtherReceivables,,,,,NetAssetsLiabilities,,,,
257,FIC INMOBILIARIO DE RENTA DAVIVIENDA CORREDORES,163035020,163035,IVA DESCONTABLE 19%,4275000,4275000,Assets,,TradeAndOtherReceivables,,,,,NetAssetsLiabilities,,,,
257,FIC INMOBILIARIO DE RENTA DAVIVIENDA CORREDORES,163035020,163035,IVA DESCONTABLE 19%,"16815548,53","17128078,77",Assets,,TradeAndOtherReceivables,,,,,NetAssetsLiabilities,,,,
257,FIC INMOBILIARIO DE RENTA DAVIVIENDA CORREDORES,163035020,163035,IVA DESCONTABLE 19%,"37922134,58","46662134,58",Assets,,TradeAndOtherReceivables,,,,,NetAssetsLiabilities,,,,
257,FIC INMOBILIARIO DE RENTA DAVIVIENDA CORREDORES,163035020,163035,IVA DESCONTABLE 19%,602300,765700,Assets,,TradeAndOtherReceivables,,,,,NetAssetsLiabilities,,,,
257,FIC INMOBILIARIO DE RENTA DAVIVIENDA CORREDORES,163035020,163035,IVA DESCONTABLE 19%,"96460038,66","189962201,8",Assets,,TradeAndOtherReceivables,,,,,NetAssetsLiabilities,,,,
257,FIC INMOBILIARIO DE RENTA DAVIVIENDA CORREDORES,163035020,163035,IVA DESCONTABLE 19%,"2161376,73","3977808,46",Assets,,TradeAndOtherReceivables,,,,,NetAssetsLiabilities,,,,
257,FIC INMOBILIARIO DE RENTA DAVIVIENDA CORREDORES,163035020,163035,IVA DESCONTABLE 19%,"5101327,75","8931872,87",Assets,,TradeAndOtherReceivables,,,,,NetAssetsLiabilities,,,,
257,FIC INMOBILIARIO DE RENTA DAVIVIENDA CORREDORES,163035020,163035,IVA DESCONTABLE 19%,4435132,6354018,Assets,,TradeAndOtherReceivables,,,,,NetAssetsLiabilities,,,,
257,FIC INMOBILIARIO DE RENTA DAVIVIENDA CORREDORES,163035020,163035,IVA DESCONTABLE 19%,10081875,10081875,Assets,,TradeAndOtherReceivables,,,,,NetAssetsLiabilities,,,,
257,FIC INMOBILIARIO DE RENTA DAVIVIENDA CORREDORES,163035020,163035,IVA DESCONTABLE 19%,699200,874000,Assets,,TradeAndOtherReceivables,,,,,NetAssetsLiabilities,,,,
257,FIC INMOBILIARIO DE RENTA DAVIVIENDA CORREDORES,163035020,163035,IVA DESCONTABLE 19%,5054000,5054000,Assets,,TradeAndOtherReceivables,,,,,NetAssetsLiabilities,,,,
257,FIC INMOBILIARIO DE RENTA DAVIVIENDA CORREDORES,163035020,163035,IVA DESCONTABLE 19%,0,558600,Assets,,TradeAndOtherReceivables,,,,,NetAssetsLiabilities,,,,
257,FIC INMOBILIARIO DE RENTA DAVIVIENDA CORREDORES,163035020,163035,IVA DESCONTABLE 19%,2731250,2731250,Assets,,TradeAndOtherReceivables,,,,,NetAssetsLiabilities,,,,
257,FIC INMOBILIARIO DE RENTA DAVIVIENDA CORREDORES,163035020,163035,IVA DESCONTABLE 19%,"38554558,7","50391106,31",Assets,,TradeAndOtherReceivables,,,,,NetAssetsLiabilities,,,,
257,FIC INMOBILIARIO DE RENTA DAVIVIENDA CORREDORES,163035020,163035,IVA DESCONTABLE 19%,"13539715,78","13539715,78",Assets,,TradeAndOtherReceivables,,,,,NetAssetsLiabilities,,,,
257,FIC INMOBILIARIO DE RENTA DAVIVIENDA CORREDORES,163035020,163035,IVA DESCONTABLE 19%,"26346130,74","47194854,3",Assets,,TradeAndOtherReceivables,,,,,NetAssetsLiabilities,,,,
257,FIC INMOBILIARIO DE RENTA DAVIVIENDA CORREDORES,163035020,163035,IVA DESCONTABLE 19%,1708936,1708936,Assets,,TradeAndOtherReceivables,,,,,NetAssetsLiabilities,,,,
257,FIC INMOBILIARIO DE RENTA DAVIVIENDA CORREDORES,163035020,163035,IVA DESCONTABLE 19%,0,"24567464,17",Assets,,TradeAndOtherReceivables,,,,,NetAssetsLiabilities,,,,
257,FIC INMOBILIARIO DE RENTA DAVIVIENDA CORREDORES,163035020,163035,IVA DESCONTABLE 19%,52250,65550,Assets,,TradeAndOtherReceivables,,,,,NetAssetsLiabilities,,,,
257,FIC INMOBILIARIO DE RENTA DAVIVIENDA CORREDORES,163035020,163035,IVA DESCONTABLE 19%,1699740,"3449231,5",Assets,,TradeAndOtherReceivables,,,,,NetAssetsLiabilities,,,,
257,FIC INMOBILIARIO DE RENTA DAVIVIENDA CORREDORES,163035020,163035,IVA DESCONTABLE 19%,"1158401,12","2352180,05",Assets,,TradeAndOtherReceivables,,,,,NetAssetsLiabilities,,,,
257,FIC INMOBILIARIO DE RENTA DAVIVIENDA CORREDORES,163035020,163035,IVA DESCONTABLE 19%,3175185,"4173200,85",Assets,,TradeAndOtherReceivables,,,,,NetAssetsLiabilities,,,,
257,FIC INMOBILIARIO DE RENTA DAVIVIENDA CORREDORES,163035020,163035,IVA DESCONTABLE 19%,513000,513000,Assets,,TradeAndOtherReceivables,,,,,NetAssetsLiabilities,,,,
257,FIC INMOBILIARIO DE RENTA DAVIVIENDA CORREDORES,163035020,163035,IVA DESCONTABLE 19%,4550975,"8543038,4",Assets,,TradeAndOtherReceivables,,,,,NetAssetsLiabilities,,,,
257,FIC INMOBILIARIO DE RENTA DAVIVIENDA CORREDORES,163035020,163035,IVA DESCONTABLE 19%,303373,303373,Assets,,TradeAndOtherReceivables,,,,,NetAssetsLiabilities,,,,
257,FIC INMOBILIARIO DE RENTA DAVIVIENDA CORREDORES,163035020,163035,IVA DESCONTABLE 19%,23241940,23241940,Assets,,TradeAndOtherReceivables,,,,,NetAssetsLiabilities,,,,
257,FIC INMOBILIARIO DE RENTA DAVIVIENDA CORREDORES,163035020,163035,IVA DESCONTABLE 19%,665000,1984550,Assets,,TradeAndOtherReceivables,,,,,NetAssetsLiabilities,,,,
257,FIC INMOBILIARIO DE RENTA DAVIVIENDA CORREDORES,163035020,163035,IVA DESCONTABLE 19%,"1669182,3","1669182,3",Assets,,TradeAndOtherReceivables,,,,,NetAssetsLiabilities,,,,
257,FIC INMOBILIARIO DE RENTA DAVIVIENDA CORREDORES,163035020,163035,IVA DESCONTABLE 19%,1176100,1176100,Assets,,TradeAndOtherReceivables,,,,,NetAssetsLiabilities,,,,
257,FIC INMOBILIARIO DE RENTA DAVIVIENDA CORREDORES,163035020,163035,IVA DESCONTABLE 19%,1410750,1410750,Assets,,TradeAndOtherReceivables,,,,,NetAssetsLiabilities,,,,
257,FIC INMOBILIARIO DE RENTA DAVIVIENDA CORREDORES,163035020,163035,IVA DESCONTABLE 19%,0,"1094477,52",Assets,,TradeAndOtherReceivables,,,,,NetAssetsLiabilities,,,,
257,FIC INMOBILIARIO DE RENTA DAVIVIENDA CORREDORES,163035020,163035,IVA DESCONTABLE 19%,944262,1679030,Assets,,TradeAndOtherReceivables,,,,,NetAssetsLiabilities,,,,
257,FIC INMOBILIARIO DE RENTA DAVIVIENDA CORREDORES,163035020,163035,IVA DESCONTABLE 19%,256500,256500,Assets,,TradeAndOtherReceivables,,,,,NetAssetsLiabilities,,,,
257,FIC INMOBILIARIO DE RENTA DAVIVIENDA CORREDORES,163035020,163035,IVA DESCONTABLE 19%,"2657953,32","4150081,27",Assets,,TradeAndOtherReceivables,,,,,NetAssetsLiabilities,,,,
257,FIC INMOBILIARIO DE RENTA DAVIVIENDA CORREDORES,163035020,163035,IVA DESCONTABLE 19%,4100200,4100200,Assets,,TradeAndOtherReceivables,,,,,NetAssetsLiabilities,,,,
257,FIC INMOBILIARIO DE RENTA DAVIVIENDA CORREDORES,163035020,163035,IVA DESCONTABLE 19%,"2755470,06","8269111,41",Assets,,TradeAndOtherReceivables,,,,,NetAssetsLiabilities,,,,
257,FIC INMOBILIARIO DE RENTA DAVIVIENDA CORREDORES,163035020,163035,IVA DESCONTABLE 19%,148200,148200,Assets,,TradeAndOtherReceivables,,,,,NetAssetsLiabilities,,,,
257,FIC INMOBILIARIO DE RENTA DAVIVIENDA CORREDORES,163035020,163035,IVA DESCONTABLE 19%,20653000,20653000,Assets,,TradeAndOtherReceivables,,,,,NetAssetsLiabilities,,,,
257,FIC INMOBILIARIO DE RENTA DAVIVIENDA CORREDORES,163035020,163035,IVA DESCONTABLE 19%,157700,157700,Assets,,TradeAndOtherReceivables,,,,,NetAssetsLiabilities,,,,
257,FIC INMOBILIARIO DE RENTA DAVIVIENDA CORREDORES,163035020,163035,IVA DESCONTABLE 19%,1045000,1045000,Assets,,TradeAndOtherReceivables,,,,,NetAssetsLiabilities,,,,
257,FIC INMOBILIARIO DE RENTA DAVIVIENDA CORREDORES,182705010,182705,PROPIEDADES DE INVERSION,379312306870,376333902935,Assets,,OtherNonfinancialAssets,,,,,NetAssetsLiabilities,,,,
257,FIC INMOBILIARIO DE RENTA DAVIVIENDA CORREDORES,250110015,250110,COMISION DE ADMINISTRACION,"-91079843,87","-47251945,89",EquityAndLiabilities,Liabilities,TradeAndOtherPayables,,,,,NetAssetsLiabilities,,,,
257,FIC INMOBILIARIO DE RENTA DAVIVIENDA CORREDORES,250295050,250295,OTROS - PROVEEDORES,-3074760,-3074760,EquityAndLiabilities,Liabilities,TradeAndOtherPayables,,,,,NetAssetsLiabilities,,,,
257,FIC INMOBILIARIO DE RENTA DAVIVIENDA CORREDORES,250295050,250295,OTROS - PROVEEDORES,0,0,EquityAndLiabilities,Liabilities,TradeAndOtherPayables,,,,,NetAssetsLiabilities,,,,
257,FIC INMOBILIARIO DE RENTA DAVIVIENDA CORREDORES,250295050,250295,OTROS - PROVEEDORES,0,0,EquityAndLiabilities,Liabilities,TradeAndOtherPayables,,,,,NetAssetsLiabilities,,,,
257,FIC INMOBILIARIO DE RENTA DAVIVIENDA CORREDORES,250295050,250295,OTROS - PROVEEDORES,0,0,EquityAndLiabilities,Liabilities,TradeAndOtherPayables,,,,,NetAssetsLiabilities,,,,
257,FIC INMOBILIARIO DE RENTA DAVIVIENDA CORREDORES,250295050,250295,OTROS - PROVEEDORES,0,0,EquityAndLiabilities,Liabilities,TradeAndOtherPayables,,,,,NetAssetsLiabilities,,,,
257,FIC INMOBILIARIO DE RENTA DAVIVIENDA CORREDORES,250295050,250295,OTROS - PROVEEDORES,0,0,EquityAndLiabilities,Liabilities,TradeAndOtherPayables,,,,,NetAssetsLiabilities,,,,
257,FIC INMOBILIARIO DE RENTA DAVIVIENDA CORREDORES,250295050,250295,OTROS - PROVEEDORES,"-12895652,67","-12895652,97",EquityAndLiabilities,Liabilities,TradeAndOtherPayables,,,,,NetAssetsLiabilities,,,,
257,FIC INMOBILIARIO DE RENTA DAVIVIENDA CORREDORES,250295050,250295,OTROS - PROVEEDORES,0,0,EquityAndLiabilities,Liabilities,TradeAndOtherPayables,,,,,NetAssetsLiabilities,,,,
257,FIC INMOBILIARIO DE RENTA DAVIVIENDA CORREDORES,250295050,250295,OTROS - PROVEEDORES,0,"-0,01",EquityAndLiabilities,Liabilities,TradeAndOtherPayables,,,,,NetAssetsLiabilities,,,,
257,FIC INMOBILIARIO DE RENTA DAVIVIENDA CORREDORES,250295050,250295,OTROS - PROVEEDORES,-3825705,-3825705,EquityAndLiabilities,Liabilities,TradeAndOtherPayables,,,,,NetAssetsLiabilities,,,,
257,FIC INMOBILIARIO DE RENTA DAVIVIENDA CORREDORES,250295050,250295,OTROS - PROVEEDORES,0,0,EquityAndLiabilities,Liabilities,TradeAndOtherPayables,,,,,NetAssetsLiabilities,,,,
257,FIC INMOBILIARIO DE RENTA DAVIVIENDA CORREDORES,250295050,250295,OTROS - PROVEEDORES,0,0,EquityAndLiabilities,Liabilities,TradeAndOtherPayables,,,,,NetAssetsLiabilities,,,,
257,FIC INMOBILIARIO DE RENTA DAVIVIENDA CORREDORES,250295050,250295,OTROS - PROVEEDORES,"-0,1","-0,1",EquityAndLiabilities,Liabilities,TradeAndOtherPayables,,,,,NetAssetsLiabilities,,,,
257,FIC INMOBILIARIO DE RENTA DAVIVIENDA CORREDORES,250295050,250295,OTROS - PROVEEDORES,0,0,EquityAndLiabilities,Liabilities,TradeAndOtherPayables,,,,,NetAssetsLiabilities,,,,
257,FIC INMOBILIARIO DE RENTA DAVIVIENDA CORREDORES,250295050,250295,OTROS - PROVEEDORES,0,0,EquityAndLiabilities,Liabilities,TradeAndOtherPayables,,,,,NetAssetsLiabilities,,,,
257,FIC INMOBILIARIO DE RENTA DAVIVIENDA CORREDORES,250295050,250295,OTROS - PROVEEDORES,"-342456,2","-342456,2",EquityAndLiabilities,Liabilities,TradeAndOtherPayables,,,,,NetAssetsLiabilities,,,,
257,FIC INMOBILIARIO DE RENTA DAVIVIENDA CORREDORES,250295050,250295,OTROS - PROVEEDORES,0,0,EquityAndLiabilities,Liabilities,TradeAndOtherPayables,,,,,NetAssetsLiabilities,,,,
257,FIC INMOBILIARIO DE RENTA DAVIVIENDA CORREDORES,163035020,163035,IVA DESCONTABLE 19%,0,494000,Assets,,TradeAndOtherReceivables,,,,,NetAssetsLiabilities,,,,
257,FIC INMOBILIARIO DE RENTA DAVIVIENDA CORREDORES,163035020,163035,IVA DESCONTABLE 19%,738796,738796,Assets,,TradeAndOtherReceivables,,,,,NetAssetsLiabilities,,,,
257,FIC INMOBILIARIO DE RENTA DAVIVIENDA CORREDORES,163035020,163035,IVA DESCONTABLE 19%,2869000,2869000,Assets,,TradeAndOtherReceivables,,,,,NetAssetsLiabilities,,,,
257,FIC INMOBILIARIO DE RENTA DAVIVIENDA CORREDORES,163035020,163035,IVA DESCONTABLE 19%,"15187558,68","15187558,68",Assets,,TradeAndOtherReceivables,,,,,NetAssetsLiabilities,,,,
257,FIC INMOBILIARIO DE RENTA DAVIVIENDA CORREDORES,163035020,163035,IVA DESCONTABLE 19%,"761702,4","761702,4",Assets,,TradeAndOtherReceivables,,,,,NetAssetsLiabilities,,,,
257,FIC INMOBILIARIO DE RENTA DAVIVIENDA CORREDORES,163035020,163035,IVA DESCONTABLE 19%,0,760000,Assets,,TradeAndOtherReceivables,,,,,NetAssetsLiabilities,,,,
257,FIC INMOBILIARIO DE RENTA DAVIVIENDA CORREDORES,163035020,163035,IVA DESCONTABLE 19%,"556428,49","763992,01",Assets,,TradeAndOtherReceivables,,,,,NetAssetsLiabilities,,,,
257,FIC INMOBILIARIO DE RENTA DAVIVIENDA CORREDORES,163035020,163035,IVA DESCONTABLE 19%,1116630,"2311511,5",Assets,,TradeAndOtherReceivables,,,,,NetAssetsLiabilities,,,,
257,FIC INMOBILIARIO DE RENTA DAVIVIENDA CORREDORES,163035020,163035,IVA DESCONTABLE 19%,357200,357200,Assets,,TradeAndOtherReceivables,,,,,NetAssetsLiabilities,,,,
257,FIC INMOBILIARIO DE RENTA DAVIVIENDA CORREDORES,163035020,163035,IVA DESCONTABLE 19%,695685,758955,Assets,,TradeAndOtherReceivables,,,,,NetAssetsLiabilities,,,,
257,FIC INMOBILIARIO DE RENTA DAVIVIENDA CORREDORES,163035020,163035,IVA DESCONTABLE 19%,539600,539600,Assets,,TradeAndOtherReceivables,,,,,NetAssetsLiabilities,,,,
257,FIC INMOBILIARIO DE RENTA DAVIVIENDA CORREDORES,163035020,163035,IVA DESCONTABLE 19%,"348648,48","348648,48",Assets,,TradeAndOtherReceivables,,,,,NetAssetsLiabilities,,,,
257,FIC INMOBILIARIO DE RENTA DAVIVIENDA CORREDORES,163035020,163035,IVA DESCONTABLE 19%,"1908919,36","2337677,73",Assets,,TradeAndOtherReceivables,,,,,NetAssetsLiabilities,,,,
257,FIC INMOBILIARIO DE RENTA DAVIVIENDA CORREDORES,163035020,163035,IVA DESCONTABLE 19%,238184,238184,Assets,,TradeAndOtherReceivables,,,,,NetAssetsLiabilities,,,,
257,FIC INMOBILIARIO DE RENTA DAVIVIENDA CORREDORES,163035020,163035,IVA DESCONTABLE 19%,0,380000,Assets,,TradeAndOtherReceivables,,,,,NetAssetsLiabilities,,,,
257,FIC INMOBILIARIO DE RENTA DAVIVIENDA CORREDORES,163035020,163035,IVA DESCONTABLE 19%,"3101201,28","3604701,28",Assets,,TradeAndOtherReceivables,,,,,NetAssetsLiabilities,,,,
257,FIC INMOBILIARIO DE RENTA DAVIVIENDA CORREDORES,163035020,163035,IVA DESCONTABLE 19%,0,3489540,Assets,,TradeAndOtherReceivables,,,,,NetAssetsLiabilities,,,,
257,FIC INMOBILIARIO DE RENTA DAVIVIENDA CORREDORES,182715010,182715,VALORACION DE PROPIEDADES DE INVERSION,128366666021,145579037744,Assets,,OtherNonfinancialAssets,,,,,NetAssetsLiabilities,,,,
257,FIC INMOBILIARIO DE RENTA DAVIVIENDA CORREDORES,192595005,192595,IMPUESTO PREDIAL,0,1903763749,Assets,,OtherNonfinancialAssets,,,,,NetAssetsLiabilities,,,,
257,FIC INMOBILIARIO DE RENTA DAVIVIENDA CORREDORES,243505010,243505,CRÉDITOS,-102077305524,-102543171934,EquityAndLiabilities,Liabilities,TradeAndOtherPayables,,,,,NetAssetsLiabilities,,,,
257,FIC INMOBILIARIO DE RENTA DAVIVIENDA CORREDORES,250110010,250110,COMISION CUSTODIA FIJA,0,0,EquityAndLiabilities,Liabilities,TradeAndOtherPayables,,,,,NetAssetsLiabilities,,,,
257,FIC INMOBILIARIO DE RENTA DAVIVIENDA CORREDORES,250225010,250225,GASTOS FINANCIEROS,"-716032644,4","-5358898,97",EquityAndLiabilities,Liabilities,TradeAndOtherPayables,,,,,NetAssetsLiabilities,,,,
257,FIC INMOBILIARIO DE RENTA DAVIVIENDA CORREDORES,250295050,250295,OTROS - PROVEEDORES,-2562300,-2562300,EquityAndLiabilities,Liabilities,TradeAndOtherPayables,,,,,NetAssetsLiabilities,,,,
257,FIC INMOBILIARIO DE RENTA DAVIVIENDA CORREDORES,250295050,250295,OTROS - PROVEEDORES,0,0,EquityAndLiabilities,Liabilities,TradeAndOtherPayables,,,,,NetAssetsLiabilities,,,,
257,FIC INMOBILIARIO DE RENTA DAVIVIENDA CORREDORES,250295050,250295,OTROS - PROVEEDORES,0,0,EquityAndLiabilities,Liabilities,TradeAndOtherPayables,,,,,NetAssetsLiabilities,,,,
257,FIC INMOBILIARIO DE RENTA DAVIVIENDA CORREDORES,250295050,250295,OTROS - PROVEEDORES,"-0,55",0,EquityAndLiabilities,Liabilities,TradeAndOtherPayables,,,,,NetAssetsLiabilities,,,,
257,FIC INMOBILIARIO DE RENTA DAVIVIENDA CORREDORES,250295050,250295,OTROS - PROVEEDORES,"-770463,12","-770463,12",EquityAndLiabilities,Liabilities,TradeAndOtherPayables,,,,,NetAssetsLiabilities,,,,
257,FIC INMOBILIARIO DE RENTA DAVIVIENDA CORREDORES,250295050,250295,OTROS - PROVEEDORES,"-12419984,21","-12419983,07",EquityAndLiabilities,Liabilities,TradeAndOtherPayables,,,,,NetAssetsLiabilities,,,,
257,FIC INMOBILIARIO DE RENTA DAVIVIENDA CORREDORES,250295050,250295,OTROS - PROVEEDORES,0,0,EquityAndLiabilities,Liabilities,TradeAndOtherPayables,,,,,NetAssetsLiabilities,,,,
257,FIC INMOBILIARIO DE RENTA DAVIVIENDA CORREDORES,250295050,250295,OTROS - PROVEEDORES,0,0,EquityAndLiabilities,Liabilities,TradeAndOtherPayables,,,,,NetAssetsLiabilities,,,,
257,FIC INMOBILIARIO DE RENTA DAVIVIENDA CORREDORES,250295050,250295,OTROS - PROVEEDORES,"-0,36","-1,18",EquityAndLiabilities,Liabilities,TradeAndOtherPayables,,,,,NetAssetsLiabilities,,,,
257,FIC INMOBILIARIO DE RENTA DAVIVIENDA CORREDORES,250295050,250295,OTROS - PROVEEDORES,"-2423983,58","-2423984,03",EquityAndLiabilities,Liabilities,TradeAndOtherPayables,,,,,NetAssetsLiabilities,,,,
257,FIC INMOBILIARIO DE RENTA DAVIVIENDA CORREDORES,250295050,250295,OTROS - PROVEEDORES,-15132960,"-15132959,21",EquityAndLiabilities,Liabilities,TradeAndOtherPayables,,,,,NetAssetsLiabilities,,,,
257,FIC INMOBILIARIO DE RENTA DAVIVIENDA CORREDORES,250295050,250295,OTROS - PROVEEDORES,"-3066828,1","-3066828,1",EquityAndLiabilities,Liabilities,TradeAndOtherPayables,,,,,NetAssetsLiabilities,,,,
257,FIC INMOBILIARIO DE RENTA DAVIVIENDA CORREDORES,250295050,250295,OTROS - PROVEEDORES,-4833450,-4833450,EquityAndLiabilities,Liabilities,TradeAndOtherPayables,,,,,NetAssetsLiabilities,,,,
257,FIC INMOBILIARIO DE RENTA DAVIVIENDA CORREDORES,250295050,250295,OTROS - PROVEEDORES,0,0,EquityAndLiabilities,Liabilities,TradeAndOtherPayables,,,,,NetAssetsLiabilities,,,,
257,FIC INMOBILIARIO DE RENTA DAVIVIENDA CORREDORES,250295050,250295,OTROS - PROVEEDORES,-4612140,-4612140,EquityAndLiabilities,Liabilities,TradeAndOtherPayables,,,,,NetAssetsLiabilities,,,,
257,FIC INMOBILIARIO DE RENTA DAVIVIENDA CORREDORES,250295050,250295,OTROS - PROVEEDORES,-1071000,-1071000,EquityAndLiabilities,Liabilities,TradeAndOtherPayables,,,,,NetAssetsLiabilities,,,,
257,FIC INMOBILIARIO DE RENTA DAVIVIENDA CORREDORES,250295050,250295,OTROS - PROVEEDORES,"-333498,3","-333498,3",EquityAndLiabilities,Liabilities,TradeAndOtherPayables,,,,,NetAssetsLiabilities,,,,
257,FIC INMOBILIARIO DE RENTA DAVIVIENDA CORREDORES,250295050,250295,OTROS - PROVEEDORES,0,0,EquityAndLiabilities,Liabilities,TradeAndOtherPayables,,,,,NetAssetsLiabilities,,,,
257,FIC INMOBILIARIO DE RENTA DAVIVIENDA CORREDORES,250295050,250295,OTROS - PROVEEDORES,0,0,EquityAndLiabilities,Liabilities,TradeAndOtherPayables,,,,,NetAssetsLiabilities,,,,
257,FIC INMOBILIARIO DE RENTA DAVIVIENDA CORREDORES,250295050,250295,OTROS - PROVEEDORES,0,0,EquityAndLiabilities,Liabilities,TradeAndOtherPayables,,,,,NetAssetsLiabilities,,,,
257,FIC INMOBILIARIO DE RENTA DAVIVIENDA CORREDORES,250295050,250295,OTROS - PROVEEDORES,0,0,EquityAndLiabilities,Liabilities,TradeAndOtherPayables,,,,,NetAssetsLiabilities,,,,
257,FIC INMOBILIARIO DE RENTA DAVIVIENDA CORREDORES,250295050,250295,OTROS - PROVEEDORES,0,0,EquityAndLiabilities,Liabilities,TradeAndOtherPayables,,,,,NetAssetsLiabilities,,,,
257,FIC INMOBILIARIO DE RENTA DAVIVIENDA CORREDORES,250295050,250295,OTROS - PROVEEDORES,0,0,EquityAndLiabilities,Liabilities,TradeAndOtherPayables,,,,,NetAssetsLiabilities,,,,
257,FIC INMOBILIARIO DE RENTA DAVIVIENDA CORREDORES,250295050,250295,OTROS - PROVEEDORES,0,"-0,2",EquityAndLiabilities,Liabilities,TradeAndOtherPayables,,,,,NetAssetsLiabilities,,,,
257,FIC INMOBILIARIO DE RENTA DAVIVIENDA CORREDORES,250295050,250295,OTROS - PROVEEDORES,0,0,EquityAndLiabilities,Liabilities,TradeAndOtherPayables,,,,,NetAssetsLiabilities,,,,
257,FIC INMOBILIARIO DE RENTA DAVIVIENDA CORREDORES,250295050,250295,OTROS - PROVEEDORES,"-0,01","-0,01",EquityAndLiabilities,Liabilities,TradeAndOtherPayables,,,,,NetAssetsLiabilities,,,,
257,FIC INMOBILIARIO DE RENTA DAVIVIENDA CORREDORES,250305020,250305,RETENCIÓN PROVEEDORES,-284700,-284700,EquityAndLiabilities,Liabilities,TradeAndOtherPayables,,,,,NetAssetsLiabilities,,,,
257,FIC INMOBILIARIO DE RENTA DAVIVIENDA CORREDORES,250305020,250305,RETENCIÓN PROVEEDORES,0,0,EquityAndLiabilities,Liabilities,TradeAndOtherPayables,,,,,NetAssetsLiabilities,,,,
257,FIC INMOBILIARIO DE RENTA DAVIVIENDA CORREDORES,250305020,250305,RETENCIÓN PROVEEDORES,0,0,EquityAndLiabilities,Liabilities,TradeAndOtherPayables,,,,,NetAssetsLiabilities,,,,
257,FIC INMOBILIARIO DE RENTA DAVIVIENDA CORREDORES,250305020,250305,RETENCIÓN PROVEEDORES,0,0,EquityAndLiabilities,Liabilities,TradeAndOtherPayables,,,,,NetAssetsLiabilities,,,,
257,FIC INMOBILIARIO DE RENTA DAVIVIENDA CORREDORES,250305020,250305,RETENCIÓN PROVEEDORES,"-1261396,12","-1261395,92",EquityAndLiabilities,Liabilities,TradeAndOtherPayables,,,,,NetAssetsLiabilities,,,,
257,FIC INMOBILIARIO DE RENTA DAVIVIENDA CORREDORES,250305020,250305,RETENCIÓN PROVEEDORES,"-448547,76","-448547,76",EquityAndLiabilities,Liabilities,TradeAndOtherPayables,,,,,NetAssetsLiabilities,,,,
257,FIC INMOBILIARIO DE RENTA DAVIVIENDA CORREDORES,250305020,250305,RETENCIÓN PROVEEDORES,0,-40,EquityAndLiabilities,Liabilities,TradeAndOtherPayables,,,,,NetAssetsLiabilities,,,,
257,FIC INMOBILIARIO DE RENTA DAVIVIENDA CORREDORES,250305020,250305,RETENCIÓN PROVEEDORES,0,0,EquityAndLiabilities,Liabilities,TradeAndOtherPayables,,,,,NetAssetsLiabilities,,,,
257,FIC INMOBILIARIO DE RENTA DAVIVIENDA CORREDORES,250305020,250305,RETENCIÓN PROVEEDORES,-1541320,-1541280,EquityAndLiabilities,Liabilities,TradeAndOtherPayables,,,,,NetAssetsLiabilities,,,,
257,FIC INMOBILIARIO DE RENTA DAVIVIENDA CORREDORES,250305020,250305,RETENCIÓN PROVEEDORES,0,0,EquityAndLiabilities,Liabilities,TradeAndOtherPayables,,,,,NetAssetsLiabilities,,,,
257,FIC INMOBILIARIO DE RENTA DAVIVIENDA CORREDORES,250305020,250305,RETENCIÓN PROVEEDORES,0,0,EquityAndLiabilities,Liabilities,TradeAndOtherPayables,,,,,NetAssetsLiabilities,,,,
257,FIC INMOBILIARIO DE RENTA DAVIVIENDA CORREDORES,250305020,250305,RETENCIÓN PROVEEDORES,0,0,EquityAndLiabilities,Liabilities,TradeAndOtherPayables,,,,,NetAssetsLiabilities,,,,
257,FIC INMOBILIARIO DE RENTA DAVIVIENDA CORREDORES,250305020,250305,RETENCIÓN PROVEEDORES,0,0,EquityAndLiabilities,Liabilities,TradeAndOtherPayables,,,,,NetAssetsLiabilities,,,,
257,FIC INMOBILIARIO DE RENTA DAVIVIENDA CORREDORES,250305020,250305,RETENCIÓN PROVEEDORES,"-11911,52","-11911,52",EquityAndLiabilities,Liabilities,TradeAndOtherPayables,,,,,NetAssetsLiabilities,,,,
257,FIC INMOBILIARIO DE RENTA DAVIVIENDA CORREDORES,250305020,250305,RETENCIÓN PROVEEDORES,0,0,EquityAndLiabilities,Liabilities,TradeAndOtherPayables,,,,,NetAssetsLiabilities,,,,
257,FIC INMOBILIARIO DE RENTA DAVIVIENDA CORREDORES,250305020,250305,RETENCIÓN PROVEEDORES,0,0,EquityAndLiabilities,Liabilities,TradeAndOtherPayables,,,,,NetAssetsLiabilities,,,,
257,FIC INMOBILIARIO DE RENTA DAVIVIENDA CORREDORES,250305020,250305,RETENCIÓN PROVEEDORES,"-3069,9","-3069,9",EquityAndLiabilities,Liabilities,TradeAndOtherPayables,,,,,NetAssetsLiabilities,,,,
257,FIC INMOBILIARIO DE RENTA DAVIVIENDA CORREDORES,250295050,250295,OTROS - PROVEEDORES,97653361,97653361,EquityAndLiabilities,Liabilities,TradeAndOtherPayables,,,,,NetAssetsLiabilities,,,,
257,FIC INMOBILIARIO DE RENTA DAVIVIENDA CORREDORES,250295050,250295,OTROS - PROVEEDORES,0,0,EquityAndLiabilities,Liabilities,TradeAndOtherPayables,,,,,NetAssetsLiabilities,,,,
257,FIC INMOBILIARIO DE RENTA DAVIVIENDA CORREDORES,250295050,250295,OTROS - PROVEEDORES,0,0,EquityAndLiabilities,Liabilities,TradeAndOtherPayables,,,,,NetAssetsLiabilities,,,,
257,FIC INMOBILIARIO DE RENTA DAVIVIENDA CORREDORES,250295050,250295,OTROS - PROVEEDORES,"-19531555,93","-19531555,93",EquityAndLiabilities,Liabilities,TradeAndOtherPayables,,,,,NetAssetsLiabilities,,,,
257,FIC INMOBILIARIO DE RENTA DAVIVIENDA CORREDORES,250295050,250295,OTROS - PROVEEDORES,"-0,36","-0,36",EquityAndLiabilities,Liabilities,TradeAndOtherPayables,,,,,NetAssetsLiabilities,,,,
257,FIC INMOBILIARIO DE RENTA DAVIVIENDA CORREDORES,250295050,250295,OTROS - PROVEEDORES,0,0,EquityAndLiabilities,Liabilities,TradeAndOtherPayables,,,,,NetAssetsLiabilities,,,,
257,FIC INMOBILIARIO DE RENTA DAVIVIENDA CORREDORES,250295050,250295,OTROS - PROVEEDORES,0,0,EquityAndLiabilities,Liabilities,TradeAndOtherPayables,,,,,NetAssetsLiabilities,,,,
257,FIC INMOBILIARIO DE RENTA DAVIVIENDA CORREDORES,250295050,250295,OTROS - PROVEEDORES,"-364166,16","-364166,16",EquityAndLiabilities,Liabilities,TradeAndOtherPayables,,,,,NetAssetsLiabilities,,,,
257,FIC INMOBILIARIO DE RENTA DAVIVIENDA CORREDORES,250295050,250295,OTROS - PROVEEDORES,"-3387929,28","-3387929,49",EquityAndLiabilities,Liabilities,TradeAndOtherPayables,,,,,NetAssetsLiabilities,,,,
257,FIC INMOBILIARIO DE RENTA DAVIVIENDA CORREDORES,250295050,250295,OTROS - PROVEEDORES,"-0,1","-0,1",EquityAndLiabilities,Liabilities,TradeAndOtherPayables,,,,,NetAssetsLiabilities,,,,
257,FIC INMOBILIARIO DE RENTA DAVIVIENDA CORREDORES,250295050,250295,OTROS - PROVEEDORES,-4610304,-4610304,EquityAndLiabilities,Liabilities,TradeAndOtherPayables,,,,,NetAssetsLiabilities,,,,
257,FIC INMOBILIARIO DE RENTA DAVIVIENDA CORREDORES,250295050,250295,OTROS - PROVEEDORES,0,"-0,49",EquityAndLiabilities,Liabilities,TradeAndOtherPayables,,,,,NetAssetsLiabilities,,,,
257,FIC INMOBILIARIO DE RENTA DAVIVIENDA CORREDORES,250295050,250295,OTROS - PROVEEDORES,0,0,EquityAndLiabilities,Liabilities,TradeAndOtherPayables,,,,,NetAssetsLiabilities,,,,
257,FIC INMOBILIARIO DE RENTA DAVIVIENDA CORREDORES,250295050,250295,OTROS - PROVEEDORES,0,0,EquityAndLiabilities,Liabilities,TradeAndOtherPayables,,,,,NetAssetsLiabilities,,,,
257,FIC INMOBILIARIO DE RENTA DAVIVIENDA CORREDORES,250295050,250295,OTROS - PROVEEDORES,0,0,EquityAndLiabilities,Liabilities,TradeAndOtherPayables,,,,,NetAssetsLiabilities,,,,
257,FIC INMOBILIARIO DE RENTA DAVIVIENDA CORREDORES,250295050,250295,OTROS - PROVEEDORES,-722300,-722300,EquityAndLiabilities,Liabilities,TradeAndOtherPayables,,,,,NetAssetsLiabilities,,,,
257,FIC INMOBILIARIO DE RENTA DAVIVIENDA CORREDORES,250295050,250295,OTROS - PROVEEDORES,"-0,07","-0,07",EquityAndLiabilities,Liabilities,TradeAndOtherPayables,,,,,NetAssetsLiabilities,,,,
257,FIC INMOBILIARIO DE RENTA DAVIVIENDA CORREDORES,250295050,250295,OTROS - PROVEEDORES,0,0,EquityAndLiabilities,Liabilities,TradeAndOtherPayables,,,,,NetAssetsLiabilities,,,,
257,FIC INMOBILIARIO DE RENTA DAVIVIENDA CORREDORES,250295050,250295,OTROS - PROVEEDORES,"-1671922,9","-1671922,9",EquityAndLiabilities,Liabilities,TradeAndOtherPayables,,,,,NetAssetsLiabilities,,,,
257,FIC INMOBILIARIO DE RENTA DAVIVIENDA CORREDORES,250295050,250295,OTROS - PROVEEDORES,0,0,EquityAndLiabilities,Liabilities,TradeAndOtherPayables,,,,,NetAssetsLiabilities,,,,
257,FIC INMOBILIARIO DE RENTA DAVIVIENDA CORREDORES,250295050,250295,OTROS - PROVEEDORES,0,0,EquityAndLiabilities,Liabilities,TradeAndOtherPayables,,,,,NetAssetsLiabilities,,,,
257,FIC INMOBILIARIO DE RENTA DAVIVIENDA CORREDORES,250305011,250305,RENDIMIENTOS FINANCIEROS CAPITALIZADOS,0,0,EquityAndLiabilities,Liabilities,TradeAndOtherPayables,,,,,NetAssetsLiabilities,,,,
257,FIC INMOBILIARIO DE RENTA DAVIVIENDA CORREDORES,250305020,250305,RETENCIÓN PROVEEDORES,-313170,-313170,EquityAndLiabilities,Liabilities,TradeAndOtherPayables,,,,,NetAssetsLiabilities,,,,
257,FIC INMOBILIARIO DE RENTA DAVIVIENDA CORREDORES,250305020,250305,RETENCIÓN PROVEEDORES,0,0,EquityAndLiabilities,Liabilities,TradeAndOtherPayables,,,,,NetAssetsLiabilities,,,,
257,FIC INMOBILIARIO DE RENTA DAVIVIENDA CORREDORES,250305020,250305,RETENCIÓN PROVEEDORES,0,0,EquityAndLiabilities,Liabilities,TradeAndOtherPayables,,,,,NetAssetsLiabilities,,,,
257,FIC INMOBILIARIO DE RENTA DAVIVIENDA CORREDORES,250305020,250305,RETENCIÓN PROVEEDORES,0,0,EquityAndLiabilities,Liabilities,TradeAndOtherPayables,,,,,NetAssetsLiabilities,,,,
257,FIC INMOBILIARIO DE RENTA DAVIVIENDA CORREDORES,250305020,250305,RETENCIÓN PROVEEDORES,-133068,-133068,EquityAndLiabilities,Liabilities,TradeAndOtherPayables,,,,,NetAssetsLiabilities,,,,
257,FIC INMOBILIARIO DE RENTA DAVIVIENDA CORREDORES,250305020,250305,RETENCIÓN PROVEEDORES,"4896937,22","4896937,22",EquityAndLiabilities,Liabilities,TradeAndOtherPayables,,,,,NetAssetsLiabilities,,,,
257,FIC INMOBILIARIO DE RENTA DAVIVIENDA CORREDORES,250305020,250305,RETENCIÓN PROVEEDORES,0,0,EquityAndLiabilities,Liabilities,TradeAndOtherPayables,,,,,NetAssetsLiabilities,,,,
257,FIC INMOBILIARIO DE RENTA DAVIVIENDA CORREDORES,250305020,250305,RETENCIÓN PROVEEDORES,0,0,EquityAndLiabilities,Liabilities,TradeAndOtherPayables,,,,,NetAssetsLiabilities,,,,
257,FIC INMOBILIARIO DE RENTA DAVIVIENDA CORREDORES,250305020,250305,RETENCIÓN PROVEEDORES,"-12663,68","-12663,68",EquityAndLiabilities,Liabilities,TradeAndOtherPayables,,,,,NetAssetsLiabilities,,,,
257,FIC INMOBILIARIO DE RENTA DAVIVIENDA CORREDORES,250305020,250305,RETENCIÓN PROVEEDORES,"-160358,4","-160358,4",EquityAndLiabilities,Liabilities,TradeAndOtherPayables,,,,,NetAssetsLiabilities,,,,
257,FIC INMOBILIARIO DE RENTA DAVIVIENDA CORREDORES,250305020,250305,RETENCIÓN PROVEEDORES,-168120,-168120,EquityAndLiabilities,Liabilities,TradeAndOtherPayables,,,,,NetAssetsLiabilities,,,,
257,FIC INMOBILIARIO DE RENTA DAVIVIENDA CORREDORES,250305020,250305,RETENCIÓN PROVEEDORES,0,0,EquityAndLiabilities,Liabilities,TradeAndOtherPayables,,,,,NetAssetsLiabilities,,,,
257,FIC INMOBILIARIO DE RENTA DAVIVIENDA CORREDORES,250305020,250305,RETENCIÓN PROVEEDORES,-469755,-469755,EquityAndLiabilities,Liabilities,TradeAndOtherPayables,,,,,NetAssetsLiabilities,,,,
257,FIC INMOBILIARIO DE RENTA DAVIVIENDA CORREDORES,250305020,250305,RETENCIÓN PROVEEDORES,-3603,-3603,EquityAndLiabilities,Liabilities,TradeAndOtherPayables,,,,,NetAssetsLiabilities,,,,
257,FIC INMOBILIARIO DE RENTA DAVIVIENDA CORREDORES,250305020,250305,RETENCIÓN PROVEEDORES,-11600,"-11600,2",EquityAndLiabilities,Liabilities,TradeAndOtherPayables,,,,,NetAssetsLiabilities,,,,
257,FIC INMOBILIARIO DE RENTA DAVIVIENDA CORREDORES,250305020,250305,RETENCIÓN PROVEEDORES,0,0,EquityAndLiabilities,Liabilities,TradeAndOtherPayables,,,,,NetAssetsLiabilities,,,,
257,FIC INMOBILIARIO DE RENTA DAVIVIENDA CORREDORES,250305020,250305,RETENCIÓN PROVEEDORES,0,0,EquityAndLiabilities,Liabilities,TradeAndOtherPayables,,,,,NetAssetsLiabilities,,,,
257,FIC INMOBILIARIO DE RENTA DAVIVIENDA CORREDORES,250305020,250305,RETENCIÓN PROVEEDORES,0,0,EquityAndLiabilities,Liabilities,TradeAndOtherPayables,,,,,NetAssetsLiabilities,,,,
257,FIC INMOBILIARIO DE RENTA DAVIVIENDA CORREDORES,250305020,250305,RETENCIÓN PROVEEDORES,0,0,EquityAndLiabilities,Liabilities,TradeAndOtherPayables,,,,,NetAssetsLiabilities,,,,
257,FIC INMOBILIARIO DE RENTA DAVIVIENDA CORREDORES,250305020,250305,RETENCIÓN PROVEEDORES,-15500,-15500,EquityAndLiabilities,Liabilities,TradeAndOtherPayables,,,,,NetAssetsLiabilities,,,,
257,FIC INMOBILIARIO DE RENTA DAVIVIENDA CORREDORES,250305020,250305,RETENCIÓN PROVEEDORES,0,0,EquityAndLiabilities,Liabilities,TradeAndOtherPayables,,,,,NetAssetsLiabilities,,,,
257,FIC INMOBILIARIO DE RENTA DAVIVIENDA CORREDORES,250305020,250305,RETENCIÓN PROVEEDORES,0,0,EquityAndLiabilities,Liabilities,TradeAndOtherPayables,,,,,NetAssetsLiabilities,,,,
257,FIC INMOBILIARIO DE RENTA DAVIVIENDA CORREDORES,250305020,250305,RETENCIÓN PROVEEDORES,"-58153,84","-58153,84",EquityAndLiabilities,Liabilities,TradeAndOtherPayables,,,,,NetAssetsLiabilities,,,,
257,FIC INMOBILIARIO DE RENTA DAVIVIENDA CORREDORES,250305020,250305,RETENCIÓN PROVEEDORES,0,0,EquityAndLiabilities,Liabilities,TradeAndOtherPayables,,,,,NetAssetsLiabilities,,,,
257,FIC INMOBILIARIO DE RENTA DAVIVIENDA CORREDORES,250340010,250340,SOBRE LAS VENTAS POR PAGAR 19%,-1346988892,-1319863680,EquityAndLiabilities,Liabilities,TradeAndOtherPayables,,,,,NetAssetsLiabilities,,,,
257,FIC INMOBILIARIO DE RENTA DAVIVIENDA CORREDORES,253105005,253105,IMPUESTO PREDIAL,0,0,EquityAndLiabilities,Liabilities,TradeAndOtherPayables,,,,,NetAssetsLiabilities,,,,
257,FIC INMOBILIARIO DE RENTA DAVIVIENDA CORREDORES,352505010,352505,PARTICIPACIONES EN FDO DE INVERSIÓN COLE,-1116525320815,-1158569303492,EquityAndLiabilities,Equity,EquityAttributableToOwnersOfParent,OtherEquityInterest,,,,,,,,
257,FIC INMOBILIARIO DE RENTA DAVIVIENDA CORREDORES,410805300,410805,EMISORES NACIONALES,0,-46693704058,EquityAndLiabilities,Equity,EquityAttributableToOwnersOfParent,OtherEquityInterest,ProfitLossFromContinuingOperations,ProfitLoss,ProfitLossBeforeTax,ProfitLossFromOperatingActivities,OtherExpenseByNature,,,AdjustmentsForDecreaseIncreaseInOtherCurrentAssets
257,FIC INMOBILIARIO DE RENTA DAVIVIENDA CORREDORES,411495001,411495,(FIR) Davivienda CTA AH 005000311323,0,"-2395994,02",EquityAndLiabilities,Equity,EquityAttributableToOwnersOfParent,OtherEquityInterest,ProfitLossFromContinuingOperations,ProfitLoss,ProfitLossBeforeTax,ProfitLossFromOperatingActivities,Revenue,InterestIncomeOnCashAndCashEquivalents,,
257,FIC INMOBILIARIO DE RENTA DAVIVIENDA CORREDORES,411495012,411495,"(FIR) Bco de Bogota Cta, Aho 049316169",0,"-156246,38",EquityAndLiabilities,Equity,EquityAttributableToOwnersOfParent,OtherEquityInterest,ProfitLossFromContinuingOperations,ProfitLoss,ProfitLossBeforeTax,ProfitLossFromOperatingActivities,Revenue,InterestIncomeOnCashAndCashEquivalents,,
257,FIC INMOBILIARIO DE RENTA DAVIVIENDA CORREDORES,411495014,411495,"(FIR) Banco Popular Cta, 500804743994",0,"-9848,24",EquityAndLiabilities,Equity,EquityAttributableToOwnersOfParent,OtherEquityInterest,ProfitLossFromContinuingOperations,ProfitLoss,ProfitLossBeforeTax,ProfitLossFromOperatingActivities,Revenue,InterestIncomeOnCashAndCashEquivalents,,
257,FIC INMOBILIARIO DE RENTA DAVIVIENDA CORREDORES,411495017,411495,(FIR) Davivienda CTA AH 482800036030,0,"-2038983,68",EquityAndLiabilities,Equity,EquityAttributableToOwnersOfParent,OtherEquityInterest,ProfitLossFromContinuingOperations,ProfitLoss,ProfitLossBeforeTax,ProfitLossFromOperatingActivities,Revenue,InterestIncomeOnCashAndCashEquivalents,,
257,FIC INMOBILIARIO DE RENTA DAVIVIENDA CORREDORES,411495018,411495,"(FIR) BANCO POPULAR CTA No, 500805563596",0,"-265566,02",EquityAndLiabilities,Equity,EquityAttributableToOwnersOfParent,OtherEquityInterest,ProfitLossFromContinuingOperations,ProfitLoss,ProfitLossBeforeTax,ProfitLossFromOperatingActivities,Revenue,InterestIncomeOnCashAndCashEquivalents,,
257,FIC INMOBILIARIO DE RENTA DAVIVIENDA CORREDORES,419595120,419595,INGRESO PARQUEADEROS OXO 69,0,-102592337,EquityAndLiabilities,Equity,EquityAttributableToOwnersOfParent,OtherEquityInterest,ProfitLossFromContinuingOperations,ProfitLoss,ProfitLossBeforeTax,ProfitLossFromOperatingActivities,Revenue,OtherRevenue,,
257,FIC INMOBILIARIO DE RENTA DAVIVIENDA CORREDORES,419595705,419595,VALORACION PROPIEDADES DE INVERSION,0,-18771167303,EquityAndLiabilities,Equity,EquityAttributableToOwnersOfParent,OtherEquityInterest,ProfitLossFromContinuingOperations,ProfitLoss,ProfitLossBeforeTax,ProfitLossFromOperatingActivities,Revenue,OtherRevenue,,
257,FIC INMOBILIARIO DE RENTA DAVIVIENDA CORREDORES,511325010,511325,COMISION CUSTODIA FIJA,0,104219759,EquityAndLiabilities,Equity,EquityAttributableToOwnersOfParent,OtherEquityInterest,ProfitLossFromContinuingOperations,ProfitLoss,ProfitLossBeforeTax,ProfitLossFromOperatingActivities,OtherExpenseByNature,BrokerageFeeExpense,FeeAndCommissionExpense,FeeAndCommissionIncomeExpense
257,FIC INMOBILIARIO DE RENTA DAVIVIENDA CORREDORES,511595015,511595,COMISION ADMON FIDEICOMISOS,0,"287422987,3",EquityAndLiabilities,Equity,EquityAttributableToOwnersOfParent,OtherEquityInterest,ProfitLossFromContinuingOperations,ProfitLoss,ProfitLossBeforeTax,ProfitLossFromOperatingActivities,OtherExpenseByNature,OtherFeeAndCommissionExpense,FeeAndCommissionExpense,FeeAndCommissionIncomeExpense
257,FIC INMOBILIARIO DE RENTA DAVIVIENDA CORREDORES,511805010,511805,NOTARIALES,0,"38342594,77",EquityAndLiabilities,Equity,EquityAttributableToOwnersOfParent,OtherEquityInterest,ProfitLossFromContinuingOperations,ProfitLoss,ProfitLossBeforeTax,ProfitLossFromOperatingActivities,OtherExpenseByNature,OtherFeeAndCommissionExpense,FeeAndCommissionExpense,FeeAndCommissionIncomeExpense
257,FIC INMOBILIARIO DE RENTA DAVIVIENDA CORREDORES,513015003,513015,REVISORIA FISCAL,0,"12078979,64",EquityAndLiabilities,Equity,EquityAttributableToOwnersOfParent,OtherEquityInterest,ProfitLossFromContinuingOperations,ProfitLoss,ProfitLossBeforeTax,ProfitLossFromOperatingActivities,OtherExpenseByNature,,,
257,FIC INMOBILIARIO DE RENTA DAVIVIENDA CORREDORES,513025010,513025,ASESORIAS LEGALES Y/O JURIDICAS,0,56779827,EquityAndLiabilities,Equity,EquityAttributableToOwnersOfParent,OtherEquityInterest,ProfitLossFromContinuingOperations,ProfitLoss,ProfitLossBeforeTax,ProfitLossFromOperatingActivities,OtherExpenseByNature,,,
257,FIC INMOBILIARIO DE RENTA DAVIVIENDA CORREDORES,514005010,514005,IMPUESTO A LOS MOVIMIENTOS FINANCIEROS,0,"88026231,14",EquityAndLiabilities,Equity,EquityAttributableToOwnersOfParent,OtherEquityInterest,ProfitLossFromContinuingOperations,ProfitLoss,ProfitLossBeforeTax,ProfitLossFromOperatingActivities,OtherExpenseByNature,,,
257,FIC INMOBILIARIO DE RENTA DAVIVIENDA CORREDORES,514005020,514005,IMPUESTOS PREDIAL,0,1925356319,EquityAndLiabilities,Equity,EquityAttributableToOwnersOfParent,OtherEquityInterest,ProfitLossFromContinuingOperations,ProfitLoss,ProfitLossBeforeTax,ProfitLossFromOperatingActivities,OtherExpenseByNature,,,
257,FIC INMOBILIARIO DE RENTA DAVIVIENDA CORREDORES,519025010,519025,SERVICIOS PÚBLICOS,0,"66130146,06",EquityAndLiabilities,Equity,EquityAttributableToOwnersOfParent,OtherEquityInterest,ProfitLossFromContinuingOperations,ProfitLoss,ProfitLossBeforeTax,ProfitLossFromOperatingActivities,OtherExpenseByNature,,,
257,FIC INMOBILIARIO DE RENTA DAVIVIENDA CORREDORES,250305020,250305,RETENCIÓN PROVEEDORES,0,0,EquityAndLiabilities,Liabilities,TradeAndOtherPayables,,,,,NetAssetsLiabilities,,,,
257,FIC INMOBILIARIO DE RENTA DAVIVIENDA CORREDORES,250305020,250305,RETENCIÓN PROVEEDORES,0,0,EquityAndLiabilities,Liabilities,TradeAndOtherPayables,,,,,NetAssetsLiabilities,,,,
257,FIC INMOBILIARIO DE RENTA DAVIVIENDA CORREDORES,250305020,250305,RETENCIÓN PROVEEDORES,0,0,EquityAndLiabilities,Liabilities,TradeAndOtherPayables,,,,,NetAssetsLiabilities,,,,
257,FIC INMOBILIARIO DE RENTA DAVIVIENDA CORREDORES,250305020,250305,RETENCIÓN PROVEEDORES,0,0,EquityAndLiabilities,Liabilities,TradeAndOtherPayables,,,,,NetAssetsLiabilities,,,,
257,FIC INMOBILIARIO DE RENTA DAVIVIENDA CORREDORES,250305020,250305,RETENCIÓN PROVEEDORES,0,0,EquityAndLiabilities,Liabilities,TradeAndOtherPayables,,,,,NetAssetsLiabilities,,,,
257,FIC INMOBILIARIO DE RENTA DAVIVIENDA CORREDORES,250305020,250305,RETENCIÓN PROVEEDORES,0,0,EquityAndLiabilities,Liabilities,TradeAndOtherPayables,,,,,NetAssetsLiabilities,,,,
257,FIC INMOBILIARIO DE RENTA DAVIVIENDA CORREDORES,250305020,250305,RETENCIÓN PROVEEDORES,0,0,EquityAndLiabilities,Liabilities,TradeAndOtherPayables,,,,,NetAssetsLiabilities,,,,
257,FIC INMOBILIARIO DE RENTA DAVIVIENDA CORREDORES,250305020,250305,RETENCIÓN PROVEEDORES,0,0,EquityAndLiabilities,Liabilities,TradeAndOtherPayables,,,,,NetAssetsLiabilities,,,,
257,FIC INMOBILIARIO DE RENTA DAVIVIENDA CORREDORES,253105003,253105,CUENTA CORRIENTE IBA,0,0,EquityAndLiabilities,Liabilities,TradeAndOtherPayables,,,,,NetAssetsLiabilities,,,,
257,FIC INMOBILIARIO DE RENTA DAVIVIENDA CORREDORES,253105110,253105,CUENTA COMPENSACION,-5329040824,-3788226764,EquityAndLiabilities,Liabilities,TradeAndOtherPayables,,,,,NetAssetsLiabilities,,,,
257,FIC INMOBILIARIO DE RENTA DAVIVIENDA CORREDORES,290715010,290715,ARRENDAMIENTOS,0,0,EquityAndLiabilities,Liabilities,TradeAndOtherPayables,,,,,NetAssetsLiabilities,,,,
257,FIC INMOBILIARIO DE RENTA DAVIVIENDA CORREDORES,290795010,290795,ADMINISTRACION INMUEBLES,0,0,,,,,,,,,,,,
257,FIC INMOBILIARIO DE RENTA DAVIVIENDA CORREDORES,411495004,411495,"(FIR) BANCOLOMBIA Cau No,03151159060",0,"-110305686,7",EquityAndLiabilities,Equity,EquityAttributableToOwnersOfParent,OtherEquityInterest,ProfitLossFromContinuingOperations,ProfitLoss,ProfitLossBeforeTax,ProfitLossFromOperatingActivities,Revenue,InterestIncomeOnCashAndCashEquivalents,,
257,FIC INMOBILIARIO DE RENTA DAVIVIENDA CORREDORES,411495005,411495,(FIR) Occidente CTA AH 219885902,0,"-23280,13",EquityAndLiabilities,Equity,EquityAttributableToOwnersOfParent,OtherEquityInterest,ProfitLossFromContinuingOperations,ProfitLoss,ProfitLossBeforeTax,ProfitLossFromOperatingActivities,Revenue,InterestIncomeOnCashAndCashEquivalents,,
257,FIC INMOBILIARIO DE RENTA DAVIVIENDA CORREDORES,411495006,411495,(FIR) BANCO SUDAMERIS CTA AH 91000023490,0,"-635617715,4",EquityAndLiabilities,Equity,EquityAttributableToOwnersOfParent,OtherEquityInterest,ProfitLossFromContinuingOperations,ProfitLoss,ProfitLossBeforeTax,ProfitLossFromOperatingActivities,Revenue,InterestIncomeOnCashAndCashEquivalents,,
257,FIC INMOBILIARIO DE RENTA DAVIVIENDA CORREDORES,411495008,411495,"(FIR) OCCIDENTE Cau No,288857402",0,"-350377,33",EquityAndLiabilities,Equity,EquityAttributableToOwnersOfParent,OtherEquityInterest,ProfitLossFromContinuingOperations,ProfitLoss,ProfitLossBeforeTax,ProfitLossFromOperatingActivities,Revenue,InterestIncomeOnCashAndCashEquivalents,,
257,FIC INMOBILIARIO DE RENTA DAVIVIENDA CORREDORES,411495015,411495,RENDIMIENTOS INVERSIONES EN FICS,0,"-286415431,5",EquityAndLiabilities,Equity,EquityAttributableToOwnersOfParent,OtherEquityInterest,ProfitLossFromContinuingOperations,ProfitLoss,ProfitLossBeforeTax,ProfitLossFromOperatingActivities,Revenue,InterestIncomeOnCashAndCashEquivalents,,
257,FIC INMOBILIARIO DE RENTA DAVIVIENDA CORREDORES,411495019,411495,"(FIR) BANCOLOMBIA CTA No, 69000008139",0,"-6504606,8",EquityAndLiabilities,Equity,EquityAttributableToOwnersOfParent,OtherEquityInterest,ProfitLossFromContinuingOperations,ProfitLoss,ProfitLossBeforeTax,ProfitLossFromOperatingActivities,Revenue,InterestIncomeOnCashAndCashEquivalents,,
257,FIC INMOBILIARIO DE RENTA DAVIVIENDA CORREDORES,411495999,411495,OTROS,0,"-37,46",EquityAndLiabilities,Equity,EquityAttributableToOwnersOfParent,OtherEquityInterest,ProfitLossFromContinuingOperations,ProfitLoss,ProfitLossBeforeTax,ProfitLossFromOperatingActivities,Revenue,InterestIncomeOnCashAndCashEquivalents,,
257,FIC INMOBILIARIO DE RENTA DAVIVIENDA CORREDORES,414515010,414515,ARRENDAMIENTO INMUEBLES IVA 19%,0,-20397903687,EquityAndLiabilities,Equity,EquityAttributableToOwnersOfParent,OtherEquityInterest,ProfitLossFromContinuingOperations,ProfitLoss,ProfitLossBeforeTax,ProfitLossFromOperatingActivities,Revenue,OtherRevenue,,
257,FIC INMOBILIARIO DE RENTA DAVIVIENDA CORREDORES,414515020,414515,ARRENDAMIENTO INMUEBLES NO GRAVADOS,0,-1912194492,EquityAndLiabilities,Equity,EquityAttributableToOwnersOfParent,OtherEquityInterest,ProfitLossFromContinuingOperations,ProfitLoss,ProfitLossBeforeTax,ProfitLossFromOperatingActivities,Revenue,OtherRevenue,,
257,FIC INMOBILIARIO DE RENTA DAVIVIENDA CORREDORES,419595110,419595,ADMINISTRACION PH,0,"-608983922,3",EquityAndLiabilities,Equity,EquityAttributableToOwnersOfParent,OtherEquityInterest,ProfitLossFromContinuingOperations,ProfitLoss,ProfitLossBeforeTax,ProfitLossFromOperatingActivities,Revenue,OtherRevenue,,
257,FIC INMOBILIARIO DE RENTA DAVIVIENDA CORREDORES,510310010,510310,CRÉDITOS BANCOS,0,4887234336,EquityAndLiabilities,Equity,EquityAttributableToOwnersOfParent,OtherEquityInterest,ProfitLossFromContinuingOperations,ProfitLoss,ProfitLossBeforeTax,ProfitLossFromOperatingActivities,OtherExpenseByNature,,,
257,FIC INMOBILIARIO DE RENTA DAVIVIENDA CORREDORES,511512010,511512,GASTOS BANCARIOS,0,"9439339,01",EquityAndLiabilities,Equity,EquityAttributableToOwnersOfParent,OtherEquityInterest,ProfitLossFromContinuingOperations,ProfitLoss,ProfitLossBeforeTax,ProfitLossFromOperatingActivities,OtherExpenseByNature,OtherFeeAndCommissionExpense,FeeAndCommissionExpense,FeeAndCommissionIncomeExpense
257,FIC INMOBILIARIO DE RENTA DAVIVIENDA CORREDORES,511548010,511548,COMISION DE ADMINISTRACION,0,8419910035,EquityAndLiabilities,Equity,EquityAttributableToOwnersOfParent,OtherEquityInterest,ProfitLossFromContinuingOperations,ProfitLoss,ProfitLossBeforeTax,ProfitLossFromOperatingActivities,OtherExpenseByNature,OtherFeeAndCommissionExpense,FeeAndCommissionExpense,FeeAndCommissionIncomeExpense
257,FIC INMOBILIARIO DE RENTA DAVIVIENDA CORREDORES,513095010,513095,HONORARIOS MTS,0,520308070,EquityAndLiabilities,Equity,EquityAttributableToOwnersOfParent,OtherEquityInterest,ProfitLossFromContinuingOperations,ProfitLoss,ProfitLossBeforeTax,ProfitLossFromOperatingActivities,OtherExpenseByNature,,,
257,FIC INMOBILIARIO DE RENTA DAVIVIENDA CORREDORES,513095090,513095,OTROS,0,1518714714,EquityAndLiabilities,Equity,EquityAttributableToOwnersOfParent,OtherEquityInterest,ProfitLossFromContinuingOperations,ProfitLoss,ProfitLossBeforeTax,ProfitLossFromOperatingActivities,OtherExpenseByNature,,,
257,FIC INMOBILIARIO DE RENTA DAVIVIENDA CORREDORES,515525010,515525,SEGURO DE RESPONSABILIDAD CIVIL,0,269239985,EquityAndLiabilities,Equity,EquityAttributableToOwnersOfParent,OtherEquityInterest,ProfitLossFromContinuingOperations,ProfitLoss,ProfitLossBeforeTax,ProfitLossFromOperatingActivities,OtherExpenseByNature,,,
257,FIC INMOBILIARIO DE RENTA DAVIVIENDA CORREDORES,516070010,516070,PROPIEDADES DE INVERSIÓN,0,2671343152,EquityAndLiabilities,Equity,EquityAttributableToOwnersOfParent,OtherEquityInterest,ProfitLossFromContinuingOperations,ProfitLoss,ProfitLossBeforeTax,ProfitLossFromOperatingActivities,OtherExpenseByNature,,,
257,FIC INMOBILIARIO DE RENTA DAVIVIENDA CORREDORES,519095045,519095,OTROS GTOS OPERACIONALES,0,17741906,EquityAndLiabilities,Equity,EquityAttributableToOwnersOfParent,OtherEquityInterest,ProfitLossFromContinuingOperations,ProfitLoss,ProfitLossBeforeTax,ProfitLossFromOperatingActivities,OtherExpenseByNature,,,
257,FIC INMOBILIARIO DE RENTA DAVIVIENDA CORREDORES,519095999,519095,OTROS,0,"647089,21",EquityAndLiabilities,Equity,EquityAttributableToOwnersOfParent,OtherEquityInterest,ProfitLossFromContinuingOperations,ProfitLoss,ProfitLossBeforeTax,ProfitLossFromOperatingActivities,OtherExpenseByNature,,,
257,FIC INMOBILIARIO DE RENTA DAVIVIENDA CORREDORES,810505205,810505,EMISORES NACIONALES,697616530839,717665984256,EquityAndLiabilities,Equity,EquityAttributableToOwnersOfParent,,,,,,,,,
273,FCP INMOBILIARIO GRUPO PEGASUS COLOMBIA FONDO I - COMPARTIMENTO I,111505010,111505,"(PG) Bancolombia Cta No, 03183436880",6041414006,"25751744,76",Assets,,CashAndCashEquivalents,BalancesWithBanks,Cash,,,NetAssetsLiabilities,,,,
257,FIC INMOBILIARIO DE RENTA DAVIVIENDA CORREDORES,519095070,519095,GASTOS PARQUEADEROS OXO 69,0,54409851,EquityAndLiabilities,Equity,EquityAttributableToOwnersOfParent,OtherEquityInterest,ProfitLossFromContinuingOperations,ProfitLoss,ProfitLossBeforeTax,ProfitLossFromOperatingActivities,OtherExpenseByNature,,,
257,FIC INMOBILIARIO DE RENTA DAVIVIENDA CORREDORES,519095080,519095,SERVICIO DE VIGILANCIA,0,"379734868,8",EquityAndLiabilities,Equity,EquityAttributableToOwnersOfParent,OtherEquityInterest,ProfitLossFromContinuingOperations,ProfitLoss,ProfitLossBeforeTax,ProfitLossFromOperatingActivities,OtherExpenseByNature,,,
257,FIC INMOBILIARIO DE RENTA DAVIVIENDA CORREDORES,590505010,590505,CANCELACION DE INGRESOS RF,0,"-638947881,5",EquityAndLiabilities,Equity,EquityAttributableToOwnersOfParent,OtherEquityInterest,,,,,,,,
257,FIC INMOBILIARIO DE RENTA DAVIVIENDA CORREDORES,590505015,590505,CANCELACION DE INGRESOS RV,0,42682930559,EquityAndLiabilities,Equity,EquityAttributableToOwnersOfParent,OtherEquityInterest,,,,,,,,
257,FIC INMOBILIARIO DE RENTA DAVIVIENDA CORREDORES,590505020,590505,UTILIDAD/PERDIDA PAGADA EN REDENCIÓN,0,26159566705,EquityAndLiabilities,Equity,EquityAttributableToOwnersOfParent,OtherEquityInterest,,,,,,,,
257,FIC INMOBILIARIO DE RENTA DAVIVIENDA CORREDORES,830505010,830505,DEUDORAS POR CONTRA,-697616530839,-717665984256,EquityAndLiabilities,Equity,EquityAttributableToOwnersOfParent,,,,,,,,,
273,FCP INMOBILIARIO GRUPO PEGASUS COLOMBIA FONDO I - COMPARTIMENTO I,161695012,161695,"(PG) BANCOLOMBIA Cau No,69000001717",498,"1084,56",Assets,,TradeAndOtherReceivables,,,,,NetAssetsLiabilities,,,,
273,FCP INMOBILIARIO GRUPO PEGASUS COLOMBIA FONDO I - COMPARTIMENTO I,161695999,161695,PROVEEDORES,0,0,Assets,,TradeAndOtherReceivables,,,,,NetAssetsLiabilities,,,,
273,FCP INMOBILIARIO GRUPO PEGASUS COLOMBIA FONDO I - COMPARTIMENTO I,161695999,161695,PROVEEDORES,0,0,Assets,,TradeAndOtherReceivables,,,,,NetAssetsLiabilities,,,,
273,FCP INMOBILIARIO GRUPO PEGASUS COLOMBIA FONDO I - COMPARTIMENTO I,161695999,161695,PROVEEDORES,0,0,Assets,,TradeAndOtherReceivables,,,,,NetAssetsLiabilities,,,,
273,FCP INMOBILIARIO GRUPO PEGASUS COLOMBIA FONDO I - COMPARTIMENTO I,161695999,161695,PROVEEDORES,0,0,Assets,,TradeAndOtherReceivables,,,,,NetAssetsLiabilities,,,,
273,FCP INMOBILIARIO GRUPO PEGASUS COLOMBIA FONDO I - COMPARTIMENTO I,161695999,161695,PROVEEDORES,0,0,Assets,,TradeAndOtherReceivables,,,,,NetAssetsLiabilities,,,,
273,FCP INMOBILIARIO GRUPO PEGASUS COLOMBIA FONDO I - COMPARTIMENTO I,163205010,163205,ANTICIPO A CONTRATOS Y PROVEEDORES,0,200000000,Assets,,TradeAndOtherReceivables,,,,,NetAssetsLiabilities,,,,
273,FCP INMOBILIARIO GRUPO PEGASUS COLOMBIA FONDO I - COMPARTIMENTO I,192595015,192595,COMISION DE GESTION,0,0,Assets,,OtherNonfinancialAssets,,,,,NetAssetsLiabilities,,,,
273,FCP INMOBILIARIO GRUPO PEGASUS COLOMBIA FONDO I - COMPARTIMENTO I,192595025,192595,COMISION ADMINISTRACION,0,0,Assets,,OtherNonfinancialAssets,,,,,NetAssetsLiabilities,,,,
273,FCP INMOBILIARIO GRUPO PEGASUS COLOMBIA FONDO I - COMPARTIMENTO I,250110015,250110,COMISION DE ADMINISTRACION,0,0,EquityAndLiabilities,Liabilities,TradeAndOtherPayables,,,,,NetAssetsLiabilities,,,,
273,FCP INMOBILIARIO GRUPO PEGASUS COLOMBIA FONDO I - COMPARTIMENTO I,250295010,250295,OTROS COSTOS POR PAGAR,0,0,EquityAndLiabilities,Liabilities,TradeAndOtherPayables,,,,,NetAssetsLiabilities,,,,
273,FCP INMOBILIARIO GRUPO PEGASUS COLOMBIA FONDO I - COMPARTIMENTO I,250295010,250295,OTROS COSTOS POR PAGAR,0,0,EquityAndLiabilities,Liabilities,TradeAndOtherPayables,,,,,NetAssetsLiabilities,,,,
273,FCP INMOBILIARIO GRUPO PEGASUS COLOMBIA FONDO I - COMPARTIMENTO I,250295010,250295,OTROS COSTOS POR PAGAR,0,0,EquityAndLiabilities,Liabilities,TradeAndOtherPayables,,,,,NetAssetsLiabilities,,,,
273,FCP INMOBILIARIO GRUPO PEGASUS COLOMBIA FONDO I - COMPARTIMENTO I,250295050,250295,OTROS PROVEEDORES,0,0,EquityAndLiabilities,Liabilities,TradeAndOtherPayables,,,,,NetAssetsLiabilities,,,,
273,FCP INMOBILIARIO GRUPO PEGASUS COLOMBIA FONDO I - COMPARTIMENTO I,250295050,250295,OTROS PROVEEDORES,0,0,EquityAndLiabilities,Liabilities,TradeAndOtherPayables,,,,,NetAssetsLiabilities,,,,
273,FCP INMOBILIARIO GRUPO PEGASUS COLOMBIA FONDO I - COMPARTIMENTO I,250295050,250295,OTROS PROVEEDORES,0,0,EquityAndLiabilities,Liabilities,TradeAndOtherPayables,,,,,NetAssetsLiabilities,,,,
273,FCP INMOBILIARIO GRUPO PEGASUS COLOMBIA FONDO I - COMPARTIMENTO I,250295050,250295,OTROS PROVEEDORES,0,0,EquityAndLiabilities,Liabilities,TradeAndOtherPayables,,,,,NetAssetsLiabilities,,,,
273,FCP INMOBILIARIO GRUPO PEGASUS COLOMBIA FONDO I - COMPARTIMENTO I,250295050,250295,OTROS PROVEEDORES,0,0,EquityAndLiabilities,Liabilities,TradeAndOtherPayables,,,,,NetAssetsLiabilities,,,,
273,FCP INMOBILIARIO GRUPO PEGASUS COLOMBIA FONDO I - COMPARTIMENTO I,250295050,250295,OTROS PROVEEDORES,0,0,EquityAndLiabilities,Liabilities,TradeAndOtherPayables,,,,,NetAssetsLiabilities,,,,
273,FCP INMOBILIARIO GRUPO PEGASUS COLOMBIA FONDO I - COMPARTIMENTO I,250305020,250305,RTE FTE PROVEEDORES,0,0,EquityAndLiabilities,Liabilities,TradeAndOtherPayables,,,,,NetAssetsLiabilities,,,,
273,FCP INMOBILIARIO GRUPO PEGASUS COLOMBIA FONDO I - COMPARTIMENTO I,250305020,250305,RTE FTE PROVEEDORES,0,0,EquityAndLiabilities,Liabilities,TradeAndOtherPayables,,,,,NetAssetsLiabilities,,,,
273,FCP INMOBILIARIO GRUPO PEGASUS COLOMBIA FONDO I - COMPARTIMENTO I,250305020,250305,RTE FTE PROVEEDORES,0,0,EquityAndLiabilities,Liabilities,TradeAndOtherPayables,,,,,NetAssetsLiabilities,,,,
273,FCP INMOBILIARIO GRUPO PEGASUS COLOMBIA FONDO I - COMPARTIMENTO I,250305020,250305,RTE FTE PROVEEDORES,0,0,EquityAndLiabilities,Liabilities,TradeAndOtherPayables,,,,,NetAssetsLiabilities,,,,
273,FCP INMOBILIARIO GRUPO PEGASUS COLOMBIA FONDO I - COMPARTIMENTO I,250305020,250305,RTE FTE PROVEEDORES,0,0,EquityAndLiabilities,Liabilities,TradeAndOtherPayables,,,,,NetAssetsLiabilities,,,,
273,FCP INMOBILIARIO GRUPO PEGASUS COLOMBIA FONDO I - COMPARTIMENTO I,250305020,250305,RTE FTE PROVEEDORES,0,0,EquityAndLiabilities,Liabilities,TradeAndOtherPayables,,,,,NetAssetsLiabilities,,,,
273,FCP INMOBILIARIO GRUPO PEGASUS COLOMBIA FONDO I - COMPARTIMENTO I,111505012,111505,"(PG) BANCOLOMBIA Cta No,69000001717","409972,94","446482,18",Assets,,CashAndCashEquivalents,BalancesWithBanks,Cash,,,NetAssetsLiabilities,,,,
273,FCP INMOBILIARIO GRUPO PEGASUS COLOMBIA FONDO I - COMPARTIMENTO I,130205300,130205,EMISORES NACIONALES,105967688921,123815684634,Assets,,Inversiones,ActivosFinancierosCorrientesValorRazonableCambiosResultadosInversiones,InversionesNegociables,NegociablesInstrumentosPatrimonio,,NetAssetsLiabilities,,,,
273,FCP INMOBILIARIO GRUPO PEGASUS COLOMBIA FONDO I - COMPARTIMENTO I,136000300,136000,INVERSIONES DERECHOS FIDUCIARIOS,163555987326,40510008393,Assets,,Inversiones,ActivosFinancierosCorrientesValorRazonableCambiosResultadosInversiones,InversionesNegociables,NegociablesInstrumentosPatrimonio,,NetAssetsLiabilities,,,,
273,FCP INMOBILIARIO GRUPO PEGASUS COLOMBIA FONDO I - COMPARTIMENTO I,161695011,161695,"(PG) Bancolombia Cau No, 03183436880","5000018,64","12513,32",Assets,,TradeAndOtherReceivables,,,,,NetAssetsLiabilities,,,,
273,FCP INMOBILIARIO GRUPO PEGASUS COLOMBIA FONDO I - COMPARTIMENTO I,161695015,161695,GASTOS VARIOS DE ADMON,0,0,Assets,,TradeAndOtherReceivables,,,,,NetAssetsLiabilities,,,,
273,FCP INMOBILIARIO GRUPO PEGASUS COLOMBIA FONDO I - COMPARTIMENTO I,161695045,161695,CUENTA CORRIENTE,"166571499,1",64735663769,Assets,,TradeAndOtherReceivables,,,,,NetAssetsLiabilities,,,,
273,FCP INMOBILIARIO GRUPO PEGASUS COLOMBIA FONDO I - COMPARTIMENTO I,161695999,161695,PROVEEDORES,0,0,Assets,,TradeAndOtherReceivables,,,,,NetAssetsLiabilities,,,,
273,FCP INMOBILIARIO GRUPO PEGASUS COLOMBIA FONDO I - COMPARTIMENTO I,161695999,161695,PROVEEDORES,0,0,Assets,,TradeAndOtherReceivables,,,,,NetAssetsLiabilities,,,,
273,FCP INMOBILIARIO GRUPO PEGASUS COLOMBIA FONDO I - COMPARTIMENTO I,161695999,161695,PROVEEDORES,0,0,Assets,,TradeAndOtherReceivables,,,,,NetAssetsLiabilities,,,,
273,FCP INMOBILIARIO GRUPO PEGASUS COLOMBIA FONDO I - COMPARTIMENTO I,161695999,161695,PROVEEDORES,0,0,Assets,,TradeAndOtherReceivables,,,,,NetAssetsLiabilities,,,,
273,FCP INMOBILIARIO GRUPO PEGASUS COLOMBIA FONDO I - COMPARTIMENTO I,161695999,161695,PROVEEDORES,0,0,Assets,,TradeAndOtherReceivables,,,,,NetAssetsLiabilities,,,,
273,FCP INMOBILIARIO GRUPO PEGASUS COLOMBIA FONDO I - COMPARTIMENTO I,192595030,192595,AMORTIZACION COMISION DE ADMON,0,0,Assets,,OtherNonfinancialAssets,,,,,NetAssetsLiabilities,,,,
273,FCP INMOBILIARIO GRUPO PEGASUS COLOMBIA FONDO I - COMPARTIMENTO I,192595040,192595,ARRENDAMIENTOS,0,"22499916,67",Assets,,OtherNonfinancialAssets,,,,,NetAssetsLiabilities,,,,
273,FCP INMOBILIARIO GRUPO PEGASUS COLOMBIA FONDO I - COMPARTIMENTO I,250105010,250105,HONORARIOS,0,0,EquityAndLiabilities,Liabilities,TradeAndOtherPayables,,,,,NetAssetsLiabilities,,,,
273,FCP INMOBILIARIO GRUPO PEGASUS COLOMBIA FONDO I - COMPARTIMENTO I,250110010,250110,COMISION CUSTODIA FIJA,0,0,EquityAndLiabilities,Liabilities,TradeAndOtherPayables,,,,,NetAssetsLiabilities,,,,
273,FCP INMOBILIARIO GRUPO PEGASUS COLOMBIA FONDO I - COMPARTIMENTO I,250295010,250295,OTROS COSTOS POR PAGAR,0,0,EquityAndLiabilities,Liabilities,TradeAndOtherPayables,,,,,NetAssetsLiabilities,,,,
273,FCP INMOBILIARIO GRUPO PEGASUS COLOMBIA FONDO I - COMPARTIMENTO I,250305011,250305,RENDIMIENTOS FINANCIEROS CAPITALIZADOS,0,0,EquityAndLiabilities,Liabilities,TradeAndOtherPayables,,,,,NetAssetsLiabilities,,,,
273,FCP INMOBILIARIO GRUPO PEGASUS COLOMBIA FONDO I - COMPARTIMENTO I,250305020,250305,RTE FTE PROVEEDORES,0,0,EquityAndLiabilities,Liabilities,TradeAndOtherPayables,,,,,NetAssetsLiabilities,,,,
273,FCP INMOBILIARIO GRUPO PEGASUS COLOMBIA FONDO I - COMPARTIMENTO I,250305020,250305,RTE FTE PROVEEDORES,0,0,EquityAndLiabilities,Liabilities,TradeAndOtherPayables,,,,,NetAssetsLiabilities,,,,
273,FCP INMOBILIARIO GRUPO PEGASUS COLOMBIA FONDO I - COMPARTIMENTO I,253105003,253105,CUENTA CORRIENTE IBA,0,0,EquityAndLiabilities,Liabilities,TradeAndOtherPayables,,,,,NetAssetsLiabilities,,,,
273,FCP INMOBILIARIO GRUPO PEGASUS COLOMBIA FONDO I - COMPARTIMENTO I,253105110,253105,CUENTA COMPENSACION,-55902839235,-352378,EquityAndLiabilities,Liabilities,TradeAndOtherPayables,,,,,NetAssetsLiabilities,,,,
273,FCP INMOBILIARIO GRUPO PEGASUS COLOMBIA FONDO I - COMPARTIMENTO I,411495011,411495,"(PG) Bancolombia Cau No, 03183436880",0,"-15232732,67",EquityAndLiabilities,Equity,EquityAttributableToOwnersOfParent,OtherEquityInterest,ProfitLossFromContinuingOperations,ProfitLoss,ProfitLossBeforeTax,ProfitLossFromOperatingActivities,Revenue,InterestIncomeOnCashAndCashEquivalents,,
273,FCP INMOBILIARIO GRUPO PEGASUS COLOMBIA FONDO I - COMPARTIMENTO I,411495015,411495,RENDIMIENTOS INVERSIONES EN FICS,0,"-168556824,7",EquityAndLiabilities,Equity,EquityAttributableToOwnersOfParent,OtherEquityInterest,ProfitLossFromContinuingOperations,ProfitLoss,ProfitLossBeforeTax,ProfitLossFromOperatingActivities,Revenue,InterestIncomeOnCashAndCashEquivalents,,
273,FCP INMOBILIARIO GRUPO PEGASUS COLOMBIA FONDO I - COMPARTIMENTO I,411495999,411495,OTROS,0,0,EquityAndLiabilities,Equity,EquityAttributableToOwnersOfParent,OtherEquityInterest,ProfitLossFromContinuingOperations,ProfitLoss,ProfitLossBeforeTax,ProfitLossFromOperatingActivities,Revenue,InterestIncomeOnCashAndCashEquivalents,,
273,FCP INMOBILIARIO GRUPO PEGASUS COLOMBIA FONDO I - COMPARTIMENTO I,510495011,510495,"(PG) Bancolombia Cau No, 03183436880",0,"504985,46",EquityAndLiabilities,Equity,EquityAttributableToOwnersOfParent,OtherEquityInterest,ProfitLossFromContinuingOperations,ProfitLoss,ProfitLossBeforeTax,ProfitLossFromOperatingActivities,OtherExpenseByNature,,,
273,FCP INMOBILIARIO GRUPO PEGASUS COLOMBIA FONDO I - COMPARTIMENTO I,510805010,510805,POR DISMINUCION EN EL VALOR RAZONABLE,0,1947398946,EquityAndLiabilities,Equity,EquityAttributableToOwnersOfParent,OtherEquityInterest,ProfitLossFromContinuingOperations,ProfitLoss,ProfitLossBeforeTax,ProfitLossFromOperatingActivities,OtherExpenseByNature,,,AdjustmentsForDecreaseIncreaseInOtherCurrentAssets
273,FCP INMOBILIARIO GRUPO PEGASUS COLOMBIA FONDO I - COMPARTIMENTO I,511512010,511512,GASTOS BANCARIOS,0,"32351,29",EquityAndLiabilities,Equity,EquityAttributableToOwnersOfParent,OtherEquityInterest,ProfitLossFromContinuingOperations,ProfitLoss,ProfitLossBeforeTax,ProfitLossFromOperatingActivities,OtherExpenseByNature,OtherFeeAndCommissionExpense,FeeAndCommissionExpense,FeeAndCommissionIncomeExpense
273,FCP INMOBILIARIO GRUPO PEGASUS COLOMBIA FONDO I - COMPARTIMENTO I,511548010,511548,"COMISION DE ADMINISTRACION R,F,",0,"93812547,96",EquityAndLiabilities,Equity,EquityAttributableToOwnersOfParent,OtherEquityInterest,ProfitLossFromContinuingOperations,ProfitLoss,ProfitLossBeforeTax,ProfitLossFromOperatingActivities,OtherExpenseByNature,OtherFeeAndCommissionExpense,FeeAndCommissionExpense,FeeAndCommissionIncomeExpense
273,FCP INMOBILIARIO GRUPO PEGASUS COLOMBIA FONDO I - COMPARTIMENTO I,511595011,511595,COMISION GESTOR PROFESIONAL,0,592425281,EquityAndLiabilities,Equity,EquityAttributableToOwnersOfParent,OtherEquityInterest,ProfitLossFromContinuingOperations,ProfitLoss,ProfitLossBeforeTax,ProfitLossFromOperatingActivities,OtherExpenseByNature,OtherFeeAndCommissionExpense,FeeAndCommissionExpense,FeeAndCommissionIncomeExpense
273,FCP INMOBILIARIO GRUPO PEGASUS COLOMBIA FONDO I - COMPARTIMENTO I,514005011,514005,IMPOVENTAS,0,47971518,EquityAndLiabilities,Equity,EquityAttributableToOwnersOfParent,OtherEquityInterest,ProfitLossFromContinuingOperations,ProfitLoss,ProfitLossBeforeTax,ProfitLossFromOperatingActivities,OtherExpenseByNature,,,
273,FCP INMOBILIARIO GRUPO PEGASUS COLOMBIA FONDO I - COMPARTIMENTO I,514005015,514005,IVA COMISION GESTOR PROFESIONAL,0,"112560803,4",EquityAndLiabilities,Equity,EquityAttributableToOwnersOfParent,OtherEquityInterest,ProfitLossFromContinuingOperations,ProfitLoss,ProfitLossBeforeTax,ProfitLossFromOperatingActivities,OtherExpenseByNature,,,
273,FCP INMOBILIARIO GRUPO PEGASUS COLOMBIA FONDO I - COMPARTIMENTO I,250305020,250305,RTE FTE PROVEEDORES,0,0,EquityAndLiabilities,Liabilities,TradeAndOtherPayables,,,,,NetAssetsLiabilities,,,,
273,FCP INMOBILIARIO GRUPO PEGASUS COLOMBIA FONDO I - COMPARTIMENTO I,250305020,250305,RTE FTE PROVEEDORES,0,0,EquityAndLiabilities,Liabilities,TradeAndOtherPayables,,,,,NetAssetsLiabilities,,,,
273,FCP INMOBILIARIO GRUPO PEGASUS COLOMBIA FONDO I - COMPARTIMENTO I,352505010,352505,PARTICIPACIONES EN FDO DE INVERSIÓN COLE,-219834233006,-229309716160,EquityAndLiabilities,Equity,EquityAttributableToOwnersOfParent,OtherEquityInterest,,,,,,,,
273,FCP INMOBILIARIO GRUPO PEGASUS COLOMBIA FONDO I - COMPARTIMENTO I,410805205,410805,EMISORES NACIONALES,0,0,EquityAndLiabilities,Equity,EquityAttributableToOwnersOfParent,OtherEquityInterest,ProfitLossFromContinuingOperations,ProfitLoss,ProfitLossBeforeTax,ProfitLossFromOperatingActivities,OtherExpenseByNature,,,AdjustmentsForDecreaseIncreaseInOtherCurrentAssets
273,FCP INMOBILIARIO GRUPO PEGASUS COLOMBIA FONDO I - COMPARTIMENTO I,410805300,410805,EMISORES NACIONALES,0,-6227681705,EquityAndLiabilities,Equity,EquityAttributableToOwnersOfParent,OtherEquityInterest,ProfitLossFromContinuingOperations,ProfitLoss,ProfitLossBeforeTax,ProfitLossFromOperatingActivities,OtherExpenseByNature,,,AdjustmentsForDecreaseIncreaseInOtherCurrentAssets
273,FCP INMOBILIARIO GRUPO PEGASUS COLOMBIA FONDO I - COMPARTIMENTO I,411495012,411495,"(PG) BANCOLOMBIA Cau No,69000001717",0,"-8397,8",EquityAndLiabilities,Equity,EquityAttributableToOwnersOfParent,OtherEquityInterest,ProfitLossFromContinuingOperations,ProfitLoss,ProfitLossBeforeTax,ProfitLossFromOperatingActivities,Revenue,InterestIncomeOnCashAndCashEquivalents,,
273,FCP INMOBILIARIO GRUPO PEGASUS COLOMBIA FONDO I - COMPARTIMENTO I,510605115,510605,EMISORES NACIONALES,0,0,EquityAndLiabilities,Equity,EquityAttributableToOwnersOfParent,OtherEquityInterest,ProfitLossFromContinuingOperations,ProfitLoss,ProfitLossBeforeTax,ProfitLossFromOperatingActivities,OtherExpenseByNature,,,AdjustmentsForDecreaseIncreaseInOtherCurrentAssets
273,FCP INMOBILIARIO GRUPO PEGASUS COLOMBIA FONDO I - COMPARTIMENTO I,511325010,511325,COMISION CUSTODIA FIJA,0,20356050,EquityAndLiabilities,Equity,EquityAttributableToOwnersOfParent,OtherEquityInterest,ProfitLossFromContinuingOperations,ProfitLoss,ProfitLossBeforeTax,ProfitLossFromOperatingActivities,OtherExpenseByNature,BrokerageFeeExpense,FeeAndCommissionExpense,FeeAndCommissionIncomeExpense
273,FCP INMOBILIARIO GRUPO PEGASUS COLOMBIA FONDO I - COMPARTIMENTO I,513015003,513015,REVISORIA FISCAL,0,8322000,EquityAndLiabilities,Equity,EquityAttributableToOwnersOfParent,OtherEquityInterest,ProfitLossFromContinuingOperations,ProfitLoss,ProfitLossBeforeTax,ProfitLossFromOperatingActivities,OtherExpenseByNature,,,
273,FCP INMOBILIARIO GRUPO PEGASUS COLOMBIA FONDO I - COMPARTIMENTO I,513025010,513025,ASESORIAS LEGALES Y/O JURIDICAS,0,81353725,EquityAndLiabilities,Equity,EquityAttributableToOwnersOfParent,OtherEquityInterest,ProfitLossFromContinuingOperations,ProfitLoss,ProfitLossBeforeTax,ProfitLossFromOperatingActivities,OtherExpenseByNature,,,
273,FCP INMOBILIARIO GRUPO PEGASUS COLOMBIA FONDO I - COMPARTIMENTO I,513095090,513095,OTROS HONORARIOS,0,374002677,EquityAndLiabilities,Equity,EquityAttributableToOwnersOfParent,OtherEquityInterest,ProfitLossFromContinuingOperations,ProfitLoss,ProfitLossBeforeTax,ProfitLossFromOperatingActivities,OtherExpenseByNature,,,
273,FCP INMOBILIARIO GRUPO PEGASUS COLOMBIA FONDO I - COMPARTIMENTO I,514005010,514005,IMPUESTO A LOS MOVIMIENTOS FINANCIEROS,0,"19383488,18",EquityAndLiabilities,Equity,EquityAttributableToOwnersOfParent,OtherEquityInterest,ProfitLossFromContinuingOperations,ProfitLoss,ProfitLossBeforeTax,ProfitLossFromOperatingActivities,OtherExpenseByNature,,,
273,FCP INMOBILIARIO GRUPO PEGASUS COLOMBIA FONDO I - COMPARTIMENTO I,514595015,514595,ARRENDAMIENTO LOTE,0,"4499983,33",EquityAndLiabilities,Equity,EquityAttributableToOwnersOfParent,OtherEquityInterest,ProfitLossFromContinuingOperations,ProfitLoss,ProfitLossBeforeTax,ProfitLossFromOperatingActivities,OtherExpenseByNature,,,
273,FCP INMOBILIARIO GRUPO PEGASUS COLOMBIA FONDO I - COMPARTIMENTO I,519095050,519095,GASTOS REEMBOLSABLES,0,14035999,EquityAndLiabilities,Equity,EquityAttributableToOwnersOfParent,OtherEquityInterest,ProfitLossFromContinuingOperations,ProfitLoss,ProfitLossBeforeTax,ProfitLossFromOperatingActivities,OtherExpenseByNature,,,
273,FCP INMOBILIARIO GRUPO PEGASUS COLOMBIA FONDO I - COMPARTIMENTO I,590505015,590505,CANCELACION DE INGRESOS RV,0,3172682943,EquityAndLiabilities,Equity,EquityAttributableToOwnersOfParent,OtherEquityInterest,,,,,,,,
273,FCP INMOBILIARIO GRUPO PEGASUS COLOMBIA FONDO I - COMPARTIMENTO I,810505115,810505,EMISORES NACIONALES,105178863300,121368096107,EquityAndLiabilities,Equity,EquityAttributableToOwnersOfParent,,,,,,,,,
273,FCP INMOBILIARIO GRUPO PEGASUS COLOMBIA FONDO I - COMPARTIMENTO I,810505205,810505,EMISORES NACIONALES,163555987326,40510008393,EquityAndLiabilities,Equity,EquityAttributableToOwnersOfParent,,,,,,,,,
282,FCP TC LATAM - COMPARTIMENTO G,111510007,111510,(LG) BANCOLOMBIA PANAMÁ CTA: 80100009221,"99327051,11","50785859,42",Assets,,CashAndCashEquivalents,BalancesWithBanks,Cash,,,NetAssetsLiabilities,,,,
282,FCP TC LATAM - COMPARTIMENTO G,130205300,130205,EMISORES NACIONALES,17441710858,14056553463,Assets,,Inversiones,ActivosFinancierosCorrientesValorRazonableCambiosResultadosInversiones,InversionesNegociables,NegociablesInstrumentosPatrimonio,,NetAssetsLiabilities,,,,
282,FCP TC LATAM - COMPARTIMENTO G,161695007,161695,"(LG) BANCOLOMBIA PANAMÁ CTA,80100009221","209902,48",197572,Assets,,TradeAndOtherReceivables,,,,,NetAssetsLiabilities,,,,
282,FCP TC LATAM - COMPARTIMENTO G,161695012,161695,"(TG) BANCOLOMBIA Cau No,03173150724","1500843,87","1682100,61",Assets,,TradeAndOtherReceivables,,,,,NetAssetsLiabilities,,,,
282,FCP TC LATAM - COMPARTIMENTO G,250110015,250110,COMISION DE ADMINISTRACION,0,0,EquityAndLiabilities,Liabilities,TradeAndOtherPayables,,,,,NetAssetsLiabilities,,,,
282,FCP TC LATAM - COMPARTIMENTO G,250295050,250295,OTROS PROVEEDORES,0,0,EquityAndLiabilities,Liabilities,TradeAndOtherPayables,,,,,NetAssetsLiabilities,,,,
282,FCP TC LATAM - COMPARTIMENTO G,253105220,253105,CUENTA COMPENSACION DIVISAS,0,0,EquityAndLiabilities,Liabilities,TradeAndOtherPayables,,,,,NetAssetsLiabilities,,,,
282,FCP TC LATAM - COMPARTIMENTO G,352505010,352505,PARTICIPACIONES EN FDO DE INVERSIÓN COLE,-140655696940,-117264623755,EquityAndLiabilities,Equity,EquityAttributableToOwnersOfParent,OtherEquityInterest,,,,,,,,
282,FCP TC LATAM - COMPARTIMENTO G,410805300,410805,EMISORES NACIONALES,0,0,EquityAndLiabilities,Equity,EquityAttributableToOwnersOfParent,OtherEquityInterest,ProfitLossFromContinuingOperations,ProfitLoss,ProfitLossBeforeTax,ProfitLossFromOperatingActivities,OtherExpenseByNature,,,AdjustmentsForDecreaseIncreaseInOtherCurrentAssets
282,FCP TC LATAM - COMPARTIMENTO G,411495007,411495,"(LG) BANCOLOMBIA PANAMÁ CTA,80100009221",0,"-320755,51",EquityAndLiabilities,Equity,EquityAttributableToOwnersOfParent,OtherEquityInterest,ProfitLossFromContinuingOperations,ProfitLoss,ProfitLossBeforeTax,ProfitLossFromOperatingActivities,Revenue,InterestIncomeOnCashAndCashEquivalents,,
282,FCP TC LATAM - COMPARTIMENTO G,413515010,413515,DIFERENCIA EN CAMBIO,0,"-842339,94",EquityAndLiabilities,Equity,EquityAttributableToOwnersOfParent,OtherEquityInterest,ProfitLossFromContinuingOperations,ProfitLoss,ProfitLossBeforeTax,ProfitLossFromOperatingActivities,OtherExpenseByNature,,,
282,FCP TC LATAM - COMPARTIMENTO G,511325010,511325,COMISION CUSTODIA FIJA,0,"6203239,55",EquityAndLiabilities,Equity,EquityAttributableToOwnersOfParent,OtherEquityInterest,ProfitLossFromContinuingOperations,ProfitLoss,ProfitLossBeforeTax,ProfitLossFromOperatingActivities,OtherExpenseByNature,BrokerageFeeExpense,FeeAndCommissionExpense,FeeAndCommissionIncomeExpense
282,FCP TC LATAM - COMPARTIMENTO G,513015003,513015,REVISORIA FISCAL,0,4199001,EquityAndLiabilities,Equity,EquityAttributableToOwnersOfParent,OtherEquityInterest,ProfitLossFromContinuingOperations,ProfitLoss,ProfitLossBeforeTax,ProfitLossFromOperatingActivities,OtherExpenseByNature,,,
282,FCP TC LATAM - COMPARTIMENTO G,513095090,513095,OTROS HONORARIOS,0,1000000,EquityAndLiabilities,Equity,EquityAttributableToOwnersOfParent,OtherEquityInterest,ProfitLossFromContinuingOperations,ProfitLoss,ProfitLossBeforeTax,ProfitLossFromOperatingActivities,OtherExpenseByNature,,,
282,FCP TC LATAM - COMPARTIMENTO G,513535010,513535,POR REEXPRESION DE OTROS ACTIVOS,0,"49256739,16",EquityAndLiabilities,Equity,EquityAttributableToOwnersOfParent,OtherEquityInterest,ProfitLossFromContinuingOperations,ProfitLoss,ProfitLossBeforeTax,ProfitLossFromOperatingActivities,OtherExpenseByNature,,,
282,FCP TC LATAM - COMPARTIMENTO G,514005010,514005,IMPUESTO A LOS MOVIMIENTOS FINANCIEROS,0,"10454488,8",EquityAndLiabilities,Equity,EquityAttributableToOwnersOfParent,OtherEquityInterest,ProfitLossFromContinuingOperations,ProfitLoss,ProfitLossBeforeTax,ProfitLossFromOperatingActivities,OtherExpenseByNature,,,
282,FCP TC LATAM - COMPARTIMENTO G,590505010,590505,CANCELACION DE INGRESOS RF,0,-3608293330,EquityAndLiabilities,Equity,EquityAttributableToOwnersOfParent,OtherEquityInterest,,,,,,,,
282,FCP TC LATAM - COMPARTIMENTO G,590505015,590505,CANCELACION DE INGRESOS RV,0,-19782779854,EquityAndLiabilities,Equity,EquityAttributableToOwnersOfParent,OtherEquityInterest,,,,,,,,
282,FCP TC LATAM - COMPARTIMENTO G,590505020,590505,UTILIDAD/PERDIDA PAGADA EN REDENCIÓN,0,10721462031,EquityAndLiabilities,Equity,EquityAttributableToOwnersOfParent,OtherEquityInterest,,,,,,,,
282,FCP TC LATAM - COMPARTIMENTO G,829595999,829595,OTRAS CUENTAS DE ORDEN ACREEDORAS USD,-191090005691,-175005116814,EquityAndLiabilities,Equity,EquityAttributableToOwnersOfParent,,,,,,,,,
282,FCP TC LATAM - COMPARTIMENTO G,830505010,830505,DEUDORAS POR CONTRA,-136245377511,-117110351677,EquityAndLiabilities,Equity,EquityAttributableToOwnersOfParent,,,,,,,,,
282,FCP TC LATAM - COMPARTIMENTO G,840505999,840505,OTRAS CUENTAS DE ORDEN ACREEDORAS USD,191090005691,175005116814,EquityAndLiabilities,Equity,EquityAttributableToOwnersOfParent,,,,,,,,,
284,FCP MALLPLAZA COMPARTIMENTO UNO,111505005,111505,"(M1) BANCOLOMBIA Cta, No,03191346156","206295771,6","38203648,95",Assets,,CashAndCashEquivalents,BalancesWithBanks,Cash,,,NetAssetsLiabilities,,,,
284,FCP MALLPLAZA COMPARTIMENTO UNO,111505006,111505,"(MUN) BANCOLOMBIA Cta No,69000001718",0,0,Assets,,CashAndCashEquivalents,BalancesWithBanks,Cash,,,NetAssetsLiabilities,,,,
284,FCP MALLPLAZA COMPARTIMENTO UNO,130205300,130205,EMISORES NACIONALES,109999123415,82552056559,Assets,,Inversiones,ActivosFinancierosCorrientesValorRazonableCambiosResultadosInversiones,InversionesNegociables,NegociablesInstrumentosPatrimonio,,NetAssetsLiabilities,,,,
284,FCP MALLPLAZA COMPARTIMENTO UNO,161695001,161695,"(M1) SCOTIABANK Cta No,92097629","18632931,01","2365070,48",Assets,,TradeAndOtherReceivables,,,,,NetAssetsLiabilities,,,,
284,FCP MALLPLAZA COMPARTIMENTO UNO,161695005,161695,"(M1) BANCOLOMBIA Cau No,03191346156","100888,94","913979,29",Assets,,TradeAndOtherReceivables,,,,,NetAssetsLiabilities,,,,
284,FCP MALLPLAZA COMPARTIMENTO UNO,161695015,161695,GASTOS VARIOS DE ADMON,0,"157,16",Assets,,TradeAndOtherReceivables,,,,,NetAssetsLiabilities,,,,
284,FCP MALLPLAZA COMPARTIMENTO UNO,161695999,161695,PROVEEDORES,0,0,Assets,,TradeAndOtherReceivables,,,,,NetAssetsLiabilities,,,,
284,FCP MALLPLAZA COMPARTIMENTO UNO,161695999,161695,PROVEEDORES,0,0,Assets,,TradeAndOtherReceivables,,,,,NetAssetsLiabilities,,,,
284,FCP MALLPLAZA COMPARTIMENTO UNO,161695999,161695,PROVEEDORES,0,0,Assets,,TradeAndOtherReceivables,,,,,NetAssetsLiabilities,,,,
284,FCP MALLPLAZA COMPARTIMENTO UNO,192595030,192595,COMISION ADMINISTRACION,0,0,Assets,,OtherNonfinancialAssets,,,,,NetAssetsLiabilities,,,,
284,FCP MALLPLAZA COMPARTIMENTO UNO,243505010,243505,CREDITOS,-394860000000,-390360000000,EquityAndLiabilities,Liabilities,TradeAndOtherPayables,,,,,NetAssetsLiabilities,,,,
284,FCP MALLPLAZA COMPARTIMENTO UNO,250110015,250110,COMISION DE ADMINISTRACION,-105400968,"-113097209,8",EquityAndLiabilities,Liabilities,TradeAndOtherPayables,,,,,NetAssetsLiabilities,,,,
284,FCP MALLPLAZA COMPARTIMENTO UNO,250295050,250295,OTROS PROVEEDORES,0,0,EquityAndLiabilities,Liabilities,TradeAndOtherPayables,,,,,NetAssetsLiabilities,,,,
284,FCP MALLPLAZA COMPARTIMENTO UNO,250305011,250305,RENDIMIENTOS FINANCIEROS CAPITALIZADOS,0,0,EquityAndLiabilities,Liabilities,TradeAndOtherPayables,,,,,NetAssetsLiabilities,,,,
284,FCP MALLPLAZA COMPARTIMENTO UNO,250305020,250305,RTE FTE PROVEEDORES,0,0,EquityAndLiabilities,Liabilities,TradeAndOtherPayables,,,,,NetAssetsLiabilities,,,,
284,FCP MALLPLAZA COMPARTIMENTO UNO,253105110,253105,CUENTA COMPENSACION,-5415000000,-5890801643,EquityAndLiabilities,Liabilities,TradeAndOtherPayables,,,,,NetAssetsLiabilities,,,,
284,FCP MALLPLAZA COMPARTIMENTO UNO,410805300,410805,EMISORES NACIONALES,0,-330429576128,EquityAndLiabilities,Equity,EquityAttributableToOwnersOfParent,OtherEquityInterest,ProfitLossFromContinuingOperations,ProfitLoss,ProfitLossBeforeTax,ProfitLossFromOperatingActivities,OtherExpenseByNature,,,AdjustmentsForDecreaseIncreaseInOtherCurrentAssets
284,FCP MALLPLAZA COMPARTIMENTO UNO,411495999,411495,OTROS,0,"-0,68",EquityAndLiabilities,Equity,EquityAttributableToOwnersOfParent,OtherEquityInterest,ProfitLossFromContinuingOperations,ProfitLoss,ProfitLossBeforeTax,ProfitLossFromOperatingActivities,Revenue,InterestIncomeOnCashAndCashEquivalents,,
284,FCP MALLPLAZA COMPARTIMENTO UNO,513015003,513015,REVISORIA FISCAL,0,5733749,EquityAndLiabilities,Equity,EquityAttributableToOwnersOfParent,OtherEquityInterest,ProfitLossFromContinuingOperations,ProfitLoss,ProfitLossBeforeTax,ProfitLossFromOperatingActivities,OtherExpenseByNature,,,
284,FCP MALLPLAZA COMPARTIMENTO UNO,514005011,514005,IMPOVENTAS,0,"113025847,9",EquityAndLiabilities,Equity,EquityAttributableToOwnersOfParent,OtherEquityInterest,ProfitLossFromContinuingOperations,ProfitLoss,ProfitLossBeforeTax,ProfitLossFromOperatingActivities,OtherExpenseByNature,,,
284,FCP MALLPLAZA COMPARTIMENTO UNO,519095999,519095,OTROS,0,"0,11",EquityAndLiabilities,Equity,EquityAttributableToOwnersOfParent,OtherEquityInterest,ProfitLossFromContinuingOperations,ProfitLoss,ProfitLossBeforeTax,ProfitLossFromOperatingActivities,OtherExpenseByNature,,,
284,FCP MALLPLAZA COMPARTIMENTO UNO,590505010,590505,CANCELACION DE INGRESOS RF,0,-5018087049,EquityAndLiabilities,Equity,EquityAttributableToOwnersOfParent,OtherEquityInterest,,,,,,,,
284,FCP MALLPLAZA COMPARTIMENTO UNO,590505015,590505,CANCELACION DE INGRESOS RV,0,334462571668,EquityAndLiabilities,Equity,EquityAttributableToOwnersOfParent,OtherEquityInterest,,,,,,,,
284,FCP MALLPLAZA COMPARTIMENTO UNO,829595998,829595,OTRAS CUENTAS DE ORDEN ACREEDORAS PESOS,-33074067271,-33074067271,EquityAndLiabilities,Equity,EquityAttributableToOwnersOfParent,,,,,,,,,
284,FCP MALLPLAZA COMPARTIMENTO UNO,830505010,830505,DEUDORAS POR CONTRA,-1832280085205,-2108992411304,EquityAndLiabilities,Equity,EquityAttributableToOwnersOfParent,,,,,,,,,
285,FCP MALLPLAZA COMPARTIMENTO FARO INMOBILIARIO,111505008,111505,"(MFI) BANCOLOMBIA Cta No,03191346172","8623172,57","116566617,9",Assets,,CashAndCashEquivalents,BalancesWithBanks,Cash,,,NetAssetsLiabilities,,,,
285,FCP MALLPLAZA COMPARTIMENTO FARO INMOBILIARIO,111505009,111505,"(MFA) BANCOLOMBIA Cta No,69000001720","41302,61","41914,96",Assets,,CashAndCashEquivalents,BalancesWithBanks,Cash,,,NetAssetsLiabilities,,,,
285,FCP MALLPLAZA COMPARTIMENTO FARO INMOBILIARIO,136000300,136000,INVERSIONES DERECHOS FIDUCIARIOS,20062107722,30451396019,Assets,,Inversiones,ActivosFinancierosCorrientesValorRazonableCambiosResultadosInversiones,InversionesNegociables,NegociablesInstrumentosPatrimonio,,NetAssetsLiabilities,,,,
285,FCP MALLPLAZA COMPARTIMENTO FARO INMOBILIARIO,161695008,161695,"(MFI) BANCOLOMBIA Cau No,03191346172","6144,02","120433,24",Assets,,TradeAndOtherReceivables,,,,,NetAssetsLiabilities,,,,
273,FCP INMOBILIARIO GRUPO PEGASUS COLOMBIA FONDO I - COMPARTIMENTO I,519095030,519095,VALORIZACION FONDOS ABIERTOS,0,0,EquityAndLiabilities,Equity,EquityAttributableToOwnersOfParent,OtherEquityInterest,ProfitLossFromContinuingOperations,ProfitLoss,ProfitLossBeforeTax,ProfitLossFromOperatingActivities,OtherExpenseByNature,,,
273,FCP INMOBILIARIO GRUPO PEGASUS COLOMBIA FONDO I - COMPARTIMENTO I,519095999,519095,OTROS,0,"0,04",EquityAndLiabilities,Equity,EquityAttributableToOwnersOfParent,OtherEquityInterest,ProfitLossFromContinuingOperations,ProfitLoss,ProfitLossBeforeTax,ProfitLossFromOperatingActivities,OtherExpenseByNature,,,
273,FCP INMOBILIARIO GRUPO PEGASUS COLOMBIA FONDO I - COMPARTIMENTO I,590505010,590505,CANCELACION DE INGRESOS RF,0,"-77863638,17",EquityAndLiabilities,Equity,EquityAttributableToOwnersOfParent,OtherEquityInterest,,,,,,,,
273,FCP INMOBILIARIO GRUPO PEGASUS COLOMBIA FONDO I - COMPARTIMENTO I,830505010,830505,DEUDORAS POR CONTRA,-268734850626,-161878104500,EquityAndLiabilities,Equity,EquityAttributableToOwnersOfParent,,,,,,,,,
282,FCP TC LATAM - COMPARTIMENTO G,111505012,111505,"(TG) BANCOLOMBIA Cta No,03173150724",6177773153,2106894873,Assets,,CashAndCashEquivalents,BalancesWithBanks,Cash,,,NetAssetsLiabilities,,,,
282,FCP TC LATAM - COMPARTIMENTO G,136000300,136000,INVERSIONES DERECHOS FIDUCIARIOS,895899884,103053798214,Assets,,Inversiones,ActivosFinancierosCorrientesValorRazonableCambiosResultadosInversiones,InversionesNegociables,NegociablesInstrumentosPatrimonio,,NetAssetsLiabilities,,,,
282,FCP TC LATAM - COMPARTIMENTO G,136005010,136005,INVERSIONES DERECHOS FIDUCIARIOS,117907766769,0,Assets,,Inversiones,ActivosFinancierosCorrientesValorRazonableCambiosResultadosInversiones,InversionesNegociables,NegociablesInstrumentosPatrimonio,,NetAssetsLiabilities,,,,
282,FCP TC LATAM - COMPARTIMENTO G,161695011,161695,GASTOS CHEQUES DE GERENCIA,0,0,Assets,,TradeAndOtherReceivables,,,,,NetAssetsLiabilities,,,,
282,FCP TC LATAM - COMPARTIMENTO G,161695015,161695,GASTOS VARIOS DE ADMON,0,0,Assets,,TradeAndOtherReceivables,,,,,NetAssetsLiabilities,,,,
282,FCP TC LATAM - COMPARTIMENTO G,161695045,161695,CUENTA CORRIENTE,0,6552823094,Assets,,TradeAndOtherReceivables,,,,,NetAssetsLiabilities,,,,
282,FCP TC LATAM - COMPARTIMENTO G,161695999,161695,PROVEEDORES,0,0,Assets,,TradeAndOtherReceivables,,,,,NetAssetsLiabilities,,,,
282,FCP TC LATAM - COMPARTIMENTO G,192595030,192595,AMORTIZACIÓN COMISIÓN DE ADMÓN,0,0,Assets,,OtherNonfinancialAssets,,,,,NetAssetsLiabilities,,,,
282,FCP TC LATAM - COMPARTIMENTO G,250105010,250105,HONORARIOS,0,0,EquityAndLiabilities,Liabilities,TradeAndOtherPayables,,,,,NetAssetsLiabilities,,,,
282,FCP TC LATAM - COMPARTIMENTO G,250110010,250110,COMISION CUSTODIA FIJA,0,0,EquityAndLiabilities,Liabilities,TradeAndOtherPayables,,,,,NetAssetsLiabilities,,,,
282,FCP TC LATAM - COMPARTIMENTO G,250305011,250305,RENDIMIENTOS FINANCIEROS CAPITALIZADOS,0,0,EquityAndLiabilities,Liabilities,TradeAndOtherPayables,,,,,NetAssetsLiabilities,,,,
282,FCP TC LATAM - COMPARTIMENTO G,250305020,250305,RTE FTE PROVEEDORES,0,0,EquityAndLiabilities,Liabilities,TradeAndOtherPayables,,,,,NetAssetsLiabilities,,,,
282,FCP TC LATAM - COMPARTIMENTO G,253105003,253105,CUENTA CORRIENTE IBA,0,0,EquityAndLiabilities,Liabilities,TradeAndOtherPayables,,,,,NetAssetsLiabilities,,,,
282,FCP TC LATAM - COMPARTIMENTO G,253105110,253105,CUENTA COMPENSACION,-1868491522,-8558111421,EquityAndLiabilities,Liabilities,TradeAndOtherPayables,,,,,NetAssetsLiabilities,,,,
282,FCP TC LATAM - COMPARTIMENTO G,411495012,411495,"(TG) BANCOLOMBIA Cau No,03173150724",0,"-41652380,74",EquityAndLiabilities,Equity,EquityAttributableToOwnersOfParent,OtherEquityInterest,ProfitLossFromContinuingOperations,ProfitLoss,ProfitLossBeforeTax,ProfitLossFromOperatingActivities,Revenue,InterestIncomeOnCashAndCashEquivalents,,
282,FCP TC LATAM - COMPARTIMENTO G,411495999,411495,OTROS,0,"-807946,21",EquityAndLiabilities,Equity,EquityAttributableToOwnersOfParent,OtherEquityInterest,ProfitLossFromContinuingOperations,ProfitLoss,ProfitLossBeforeTax,ProfitLossFromOperatingActivities,Revenue,InterestIncomeOnCashAndCashEquivalents,,
282,FCP TC LATAM - COMPARTIMENTO G,510805010,510805,POR DISMINUCION EN EL VALOR RAZONABLE,0,12565169123,EquityAndLiabilities,Equity,EquityAttributableToOwnersOfParent,OtherEquityInterest,ProfitLossFromContinuingOperations,ProfitLoss,ProfitLossBeforeTax,ProfitLossFromOperatingActivities,OtherExpenseByNature,,,AdjustmentsForDecreaseIncreaseInOtherCurrentAssets
282,FCP TC LATAM - COMPARTIMENTO G,511512010,511512,GASTOS BANCARIOS,0,"199837,73",EquityAndLiabilities,Equity,EquityAttributableToOwnersOfParent,OtherEquityInterest,ProfitLossFromContinuingOperations,ProfitLoss,ProfitLossBeforeTax,ProfitLossFromOperatingActivities,OtherExpenseByNature,OtherFeeAndCommissionExpense,FeeAndCommissionExpense,FeeAndCommissionIncomeExpense
282,FCP TC LATAM - COMPARTIMENTO G,511548010,511548,"COMISION DE ADMINISTRACION R,F,",0,"67482035,66",EquityAndLiabilities,Equity,EquityAttributableToOwnersOfParent,OtherEquityInterest,ProfitLossFromContinuingOperations,ProfitLoss,ProfitLossBeforeTax,ProfitLossFromOperatingActivities,OtherExpenseByNature,OtherFeeAndCommissionExpense,FeeAndCommissionExpense,FeeAndCommissionIncomeExpense
282,FCP TC LATAM - COMPARTIMENTO G,511595015,511595,OTRAS COMISIONES,0,7293686,EquityAndLiabilities,Equity,EquityAttributableToOwnersOfParent,OtherEquityInterest,ProfitLossFromContinuingOperations,ProfitLoss,ProfitLossBeforeTax,ProfitLossFromOperatingActivities,OtherExpenseByNature,OtherFeeAndCommissionExpense,FeeAndCommissionExpense,FeeAndCommissionIncomeExpense
282,FCP TC LATAM - COMPARTIMENTO G,514005011,514005,IMPOVENTAS,0,"1976425,53",EquityAndLiabilities,Equity,EquityAttributableToOwnersOfParent,OtherEquityInterest,ProfitLossFromContinuingOperations,ProfitLoss,ProfitLossBeforeTax,ProfitLossFromOperatingActivities,OtherExpenseByNature,,,
282,FCP TC LATAM - COMPARTIMENTO G,519095999,519095,OTROS,0,0,EquityAndLiabilities,Equity,EquityAttributableToOwnersOfParent,OtherEquityInterest,ProfitLossFromContinuingOperations,ProfitLoss,ProfitLossBeforeTax,ProfitLossFromOperatingActivities,OtherExpenseByNature,,,
282,FCP TC LATAM - COMPARTIMENTO G,810505205,810505,EMISORES NACIONALES,136245377511,117110351677,EquityAndLiabilities,Equity,EquityAttributableToOwnersOfParent,,,,,,,,,
284,FCP MALLPLAZA COMPARTIMENTO UNO,111505001,111505,"(M1) SCOTIABANK Cta No,92097629","654630770,7","274718555,6",Assets,,CashAndCashEquivalents,BalancesWithBanks,Cash,,,NetAssetsLiabilities,,,,
284,FCP MALLPLAZA COMPARTIMENTO UNO,130115115,130115,OTROS EMISORES NACIONALES,105171825831,105171825831,Assets,,Inversiones,ActivosFinancierosCorrientesValorRazonableCambiosResultadosInversiones,InversionesNegociables,NegociablesInstrumentosDeuda,,NetAssetsLiabilities,,,,
284,FCP MALLPLAZA COMPARTIMENTO UNO,136000300,136000,INVERSIONES DERECHOS FIDUCIARIOS,1727108259374,2003820585473,Assets,,Inversiones,ActivosFinancierosCorrientesValorRazonableCambiosResultadosInversiones,InversionesNegociables,NegociablesInstrumentosPatrimonio,,NetAssetsLiabilities,,,,
284,FCP MALLPLAZA COMPARTIMENTO UNO,161620010,161620,INTERESES,2568646073,2602028286,Assets,,TradeAndOtherReceivables,,,,,NetAssetsLiabilities,,,,
284,FCP MALLPLAZA COMPARTIMENTO UNO,161695045,161695,CUENTA CORRIENTE,0,0,Assets,,TradeAndOtherReceivables,,,,,NetAssetsLiabilities,,,,
284,FCP MALLPLAZA COMPARTIMENTO UNO,161695999,161695,PROVEEDORES,0,0,Assets,,TradeAndOtherReceivables,,,,,NetAssetsLiabilities,,,,
284,FCP MALLPLAZA COMPARTIMENTO UNO,163205010,163205,ANTICIPOS A CONTRATOS Y PROVEEDORES,99805440000,99798240000,Assets,,TradeAndOtherReceivables,,,,,NetAssetsLiabilities,,,,
284,FCP MALLPLAZA COMPARTIMENTO UNO,250110010,250110,COMISION CUSTODIA FIJA,0,0,EquityAndLiabilities,Liabilities,TradeAndOtherPayables,,,,,NetAssetsLiabilities,,,,
285,FCP MALLPLAZA COMPARTIMENTO FARO INMOBILIARIO,161695009,161695,"(MFA) BANCOLOMBIA Cau No,69000001720","2683,15","2681,31",Assets,,TradeAndOtherReceivables,,,,,NetAssetsLiabilities,,,,
285,FCP MALLPLAZA COMPARTIMENTO FARO INMOBILIARIO,161695015,161695,GASTOS VARIOS DE ADMON,0,"4,09",Assets,,TradeAndOtherReceivables,,,,,NetAssetsLiabilities,,,,
285,FCP MALLPLAZA COMPARTIMENTO FARO INMOBILIARIO,161695045,161695,CUENTA CORRIENTE,"0,25",0,Assets,,TradeAndOtherReceivables,,,,,NetAssetsLiabilities,,,,
285,FCP MALLPLAZA COMPARTIMENTO FARO INMOBILIARIO,161695999,161695,PROVEEDORES,0,0,Assets,,TradeAndOtherReceivables,,,,,NetAssetsLiabilities,,,,
285,FCP MALLPLAZA COMPARTIMENTO FARO INMOBILIARIO,192595030,192595,COMISION ADMINISTRACION,0,0,Assets,,OtherNonfinancialAssets,,,,,NetAssetsLiabilities,,,,
285,FCP MALLPLAZA COMPARTIMENTO FARO INMOBILIARIO,250110010,250110,COMISION CUSTODIA FIJA,0,0,EquityAndLiabilities,Liabilities,TradeAndOtherPayables,,,,,NetAssetsLiabilities,,,,
285,FCP MALLPLAZA COMPARTIMENTO FARO INMOBILIARIO,250305011,250305,RENDIMIENTOS FINANCIEROS CAPITALIZADOS,0,0,EquityAndLiabilities,Liabilities,TradeAndOtherPayables,,,,,NetAssetsLiabilities,,,,
285,FCP MALLPLAZA COMPARTIMENTO FARO INMOBILIARIO,253105003,253105,CUENTA CORRIENTE IBA,0,0,EquityAndLiabilities,Liabilities,TradeAndOtherPayables,,,,,NetAssetsLiabilities,,,,
285,FCP MALLPLAZA COMPARTIMENTO FARO INMOBILIARIO,253105110,253105,CUENTA COMPENSACION,0,"-294,57",EquityAndLiabilities,Liabilities,TradeAndOtherPayables,,,,,NetAssetsLiabilities,,,,
285,FCP MALLPLAZA COMPARTIMENTO FARO INMOBILIARIO,411495999,411495,OTROS,0,"-0,42",EquityAndLiabilities,Equity,EquityAttributableToOwnersOfParent,OtherEquityInterest,ProfitLossFromContinuingOperations,ProfitLoss,ProfitLossBeforeTax,ProfitLossFromOperatingActivities,Revenue,InterestIncomeOnCashAndCashEquivalents,,
285,FCP MALLPLAZA COMPARTIMENTO FARO INMOBILIARIO,511548010,511548,"COMISION DE ADMINISTRACION R,F,",0,"4601894,21",EquityAndLiabilities,Equity,EquityAttributableToOwnersOfParent,OtherEquityInterest,ProfitLossFromContinuingOperations,ProfitLoss,ProfitLossBeforeTax,ProfitLossFromOperatingActivities,OtherExpenseByNature,OtherFeeAndCommissionExpense,FeeAndCommissionExpense,FeeAndCommissionIncomeExpense
285,FCP MALLPLAZA COMPARTIMENTO FARO INMOBILIARIO,514005011,514005,IMPOVENTAS,0,"1265418,4",EquityAndLiabilities,Equity,EquityAttributableToOwnersOfParent,OtherEquityInterest,ProfitLossFromContinuingOperations,ProfitLoss,ProfitLossBeforeTax,ProfitLossFromOperatingActivities,OtherExpenseByNature,,,
285,FCP MALLPLAZA COMPARTIMENTO FARO INMOBILIARIO,519095045,519095,OTROS GTOS OPERACIONALES,0,"1816,67",EquityAndLiabilities,Equity,EquityAttributableToOwnersOfParent,OtherEquityInterest,ProfitLossFromContinuingOperations,ProfitLoss,ProfitLossBeforeTax,ProfitLossFromOperatingActivities,OtherExpenseByNature,,,
285,FCP MALLPLAZA COMPARTIMENTO FARO INMOBILIARIO,519095999,519095,OTROS,0,"0,27",EquityAndLiabilities,Equity,EquityAttributableToOwnersOfParent,OtherEquityInterest,ProfitLossFromContinuingOperations,ProfitLoss,ProfitLossBeforeTax,ProfitLossFromOperatingActivities,OtherExpenseByNature,,,
285,FCP MALLPLAZA COMPARTIMENTO FARO INMOBILIARIO,590505010,590505,CANCELACION DE INGRESOS RF,0,"-9501452,43",EquityAndLiabilities,Equity,EquityAttributableToOwnersOfParent,OtherEquityInterest,,,,,,,,
285,FCP MALLPLAZA COMPARTIMENTO FARO INMOBILIARIO,590505015,590505,CANCELACION DE INGRESOS RV,0,10506770861,EquityAndLiabilities,Equity,EquityAttributableToOwnersOfParent,OtherEquityInterest,,,,,,,,
285,FCP MALLPLAZA COMPARTIMENTO FARO INMOBILIARIO,829595998,829595,OTRAS CUENTAS DE ORDEN ACREEDORAS PESOS,-3395241898,-3395241898,EquityAndLiabilities,Equity,EquityAttributableToOwnersOfParent,,,,,,,,,
285,FCP MALLPLAZA COMPARTIMENTO FARO INMOBILIARIO,830505010,830505,DEUDORAS POR CONTRA,-20062107722,-30451396019,EquityAndLiabilities,Equity,EquityAttributableToOwnersOfParent,,,,,,,,,
285,FCP MALLPLAZA COMPARTIMENTO FARO INMOBILIARIO,840505998,840505,ACREEDORAS POR CONTRA PESOS,3395241898,3395241898,EquityAndLiabilities,Equity,EquityAttributableToOwnersOfParent,,,,,,,,,
286,FCP MALLPLAZA COMPARTIMENTO AS CONSTRUCCIONES,136000300,136000,INVERSIONES DERECHOS FIDUCIARIOS,131563922480,146639438080,Assets,,Inversiones,ActivosFinancierosCorrientesValorRazonableCambiosResultadosInversiones,InversionesNegociables,NegociablesInstrumentosPatrimonio,,NetAssetsLiabilities,,,,
286,FCP MALLPLAZA COMPARTIMENTO AS CONSTRUCCIONES,161695015,161695,GASTOS VARIOS DE ADMON,0,"16,36",Assets,,TradeAndOtherReceivables,,,,,NetAssetsLiabilities,,,,
286,FCP MALLPLAZA COMPARTIMENTO AS CONSTRUCCIONES,161695999,161695,PROVEEDORES,0,0,Assets,,TradeAndOtherReceivables,,,,,NetAssetsLiabilities,,,,
286,FCP MALLPLAZA COMPARTIMENTO AS CONSTRUCCIONES,192595030,192595,COMISION ADMINISTRACION,0,0,Assets,,OtherNonfinancialAssets,,,,,NetAssetsLiabilities,,,,
286,FCP MALLPLAZA COMPARTIMENTO AS CONSTRUCCIONES,243505010,243505,CREDITOS,-63205689636,-59491709166,EquityAndLiabilities,Liabilities,TradeAndOtherPayables,,,,,NetAssetsLiabilities,,,,
286,FCP MALLPLAZA COMPARTIMENTO AS CONSTRUCCIONES,250110010,250110,COMISION CUSTODIA FIJA,0,0,EquityAndLiabilities,Liabilities,TradeAndOtherPayables,,,,,NetAssetsLiabilities,,,,
286,FCP MALLPLAZA COMPARTIMENTO AS CONSTRUCCIONES,250225010,250225,GASTOS FINANCIEROS,0,0,EquityAndLiabilities,Liabilities,TradeAndOtherPayables,,,,,NetAssetsLiabilities,,,,
286,FCP MALLPLAZA COMPARTIMENTO AS CONSTRUCCIONES,250305011,250305,RENDIMIENTOS FINANCIEROS CAPITALIZADOS,0,0,EquityAndLiabilities,Liabilities,TradeAndOtherPayables,,,,,NetAssetsLiabilities,,,,
286,FCP MALLPLAZA COMPARTIMENTO AS CONSTRUCCIONES,250305020,250305,RTE FTE PROVEEDORES,0,0,EquityAndLiabilities,Liabilities,TradeAndOtherPayables,,,,,NetAssetsLiabilities,,,,
286,FCP MALLPLAZA COMPARTIMENTO AS CONSTRUCCIONES,253105003,253105,CUENTA CORRIENTE IBA,0,0,EquityAndLiabilities,Liabilities,TradeAndOtherPayables,,,,,NetAssetsLiabilities,,,,
286,FCP MALLPLAZA COMPARTIMENTO AS CONSTRUCCIONES,253105110,253105,CUENTA COMPENSACION,-1178609757,-1239700991,EquityAndLiabilities,Liabilities,TradeAndOtherPayables,,,,,NetAssetsLiabilities,,,,
286,FCP MALLPLAZA COMPARTIMENTO AS CONSTRUCCIONES,511512010,511512,GASTOS BANCARIOS,0,"8193,28",EquityAndLiabilities,Equity,EquityAttributableToOwnersOfParent,OtherEquityInterest,ProfitLossFromContinuingOperations,ProfitLoss,ProfitLossBeforeTax,ProfitLossFromOperatingActivities,OtherExpenseByNature,OtherFeeAndCommissionExpense,FeeAndCommissionExpense,FeeAndCommissionIncomeExpense
286,FCP MALLPLAZA COMPARTIMENTO AS CONSTRUCCIONES,511548010,511548,"COMISION DE ADMINISTRACION R,F,",0,"13866053,75",EquityAndLiabilities,Equity,EquityAttributableToOwnersOfParent,OtherEquityInterest,ProfitLossFromContinuingOperations,ProfitLoss,ProfitLossBeforeTax,ProfitLossFromOperatingActivities,OtherExpenseByNature,OtherFeeAndCommissionExpense,FeeAndCommissionExpense,FeeAndCommissionIncomeExpense
286,FCP MALLPLAZA COMPARTIMENTO AS CONSTRUCCIONES,514005011,514005,IMPOVENTAS,0,"3472531,75",EquityAndLiabilities,Equity,EquityAttributableToOwnersOfParent,OtherEquityInterest,ProfitLossFromContinuingOperations,ProfitLoss,ProfitLossBeforeTax,ProfitLossFromOperatingActivities,OtherExpenseByNature,,,
284,FCP MALLPLAZA COMPARTIMENTO UNO,250225010,250225,GASTOS FINANCIEROS,0,0,EquityAndLiabilities,Liabilities,TradeAndOtherPayables,,,,,NetAssetsLiabilities,,,,
284,FCP MALLPLAZA COMPARTIMENTO UNO,250295050,250295,OTROS PROVEEDORES,0,0,EquityAndLiabilities,Liabilities,TradeAndOtherPayables,,,,,NetAssetsLiabilities,,,,
284,FCP MALLPLAZA COMPARTIMENTO UNO,250295050,250295,OTROS PROVEEDORES,0,0,EquityAndLiabilities,Liabilities,TradeAndOtherPayables,,,,,NetAssetsLiabilities,,,,
284,FCP MALLPLAZA COMPARTIMENTO UNO,250295050,250295,OTROS PROVEEDORES,0,0,EquityAndLiabilities,Liabilities,TradeAndOtherPayables,,,,,NetAssetsLiabilities,,,,
284,FCP MALLPLAZA COMPARTIMENTO UNO,250305020,250305,RTE FTE PROVEEDORES,0,0,EquityAndLiabilities,Liabilities,TradeAndOtherPayables,,,,,NetAssetsLiabilities,,,,
284,FCP MALLPLAZA COMPARTIMENTO UNO,250305020,250305,RTE FTE PROVEEDORES,0,0,EquityAndLiabilities,Liabilities,TradeAndOtherPayables,,,,,NetAssetsLiabilities,,,,
284,FCP MALLPLAZA COMPARTIMENTO UNO,250305020,250305,RTE FTE PROVEEDORES,0,0,EquityAndLiabilities,Liabilities,TradeAndOtherPayables,,,,,NetAssetsLiabilities,,,,
284,FCP MALLPLAZA COMPARTIMENTO UNO,253105003,253105,CUENTA CORRIENTE IBA,0,0,EquityAndLiabilities,Liabilities,TradeAndOtherPayables,,,,,NetAssetsLiabilities,,,,
284,FCP MALLPLAZA COMPARTIMENTO UNO,352505010,352505,PARTICIPACIONES EN FDO DE INVERSIÓN COLE,-1645152554087,-1897897038706,EquityAndLiabilities,Equity,EquityAttributableToOwnersOfParent,OtherEquityInterest,,,,,,,,
284,FCP MALLPLAZA COMPARTIMENTO UNO,410395010,410395,OTROS INTERESES,0,-5992617418,EquityAndLiabilities,Equity,EquityAttributableToOwnersOfParent,OtherEquityInterest,ProfitLossFromContinuingOperations,ProfitLoss,ProfitLossBeforeTax,ProfitLossFromOperatingActivities,OtherExpenseByNature,OtherRevenue,,
284,FCP MALLPLAZA COMPARTIMENTO UNO,411495001,411495,"(M1) SCOTIABANK Cta No,92097629",0,"-3819924,44",EquityAndLiabilities,Equity,EquityAttributableToOwnersOfParent,OtherEquityInterest,ProfitLossFromContinuingOperations,ProfitLoss,ProfitLossBeforeTax,ProfitLossFromOperatingActivities,Revenue,InterestIncomeOnCashAndCashEquivalents,,
284,FCP MALLPLAZA COMPARTIMENTO UNO,411495005,411495,"(M1) BANCOLOMBIA Cau No,03191346156",0,"-36633005,04",EquityAndLiabilities,Equity,EquityAttributableToOwnersOfParent,OtherEquityInterest,ProfitLossFromContinuingOperations,ProfitLoss,ProfitLossBeforeTax,ProfitLossFromOperatingActivities,Revenue,InterestIncomeOnCashAndCashEquivalents,,
284,FCP MALLPLAZA COMPARTIMENTO UNO,411495015,411495,RENDIMIENTOS INVERSIONES EN FICS,0,-4902933143,EquityAndLiabilities,Equity,EquityAttributableToOwnersOfParent,OtherEquityInterest,ProfitLossFromContinuingOperations,ProfitLoss,ProfitLossBeforeTax,ProfitLossFromOperatingActivities,Revenue,InterestIncomeOnCashAndCashEquivalents,,
284,FCP MALLPLAZA COMPARTIMENTO UNO,510310010,510310,CREDITOS BANCOS,0,10543765713,EquityAndLiabilities,Equity,EquityAttributableToOwnersOfParent,OtherEquityInterest,ProfitLossFromContinuingOperations,ProfitLoss,ProfitLossBeforeTax,ProfitLossFromOperatingActivities,OtherExpenseByNature,,,
284,FCP MALLPLAZA COMPARTIMENTO UNO,510805010,510805,POR DISMINUCION EN EL VALOR RAZONABLE,0,"28,96",EquityAndLiabilities,Equity,EquityAttributableToOwnersOfParent,OtherEquityInterest,ProfitLossFromContinuingOperations,ProfitLoss,ProfitLossBeforeTax,ProfitLossFromOperatingActivities,OtherExpenseByNature,,,AdjustmentsForDecreaseIncreaseInOtherCurrentAssets
284,FCP MALLPLAZA COMPARTIMENTO UNO,511325010,511325,COMISION CUSTODIA FIJA,0,"157963937,5",EquityAndLiabilities,Equity,EquityAttributableToOwnersOfParent,OtherEquityInterest,ProfitLossFromContinuingOperations,ProfitLoss,ProfitLossBeforeTax,ProfitLossFromOperatingActivities,OtherExpenseByNature,BrokerageFeeExpense,FeeAndCommissionExpense,FeeAndCommissionIncomeExpense
284,FCP MALLPLAZA COMPARTIMENTO UNO,511512010,511512,GASTOS BANCARIOS,0,"34723,23",EquityAndLiabilities,Equity,EquityAttributableToOwnersOfParent,OtherEquityInterest,ProfitLossFromContinuingOperations,ProfitLoss,ProfitLossBeforeTax,ProfitLossFromOperatingActivities,OtherExpenseByNature,OtherFeeAndCommissionExpense,FeeAndCommissionExpense,FeeAndCommissionIncomeExpense
284,FCP MALLPLAZA COMPARTIMENTO UNO,511548010,511548,"COMISION DE ADMINISTRACION R,F,",0,"319371539,8",EquityAndLiabilities,Equity,EquityAttributableToOwnersOfParent,OtherEquityInterest,ProfitLossFromContinuingOperations,ProfitLoss,ProfitLossBeforeTax,ProfitLossFromOperatingActivities,OtherExpenseByNature,OtherFeeAndCommissionExpense,FeeAndCommissionExpense,FeeAndCommissionIncomeExpense
284,FCP MALLPLAZA COMPARTIMENTO UNO,513025010,513025,ASESORIAS LEGALES Y/O JURIDICAS,0,270000000,EquityAndLiabilities,Equity,EquityAttributableToOwnersOfParent,OtherEquityInterest,ProfitLossFromContinuingOperations,ProfitLoss,ProfitLossBeforeTax,ProfitLossFromOperatingActivities,OtherExpenseByNature,,,
284,FCP MALLPLAZA COMPARTIMENTO UNO,513095090,513095,OTROS HONORARIOS,0,168178795,EquityAndLiabilities,Equity,EquityAttributableToOwnersOfParent,OtherEquityInterest,ProfitLossFromContinuingOperations,ProfitLoss,ProfitLossBeforeTax,ProfitLossFromOperatingActivities,OtherExpenseByNature,,,
284,FCP MALLPLAZA COMPARTIMENTO UNO,514005010,514005,IMPUESTO A LOS MOVIMIENTOS FINANCIEROS,0,"343020664,9",EquityAndLiabilities,Equity,EquityAttributableToOwnersOfParent,OtherEquityInterest,ProfitLossFromContinuingOperations,ProfitLoss,ProfitLossBeforeTax,ProfitLossFromOperatingActivities,OtherExpenseByNature,,,
284,FCP MALLPLAZA COMPARTIMENTO UNO,810505115,810505,OTROS EMISORES NACIONALES,105171825831,105171825831,EquityAndLiabilities,Equity,EquityAttributableToOwnersOfParent,,,,,,,,,
284,FCP MALLPLAZA COMPARTIMENTO UNO,810505205,810505,EMISORES NACIONALES,1727108259374,2003820585473,EquityAndLiabilities,Equity,EquityAttributableToOwnersOfParent,,,,,,,,,
284,FCP MALLPLAZA COMPARTIMENTO UNO,840505998,840505,ACREEDORAS POR CONTRA PESOS,33074067271,33074067271,EquityAndLiabilities,Equity,EquityAttributableToOwnersOfParent,,,,,,,,,
285,FCP MALLPLAZA COMPARTIMENTO FARO INMOBILIARIO,250110015,250110,COMISION DE ADMINISTRACION,"-1303707,64","-1380649,95",EquityAndLiabilities,Liabilities,TradeAndOtherPayables,,,,,NetAssetsLiabilities,,,,
285,FCP MALLPLAZA COMPARTIMENTO FARO INMOBILIARIO,250295050,250295,OTROS PROVEEDORES,0,0,EquityAndLiabilities,Liabilities,TradeAndOtherPayables,,,,,NetAssetsLiabilities,,,,
285,FCP MALLPLAZA COMPARTIMENTO FARO INMOBILIARIO,250305020,250305,RTE FTE PROVEEDORES,0,0,EquityAndLiabilities,Liabilities,TradeAndOtherPayables,,,,,NetAssetsLiabilities,,,,
285,FCP MALLPLAZA COMPARTIMENTO FARO INMOBILIARIO,352505010,352505,PARTICIPACIONES EN FDO DE INVERSIÓN COLE,-20069477317,-30566746726,EquityAndLiabilities,Equity,EquityAttributableToOwnersOfParent,OtherEquityInterest,,,,,,,,
285,FCP MALLPLAZA COMPARTIMENTO FARO INMOBILIARIO,410805300,410805,EMISORES NACIONALES,0,-10509288299,EquityAndLiabilities,Equity,EquityAttributableToOwnersOfParent,OtherEquityInterest,ProfitLossFromContinuingOperations,ProfitLoss,ProfitLossBeforeTax,ProfitLossFromOperatingActivities,OtherExpenseByNature,,,AdjustmentsForDecreaseIncreaseInOtherCurrentAssets
285,FCP MALLPLAZA COMPARTIMENTO FARO INMOBILIARIO,411495008,411495,"(MFI) BANCOLOMBIA Cau No,03191346172",0,"-543478,76",EquityAndLiabilities,Equity,EquityAttributableToOwnersOfParent,OtherEquityInterest,ProfitLossFromContinuingOperations,ProfitLoss,ProfitLossBeforeTax,ProfitLossFromOperatingActivities,Revenue,InterestIncomeOnCashAndCashEquivalents,,
285,FCP MALLPLAZA COMPARTIMENTO FARO INMOBILIARIO,411495009,411495,"(MFA) BANCOLOMBIA Cau No,69000001720",0,"-610,51",EquityAndLiabilities,Equity,EquityAttributableToOwnersOfParent,OtherEquityInterest,ProfitLossFromContinuingOperations,ProfitLoss,ProfitLossBeforeTax,ProfitLossFromOperatingActivities,Revenue,InterestIncomeOnCashAndCashEquivalents,,
285,FCP MALLPLAZA COMPARTIMENTO FARO INMOBILIARIO,510805010,510805,POR DISMINUCION EN EL VALOR RAZONABLE,0,"1,77",EquityAndLiabilities,Equity,EquityAttributableToOwnersOfParent,OtherEquityInterest,ProfitLossFromContinuingOperations,ProfitLoss,ProfitLossBeforeTax,ProfitLossFromOperatingActivities,OtherExpenseByNature,,,AdjustmentsForDecreaseIncreaseInOtherCurrentAssets
285,FCP MALLPLAZA COMPARTIMENTO FARO INMOBILIARIO,511325010,511325,COMISION CUSTODIA FIJA,0,"2461096,76",EquityAndLiabilities,Equity,EquityAttributableToOwnersOfParent,OtherEquityInterest,ProfitLossFromContinuingOperations,ProfitLoss,ProfitLossBeforeTax,ProfitLossFromOperatingActivities,OtherExpenseByNature,BrokerageFeeExpense,FeeAndCommissionExpense,FeeAndCommissionIncomeExpense
285,FCP MALLPLAZA COMPARTIMENTO FARO INMOBILIARIO,511512010,511512,GASTOS BANCARIOS,0,"2048,32",EquityAndLiabilities,Equity,EquityAttributableToOwnersOfParent,OtherEquityInterest,ProfitLossFromContinuingOperations,ProfitLoss,ProfitLossBeforeTax,ProfitLossFromOperatingActivities,OtherExpenseByNature,OtherFeeAndCommissionExpense,FeeAndCommissionExpense,FeeAndCommissionIncomeExpense
286,FCP MALLPLAZA COMPARTIMENTO AS CONSTRUCCIONES,590505010,590505,CANCELACION DE INGRESOS RF,0,-3186376416,EquityAndLiabilities,Equity,EquityAttributableToOwnersOfParent,OtherEquityInterest,,,,,,,,
286,FCP MALLPLAZA COMPARTIMENTO AS CONSTRUCCIONES,810505205,810505,EMISORES NACIONALES,131563922480,146639438080,EquityAndLiabilities,Equity,EquityAttributableToOwnersOfParent,,,,,,,,,
286,FCP MALLPLAZA COMPARTIMENTO AS CONSTRUCCIONES,830505010,830505,DEUDORAS POR CONTRA,-131563922480,-146639438080,EquityAndLiabilities,Equity,EquityAttributableToOwnersOfParent,,,,,,,,,
286,FCP MALLPLAZA COMPARTIMENTO AS CONSTRUCCIONES,840505998,840505,ACREEDORAS POR CONTRA PESOS,1356697841,1356697841,EquityAndLiabilities,Equity,EquityAttributableToOwnersOfParent,,,,,,,,,
292,FCP PALADIN REALTY COLOMBIA - COMPARTIMENTO A,130205300,130205,EMISORES NACIONALES,"165580817,5","132323884,8",Assets,,Inversiones,ActivosFinancierosCorrientesValorRazonableCambiosResultadosInversiones,InversionesNegociables,NegociablesInstrumentosPatrimonio,,NetAssetsLiabilities,,,,
292,FCP PALADIN REALTY COLOMBIA - COMPARTIMENTO A,130210300,130210,EMISORES EXTRANJEROS,3427210401,2963563246,Assets,,Inversiones,ActivosFinancierosCorrientesValorRazonableCambiosResultadosInversiones,InversionesNegociables,NegociablesInstrumentosPatrimonio,,NetAssetsLiabilities,,,,
292,FCP PALADIN REALTY COLOMBIA - COMPARTIMENTO A,161695005,161695,"BANCOLOMBIA Cau No,03183435387","74068,32","464521,13",Assets,,TradeAndOtherReceivables,,,,,NetAssetsLiabilities,,,,
292,FCP PALADIN REALTY COLOMBIA - COMPARTIMENTO A,161695015,161695,GASTOS VARIOS DE ADMON,"0,01",0,Assets,,TradeAndOtherReceivables,,,,,NetAssetsLiabilities,,,,
292,FCP PALADIN REALTY COLOMBIA - COMPARTIMENTO A,161695999,161695,PROVEEDORES,0,0,Assets,,TradeAndOtherReceivables,,,,,NetAssetsLiabilities,,,,
292,FCP PALADIN REALTY COLOMBIA - COMPARTIMENTO A,161695999,161695,PROVEEDORES,0,0,Assets,,TradeAndOtherReceivables,,,,,NetAssetsLiabilities,,,,
292,FCP PALADIN REALTY COLOMBIA - COMPARTIMENTO A,192595025,192595,COMISION ADMINISTRACION,0,0,Assets,,OtherNonfinancialAssets,,,,,NetAssetsLiabilities,,,,
292,FCP PALADIN REALTY COLOMBIA - COMPARTIMENTO A,192595030,192595,AMORTIZACION COMISION DE ADMON,0,0,Assets,,OtherNonfinancialAssets,,,,,NetAssetsLiabilities,,,,
292,FCP PALADIN REALTY COLOMBIA - COMPARTIMENTO A,250110015,250110,COMISION DE ADMINISTRACION,0,0,EquityAndLiabilities,Liabilities,TradeAndOtherPayables,,,,,NetAssetsLiabilities,,,,
292,FCP PALADIN REALTY COLOMBIA - COMPARTIMENTO A,250295050,250295,OTROS-PROVEEDORES,0,0,EquityAndLiabilities,Liabilities,TradeAndOtherPayables,,,,,NetAssetsLiabilities,,,,
292,FCP PALADIN REALTY COLOMBIA - COMPARTIMENTO A,250305011,250305,RENDIMIENTOS FINANCIEROS CAPITALIZADOS,0,0,EquityAndLiabilities,Liabilities,TradeAndOtherPayables,,,,,NetAssetsLiabilities,,,,
292,FCP PALADIN REALTY COLOMBIA - COMPARTIMENTO A,250305020,250305,RTE FTE PROVEEDORES,0,0,EquityAndLiabilities,Liabilities,TradeAndOtherPayables,,,,,NetAssetsLiabilities,,,,
292,FCP PALADIN REALTY COLOMBIA - COMPARTIMENTO A,250305020,250305,RTE FTE PROVEEDORES,0,0,EquityAndLiabilities,Liabilities,TradeAndOtherPayables,,,,,NetAssetsLiabilities,,,,
292,FCP PALADIN REALTY COLOMBIA - COMPARTIMENTO A,410805300,410805,EMISORES NACIONALES,0,0,EquityAndLiabilities,Equity,EquityAttributableToOwnersOfParent,OtherEquityInterest,ProfitLossFromContinuingOperations,ProfitLoss,ProfitLossBeforeTax,ProfitLossFromOperatingActivities,OtherExpenseByNature,,,AdjustmentsForDecreaseIncreaseInOtherCurrentAssets
292,FCP PALADIN REALTY COLOMBIA - COMPARTIMENTO A,411495005,411495,"BANCOLOMBIA Cau No,03183435387",0,"-11718480,24",EquityAndLiabilities,Equity,EquityAttributableToOwnersOfParent,OtherEquityInterest,ProfitLossFromContinuingOperations,ProfitLoss,ProfitLossBeforeTax,ProfitLossFromOperatingActivities,Revenue,InterestIncomeOnCashAndCashEquivalents,,
292,FCP PALADIN REALTY COLOMBIA - COMPARTIMENTO A,419595030,419595,OTROS,0,0,EquityAndLiabilities,Equity,EquityAttributableToOwnersOfParent,OtherEquityInterest,ProfitLossFromContinuingOperations,ProfitLoss,ProfitLossBeforeTax,ProfitLossFromOperatingActivities,Revenue,OtherRevenue,,
292,FCP PALADIN REALTY COLOMBIA - COMPARTIMENTO A,511595015,511595,OTRAS COMISIONES,0,"564079,8",EquityAndLiabilities,Equity,EquityAttributableToOwnersOfParent,OtherEquityInterest,ProfitLossFromContinuingOperations,ProfitLoss,ProfitLossBeforeTax,ProfitLossFromOperatingActivities,OtherExpenseByNature,OtherFeeAndCommissionExpense,FeeAndCommissionExpense,FeeAndCommissionIncomeExpense
292,FCP PALADIN REALTY COLOMBIA - COMPARTIMENTO A,513015003,513015,REVISORIA FISCAL,0,"593145,44",EquityAndLiabilities,Equity,EquityAttributableToOwnersOfParent,OtherEquityInterest,ProfitLossFromContinuingOperations,ProfitLoss,ProfitLossBeforeTax,ProfitLossFromOperatingActivities,OtherExpenseByNature,,,
292,FCP PALADIN REALTY COLOMBIA - COMPARTIMENTO A,514005011,514005,IMPOVENTAS,0,"606372,01",EquityAndLiabilities,Equity,EquityAttributableToOwnersOfParent,OtherEquityInterest,ProfitLossFromContinuingOperations,ProfitLoss,ProfitLossBeforeTax,ProfitLossFromOperatingActivities,OtherExpenseByNature,,,
292,FCP PALADIN REALTY COLOMBIA - COMPARTIMENTO A,519095999,519095,OTROS,0,"5521,55",EquityAndLiabilities,Equity,EquityAttributableToOwnersOfParent,OtherEquityInterest,ProfitLossFromContinuingOperations,ProfitLoss,ProfitLossBeforeTax,ProfitLossFromOperatingActivities,OtherExpenseByNature,,,
292,FCP PALADIN REALTY COLOMBIA - COMPARTIMENTO A,590505010,590505,CANCELACION DE INGRESOS RF,0,"-11343871,43",EquityAndLiabilities,Equity,EquityAttributableToOwnersOfParent,OtherEquityInterest,,,,,,,,
292,FCP PALADIN REALTY COLOMBIA - COMPARTIMENTO A,590505015,590505,CANCELACION DE INGRESOS RV,0,"-791980029,3",EquityAndLiabilities,Equity,EquityAttributableToOwnersOfParent,OtherEquityInterest,,,,,,,,
292,FCP PALADIN REALTY COLOMBIA - COMPARTIMENTO A,810505210,810505,EMISORES EXTRANJEROS,3427210401,2963563246,EquityAndLiabilities,Equity,EquityAttributableToOwnersOfParent,,,,,,,,,
292,FCP PALADIN REALTY COLOMBIA - COMPARTIMENTO A,830505010,830505,DEUDORAS POR CONTRA,-5483364924,-4901093960,EquityAndLiabilities,Equity,EquityAttributableToOwnersOfParent,,,,,,,,,
293,FCP PALADIN REALTY COLOMBIA - COMPARTIMENTO B,130205300,130205,EMISORES NACIONALES,8692992918,6947003953,Assets,,Inversiones,ActivosFinancierosCorrientesValorRazonableCambiosResultadosInversiones,InversionesNegociables,NegociablesInstrumentosPatrimonio,,NetAssetsLiabilities,,,,
293,FCP PALADIN REALTY COLOMBIA - COMPARTIMENTO B,136000300,136000,INVERSIONES DERECHOS FIDUCIARIOS,66697602497,62536539834,Assets,,Inversiones,ActivosFinancierosCorrientesValorRazonableCambiosResultadosInversiones,InversionesNegociables,NegociablesInstrumentosPatrimonio,,NetAssetsLiabilities,,,,
293,FCP PALADIN REALTY COLOMBIA - COMPARTIMENTO B,161695006,161695,"BANCOLOMBIA Cta No,03183435808","244453,89","1009157,41",Assets,,TradeAndOtherReceivables,,,,,NetAssetsLiabilities,,,,
293,FCP PALADIN REALTY COLOMBIA - COMPARTIMENTO B,161695015,161695,GASTOS VARIOS DE ADMON,0,0,Assets,,TradeAndOtherReceivables,,,,,NetAssetsLiabilities,,,,
293,FCP PALADIN REALTY COLOMBIA - COMPARTIMENTO B,161695999,161695,PROVEEDORES,0,0,Assets,,TradeAndOtherReceivables,,,,,NetAssetsLiabilities,,,,
293,FCP PALADIN REALTY COLOMBIA - COMPARTIMENTO B,192595030,192595,AMORTIZACION COMISION DE ADMON,0,0,Assets,,OtherNonfinancialAssets,,,,,NetAssetsLiabilities,,,,
285,FCP MALLPLAZA COMPARTIMENTO FARO INMOBILIARIO,513015003,513015,REVISORIA FISCAL,0,4199001,EquityAndLiabilities,Equity,EquityAttributableToOwnersOfParent,OtherEquityInterest,ProfitLossFromContinuingOperations,ProfitLoss,ProfitLossBeforeTax,ProfitLossFromOperatingActivities,OtherExpenseByNature,,,
285,FCP MALLPLAZA COMPARTIMENTO FARO INMOBILIARIO,514005010,514005,IMPUESTO A LOS MOVIMIENTOS FINANCIEROS,0,"31702,06",EquityAndLiabilities,Equity,EquityAttributableToOwnersOfParent,OtherEquityInterest,ProfitLossFromContinuingOperations,ProfitLoss,ProfitLossBeforeTax,ProfitLossFromOperatingActivities,OtherExpenseByNature,,,
285,FCP MALLPLAZA COMPARTIMENTO FARO INMOBILIARIO,810505205,810505,EMISORES NACIONALES,20062107722,30451396019,EquityAndLiabilities,Equity,EquityAttributableToOwnersOfParent,,,,,,,,,
286,FCP MALLPLAZA COMPARTIMENTO AS CONSTRUCCIONES,111505006,111505,"(MAC) BANCOLOMBIA Cta No,03191346199","5793008,82",234513928,Assets,,CashAndCashEquivalents,BalancesWithBanks,Cash,,,NetAssetsLiabilities,,,,
286,FCP MALLPLAZA COMPARTIMENTO AS CONSTRUCCIONES,161695006,161695,"(MAC) BANCOLOMBIA Cau No,03191346199","275202,05","237807,75",Assets,,TradeAndOtherReceivables,,,,,NetAssetsLiabilities,,,,
286,FCP MALLPLAZA COMPARTIMENTO AS CONSTRUCCIONES,250110015,250110,COMISION DE ADMINISTRACION,"-4295324,38","-4617717,81",EquityAndLiabilities,Liabilities,TradeAndOtherPayables,,,,,NetAssetsLiabilities,,,,
286,FCP MALLPLAZA COMPARTIMENTO AS CONSTRUCCIONES,250295050,250295,OTROS PROVEEDORES,0,0,EquityAndLiabilities,Liabilities,TradeAndOtherPayables,,,,,NetAssetsLiabilities,,,,
286,FCP MALLPLAZA COMPARTIMENTO AS CONSTRUCCIONES,352505010,352505,PARTICIPACIONES EN FDO DE INVERSIÓN COLE,-67181395973,-86138161957,EquityAndLiabilities,Equity,EquityAttributableToOwnersOfParent,OtherEquityInterest,,,,,,,,
286,FCP MALLPLAZA COMPARTIMENTO AS CONSTRUCCIONES,410805300,410805,EMISORES NACIONALES,0,-22151393804,EquityAndLiabilities,Equity,EquityAttributableToOwnersOfParent,OtherEquityInterest,ProfitLossFromContinuingOperations,ProfitLoss,ProfitLossBeforeTax,ProfitLossFromOperatingActivities,OtherExpenseByNature,,,AdjustmentsForDecreaseIncreaseInOtherCurrentAssets
286,FCP MALLPLAZA COMPARTIMENTO AS CONSTRUCCIONES,411495006,411495,"(MAC) BANCOLOMBIA Cau No,03191346199",0,"-2970801,98",EquityAndLiabilities,Equity,EquityAttributableToOwnersOfParent,OtherEquityInterest,ProfitLossFromContinuingOperations,ProfitLoss,ProfitLossBeforeTax,ProfitLossFromOperatingActivities,Revenue,InterestIncomeOnCashAndCashEquivalents,,
286,FCP MALLPLAZA COMPARTIMENTO AS CONSTRUCCIONES,510310010,510310,CREDITOS BANCOS,0,3134054303,EquityAndLiabilities,Equity,EquityAttributableToOwnersOfParent,OtherEquityInterest,ProfitLossFromContinuingOperations,ProfitLoss,ProfitLossBeforeTax,ProfitLossFromOperatingActivities,OtherExpenseByNature,,,
286,FCP MALLPLAZA COMPARTIMENTO AS CONSTRUCCIONES,511325010,511325,COMISION CUSTODIA FIJA,0,"7073861,74",EquityAndLiabilities,Equity,EquityAttributableToOwnersOfParent,OtherEquityInterest,ProfitLossFromContinuingOperations,ProfitLoss,ProfitLossBeforeTax,ProfitLossFromOperatingActivities,OtherExpenseByNature,BrokerageFeeExpense,FeeAndCommissionExpense,FeeAndCommissionIncomeExpense
286,FCP MALLPLAZA COMPARTIMENTO AS CONSTRUCCIONES,513015003,513015,REVISORIA FISCAL,0,4199001,EquityAndLiabilities,Equity,EquityAttributableToOwnersOfParent,OtherEquityInterest,ProfitLossFromContinuingOperations,ProfitLoss,ProfitLossBeforeTax,ProfitLossFromOperatingActivities,OtherExpenseByNature,,,
286,FCP MALLPLAZA COMPARTIMENTO AS CONSTRUCCIONES,513095090,513095,OTROS HONORARIOS,0,7003620,EquityAndLiabilities,Equity,EquityAttributableToOwnersOfParent,OtherEquityInterest,ProfitLossFromContinuingOperations,ProfitLoss,ProfitLossBeforeTax,ProfitLossFromOperatingActivities,OtherExpenseByNature,,,
286,FCP MALLPLAZA COMPARTIMENTO AS CONSTRUCCIONES,514005010,514005,IMPUESTO A LOS MOVIMIENTOS FINANCIEROS,0,"27921057,38",EquityAndLiabilities,Equity,EquityAttributableToOwnersOfParent,OtherEquityInterest,ProfitLossFromContinuingOperations,ProfitLoss,ProfitLossBeforeTax,ProfitLossFromOperatingActivities,OtherExpenseByNature,,,
286,FCP MALLPLAZA COMPARTIMENTO AS CONSTRUCCIONES,590505015,590505,CANCELACION DE INGRESOS RV,0,22143142400,EquityAndLiabilities,Equity,EquityAttributableToOwnersOfParent,OtherEquityInterest,,,,,,,,
286,FCP MALLPLAZA COMPARTIMENTO AS CONSTRUCCIONES,829595998,829595,OTRAS CUENTAS DE ORDEN ACREEDORAS PESOS,-1356697841,-1356697841,EquityAndLiabilities,Equity,EquityAttributableToOwnersOfParent,,,,,,,,,
292,FCP PALADIN REALTY COLOMBIA - COMPARTIMENTO A,111505005,111505,"BANCOLOMBIA Cta, No,03183435387","304891109,7","819156102,8",Assets,,CashAndCashEquivalents,BalancesWithBanks,Cash,,,NetAssetsLiabilities,,,,
292,FCP PALADIN REALTY COLOMBIA - COMPARTIMENTO A,111505160,111505,"BCO REPUBLICA CTA NO,62250063",0,0,Assets,,CashAndCashEquivalents,BalancesWithBanks,Cash,,,NetAssetsLiabilities,,,,
292,FCP PALADIN REALTY COLOMBIA - COMPARTIMENTO A,130115115,130115,OTROS EMISORES NACIONALES,"10490438,67","10490438,67",Assets,,Inversiones,ActivosFinancierosCorrientesValorRazonableCambiosResultadosInversiones,InversionesNegociables,NegociablesInstrumentosDeuda,,NetAssetsLiabilities,,,,
292,FCP PALADIN REALTY COLOMBIA - COMPARTIMENTO A,136000300,136000,INVERSIONES DERECHOS FIDUCIARIOS,1880083267,1794716391,Assets,,Inversiones,ActivosFinancierosCorrientesValorRazonableCambiosResultadosInversiones,InversionesNegociables,NegociablesInstrumentosPatrimonio,,NetAssetsLiabilities,,,,
292,FCP PALADIN REALTY COLOMBIA - COMPARTIMENTO A,161695045,161695,CUENTA CORRIENTE,428162471,"443790741,1",Assets,,TradeAndOtherReceivables,,,,,NetAssetsLiabilities,,,,
292,FCP PALADIN REALTY COLOMBIA - COMPARTIMENTO A,161695999,161695,PROVEEDORES,0,0,Assets,,TradeAndOtherReceivables,,,,,NetAssetsLiabilities,,,,
292,FCP PALADIN REALTY COLOMBIA - COMPARTIMENTO A,161695999,161695,PROVEEDORES,0,0,Assets,,TradeAndOtherReceivables,,,,,NetAssetsLiabilities,,,,
292,FCP PALADIN REALTY COLOMBIA - COMPARTIMENTO A,161695999,161695,PROVEEDORES,0,0,Assets,,TradeAndOtherReceivables,,,,,NetAssetsLiabilities,,,,
292,FCP PALADIN REALTY COLOMBIA - COMPARTIMENTO A,192595015,192595,COMISION DE GESTION,0,0,Assets,,OtherNonfinancialAssets,,,,,NetAssetsLiabilities,,,,
292,FCP PALADIN REALTY COLOMBIA - COMPARTIMENTO A,250105010,250105,HONORARIOS,0,0,EquityAndLiabilities,Liabilities,TradeAndOtherPayables,,,,,NetAssetsLiabilities,,,,
292,FCP PALADIN REALTY COLOMBIA - COMPARTIMENTO A,250110010,250110,COMISION CUSTODIA FIJA,0,0,EquityAndLiabilities,Liabilities,TradeAndOtherPayables,,,,,NetAssetsLiabilities,,,,
292,FCP PALADIN REALTY COLOMBIA - COMPARTIMENTO A,250295050,250295,OTROS-PROVEEDORES,0,0,EquityAndLiabilities,Liabilities,TradeAndOtherPayables,,,,,NetAssetsLiabilities,,,,
292,FCP PALADIN REALTY COLOMBIA - COMPARTIMENTO A,250295050,250295,OTROS-PROVEEDORES,0,0,EquityAndLiabilities,Liabilities,TradeAndOtherPayables,,,,,NetAssetsLiabilities,,,,
292,FCP PALADIN REALTY COLOMBIA - COMPARTIMENTO A,250295050,250295,OTROS-PROVEEDORES,0,0,EquityAndLiabilities,Liabilities,TradeAndOtherPayables,,,,,NetAssetsLiabilities,,,,
292,FCP PALADIN REALTY COLOMBIA - COMPARTIMENTO A,250295050,250295,OTROS-PROVEEDORES,0,0,EquityAndLiabilities,Liabilities,TradeAndOtherPayables,,,,,NetAssetsLiabilities,,,,
292,FCP PALADIN REALTY COLOMBIA - COMPARTIMENTO A,250305020,250305,RTE FTE PROVEEDORES,0,0,EquityAndLiabilities,Liabilities,TradeAndOtherPayables,,,,,NetAssetsLiabilities,,,,
293,FCP PALADIN REALTY COLOMBIA - COMPARTIMENTO B,250305011,250305,RENDIMIENTOS FINANCIEROS CAPITALIZADOS,0,0,EquityAndLiabilities,Liabilities,TradeAndOtherPayables,,,,,NetAssetsLiabilities,,,,
293,FCP PALADIN REALTY COLOMBIA - COMPARTIMENTO B,250305020,250305,RTE FTE PROVEEDORES,0,0,EquityAndLiabilities,Liabilities,TradeAndOtherPayables,,,,,NetAssetsLiabilities,,,,
293,FCP PALADIN REALTY COLOMBIA - COMPARTIMENTO B,253105003,253105,CUENTA CORRIENTE IBA,0,0,EquityAndLiabilities,Liabilities,TradeAndOtherPayables,,,,,NetAssetsLiabilities,,,,
293,FCP PALADIN REALTY COLOMBIA - COMPARTIMENTO B,253105110,253105,CUENTA COMPENSACION,-10799058809,-10343289664,EquityAndLiabilities,Liabilities,TradeAndOtherPayables,,,,,NetAssetsLiabilities,,,,
293,FCP PALADIN REALTY COLOMBIA - COMPARTIMENTO B,411495999,411495,OTROS,0,0,EquityAndLiabilities,Equity,EquityAttributableToOwnersOfParent,OtherEquityInterest,ProfitLossFromContinuingOperations,ProfitLoss,ProfitLossBeforeTax,ProfitLossFromOperatingActivities,Revenue,InterestIncomeOnCashAndCashEquivalents,,
293,FCP PALADIN REALTY COLOMBIA - COMPARTIMENTO B,511548010,511548,"COMISION DE ADMINISTRACION R,F,",0,"132883098,8",EquityAndLiabilities,Equity,EquityAttributableToOwnersOfParent,OtherEquityInterest,ProfitLossFromContinuingOperations,ProfitLoss,ProfitLossBeforeTax,ProfitLossFromOperatingActivities,OtherExpenseByNature,OtherFeeAndCommissionExpense,FeeAndCommissionExpense,FeeAndCommissionIncomeExpense
293,FCP PALADIN REALTY COLOMBIA - COMPARTIMENTO B,511595011,511595,COMISION GESTOR PROFESIONAL,0,993480948,EquityAndLiabilities,Equity,EquityAttributableToOwnersOfParent,OtherEquityInterest,ProfitLossFromContinuingOperations,ProfitLoss,ProfitLossBeforeTax,ProfitLossFromOperatingActivities,OtherExpenseByNature,OtherFeeAndCommissionExpense,FeeAndCommissionExpense,FeeAndCommissionIncomeExpense
293,FCP PALADIN REALTY COLOMBIA - COMPARTIMENTO B,511595015,511595,OTRAS COMISIONES,0,"8858873,42",EquityAndLiabilities,Equity,EquityAttributableToOwnersOfParent,OtherEquityInterest,ProfitLossFromContinuingOperations,ProfitLoss,ProfitLossBeforeTax,ProfitLossFromOperatingActivities,OtherExpenseByNature,OtherFeeAndCommissionExpense,FeeAndCommissionExpense,FeeAndCommissionIncomeExpense
293,FCP PALADIN REALTY COLOMBIA - COMPARTIMENTO B,514005011,514005,IMPOVENTAS,0,"9519692,89",EquityAndLiabilities,Equity,EquityAttributableToOwnersOfParent,OtherEquityInterest,ProfitLossFromContinuingOperations,ProfitLoss,ProfitLossBeforeTax,ProfitLossFromOperatingActivities,OtherExpenseByNature,,,
293,FCP PALADIN REALTY COLOMBIA - COMPARTIMENTO B,519095999,519095,OTROS,0,"289882,46",EquityAndLiabilities,Equity,EquityAttributableToOwnersOfParent,OtherEquityInterest,ProfitLossFromContinuingOperations,ProfitLoss,ProfitLossBeforeTax,ProfitLossFromOperatingActivities,OtherExpenseByNature,,,
293,FCP PALADIN REALTY COLOMBIA - COMPARTIMENTO B,590505010,590505,CANCELACION DE INGRESOS RF,0,"-507616744,7",EquityAndLiabilities,Equity,EquityAttributableToOwnersOfParent,OtherEquityInterest,,,,,,,,
293,FCP PALADIN REALTY COLOMBIA - COMPARTIMENTO B,590505015,590505,CANCELACION DE INGRESOS RV,0,-3556536960,EquityAndLiabilities,Equity,EquityAttributableToOwnersOfParent,OtherEquityInterest,,,,,,,,
293,FCP PALADIN REALTY COLOMBIA - COMPARTIMENTO B,829595998,829595,OTRAS CUENTAS DE ORDEN ACREEDORAS USD,-22144162043,-20280190223,EquityAndLiabilities,Equity,EquityAttributableToOwnersOfParent,,,,,,,,,
293,FCP PALADIN REALTY COLOMBIA - COMPARTIMENTO B,830505010,830505,DEUDORAS POR CONTRA,-75941343445,-70034291817,EquityAndLiabilities,Equity,EquityAttributableToOwnersOfParent,,,,,,,,,
294,FCP PALADIN REALTY COLOMBIA - COMPARTIMENTO C,130115115,130115,OTROS EMISORES NACIONALES,"20131298,71","20131298,71",Assets,,Inversiones,ActivosFinancierosCorrientesValorRazonableCambiosResultadosInversiones,InversionesNegociables,NegociablesInstrumentosDeuda,,NetAssetsLiabilities,,,,
294,FCP PALADIN REALTY COLOMBIA - COMPARTIMENTO C,130205300,130205,EMISORES NACIONALES,"317751906,9","253931387,5",Assets,,Inversiones,ActivosFinancierosCorrientesValorRazonableCambiosResultadosInversiones,InversionesNegociables,NegociablesInstrumentosPatrimonio,,NetAssetsLiabilities,,,,
294,FCP PALADIN REALTY COLOMBIA - COMPARTIMENTO C,130210300,130210,EMISORES EXTRANJEROS,6576864740,5687119359,Assets,,Inversiones,ActivosFinancierosCorrientesValorRazonableCambiosResultadosInversiones,InversionesNegociables,NegociablesInstrumentosPatrimonio,,NetAssetsLiabilities,,,,
294,FCP PALADIN REALTY COLOMBIA - COMPARTIMENTO C,136000300,136000,INVERSIONES DERECHOS FIDUCIARIOS,3608119010,3444298772,Assets,,Inversiones,ActivosFinancierosCorrientesValorRazonableCambiosResultadosInversiones,InversionesNegociables,NegociablesInstrumentosPatrimonio,,NetAssetsLiabilities,,,,
294,FCP PALADIN REALTY COLOMBIA - COMPARTIMENTO C,161695015,161695,GASTOS VARIOS DE ADMON,0,0,Assets,,TradeAndOtherReceivables,,,,,NetAssetsLiabilities,,,,
294,FCP PALADIN REALTY COLOMBIA - COMPARTIMENTO C,161695045,161695,CUENTA CORRIENTE,821649776,"833147618,7",Assets,,TradeAndOtherReceivables,,,,,NetAssetsLiabilities,,,,
294,FCP PALADIN REALTY COLOMBIA - COMPARTIMENTO C,161695999,161695,PROVEEDORES,0,0,Assets,,TradeAndOtherReceivables,,,,,NetAssetsLiabilities,,,,
294,FCP PALADIN REALTY COLOMBIA - COMPARTIMENTO C,192595030,192595,AMORTIZACION COMISION DE ADMON,0,0,Assets,,OtherNonfinancialAssets,,,,,NetAssetsLiabilities,,,,
294,FCP PALADIN REALTY COLOMBIA - COMPARTIMENTO C,250105010,250105,HONORARIOS,0,0,EquityAndLiabilities,Liabilities,TradeAndOtherPayables,,,,,NetAssetsLiabilities,,,,
294,FCP PALADIN REALTY COLOMBIA - COMPARTIMENTO C,250110010,250110,COMISION CUSTODIA FIJA,0,0,EquityAndLiabilities,Liabilities,TradeAndOtherPayables,,,,,NetAssetsLiabilities,,,,
294,FCP PALADIN REALTY COLOMBIA - COMPARTIMENTO C,250305011,250305,RENDIMIENTOS FINANCIEROS CAPITALIZADOS,0,0,EquityAndLiabilities,Liabilities,TradeAndOtherPayables,,,,,NetAssetsLiabilities,,,,
294,FCP PALADIN REALTY COLOMBIA - COMPARTIMENTO C,250305020,250305,RTE FTE PROVEEDORES,0,0,EquityAndLiabilities,Liabilities,TradeAndOtherPayables,,,,,NetAssetsLiabilities,,,,
294,FCP PALADIN REALTY COLOMBIA - COMPARTIMENTO C,253105003,253105,CUENTA CORRIENTE IBA,0,0,EquityAndLiabilities,Liabilities,TradeAndOtherPayables,,,,,NetAssetsLiabilities,,,,
294,FCP PALADIN REALTY COLOMBIA - COMPARTIMENTO C,253105110,253105,CUENTA COMPENSACION,"-394976433,2",-374532260,EquityAndLiabilities,Liabilities,TradeAndOtherPayables,,,,,NetAssetsLiabilities,,,,
294,FCP PALADIN REALTY COLOMBIA - COMPARTIMENTO C,410395010,410395,OTROS RENDIMIENTOS FINANCIEROS,0,"-1303454,9",EquityAndLiabilities,Equity,EquityAttributableToOwnersOfParent,OtherEquityInterest,ProfitLossFromContinuingOperations,ProfitLoss,ProfitLossBeforeTax,ProfitLossFromOperatingActivities,OtherExpenseByNature,OtherRevenue,,
294,FCP PALADIN REALTY COLOMBIA - COMPARTIMENTO C,411495012,411495,"BANCOLOMBIA Cta No, 03198020221",0,"-26928747,58",EquityAndLiabilities,Equity,EquityAttributableToOwnersOfParent,OtherEquityInterest,ProfitLossFromContinuingOperations,ProfitLoss,ProfitLossBeforeTax,ProfitLossFromOperatingActivities,Revenue,InterestIncomeOnCashAndCashEquivalents,,
294,FCP PALADIN REALTY COLOMBIA - COMPARTIMENTO C,419595030,419595,OTROS,0,0,EquityAndLiabilities,Equity,EquityAttributableToOwnersOfParent,OtherEquityInterest,ProfitLossFromContinuingOperations,ProfitLoss,ProfitLossBeforeTax,ProfitLossFromOperatingActivities,Revenue,OtherRevenue,,
294,FCP PALADIN REALTY COLOMBIA - COMPARTIMENTO C,510805010,510805,POR DISMINUCION EN EL VALOR RAZONABLE,0,1584038272,EquityAndLiabilities,Equity,EquityAttributableToOwnersOfParent,OtherEquityInterest,ProfitLossFromContinuingOperations,ProfitLoss,ProfitLossBeforeTax,ProfitLossFromOperatingActivities,OtherExpenseByNature,,,AdjustmentsForDecreaseIncreaseInOtherCurrentAssets
294,FCP PALADIN REALTY COLOMBIA - COMPARTIMENTO C,511512010,511512,GASTOS BANCARIOS,0,"4584,59",EquityAndLiabilities,Equity,EquityAttributableToOwnersOfParent,OtherEquityInterest,ProfitLossFromContinuingOperations,ProfitLoss,ProfitLossBeforeTax,ProfitLossFromOperatingActivities,OtherExpenseByNature,OtherFeeAndCommissionExpense,FeeAndCommissionExpense,FeeAndCommissionIncomeExpense
292,FCP PALADIN REALTY COLOMBIA - COMPARTIMENTO A,250305020,250305,RTE FTE PROVEEDORES,0,0,EquityAndLiabilities,Liabilities,TradeAndOtherPayables,,,,,NetAssetsLiabilities,,,,
292,FCP PALADIN REALTY COLOMBIA - COMPARTIMENTO A,250305020,250305,RTE FTE PROVEEDORES,0,0,EquityAndLiabilities,Liabilities,TradeAndOtherPayables,,,,,NetAssetsLiabilities,,,,
292,FCP PALADIN REALTY COLOMBIA - COMPARTIMENTO A,253105003,253105,CUENTA CORRIENTE IBA,0,0,EquityAndLiabilities,Liabilities,TradeAndOtherPayables,,,,,NetAssetsLiabilities,,,,
292,FCP PALADIN REALTY COLOMBIA - COMPARTIMENTO A,253105110,253105,CUENTA COMPENSACION,"-205529288,9","-204512342,6",EquityAndLiabilities,Liabilities,TradeAndOtherPayables,,,,,NetAssetsLiabilities,,,,
292,FCP PALADIN REALTY COLOMBIA - COMPARTIMENTO A,352505010,352505,PARTICIPACIONES EN FDO DE INVERSIÓN COLE,-6010963284,-5959992983,EquityAndLiabilities,Equity,EquityAttributableToOwnersOfParent,OtherEquityInterest,,,,,,,,
292,FCP PALADIN REALTY COLOMBIA - COMPARTIMENTO A,410395010,410395,OTROS RENDIMIENTOS FINANCIEROS,0,"-679231,57",EquityAndLiabilities,Equity,EquityAttributableToOwnersOfParent,OtherEquityInterest,ProfitLossFromContinuingOperations,ProfitLoss,ProfitLossBeforeTax,ProfitLossFromOperatingActivities,OtherExpenseByNature,OtherRevenue,,
292,FCP PALADIN REALTY COLOMBIA - COMPARTIMENTO A,411495999,411495,OTROS,0,"-0,2",EquityAndLiabilities,Equity,EquityAttributableToOwnersOfParent,OtherEquityInterest,ProfitLossFromContinuingOperations,ProfitLoss,ProfitLossBeforeTax,ProfitLossFromOperatingActivities,Revenue,InterestIncomeOnCashAndCashEquivalents,,
292,FCP PALADIN REALTY COLOMBIA - COMPARTIMENTO A,510805010,510805,POR DISMINUCION EN EL VALOR RAZONABLE,0,731692700,EquityAndLiabilities,Equity,EquityAttributableToOwnersOfParent,OtherEquityInterest,ProfitLossFromContinuingOperations,ProfitLoss,ProfitLossBeforeTax,ProfitLossFromOperatingActivities,OtherExpenseByNature,,,AdjustmentsForDecreaseIncreaseInOtherCurrentAssets
292,FCP PALADIN REALTY COLOMBIA - COMPARTIMENTO A,511325010,511325,COMISION CUSTODIA FIJA,0,"1093000,16",EquityAndLiabilities,Equity,EquityAttributableToOwnersOfParent,OtherEquityInterest,ProfitLossFromContinuingOperations,ProfitLoss,ProfitLossBeforeTax,ProfitLossFromOperatingActivities,OtherExpenseByNature,BrokerageFeeExpense,FeeAndCommissionExpense,FeeAndCommissionIncomeExpense
292,FCP PALADIN REALTY COLOMBIA - COMPARTIMENTO A,511512010,511512,GASTOS BANCARIOS,0,"53751,13",EquityAndLiabilities,Equity,EquityAttributableToOwnersOfParent,OtherEquityInterest,ProfitLossFromContinuingOperations,ProfitLoss,ProfitLossBeforeTax,ProfitLossFromOperatingActivities,OtherExpenseByNature,OtherFeeAndCommissionExpense,FeeAndCommissionExpense,FeeAndCommissionIncomeExpense
292,FCP PALADIN REALTY COLOMBIA - COMPARTIMENTO A,511548010,511548,"COMISION DE ADMINISTRACION R,F,",0,8461197,EquityAndLiabilities,Equity,EquityAttributableToOwnersOfParent,OtherEquityInterest,ProfitLossFromContinuingOperations,ProfitLoss,ProfitLossBeforeTax,ProfitLossFromOperatingActivities,OtherExpenseByNature,OtherFeeAndCommissionExpense,FeeAndCommissionExpense,FeeAndCommissionIncomeExpense
292,FCP PALADIN REALTY COLOMBIA - COMPARTIMENTO A,511595011,511595,COMISION GESTOR PROFESIONAL,0,55903722,EquityAndLiabilities,Equity,EquityAttributableToOwnersOfParent,OtherEquityInterest,ProfitLossFromContinuingOperations,ProfitLoss,ProfitLossBeforeTax,ProfitLossFromOperatingActivities,OtherExpenseByNature,OtherFeeAndCommissionExpense,FeeAndCommissionExpense,FeeAndCommissionIncomeExpense
292,FCP PALADIN REALTY COLOMBIA - COMPARTIMENTO A,513095090,513095,OTROS HONORARIOS,0,"3330658,2",EquityAndLiabilities,Equity,EquityAttributableToOwnersOfParent,OtherEquityInterest,ProfitLossFromContinuingOperations,ProfitLoss,ProfitLossBeforeTax,ProfitLossFromOperatingActivities,OtherExpenseByNature,,,
292,FCP PALADIN REALTY COLOMBIA - COMPARTIMENTO A,514005010,514005,IMPUESTO A LOS MOVIMIENTOS FINANCIEROS,0,"1284472,72",EquityAndLiabilities,Equity,EquityAttributableToOwnersOfParent,OtherEquityInterest,ProfitLossFromContinuingOperations,ProfitLoss,ProfitLossBeforeTax,ProfitLossFromOperatingActivities,OtherExpenseByNature,,,
292,FCP PALADIN REALTY COLOMBIA - COMPARTIMENTO A,514005015,514005,IVA COMISION GESTOR PROFESIONAL,0,"10621707,18",EquityAndLiabilities,Equity,EquityAttributableToOwnersOfParent,OtherEquityInterest,ProfitLossFromContinuingOperations,ProfitLoss,ProfitLossBeforeTax,ProfitLossFromOperatingActivities,OtherExpenseByNature,,,
292,FCP PALADIN REALTY COLOMBIA - COMPARTIMENTO A,519095050,519095,GASTOS REEMBOLSABLES,0,"1511285,57",EquityAndLiabilities,Equity,EquityAttributableToOwnersOfParent,OtherEquityInterest,ProfitLossFromContinuingOperations,ProfitLoss,ProfitLossBeforeTax,ProfitLossFromOperatingActivities,OtherExpenseByNature,,,
292,FCP PALADIN REALTY COLOMBIA - COMPARTIMENTO A,810505115,810505,OTROS EMISORES NACIONALES,"10490438,67","10490438,67",EquityAndLiabilities,Equity,EquityAttributableToOwnersOfParent,,,,,,,,,
292,FCP PALADIN REALTY COLOMBIA - COMPARTIMENTO A,810505205,810505,EMISORES NACIONALES,2045664085,1927040276,EquityAndLiabilities,Equity,EquityAttributableToOwnersOfParent,,,,,,,,,
292,FCP PALADIN REALTY COLOMBIA - COMPARTIMENTO A,829595998,829595,OTRAS CUENTAS DE ORDEN ACREEDORAS USD,-174399070,"-159719130,8",EquityAndLiabilities,Equity,EquityAttributableToOwnersOfParent,,,,,,,,,
292,FCP PALADIN REALTY COLOMBIA - COMPARTIMENTO A,840505999,840505,OTRAS CUENTAS DE ORDEN ACREEDORAS USD,174399070,"159719130,8",EquityAndLiabilities,Equity,EquityAttributableToOwnersOfParent,,,,,,,,,
293,FCP PALADIN REALTY COLOMBIA - COMPARTIMENTO B,111505006,111505,"BANCOLOMBIA Cta No,03183435808",1006234937,1130056038,Assets,,CashAndCashEquivalents,BalancesWithBanks,Cash,,,NetAssetsLiabilities,,,,
293,FCP PALADIN REALTY COLOMBIA - COMPARTIMENTO B,130115115,130115,OTROS EMISORES NACIONALES,"550748030,1","550748030,1",Assets,,Inversiones,ActivosFinancierosCorrientesValorRazonableCambiosResultadosInversiones,InversionesNegociables,NegociablesInstrumentosDeuda,,NetAssetsLiabilities,,,,
293,FCP PALADIN REALTY COLOMBIA - COMPARTIMENTO B,192595015,192595,COMISION DE GESTION,0,0,Assets,,OtherNonfinancialAssets,,,,,NetAssetsLiabilities,,,,
293,FCP PALADIN REALTY COLOMBIA - COMPARTIMENTO B,192595025,192595,COMISION ADMINISTRACION,0,0,Assets,,OtherNonfinancialAssets,,,,,NetAssetsLiabilities,,,,
293,FCP PALADIN REALTY COLOMBIA - COMPARTIMENTO B,250105010,250105,HONORARIOS,0,0,EquityAndLiabilities,Liabilities,TradeAndOtherPayables,,,,,NetAssetsLiabilities,,,,
293,FCP PALADIN REALTY COLOMBIA - COMPARTIMENTO B,250110010,250110,COMISION CUSTODIA FIJA,0,0,EquityAndLiabilities,Liabilities,TradeAndOtherPayables,,,,,NetAssetsLiabilities,,,,
293,FCP PALADIN REALTY COLOMBIA - COMPARTIMENTO B,250110015,250110,COMISION DE ADMINISTRACION,0,0,EquityAndLiabilities,Liabilities,TradeAndOtherPayables,,,,,NetAssetsLiabilities,,,,
293,FCP PALADIN REALTY COLOMBIA - COMPARTIMENTO B,250110025,250110,OTRAS COMISIONES,-1849200739,"-586657765,6",EquityAndLiabilities,Liabilities,TradeAndOtherPayables,,,,,NetAssetsLiabilities,,,,
293,FCP PALADIN REALTY COLOMBIA - COMPARTIMENTO B,250295050,250295,OTROS PROVEEDORES,0,0,EquityAndLiabilities,Liabilities,TradeAndOtherPayables,,,,,NetAssetsLiabilities,,,,
293,FCP PALADIN REALTY COLOMBIA - COMPARTIMENTO B,352505010,352505,PARTICIPACIONES EN FDO DE INVERSIÓN COLE,-64299563288,-60235409583,EquityAndLiabilities,Equity,EquityAttributableToOwnersOfParent,OtherEquityInterest,,,,,,,,
293,FCP PALADIN REALTY COLOMBIA - COMPARTIMENTO B,410395010,410395,OTROS RENDIMIENTOS FINANCIEROS,0,"-35659657,52",EquityAndLiabilities,Equity,EquityAttributableToOwnersOfParent,OtherEquityInterest,ProfitLossFromContinuingOperations,ProfitLoss,ProfitLossBeforeTax,ProfitLossFromOperatingActivities,OtherExpenseByNature,OtherRevenue,,
293,FCP PALADIN REALTY COLOMBIA - COMPARTIMENTO B,410805300,410805,EMISORES NACIONALES,0,0,EquityAndLiabilities,Equity,EquityAttributableToOwnersOfParent,OtherEquityInterest,ProfitLossFromContinuingOperations,ProfitLoss,ProfitLossBeforeTax,ProfitLossFromOperatingActivities,OtherExpenseByNature,,,AdjustmentsForDecreaseIncreaseInOtherCurrentAssets
293,FCP PALADIN REALTY COLOMBIA - COMPARTIMENTO B,411495006,411495,"BANCOLOMBIA Cta No,03183435808",0,"-20540258,86",EquityAndLiabilities,Equity,EquityAttributableToOwnersOfParent,OtherEquityInterest,ProfitLossFromContinuingOperations,ProfitLoss,ProfitLossBeforeTax,ProfitLossFromOperatingActivities,Revenue,InterestIncomeOnCashAndCashEquivalents,,
294,FCP PALADIN REALTY COLOMBIA - COMPARTIMENTO C,511548010,511548,"COMISION DE ADMINISTRACION R,F,",0,"16237154,16",EquityAndLiabilities,Equity,EquityAttributableToOwnersOfParent,OtherEquityInterest,ProfitLossFromContinuingOperations,ProfitLoss,ProfitLossBeforeTax,ProfitLossFromOperatingActivities,OtherExpenseByNature,OtherFeeAndCommissionExpense,FeeAndCommissionExpense,FeeAndCommissionIncomeExpense
294,FCP PALADIN REALTY COLOMBIA - COMPARTIMENTO C,511595011,511595,COMISION GESTOR PROFESIONAL,0,"88076614,98",EquityAndLiabilities,Equity,EquityAttributableToOwnersOfParent,OtherEquityInterest,ProfitLossFromContinuingOperations,ProfitLoss,ProfitLossBeforeTax,ProfitLossFromOperatingActivities,OtherExpenseByNature,OtherFeeAndCommissionExpense,FeeAndCommissionExpense,FeeAndCommissionIncomeExpense
294,FCP PALADIN REALTY COLOMBIA - COMPARTIMENTO C,511595015,511595,OTRAS COMISIONES,0,"1082476,78",EquityAndLiabilities,Equity,EquityAttributableToOwnersOfParent,OtherEquityInterest,ProfitLossFromContinuingOperations,ProfitLoss,ProfitLossBeforeTax,ProfitLossFromOperatingActivities,OtherExpenseByNature,OtherFeeAndCommissionExpense,FeeAndCommissionExpense,FeeAndCommissionIncomeExpense
294,FCP PALADIN REALTY COLOMBIA - COMPARTIMENTO C,514005011,514005,IMPOVENTAS,0,"1163217,84",EquityAndLiabilities,Equity,EquityAttributableToOwnersOfParent,OtherEquityInterest,ProfitLossFromContinuingOperations,ProfitLoss,ProfitLossBeforeTax,ProfitLossFromOperatingActivities,OtherExpenseByNature,,,
294,FCP PALADIN REALTY COLOMBIA - COMPARTIMENTO C,514005015,514005,IVA COMISION GESTOR PROFESIONAL,0,"16734556,83",EquityAndLiabilities,Equity,EquityAttributableToOwnersOfParent,OtherEquityInterest,ProfitLossFromContinuingOperations,ProfitLoss,ProfitLossBeforeTax,ProfitLossFromOperatingActivities,OtherExpenseByNature,,,
294,FCP PALADIN REALTY COLOMBIA - COMPARTIMENTO C,519095999,519095,OTROS,0,"10595,92",EquityAndLiabilities,Equity,EquityAttributableToOwnersOfParent,OtherEquityInterest,ProfitLossFromContinuingOperations,ProfitLoss,ProfitLossBeforeTax,ProfitLossFromOperatingActivities,OtherExpenseByNature,,,
294,FCP PALADIN REALTY COLOMBIA - COMPARTIMENTO C,590505010,590505,CANCELACION DE INGRESOS RF,0,"-13130787,03",EquityAndLiabilities,Equity,EquityAttributableToOwnersOfParent,OtherEquityInterest,,,,,,,,
294,FCP PALADIN REALTY COLOMBIA - COMPARTIMENTO C,810505210,810505,EMISORES EXTRANJEROS,6576864740,5687119358,EquityAndLiabilities,Equity,EquityAttributableToOwnersOfParent,,,,,,,,,
294,FCP PALADIN REALTY COLOMBIA - COMPARTIMENTO C,829595998,829595,OTRAS CUENTAS DE ORDEN ACREEDORAS USD,"-592071587,2","-542234309,7",EquityAndLiabilities,Equity,EquityAttributableToOwnersOfParent,,,,,,,,,
294,FCP PALADIN REALTY COLOMBIA - COMPARTIMENTO C,830505010,830505,DEUDORAS POR CONTRA,-10522866955,-9405480817,EquityAndLiabilities,Equity,EquityAttributableToOwnersOfParent,,,,,,,,,
302,FIC DIVERSIFICADO INTERNACIONAL,111505009,111505,(BG) Bco República cta cte No 62257266,"987702,75","1129210,97",Assets,,CashAndCashEquivalents,BalancesWithBanks,Cash,,,NetAssetsLiabilities,,,,
302,FIC DIVERSIFICADO INTERNACIONAL,111505011,111505,(DI) Davivienda cta aho No 482800036048,"56103018,54","106079027,5",Assets,,CashAndCashEquivalents,BalancesWithBanks,Cash,,,NetAssetsLiabilities,,,,
302,FIC DIVERSIFICADO INTERNACIONAL,111505013,111505,(DI) Bco Occidente cta aho No 219885910,556788716,"98488522,9",Assets,,CashAndCashEquivalents,BalancesWithBanks,Cash,,,NetAssetsLiabilities,,,,
302,FIC DIVERSIFICADO INTERNACIONAL,111505015,111505,(BG) Bancolombia cta cte No 03100017334,"7564848,97","26688805,18",Assets,,CashAndCashEquivalents,BalancesWithBanks,Cash,,,NetAssetsLiabilities,,,,
302,FIC DIVERSIFICADO INTERNACIONAL,111505159,111505,OTROS,0,0,Assets,,CashAndCashEquivalents,BalancesWithBanks,Cash,,,NetAssetsLiabilities,,,,
302,FIC DIVERSIFICADO INTERNACIONAL,111510140,111510,BANCO DE BOGOTA MIAMI CTA: 79673,"25491787,8","26270737,05",Assets,,CashAndCashEquivalents,BalancesWithBanks,Cash,,,NetAssetsLiabilities,,,,
302,FIC DIVERSIFICADO INTERNACIONAL,130205300,130205,EMISORES NACIONALES,"574708490,9","924358841,4",Assets,,Inversiones,ActivosFinancierosCorrientesValorRazonableCambiosResultadosInversiones,InversionesNegociables,NegociablesInstrumentosPatrimonio,,NetAssetsLiabilities,,,,
302,FIC DIVERSIFICADO INTERNACIONAL,135110010,135110,DERECHO DE VENTA SOBRE DIVISAS,0,0,,,,,,,,,,,,
302,FIC DIVERSIFICADO INTERNACIONAL,135115200,135115,DERECHO DE COMPRA TITULOS,"509756886,3",0,Assets,,Inversiones,ActivosFinancierosCorrientesValorRazonableCambiosResultadosInversiones,InversionesNegociables,NegociablesInstrumentosPatrimonio,,NetAssetsLiabilities,,,,
302,FIC DIVERSIFICADO INTERNACIONAL,135130010,135130,OBLIGACIÓN DE COMPRA SOBRE DIVISAS,0,0,,,,,,,,,,,,
302,FIC DIVERSIFICADO INTERNACIONAL,135305015,135305,OBLIGACION DERIVADOS DE MONEDAS,-7867509500,-5752713000,Assets,,Inversiones,ActivosFinancierosCorrientesValorRazonableCambiosResultadosInversiones,InversionesNegociables,NegociablesInstrumentosPatrimonio,,NetAssetsLiabilities,,,,
302,FIC DIVERSIFICADO INTERNACIONAL,161695002,161695,"(BG) Bancolombia Cta cau No, 03196256902","166621,48","40930,09",Assets,,TradeAndOtherReceivables,,,,,NetAssetsLiabilities,,,,
302,FIC DIVERSIFICADO INTERNACIONAL,161695006,161695,(DI) Bco Occidente cta aho No 219885910,"356397,7","132252,35",Assets,,TradeAndOtherReceivables,,,,,NetAssetsLiabilities,,,,
302,FIC DIVERSIFICADO INTERNACIONAL,161695007,161695,"(BG) Occidente cta cau No, 288859887","740881,37","913859,12",Assets,,TradeAndOtherReceivables,,,,,NetAssetsLiabilities,,,,
302,FIC DIVERSIFICADO INTERNACIONAL,161695009,161695,(DI) Davivienda cta ah No 482800043101,0,"81657,14",Assets,,TradeAndOtherReceivables,,,,,NetAssetsLiabilities,,,,
302,FIC DIVERSIFICADO INTERNACIONAL,161695012,161695,(DI) Davivienda cta aho No 482800036048,"22948,8","27271,71",Assets,,TradeAndOtherReceivables,,,,,NetAssetsLiabilities,,,,
302,FIC DIVERSIFICADO INTERNACIONAL,161695014,161695,"(DI) Bancolombia cta Ah No, 69000008141","68836,78","52073,33",Assets,,TradeAndOtherReceivables,,,,,NetAssetsLiabilities,,,,
302,FIC DIVERSIFICADO INTERNACIONAL,161695015,161695,GASTOS VARIOS DE ADMON,0,0,Assets,,TradeAndOtherReceivables,,,,,NetAssetsLiabilities,,,,
302,FIC DIVERSIFICADO INTERNACIONAL,161695025,161695,Retención en la fuente,0,"106772,53",Assets,,TradeAndOtherReceivables,,,,,NetAssetsLiabilities,,,,
302,FIC DIVERSIFICADO INTERNACIONAL,161695045,161695,CUENTA CORRIENTE,0,"2051263,38",Assets,,TradeAndOtherReceivables,,,,,NetAssetsLiabilities,,,,
302,FIC DIVERSIFICADO INTERNACIONAL,161695130,161695,"ALL FUNDS Cau, 1150500576002 CTE","25013717,48","22942432,42",Assets,,TradeAndOtherReceivables,,,,,NetAssetsLiabilities,,,,
302,FIC DIVERSIFICADO INTERNACIONAL,161695201,161695,"(BG) BCOLOMBIA CTA No, 80100007496","126781,79","123289,9",Assets,,TradeAndOtherReceivables,,,,,NetAssetsLiabilities,,,,
302,FIC DIVERSIFICADO INTERNACIONAL,161695999,161695,PROVEEDORES,0,0,Assets,,TradeAndOtherReceivables,,,,,NetAssetsLiabilities,,,,
302,FIC DIVERSIFICADO INTERNACIONAL,192595003,192595,REVISORIA FISCAL,0,0,Assets,,OtherNonfinancialAssets,,,,,NetAssetsLiabilities,,,,
302,FIC DIVERSIFICADO INTERNACIONAL,225010010,225010,DERECHOS DE VENTA SOBRE DIVISAS,0,0,,,,,,,,,,,,
293,FCP PALADIN REALTY COLOMBIA - COMPARTIMENTO B,510805010,510805,POR DISMINUCION EN EL VALOR RAZONABLE,0,2700836147,EquityAndLiabilities,Equity,EquityAttributableToOwnersOfParent,OtherEquityInterest,ProfitLossFromContinuingOperations,ProfitLoss,ProfitLossBeforeTax,ProfitLossFromOperatingActivities,OtherExpenseByNature,,,AdjustmentsForDecreaseIncreaseInOtherCurrentAssets
293,FCP PALADIN REALTY COLOMBIA - COMPARTIMENTO B,511325010,511325,COMISION CUSTODIA FIJA,0,"17165567,75",EquityAndLiabilities,Equity,EquityAttributableToOwnersOfParent,OtherEquityInterest,ProfitLossFromContinuingOperations,ProfitLoss,ProfitLossBeforeTax,ProfitLossFromOperatingActivities,OtherExpenseByNature,BrokerageFeeExpense,FeeAndCommissionExpense,FeeAndCommissionIncomeExpense
293,FCP PALADIN REALTY COLOMBIA - COMPARTIMENTO B,511512010,511512,GASTOS BANCARIOS,0,"7120,86",EquityAndLiabilities,Equity,EquityAttributableToOwnersOfParent,OtherEquityInterest,ProfitLossFromContinuingOperations,ProfitLoss,ProfitLossBeforeTax,ProfitLossFromOperatingActivities,OtherExpenseByNature,OtherFeeAndCommissionExpense,FeeAndCommissionExpense,FeeAndCommissionIncomeExpense
293,FCP PALADIN REALTY COLOMBIA - COMPARTIMENTO B,513015003,513015,REVISORIA FISCAL,0,"9315349,4",EquityAndLiabilities,Equity,EquityAttributableToOwnersOfParent,OtherEquityInterest,ProfitLossFromContinuingOperations,ProfitLoss,ProfitLossBeforeTax,ProfitLossFromOperatingActivities,OtherExpenseByNature,,,
293,FCP PALADIN REALTY COLOMBIA - COMPARTIMENTO B,513095090,513095,OTROS HONORARIOS,0,"52290389,68",EquityAndLiabilities,Equity,EquityAttributableToOwnersOfParent,OtherEquityInterest,ProfitLossFromContinuingOperations,ProfitLoss,ProfitLossBeforeTax,ProfitLossFromOperatingActivities,OtherExpenseByNature,,,
293,FCP PALADIN REALTY COLOMBIA - COMPARTIMENTO B,514005010,514005,IMPUESTO A LOS MOVIMIENTOS FINANCIEROS,0,"6945170,9",EquityAndLiabilities,Equity,EquityAttributableToOwnersOfParent,OtherEquityInterest,ProfitLossFromContinuingOperations,ProfitLoss,ProfitLossBeforeTax,ProfitLossFromOperatingActivities,OtherExpenseByNature,,,
293,FCP PALADIN REALTY COLOMBIA - COMPARTIMENTO B,514005015,514005,IVA COMISION GESTOR PROFESIONAL,0,"188761380,1",EquityAndLiabilities,Equity,EquityAttributableToOwnersOfParent,OtherEquityInterest,ProfitLossFromContinuingOperations,ProfitLoss,ProfitLossBeforeTax,ProfitLossFromOperatingActivities,OtherExpenseByNature,,,
293,FCP PALADIN REALTY COLOMBIA - COMPARTIMENTO B,810505115,810505,OTROS EMISORES NACIONALES,"550748030,1","550748030,1",EquityAndLiabilities,Equity,EquityAttributableToOwnersOfParent,,,,,,,,,
293,FCP PALADIN REALTY COLOMBIA - COMPARTIMENTO B,810505205,810505,EMISORES NACIONALES,75390595415,69483543787,EquityAndLiabilities,Equity,EquityAttributableToOwnersOfParent,,,,,,,,,
293,FCP PALADIN REALTY COLOMBIA - COMPARTIMENTO B,840505999,840505,OTRAS CUENTAS DE ORDEN ACREEDORAS USD,22144162043,20280190223,EquityAndLiabilities,Equity,EquityAttributableToOwnersOfParent,,,,,,,,,
294,FCP PALADIN REALTY COLOMBIA - COMPARTIMENTO C,111505012,111505,"BANCOLOMBIA Cta No, 03198020221","654592225,9",1917935551,Assets,,CashAndCashEquivalents,BalancesWithBanks,Cash,,,NetAssetsLiabilities,,,,
294,FCP PALADIN REALTY COLOMBIA - COMPARTIMENTO C,161695012,161695,"BANCOLOMBIA Cta No, 03198020221","159008,21","1242965,44",Assets,,TradeAndOtherReceivables,,,,,NetAssetsLiabilities,,,,
294,FCP PALADIN REALTY COLOMBIA - COMPARTIMENTO C,192595015,192595,COMISION DE GESTION,0,0,Assets,,OtherNonfinancialAssets,,,,,NetAssetsLiabilities,,,,
294,FCP PALADIN REALTY COLOMBIA - COMPARTIMENTO C,192595025,192595,COMISION ADMINISTRACION,0,0,Assets,,OtherNonfinancialAssets,,,,,NetAssetsLiabilities,,,,
294,FCP PALADIN REALTY COLOMBIA - COMPARTIMENTO C,250110015,250110,COMISION DE ADMINISTRACION,0,0,EquityAndLiabilities,Liabilities,TradeAndOtherPayables,,,,,NetAssetsLiabilities,,,,
294,FCP PALADIN REALTY COLOMBIA - COMPARTIMENTO C,250295050,250295,OTROS PROVEEDORES,0,0,EquityAndLiabilities,Liabilities,TradeAndOtherPayables,,,,,NetAssetsLiabilities,,,,
294,FCP PALADIN REALTY COLOMBIA - COMPARTIMENTO C,352505010,352505,PARTICIPACIONES EN FDO DE INVERSIÓN COLE,-11604291532,-11783274692,EquityAndLiabilities,Equity,EquityAttributableToOwnersOfParent,OtherEquityInterest,,,,,,,,
294,FCP PALADIN REALTY COLOMBIA - COMPARTIMENTO C,410805300,410805,EMISORES NACIONALES,0,"-179909722,1",EquityAndLiabilities,Equity,EquityAttributableToOwnersOfParent,OtherEquityInterest,ProfitLossFromContinuingOperations,ProfitLoss,ProfitLossBeforeTax,ProfitLossFromOperatingActivities,OtherExpenseByNature,,,AdjustmentsForDecreaseIncreaseInOtherCurrentAssets
294,FCP PALADIN REALTY COLOMBIA - COMPARTIMENTO C,511325010,511325,COMISION CUSTODIA FIJA,0,"2097482,09",EquityAndLiabilities,Equity,EquityAttributableToOwnersOfParent,OtherEquityInterest,ProfitLossFromContinuingOperations,ProfitLoss,ProfitLossBeforeTax,ProfitLossFromOperatingActivities,OtherExpenseByNature,BrokerageFeeExpense,FeeAndCommissionExpense,FeeAndCommissionIncomeExpense
294,FCP PALADIN REALTY COLOMBIA - COMPARTIMENTO C,513015003,513015,REVISORIA FISCAL,0,"1138254,12",EquityAndLiabilities,Equity,EquityAttributableToOwnersOfParent,OtherEquityInterest,ProfitLossFromContinuingOperations,ProfitLoss,ProfitLossBeforeTax,ProfitLossFromOperatingActivities,OtherExpenseByNature,,,
294,FCP PALADIN REALTY COLOMBIA - COMPARTIMENTO C,513095090,513095,OTROS HONORARIOS,0,"6389416,13",EquityAndLiabilities,Equity,EquityAttributableToOwnersOfParent,OtherEquityInterest,ProfitLossFromContinuingOperations,ProfitLoss,ProfitLossBeforeTax,ProfitLossFromOperatingActivities,OtherExpenseByNature,,,
294,FCP PALADIN REALTY COLOMBIA - COMPARTIMENTO C,514005010,514005,IMPUESTO A LOS MOVIMIENTOS FINANCIEROS,0,"2373503,12",EquityAndLiabilities,Equity,EquityAttributableToOwnersOfParent,OtherEquityInterest,ProfitLossFromContinuingOperations,ProfitLoss,ProfitLossBeforeTax,ProfitLossFromOperatingActivities,OtherExpenseByNature,,,
294,FCP PALADIN REALTY COLOMBIA - COMPARTIMENTO C,519095050,519095,GASTOS REEMBOLSABLES,0,"2900177,43",EquityAndLiabilities,Equity,EquityAttributableToOwnersOfParent,OtherEquityInterest,ProfitLossFromContinuingOperations,ProfitLoss,ProfitLossBeforeTax,ProfitLossFromOperatingActivities,OtherExpenseByNature,,,
294,FCP PALADIN REALTY COLOMBIA - COMPARTIMENTO C,590505015,590505,CANCELACION DE INGRESOS RV,0,-1500973594,EquityAndLiabilities,Equity,EquityAttributableToOwnersOfParent,OtherEquityInterest,,,,,,,,
294,FCP PALADIN REALTY COLOMBIA - COMPARTIMENTO C,810505115,810505,OTROS EMISORES NACIONALES,"20131298,71","20131298,71",EquityAndLiabilities,Equity,EquityAttributableToOwnersOfParent,,,,,,,,,
294,FCP PALADIN REALTY COLOMBIA - COMPARTIMENTO C,810505205,810505,EMISORES NACIONALES,3925870917,3698230160,EquityAndLiabilities,Equity,EquityAttributableToOwnersOfParent,,,,,,,,,
294,FCP PALADIN REALTY COLOMBIA - COMPARTIMENTO C,840505999,840505,OTRAS CUENTAS DE ORDEN ACREEDORAS USD,"592071587,2","542234309,7",EquityAndLiabilities,Equity,EquityAttributableToOwnersOfParent,,,,,,,,,
302,FIC DIVERSIFICADO INTERNACIONAL,110505110,110505,CAJA GENERAL,0,0,,,,,,,,,,,,
302,FIC DIVERSIFICADO INTERNACIONAL,111505002,111505,"(BG) Bancolombia cta Ah No, 03196256902","60663276,93","10951767,91",Assets,,CashAndCashEquivalents,BalancesWithBanks,Cash,,,NetAssetsLiabilities,,,,
302,FIC DIVERSIFICADO INTERNACIONAL,111505007,111505,(BG) Occidente cta Aho No 288859887,209165864,"752662319,3",Assets,,CashAndCashEquivalents,BalancesWithBanks,Cash,,,NetAssetsLiabilities,,,,
302,FIC DIVERSIFICADO INTERNACIONAL,111505010,111505,(BG) Bogotá cta aho No 049285885,452550,472092,Assets,,CashAndCashEquivalents,BalancesWithBanks,Cash,,,NetAssetsLiabilities,,,,
302,FIC DIVERSIFICADO INTERNACIONAL,111505012,111505,(DI) Bco Bogotá cta aho No 049335086,"142697441,1","63891912,08",Assets,,CashAndCashEquivalents,BalancesWithBanks,Cash,,,NetAssetsLiabilities,,,,
302,FIC DIVERSIFICADO INTERNACIONAL,111505014,111505,"(DI) Bancolombia cta Ah No, 69000008141","282974989,2","185404287,1",Assets,,CashAndCashEquivalents,BalancesWithBanks,Cash,,,NetAssetsLiabilities,,,,
302,FIC DIVERSIFICADO INTERNACIONAL,225040011,225040,OBLIGACION DE COMPRA SOBRE TITULOS,0,0,EquityAndLiabilities,Liabilities,OtherFinancialLiabilities,,,,,NetAssetsLiabilities,,,,
302,FIC DIVERSIFICADO INTERNACIONAL,249005010,249005,SOBREGIROS,0,0,EquityAndLiabilities,Liabilities,TradeAndOtherPayables,,,,,NetAssetsLiabilities,,,,
302,FIC DIVERSIFICADO INTERNACIONAL,250110033,250110,COMISION CUSTODIO,"-145296,61","-329782,94",EquityAndLiabilities,Liabilities,TradeAndOtherPayables,,,,,NetAssetsLiabilities,,,,
302,FIC DIVERSIFICADO INTERNACIONAL,250295050,250295,PROVEEDORES,0,0,EquityAndLiabilities,Liabilities,TradeAndOtherPayables,,,,,NetAssetsLiabilities,,,,
302,FIC DIVERSIFICADO INTERNACIONAL,250305011,250305,RENDIMIENTOS FINANCIEROS CAPITALIZADOS,0,0,EquityAndLiabilities,Liabilities,TradeAndOtherPayables,,,,,NetAssetsLiabilities,,,,
302,FIC DIVERSIFICADO INTERNACIONAL,253105003,253105,IMPUESTOS,0,0,EquityAndLiabilities,Liabilities,TradeAndOtherPayables,,,,,NetAssetsLiabilities,,,,
302,FIC DIVERSIFICADO INTERNACIONAL,253105110,253105,CUENTA COMPENSACION,"-223779954,6","-59957874,1",EquityAndLiabilities,Liabilities,TradeAndOtherPayables,,,,,NetAssetsLiabilities,,,,
302,FIC DIVERSIFICADO INTERNACIONAL,253105124,253105,CUENTA DE COMPENSACION,0,0,EquityAndLiabilities,Liabilities,TradeAndOtherPayables,,,,,NetAssetsLiabilities,,,,
302,FIC DIVERSIFICADO INTERNACIONAL,410355010,410355,RENDIMIENTOS EN OPE SIMULTANEAS ACTIVAS,0,"-8572573,93",EquityAndLiabilities,Equity,EquityAttributableToOwnersOfParent,OtherEquityInterest,ProfitLossFromContinuingOperations,ProfitLoss,ProfitLossBeforeTax,ProfitLossFromOperatingActivities,OtherExpenseByNature,OtherRevenue,,
302,FIC DIVERSIFICADO INTERNACIONAL,410805200,410805,EMISORES EXTRANJEROS,0,0,EquityAndLiabilities,Equity,EquityAttributableToOwnersOfParent,OtherEquityInterest,ProfitLossFromContinuingOperations,ProfitLoss,ProfitLossBeforeTax,ProfitLossFromOperatingActivities,OtherExpenseByNature,,,AdjustmentsForDecreaseIncreaseInOtherCurrentAssets
302,FIC DIVERSIFICADO INTERNACIONAL,411415020,411415,DIVIDENDOS,0,"-10047687,99",EquityAndLiabilities,Equity,EquityAttributableToOwnersOfParent,OtherEquityInterest,ProfitLossFromContinuingOperations,ProfitLoss,ProfitLossBeforeTax,ProfitLossFromOperatingActivities,Revenue,InterestIncomeOnCashAndCashEquivalents,,
302,FIC DIVERSIFICADO INTERNACIONAL,411495006,411495,(DI) Bco Occidente cta aho No 219885910,0,"-7969353,89",EquityAndLiabilities,Equity,EquityAttributableToOwnersOfParent,OtherEquityInterest,ProfitLossFromContinuingOperations,ProfitLoss,ProfitLossBeforeTax,ProfitLossFromOperatingActivities,Revenue,InterestIncomeOnCashAndCashEquivalents,,
302,FIC DIVERSIFICADO INTERNACIONAL,411495007,411495,(BG) Occidente cta cau No 288859887,0,"-8535846,48",EquityAndLiabilities,Equity,EquityAttributableToOwnersOfParent,OtherEquityInterest,ProfitLossFromContinuingOperations,ProfitLoss,ProfitLossBeforeTax,ProfitLossFromOperatingActivities,Revenue,InterestIncomeOnCashAndCashEquivalents,,
302,FIC DIVERSIFICADO INTERNACIONAL,411495010,411495,(BG) Bogotá cta aho No 049285885,0,"-20532,81",EquityAndLiabilities,Equity,EquityAttributableToOwnersOfParent,OtherEquityInterest,ProfitLossFromContinuingOperations,ProfitLoss,ProfitLossBeforeTax,ProfitLossFromOperatingActivities,Revenue,InterestIncomeOnCashAndCashEquivalents,,
302,FIC DIVERSIFICADO INTERNACIONAL,411495012,411495,(DI) Davivienda cta aho No 482800036048,0,"-3508624,03",EquityAndLiabilities,Equity,EquityAttributableToOwnersOfParent,OtherEquityInterest,ProfitLossFromContinuingOperations,ProfitLoss,ProfitLossBeforeTax,ProfitLossFromOperatingActivities,Revenue,InterestIncomeOnCashAndCashEquivalents,,
302,FIC DIVERSIFICADO INTERNACIONAL,411495015,411495,RENDIMIENTOS INVERSIONES EN FICS,0,"-1316699,55",EquityAndLiabilities,Equity,EquityAttributableToOwnersOfParent,OtherEquityInterest,ProfitLossFromContinuingOperations,ProfitLoss,ProfitLossBeforeTax,ProfitLossFromOperatingActivities,Revenue,InterestIncomeOnCashAndCashEquivalents,,
302,FIC DIVERSIFICADO INTERNACIONAL,411495145,411495,"OCCIDENTAL BANK BARBADOS Cau, 509060 CTE",0,"-153319,91",EquityAndLiabilities,Equity,EquityAttributableToOwnersOfParent,OtherEquityInterest,ProfitLossFromContinuingOperations,ProfitLoss,ProfitLossBeforeTax,ProfitLossFromOperatingActivities,Revenue,InterestIncomeOnCashAndCashEquivalents,,
302,FIC DIVERSIFICADO INTERNACIONAL,411495201,411495,CAUS BANCOLOMBIA PANAMA 80100007496 AHO,0,"-36972,73",EquityAndLiabilities,Equity,EquityAttributableToOwnersOfParent,OtherEquityInterest,ProfitLossFromContinuingOperations,ProfitLoss,ProfitLossBeforeTax,ProfitLossFromOperatingActivities,Revenue,InterestIncomeOnCashAndCashEquivalents,,
302,FIC DIVERSIFICADO INTERNACIONAL,411495999,411495,OTROS,0,"-0,37",EquityAndLiabilities,Equity,EquityAttributableToOwnersOfParent,OtherEquityInterest,ProfitLossFromContinuingOperations,ProfitLoss,ProfitLossBeforeTax,ProfitLossFromOperatingActivities,Revenue,InterestIncomeOnCashAndCashEquivalents,,
302,FIC DIVERSIFICADO INTERNACIONAL,412510200,412510,EMISORES EXTRANJEROS,0,"-244180976,5",EquityAndLiabilities,Equity,EquityAttributableToOwnersOfParent,OtherEquityInterest,ProfitLossFromContinuingOperations,ProfitLoss,ProfitLossBeforeTax,ProfitLossFromOperatingActivities,Revenue,,,
302,FIC DIVERSIFICADO INTERNACIONAL,412917020,412917,UTILIDAD DERIVADOS DE MONEDA,0,"-384387773,3",EquityAndLiabilities,Equity,EquityAttributableToOwnersOfParent,OtherEquityInterest,ProfitLossFromContinuingOperations,ProfitLoss,ProfitLossBeforeTax,ProfitLossFromOperatingActivities,Revenue,,,AdjustmentsForDecreaseIncreaseInOtherCurrentAssets
302,FIC DIVERSIFICADO INTERNACIONAL,413515010,413515,POR REEXPRESION DE OTROS ACTIVOS,0,"-9984500,97",EquityAndLiabilities,Equity,EquityAttributableToOwnersOfParent,OtherEquityInterest,ProfitLossFromContinuingOperations,ProfitLoss,ProfitLossBeforeTax,ProfitLossFromOperatingActivities,OtherExpenseByNature,,,
302,FIC DIVERSIFICADO INTERNACIONAL,413515015,413515,UT/PER REEXPRESIÓN OTROS ACTIVOS (DER CO,0,0,EquityAndLiabilities,Equity,EquityAttributableToOwnersOfParent,OtherEquityInterest,ProfitLossFromContinuingOperations,ProfitLoss,ProfitLossBeforeTax,ProfitLossFromOperatingActivities,OtherExpenseByNature,,,
302,FIC DIVERSIFICADO INTERNACIONAL,510605105,510605,TES,0,0,EquityAndLiabilities,Equity,EquityAttributableToOwnersOfParent,OtherEquityInterest,ProfitLossFromContinuingOperations,ProfitLoss,ProfitLossBeforeTax,ProfitLossFromOperatingActivities,OtherExpenseByNature,,,AdjustmentsForDecreaseIncreaseInOtherCurrentAssets
302,FIC DIVERSIFICADO INTERNACIONAL,510805010,510805,POR DISMINUCUION EN EL VALOR DE MERCADO,0,"124157175,3",EquityAndLiabilities,Equity,EquityAttributableToOwnersOfParent,OtherEquityInterest,ProfitLossFromContinuingOperations,ProfitLoss,ProfitLossBeforeTax,ProfitLossFromOperatingActivities,OtherExpenseByNature,,,AdjustmentsForDecreaseIncreaseInOtherCurrentAssets
302,FIC DIVERSIFICADO INTERNACIONAL,511548010,511548,"COMISION DE ADMINISTRACION R,F,",0,"153050553,1",EquityAndLiabilities,Equity,EquityAttributableToOwnersOfParent,OtherEquityInterest,ProfitLossFromContinuingOperations,ProfitLoss,ProfitLossBeforeTax,ProfitLossFromOperatingActivities,OtherExpenseByNature,OtherFeeAndCommissionExpense,FeeAndCommissionExpense,FeeAndCommissionIncomeExpense
302,FIC DIVERSIFICADO INTERNACIONAL,512510200,512510,EMISORES EXTRANJEROS,0,196646816,EquityAndLiabilities,Equity,EquityAttributableToOwnersOfParent,OtherEquityInterest,ProfitLossFromContinuingOperations,ProfitLoss,ProfitLossBeforeTax,ProfitLossFromOperatingActivities,OtherExpenseByNature,,,
302,FIC DIVERSIFICADO INTERNACIONAL,512917010,512917,PERDIDA FUTUROS DE MONEDAS,0,0,EquityAndLiabilities,Equity,EquityAttributableToOwnersOfParent,OtherEquityInterest,ProfitLossFromContinuingOperations,ProfitLoss,ProfitLossBeforeTax,ProfitLossFromOperatingActivities,OtherExpenseByNature,,,AdjustmentsForDecreaseIncreaseInOtherCurrentAssets
302,FIC DIVERSIFICADO INTERNACIONAL,512917020,512917,VALORACION FUTUROS DE MONEDAS,0,0,EquityAndLiabilities,Equity,EquityAttributableToOwnersOfParent,OtherEquityInterest,ProfitLossFromContinuingOperations,ProfitLoss,ProfitLossBeforeTax,ProfitLossFromOperatingActivities,OtherExpenseByNature,,,AdjustmentsForDecreaseIncreaseInOtherCurrentAssets
302,FIC DIVERSIFICADO INTERNACIONAL,513535015,513535,UT/PER REEXPRESIÓN OTROS ACTIVOS (DER CO,0,10348400,EquityAndLiabilities,Equity,EquityAttributableToOwnersOfParent,OtherEquityInterest,ProfitLossFromContinuingOperations,ProfitLoss,ProfitLossBeforeTax,ProfitLossFromOperatingActivities,OtherExpenseByNature,,,
302,FIC DIVERSIFICADO INTERNACIONAL,514005011,514005,IMPOVENTAS,0,"716340,62",EquityAndLiabilities,Equity,EquityAttributableToOwnersOfParent,OtherEquityInterest,ProfitLossFromContinuingOperations,ProfitLoss,ProfitLossBeforeTax,ProfitLossFromOperatingActivities,OtherExpenseByNature,,,
302,FIC DIVERSIFICADO INTERNACIONAL,519095030,519095,VALORIZACION FONDOS,0,0,EquityAndLiabilities,Equity,EquityAttributableToOwnersOfParent,OtherEquityInterest,ProfitLossFromContinuingOperations,ProfitLoss,ProfitLossBeforeTax,ProfitLossFromOperatingActivities,OtherExpenseByNature,,,
302,FIC DIVERSIFICADO INTERNACIONAL,519095999,519095,OTROS,0,0,EquityAndLiabilities,Equity,EquityAttributableToOwnersOfParent,OtherEquityInterest,ProfitLossFromContinuingOperations,ProfitLoss,ProfitLossBeforeTax,ProfitLossFromOperatingActivities,OtherExpenseByNature,,,
302,FIC DIVERSIFICADO INTERNACIONAL,590505010,590505,CANCELACION DE INGRESOS RF,0,"568111399,2",EquityAndLiabilities,Equity,EquityAttributableToOwnersOfParent,OtherEquityInterest,,,,,,,,
302,FIC DIVERSIFICADO INTERNACIONAL,590505020,590505,UTILIDAD/PERDIDA PAGADA EN REDENCIONES,0,"388122906,4",EquityAndLiabilities,Equity,EquityAttributableToOwnersOfParent,OtherEquityInterest,,,,,,,,
302,FIC DIVERSIFICADO INTERNACIONAL,810505105,810505,TÍTULOS DE TESORERÍA -TES,0,524731250,EquityAndLiabilities,Equity,EquityAttributableToOwnersOfParent,,,,,,,,,
302,FIC DIVERSIFICADO INTERNACIONAL,111505017,111505,(DI) Davivienda cta ah No 482800043101,0,320321399,Assets,,CashAndCashEquivalents,BalancesWithBanks,Cash,,,NetAssetsLiabilities,,,,
302,FIC DIVERSIFICADO INTERNACIONAL,111505018,111505,BG) Davivienda cta ah No 482800017147,"1339171,26","1398366,98",Assets,,CashAndCashEquivalents,BalancesWithBanks,Cash,,,NetAssetsLiabilities,,,,
302,FIC DIVERSIFICADO INTERNACIONAL,111510002,111510,(DI) Davivienda Panamá Cta: 10001015161,"52068808,15","48534180,26",Assets,,CashAndCashEquivalents,BalancesWithBanks,Cash,,,NetAssetsLiabilities,,,,
302,FIC DIVERSIFICADO INTERNACIONAL,111510101,111510,BANCOLOMBIA PANAMA CTA: 80100007496,"22734917,65","17317353,31",Assets,,CashAndCashEquivalents,BalancesWithBanks,Cash,,,NetAssetsLiabilities,,,,
302,FIC DIVERSIFICADO INTERNACIONAL,111510130,111510,ALL FUNDS CTA: 1150500576002,"4300278,58","4620105,67",Assets,,CashAndCashEquivalents,BalancesWithBanks,Cash,,,NetAssetsLiabilities,,,,
302,FIC DIVERSIFICADO INTERNACIONAL,111510135,111510,CITIBANK NEW YORK CTA: 27075000,"828878799,2","64573437,26",Assets,,CashAndCashEquivalents,BalancesWithBanks,Cash,,,NetAssetsLiabilities,,,,
302,FIC DIVERSIFICADO INTERNACIONAL,111510145,111510,OCCIDENTAL BANK BARBADOS CTA: 509060,"23674525,76","18068864,99",Assets,,CashAndCashEquivalents,BalancesWithBanks,Cash,,,NetAssetsLiabilities,,,,
302,FIC DIVERSIFICADO INTERNACIONAL,111510444,111510,BANCOLOMBIA COLOMBIA CTA PTE,0,0,Assets,,CashAndCashEquivalents,BalancesWithBanks,Cash,,,NetAssetsLiabilities,,,,
302,FIC DIVERSIFICADO INTERNACIONAL,111510777,111510,OCCIDENTAL COLOMBIA,0,0,Assets,,CashAndCashEquivalents,BalancesWithBanks,Cash,,,NetAssetsLiabilities,,,,
302,FIC DIVERSIFICADO INTERNACIONAL,122005010,122005,"COMP DE TRANSF DE INV EN OP, SIM",0,0,Assets,,CashAndCashEquivalents,BalancesWithBanks,Cash,,,NetAssetsLiabilities,,,,
302,FIC DIVERSIFICADO INTERNACIONAL,130105105,130105,TÍTULOS DE TESORERÍA -TES,0,524731250,Assets,,Inversiones,ActivosFinancierosCorrientesValorRazonableCambiosResultadosInversiones,InversionesNegociables,NegociablesInstrumentosDeuda,,NetAssetsLiabilities,,,,
302,FIC DIVERSIFICADO INTERNACIONAL,130210200,130210,EMISORES EXTRANJEROS,16520684399,14213591831,Assets,,Inversiones,ActivosFinancierosCorrientesValorRazonableCambiosResultadosInversiones,InversionesNegociables,NegociablesInstrumentosPatrimonio,,NetAssetsLiabilities,,,,
302,FIC DIVERSIFICADO INTERNACIONAL,135105010,135105,DERECHO DE COMPRA SOBRE DIVISAS,0,0,,,,,,,,,,,,
302,FIC DIVERSIFICADO INTERNACIONAL,135115300,135115,DERECHO DE COMPRA TITULOS,0,0,Assets,,Inversiones,ActivosFinancierosCorrientesValorRazonableCambiosResultadosInversiones,InversionesNegociables,NegociablesInstrumentosPatrimonio,,NetAssetsLiabilities,,,,
302,FIC DIVERSIFICADO INTERNACIONAL,135120200,135120,DERECHO DE VENTA SOBRE TÍTULOS,0,0,Assets,,Inversiones,ActivosFinancierosCorrientesValorRazonableCambiosResultadosInversiones,InversionesNegociables,NegociablesInstrumentosPatrimonio,,NetAssetsLiabilities,,,,
302,FIC DIVERSIFICADO INTERNACIONAL,135120300,135120,DERECHO DE VENTA TITULOS,0,0,Assets,,Inversiones,ActivosFinancierosCorrientesValorRazonableCambiosResultadosInversiones,InversionesNegociables,NegociablesInstrumentosPatrimonio,,NetAssetsLiabilities,,,,
302,FIC DIVERSIFICADO INTERNACIONAL,135135010,135135,OBLIGACIÓN DE VENTA SOBRE DIVISAS,0,0,,,,,,,,,,,,
302,FIC DIVERSIFICADO INTERNACIONAL,135140200,135140,OBLIGACION DE COMPRA TITULOS,"-509310376,6",0,Assets,,Inversiones,ActivosFinancierosCorrientesValorRazonableCambiosResultadosInversiones,InversionesNegociables,NegociablesInstrumentosPatrimonio,,NetAssetsLiabilities,,,,
302,FIC DIVERSIFICADO INTERNACIONAL,135140300,135140,OBLIGACION DE COMPRA TITULOS,0,0,Assets,,Inversiones,ActivosFinancierosCorrientesValorRazonableCambiosResultadosInversiones,InversionesNegociables,NegociablesInstrumentosPatrimonio,,NetAssetsLiabilities,,,,
302,FIC DIVERSIFICADO INTERNACIONAL,135145200,135145,OBLIGACION DE VENTA SOBRE TÍTULOS,0,0,Assets,,Inversiones,ActivosFinancierosCorrientesValorRazonableCambiosResultadosInversiones,InversionesNegociables,NegociablesInstrumentosPatrimonio,,NetAssetsLiabilities,,,,
302,FIC DIVERSIFICADO INTERNACIONAL,135145300,135145,OBLIGACION VENTA TITULOS,0,0,Assets,,Inversiones,ActivosFinancierosCorrientesValorRazonableCambiosResultadosInversiones,InversionesNegociables,NegociablesInstrumentosPatrimonio,,NetAssetsLiabilities,,,,
302,FIC DIVERSIFICADO INTERNACIONAL,135305010,135305,DERECHO DERIVADOS DE MONEDAS,7867509500,5752713000,Assets,,Inversiones,ActivosFinancierosCorrientesValorRazonableCambiosResultadosInversiones,InversionesNegociables,NegociablesInstrumentosPatrimonio,,NetAssetsLiabilities,,,,
302,FIC DIVERSIFICADO INTERNACIONAL,161695004,161695,"(LD) BCO DAVIVIENDA cta No,482800025215","16098,53","16098,53",Assets,,TradeAndOtherReceivables,,,,,NetAssetsLiabilities,,,,
302,FIC DIVERSIFICADO INTERNACIONAL,161695008,161695,"(DI) Davivienda Panamá Cta, 10001015161","-22962,36","107539,78",Assets,,TradeAndOtherReceivables,,,,,NetAssetsLiabilities,,,,
302,FIC DIVERSIFICADO INTERNACIONAL,161695010,161695,"(BG) Bogotá cta aho Cau No, 049285885","27,24","3577,73",Assets,,TradeAndOtherReceivables,,,,,NetAssetsLiabilities,,,,
302,FIC DIVERSIFICADO INTERNACIONAL,161695013,161695,(DI) Bco Bogotá cta aho No 049335086,"932259,19","326684,36",Assets,,TradeAndOtherReceivables,,,,,NetAssetsLiabilities,,,,
302,FIC DIVERSIFICADO INTERNACIONAL,161695018,161695,BG) Davivienda cta ah No 482800017147,"196181,52","195990,22",Assets,,TradeAndOtherReceivables,,,,,NetAssetsLiabilities,,,,
302,FIC DIVERSIFICADO INTERNACIONAL,161695145,161695,"OCCIDENTAL BANK BARBADOS Cau, 509060 CTE","1500969,49","1517496,2",Assets,,TradeAndOtherReceivables,,,,,NetAssetsLiabilities,,,,
302,FIC DIVERSIFICADO INTERNACIONAL,161695300,161695,CUENTA CONTROL TRANSFERENCIAS,0,0,Assets,,TradeAndOtherReceivables,,,,,NetAssetsLiabilities,,,,
302,FIC DIVERSIFICADO INTERNACIONAL,161795020,161795,OTROS,0,4990500,Assets,,TradeAndOtherReceivables,,,,,NetAssetsLiabilities,,,,
302,FIC DIVERSIFICADO INTERNACIONAL,162825010,162825,EN GARANTIA,429364444,429364444,Assets,,TradeAndOtherReceivables,,,,,NetAssetsLiabilities,,,,
302,FIC DIVERSIFICADO INTERNACIONAL,225005010,225005,DERECHO DE COMPRA DE DIVISAS,0,0,EquityAndLiabilities,Liabilities,OtherFinancialLiabilities,,,,,NetAssetsLiabilities,,,,
302,FIC DIVERSIFICADO INTERNACIONAL,225015011,225015,DERECHO COMPRA SOBRE TITULOS,0,0,EquityAndLiabilities,Liabilities,OtherFinancialLiabilities,,,,,NetAssetsLiabilities,,,,
302,FIC DIVERSIFICADO INTERNACIONAL,225020300,225020,DERECHO VENTA TITULOS,1729001265,0,EquityAndLiabilities,Liabilities,OtherFinancialLiabilities,,,,,NetAssetsLiabilities,,,,
302,FIC DIVERSIFICADO INTERNACIONAL,225030010,225030,OBLIGACION DE COMPRA SOBRE DIVISAS,0,0,,,,,,,,,,,,
302,FIC DIVERSIFICADO INTERNACIONAL,810505205,810505,OTROS,392601810,740935461,EquityAndLiabilities,Equity,EquityAttributableToOwnersOfParent,,,,,,,,,
302,FIC DIVERSIFICADO INTERNACIONAL,810505210,810505,EMISORES EXTRANJEROS,16520684399,14213591831,EquityAndLiabilities,Equity,EquityAttributableToOwnersOfParent,,,,,,,,,
302,FIC DIVERSIFICADO INTERNACIONAL,830505010,830505,DEUDORAS POR CONTRA,-16913286209,-15479258542,EquityAndLiabilities,Equity,EquityAttributableToOwnersOfParent,,,,,,,,,
302,FIC DIVERSIFICADO INTERNACIONAL,840505010,840505,ACREEDORAS POR CONTRA,0,0,EquityAndLiabilities,Equity,EquityAttributableToOwnersOfParent,,,,,,,,,
305,FCP TC LATAM - COMPARTIMENTO F,130115115,130115,OTROS EMISORES NACIONALES,0,"175577729,3",Assets,,Inversiones,ActivosFinancierosCorrientesValorRazonableCambiosResultadosInversiones,InversionesNegociables,NegociablesInstrumentosDeuda,,NetAssetsLiabilities,,,,
305,FCP TC LATAM - COMPARTIMENTO F,136000300,136000,INVERSIONES DERECHOS FIDUCIARIOS,2650781241,2650781241,Assets,,Inversiones,ActivosFinancierosCorrientesValorRazonableCambiosResultadosInversiones,InversionesNegociables,NegociablesInstrumentosPatrimonio,,NetAssetsLiabilities,,,,
305,FCP TC LATAM - COMPARTIMENTO F,161205010,161205,ARRENDAMIENTOS DE BIENES PROPIOS,0,0,Assets,,TradeAndOtherReceivables,,,,,NetAssetsLiabilities,,,,
305,FCP TC LATAM - COMPARTIMENTO F,161695006,161695,"(LT) BANCOLOMBIA Cta No,69000002519","9,84","9,52",Assets,,TradeAndOtherReceivables,,,,,NetAssetsLiabilities,,,,
305,FCP TC LATAM - COMPARTIMENTO F,161695045,161695,CUENTA CORRIENTE,"175577729,3",1730363727,Assets,,TradeAndOtherReceivables,,,,,NetAssetsLiabilities,,,,
305,FCP TC LATAM - COMPARTIMENTO F,182705010,182705,PROPIEDADES DE INVERSION,5905440203,5905440203,Assets,,OtherNonfinancialAssets,,,,,NetAssetsLiabilities,,,,
305,FCP TC LATAM - COMPARTIMENTO F,192595030,192595,AMORTIZACIÓN COMISIÓN DE ADMÓN,0,0,Assets,,OtherNonfinancialAssets,,,,,NetAssetsLiabilities,,,,
305,FCP TC LATAM - COMPARTIMENTO F,250105010,250105,HONORARIOS,0,0,EquityAndLiabilities,Liabilities,TradeAndOtherPayables,,,,,NetAssetsLiabilities,,,,
305,FCP TC LATAM - COMPARTIMENTO F,250110010,250110,COMISION CUSTODIA FIJA,0,0,EquityAndLiabilities,Liabilities,TradeAndOtherPayables,,,,,NetAssetsLiabilities,,,,
305,FCP TC LATAM - COMPARTIMENTO F,250295050,250295,OTROS PROVEEDORES,0,0,EquityAndLiabilities,Liabilities,TradeAndOtherPayables,,,,,NetAssetsLiabilities,,,,
305,FCP TC LATAM - COMPARTIMENTO F,250305020,250305,RTE FTE PROVEEDORES,0,0,EquityAndLiabilities,Liabilities,TradeAndOtherPayables,,,,,NetAssetsLiabilities,,,,
305,FCP TC LATAM - COMPARTIMENTO F,250340010,250340,SOBRE LAS VENTAS POR PAGAR 19%,"-12063513,3","-6245260,7",EquityAndLiabilities,Liabilities,TradeAndOtherPayables,,,,,NetAssetsLiabilities,,,,
305,FCP TC LATAM - COMPARTIMENTO F,253105003,253105,CUENTA CORRIENTE IBA,0,0,EquityAndLiabilities,Liabilities,TradeAndOtherPayables,,,,,NetAssetsLiabilities,,,,
305,FCP TC LATAM - COMPARTIMENTO F,352505010,352505,PARTICIPACIONES EN FDO DE INVERSIÓN COLE,-9112955633,-6241618776,EquityAndLiabilities,Equity,EquityAttributableToOwnersOfParent,OtherEquityInterest,,,,,,,,
305,FCP TC LATAM - COMPARTIMENTO F,411495006,411495,"(LT) BANCOLOMBIA Cta No,69000002519",0,"-71,52",EquityAndLiabilities,Equity,EquityAttributableToOwnersOfParent,OtherEquityInterest,ProfitLossFromContinuingOperations,ProfitLoss,ProfitLossBeforeTax,ProfitLossFromOperatingActivities,Revenue,InterestIncomeOnCashAndCashEquivalents,,
305,FCP TC LATAM - COMPARTIMENTO F,411495009,411495,"(LF) BANCOLOMBIA Cta No,03173150449",0,"-21986718,97",EquityAndLiabilities,Equity,EquityAttributableToOwnersOfParent,OtherEquityInterest,ProfitLossFromContinuingOperations,ProfitLoss,ProfitLossBeforeTax,ProfitLossFromOperatingActivities,Revenue,InterestIncomeOnCashAndCashEquivalents,,
305,FCP TC LATAM - COMPARTIMENTO F,511325010,511325,COMISION CUSTODIA FIJA,0,"3891936,37",EquityAndLiabilities,Equity,EquityAttributableToOwnersOfParent,OtherEquityInterest,ProfitLossFromContinuingOperations,ProfitLoss,ProfitLossBeforeTax,ProfitLossFromOperatingActivities,OtherExpenseByNature,BrokerageFeeExpense,FeeAndCommissionExpense,FeeAndCommissionIncomeExpense
305,FCP TC LATAM - COMPARTIMENTO F,511512010,511512,GASTOS BANCARIOS,0,"128423,89",EquityAndLiabilities,Equity,EquityAttributableToOwnersOfParent,OtherEquityInterest,ProfitLossFromContinuingOperations,ProfitLoss,ProfitLossBeforeTax,ProfitLossFromOperatingActivities,OtherExpenseByNature,OtherFeeAndCommissionExpense,FeeAndCommissionExpense,FeeAndCommissionIncomeExpense
305,FCP TC LATAM - COMPARTIMENTO F,513095090,513095,OTROS HONORARIOS,0,3674287,EquityAndLiabilities,Equity,EquityAttributableToOwnersOfParent,OtherEquityInterest,ProfitLossFromContinuingOperations,ProfitLoss,ProfitLossBeforeTax,ProfitLossFromOperatingActivities,OtherExpenseByNature,,,
305,FCP TC LATAM - COMPARTIMENTO F,514005010,514005,IMPUESTO A LOS MOVIMIENTOS FINANCIEROS,0,"695317,24",EquityAndLiabilities,Equity,EquityAttributableToOwnersOfParent,OtherEquityInterest,ProfitLossFromContinuingOperations,ProfitLoss,ProfitLossBeforeTax,ProfitLossFromOperatingActivities,OtherExpenseByNature,,,
305,FCP TC LATAM - COMPARTIMENTO F,519095010,519095,ADMINISTRACION DE ARRENDAMIENTOS,0,"10558007,65",EquityAndLiabilities,Equity,EquityAttributableToOwnersOfParent,OtherEquityInterest,ProfitLossFromContinuingOperations,ProfitLoss,ProfitLossBeforeTax,ProfitLossFromOperatingActivities,OtherExpenseByNature,,,
305,FCP TC LATAM - COMPARTIMENTO F,519095050,519095,GASTOS REEMBOLSABLES,0,27164712,EquityAndLiabilities,Equity,EquityAttributableToOwnersOfParent,OtherEquityInterest,ProfitLossFromContinuingOperations,ProfitLoss,ProfitLossBeforeTax,ProfitLossFromOperatingActivities,OtherExpenseByNature,,,
305,FCP TC LATAM - COMPARTIMENTO F,810505115,810505,OTROS EMISORES NACIONALES,0,"175577729,3",EquityAndLiabilities,Equity,EquityAttributableToOwnersOfParent,,,,,,,,,
305,FCP TC LATAM - COMPARTIMENTO F,810505205,810505,EMISORES NACIONALES,2650781241,2650781241,EquityAndLiabilities,Equity,EquityAttributableToOwnersOfParent,,,,,,,,,
305,FCP TC LATAM - COMPARTIMENTO F,840505999,840505,OTRAS CUENTAS DE ORDEN ACREEDORAS USD,22623873081,20719521866,EquityAndLiabilities,Equity,EquityAttributableToOwnersOfParent,,,,,,,,,
313,FONDO DE INVERSION COLECTIVA RENTA FIJA LARGO PLAZO,111505003,111505,"(RF) BANCOLOMBIA Cta No, 03100010541","27304781,4","43633346,15",Assets,,CashAndCashEquivalents,BalancesWithBanks,Cash,,,NetAssetsLiabilities,,,,
313,FONDO DE INVERSION COLECTIVA RENTA FIJA LARGO PLAZO,111505006,111505,"(RF) DAVIVIENDA Cta No, 482869993451",9000000,10700000,Assets,,CashAndCashEquivalents,BalancesWithBanks,Cash,,,NetAssetsLiabilities,,,,
313,FONDO DE INVERSION COLECTIVA RENTA FIJA LARGO PLAZO,111505007,111505,"(RF) REPUBLICA Cta No, 62257274","3648830,46",0,Assets,,CashAndCashEquivalents,BalancesWithBanks,Cash,,,NetAssetsLiabilities,,,,
313,FONDO DE INVERSION COLECTIVA RENTA FIJA LARGO PLAZO,111505010,111505,"(RF) OCCIDENTE Cta No, 288860091","32536905,08",6853955701,Assets,,CashAndCashEquivalents,BalancesWithBanks,Cash,,,NetAssetsLiabilities,,,,
313,FONDO DE INVERSION COLECTIVA RENTA FIJA LARGO PLAZO,111505012,111505,"(RF) BANCOLOMBIA Cta No, 3100017680","578099599,8","578097543,3",Assets,,CashAndCashEquivalents,BalancesWithBanks,Cash,,,NetAssetsLiabilities,,,,
313,FONDO DE INVERSION COLECTIVA RENTA FIJA LARGO PLAZO,111505016,111505,"(LP) DAVIVIENDA Cta No,482800017154","253638149,9","8615679,39",Assets,,CashAndCashEquivalents,BalancesWithBanks,Cash,,,NetAssetsLiabilities,,,,
302,FIC DIVERSIFICADO INTERNACIONAL,225035010,225035,OBLIGACION DE VENTA SOBRE DIVISAS,0,0,,,,,,,,,,,,
302,FIC DIVERSIFICADO INTERNACIONAL,225045300,225045,OBLIGACION VENTA TITULOS,-1733428759,0,EquityAndLiabilities,Liabilities,OtherFinancialLiabilities,,,,,NetAssetsLiabilities,,,,
302,FIC DIVERSIFICADO INTERNACIONAL,250105035,250105,REVISORIA FISCAL,0,0,EquityAndLiabilities,Liabilities,TradeAndOtherPayables,,,,,NetAssetsLiabilities,,,,
302,FIC DIVERSIFICADO INTERNACIONAL,250110015,250110,COMISION DE ADMINISTRACION,"-1843767,21","-840119,39",EquityAndLiabilities,Liabilities,TradeAndOtherPayables,,,,,NetAssetsLiabilities,,,,
302,FIC DIVERSIFICADO INTERNACIONAL,250305020,250305,RTE FTE PROVEEDORES,0,0,EquityAndLiabilities,Liabilities,TradeAndOtherPayables,,,,,NetAssetsLiabilities,,,,
302,FIC DIVERSIFICADO INTERNACIONAL,253105135,253105,LIQUIDACION DERIVADOS,-106573000,0,EquityAndLiabilities,Liabilities,TradeAndOtherPayables,,,,,NetAssetsLiabilities,,,,
302,FIC DIVERSIFICADO INTERNACIONAL,253105220,253105,CUENTA COMPENSACION DIVISAS,0,0,EquityAndLiabilities,Liabilities,TradeAndOtherPayables,,,,,NetAssetsLiabilities,,,,
302,FIC DIVERSIFICADO INTERNACIONAL,352505010,352505,PARTICIPACIONES EN FDO DE INVERSIÓN COLE,-19306012705,-17810978358,EquityAndLiabilities,Equity,EquityAttributableToOwnersOfParent,OtherEquityInterest,,,,,,,,
302,FIC DIVERSIFICADO INTERNACIONAL,352510010,352510,PARTICIPACIONES POR IDENTIFICAR,"-187427082,2",-442310,EquityAndLiabilities,Equity,EquityAttributableToOwnersOfParent,OtherEquityInterest,,,,,,,,
302,FIC DIVERSIFICADO INTERNACIONAL,410705105,410705,TÍTULOS DE TESORERÍA -TES,0,-42106750,EquityAndLiabilities,Equity,EquityAttributableToOwnersOfParent,OtherEquityInterest,ProfitLossFromContinuingOperations,ProfitLoss,ProfitLossBeforeTax,ProfitLossFromOperatingActivities,Revenue,OtherRevenue,,AdjustmentsForDecreaseIncreaseInOtherCurrentAssets
302,FIC DIVERSIFICADO INTERNACIONAL,410805300,410805,EMISORES NACIONALES,0,0,EquityAndLiabilities,Equity,EquityAttributableToOwnersOfParent,OtherEquityInterest,ProfitLossFromContinuingOperations,ProfitLoss,ProfitLossBeforeTax,ProfitLossFromOperatingActivities,OtherExpenseByNature,,,AdjustmentsForDecreaseIncreaseInOtherCurrentAssets
302,FIC DIVERSIFICADO INTERNACIONAL,411405015,411405,INGRESO POR OP REPO,0,"-12904836,86",EquityAndLiabilities,Equity,EquityAttributableToOwnersOfParent,OtherEquityInterest,ProfitLossFromContinuingOperations,ProfitLoss,ProfitLossBeforeTax,ProfitLossFromOperatingActivities,Revenue,InterestIncomeOnCashAndCashEquivalents,,
302,FIC DIVERSIFICADO INTERNACIONAL,411495002,411495,"(BG) Bancolombia cta Ah No, 03196256902",0,"-727929,59",EquityAndLiabilities,Equity,EquityAttributableToOwnersOfParent,OtherEquityInterest,ProfitLossFromContinuingOperations,ProfitLoss,ProfitLossBeforeTax,ProfitLossFromOperatingActivities,Revenue,InterestIncomeOnCashAndCashEquivalents,,
302,FIC DIVERSIFICADO INTERNACIONAL,411495008,411495,"(DI) Davivienda Panamá Cta, 10001015161",0,"-1215240,38",EquityAndLiabilities,Equity,EquityAttributableToOwnersOfParent,OtherEquityInterest,ProfitLossFromContinuingOperations,ProfitLoss,ProfitLossBeforeTax,ProfitLossFromOperatingActivities,Revenue,InterestIncomeOnCashAndCashEquivalents,,
302,FIC DIVERSIFICADO INTERNACIONAL,411495009,411495,(DI) Davivienda cta ah No 482800043101,0,"-4063181,93",EquityAndLiabilities,Equity,EquityAttributableToOwnersOfParent,OtherEquityInterest,ProfitLossFromContinuingOperations,ProfitLoss,ProfitLossBeforeTax,ProfitLossFromOperatingActivities,Revenue,InterestIncomeOnCashAndCashEquivalents,,
302,FIC DIVERSIFICADO INTERNACIONAL,411495013,411495,(DI) Bco Bogotá cta aho No 049335086,0,"-4420547,75",EquityAndLiabilities,Equity,EquityAttributableToOwnersOfParent,OtherEquityInterest,ProfitLossFromContinuingOperations,ProfitLoss,ProfitLossBeforeTax,ProfitLossFromOperatingActivities,Revenue,InterestIncomeOnCashAndCashEquivalents,,
302,FIC DIVERSIFICADO INTERNACIONAL,411495014,411495,"(DI) Bancolombia cta Ah No, 69000008141",0,"-1773907,48",EquityAndLiabilities,Equity,EquityAttributableToOwnersOfParent,OtherEquityInterest,ProfitLossFromContinuingOperations,ProfitLoss,ProfitLossBeforeTax,ProfitLossFromOperatingActivities,Revenue,InterestIncomeOnCashAndCashEquivalents,,
302,FIC DIVERSIFICADO INTERNACIONAL,411495018,411495,BG) Davivienda cta ah No 482800017147,0,"-59004,42",EquityAndLiabilities,Equity,EquityAttributableToOwnersOfParent,OtherEquityInterest,ProfitLossFromContinuingOperations,ProfitLoss,ProfitLossBeforeTax,ProfitLossFromOperatingActivities,Revenue,InterestIncomeOnCashAndCashEquivalents,,
302,FIC DIVERSIFICADO INTERNACIONAL,411495130,411495,"ALL FUNDS Cau, 1150500576002 CTE",0,"-30616,27",EquityAndLiabilities,Equity,EquityAttributableToOwnersOfParent,OtherEquityInterest,ProfitLossFromContinuingOperations,ProfitLoss,ProfitLossBeforeTax,ProfitLossFromOperatingActivities,Revenue,InterestIncomeOnCashAndCashEquivalents,,
302,FIC DIVERSIFICADO INTERNACIONAL,412917010,412917,FUTUROS DE MONEDAS,0,-364870000,EquityAndLiabilities,Equity,EquityAttributableToOwnersOfParent,OtherEquityInterest,ProfitLossFromContinuingOperations,ProfitLoss,ProfitLossBeforeTax,ProfitLossFromOperatingActivities,Revenue,,,AdjustmentsForDecreaseIncreaseInOtherCurrentAssets
302,FIC DIVERSIFICADO INTERNACIONAL,413535010,413535,DIFERENCIA EN CAMBIO,0,-3693150,EquityAndLiabilities,Equity,EquityAttributableToOwnersOfParent,OtherEquityInterest,ProfitLossFromContinuingOperations,ProfitLoss,ProfitLossBeforeTax,ProfitLossFromOperatingActivities,OtherExpenseByNature,,,
302,FIC DIVERSIFICADO INTERNACIONAL,413535015,413535,UT/PER REEXPRESIÓN OTROS PASIVOS (OBL VE,0,-5473150,EquityAndLiabilities,Equity,EquityAttributableToOwnersOfParent,OtherEquityInterest,ProfitLossFromContinuingOperations,ProfitLoss,ProfitLossBeforeTax,ProfitLossFromOperatingActivities,OtherExpenseByNature,,,
302,FIC DIVERSIFICADO INTERNACIONAL,510440010,510440,COMP DE TRANSFERENCIA EN OPER REPO,0,600,EquityAndLiabilities,Equity,EquityAttributableToOwnersOfParent,OtherEquityInterest,ProfitLossFromContinuingOperations,ProfitLoss,ProfitLossBeforeTax,ProfitLossFromOperatingActivities,OtherExpenseByNature,,,
302,FIC DIVERSIFICADO INTERNACIONAL,510805200,510805,EMISORES EXTRANJEROS,0,"210853029,2",EquityAndLiabilities,Equity,EquityAttributableToOwnersOfParent,OtherEquityInterest,ProfitLossFromContinuingOperations,ProfitLoss,ProfitLossBeforeTax,ProfitLossFromOperatingActivities,OtherExpenseByNature,,,AdjustmentsForDecreaseIncreaseInOtherCurrentAssets
302,FIC DIVERSIFICADO INTERNACIONAL,511325002,511325,COMISION CUSTODIA VARIABLE,0,"7469628,67",EquityAndLiabilities,Equity,EquityAttributableToOwnersOfParent,OtherEquityInterest,ProfitLossFromContinuingOperations,ProfitLoss,ProfitLossBeforeTax,ProfitLossFromOperatingActivities,OtherExpenseByNature,BrokerageFeeExpense,FeeAndCommissionExpense,FeeAndCommissionIncomeExpense
302,FIC DIVERSIFICADO INTERNACIONAL,511325010,511325,COMISION CUSTODIA FIJA,0,"1079327,47",EquityAndLiabilities,Equity,EquityAttributableToOwnersOfParent,OtherEquityInterest,ProfitLossFromContinuingOperations,ProfitLoss,ProfitLossBeforeTax,ProfitLossFromOperatingActivities,OtherExpenseByNature,BrokerageFeeExpense,FeeAndCommissionExpense,FeeAndCommissionIncomeExpense
302,FIC DIVERSIFICADO INTERNACIONAL,511512010,511512,GASTOS BANCARIOS,0,"6755633,41",EquityAndLiabilities,Equity,EquityAttributableToOwnersOfParent,OtherEquityInterest,ProfitLossFromContinuingOperations,ProfitLoss,ProfitLossBeforeTax,ProfitLossFromOperatingActivities,OtherExpenseByNature,OtherFeeAndCommissionExpense,FeeAndCommissionExpense,FeeAndCommissionIncomeExpense
302,FIC DIVERSIFICADO INTERNACIONAL,511595070,511595,COMISIONES OP DEL EXTERIOR,0,"3492636,07",EquityAndLiabilities,Equity,EquityAttributableToOwnersOfParent,OtherEquityInterest,ProfitLossFromContinuingOperations,ProfitLoss,ProfitLossBeforeTax,ProfitLossFromOperatingActivities,OtherExpenseByNature,OtherFeeAndCommissionExpense,FeeAndCommissionExpense,FeeAndCommissionIncomeExpense
302,FIC DIVERSIFICADO INTERNACIONAL,513015003,513015,REVISORIA FISCAL,0,"3528869,56",EquityAndLiabilities,Equity,EquityAttributableToOwnersOfParent,OtherEquityInterest,ProfitLossFromContinuingOperations,ProfitLoss,ProfitLossBeforeTax,ProfitLossFromOperatingActivities,OtherExpenseByNature,,,
302,FIC DIVERSIFICADO INTERNACIONAL,513535010,513535,POR REEXPRESION DE OTROS ACTIVOS,0,0,EquityAndLiabilities,Equity,EquityAttributableToOwnersOfParent,OtherEquityInterest,ProfitLossFromContinuingOperations,ProfitLoss,ProfitLossBeforeTax,ProfitLossFromOperatingActivities,OtherExpenseByNature,,,
302,FIC DIVERSIFICADO INTERNACIONAL,514005010,514005,IMPUESTO A LOS MOVIMIENTOS FINANCIEROS,0,"61022,35",EquityAndLiabilities,Equity,EquityAttributableToOwnersOfParent,OtherEquityInterest,ProfitLossFromContinuingOperations,ProfitLoss,ProfitLossBeforeTax,ProfitLossFromOperatingActivities,OtherExpenseByNature,,,
302,FIC DIVERSIFICADO INTERNACIONAL,590505015,590505,CANCELACION DE INGRESOS RV,0,"-554341160,2",EquityAndLiabilities,Equity,EquityAttributableToOwnersOfParent,OtherEquityInterest,,,,,,,,
302,FIC DIVERSIFICADO INTERNACIONAL,821505010,821505,VALORES RECIBIDOS EN OP SIMULTANEAS TES,0,0,EquityAndLiabilities,Equity,EquityAttributableToOwnersOfParent,,,,,,,,,
305,FCP TC LATAM - COMPARTIMENTO F,111505006,111505,"(LT) BANCOLOMBIA Cta No,69000002519","3927,88","3999,72",Assets,,CashAndCashEquivalents,BalancesWithBanks,Cash,,,NetAssetsLiabilities,,,,
305,FCP TC LATAM - COMPARTIMENTO F,111505009,111505,"(LF) BANCOLOMBIA Cta No,03173150449",2029816908,1560320266,Assets,,CashAndCashEquivalents,BalancesWithBanks,Cash,,,NetAssetsLiabilities,,,,
313,FONDO DE INVERSION COLECTIVA RENTA FIJA LARGO PLAZO,111505019,111505,"(LP) OCCIDENTE Cta No, 219886801",10278329746,"152216408,6",Assets,,CashAndCashEquivalents,BalancesWithBanks,Cash,,,NetAssetsLiabilities,,,,
313,FONDO DE INVERSION COLECTIVA RENTA FIJA LARGO PLAZO,111505159,111505,CUSTODIO BANCO REPUBLICA,0,0,Assets,,CashAndCashEquivalents,BalancesWithBanks,Cash,,,NetAssetsLiabilities,,,,
313,FONDO DE INVERSION COLECTIVA RENTA FIJA LARGO PLAZO,130115115,130115,OTROS EMISORES NACIONALES,63988031604,56075042800,Assets,,Inversiones,ActivosFinancierosCorrientesValorRazonableCambiosResultadosInversiones,InversionesNegociables,NegociablesInstrumentosDeuda,,NetAssetsLiabilities,,,,
313,FONDO DE INVERSION COLECTIVA RENTA FIJA LARGO PLAZO,161695005,161695,"(RF) DAVIVIENDA Cta cau No, 482800007171","239,62","70898,42",Assets,,TradeAndOtherReceivables,,,,,NetAssetsLiabilities,,,,
313,FONDO DE INVERSION COLECTIVA RENTA FIJA LARGO PLAZO,161695013,161695,"(LP) BANCOLOMBIA Cta No, 69000008142","52304,85","208008,38",Assets,,TradeAndOtherReceivables,,,,,NetAssetsLiabilities,,,,
313,FONDO DE INVERSION COLECTIVA RENTA FIJA LARGO PLAZO,161695014,161695,"(RF) COLPATRIA Cta cau No, 0062513022","23782518,7","23782518,7",Assets,,TradeAndOtherReceivables,,,,,NetAssetsLiabilities,,,,
313,FONDO DE INVERSION COLECTIVA RENTA FIJA LARGO PLAZO,161695016,161695,"(LP) DAVIVIENDA Cta No,482800017154","323712,23","220747,89",Assets,,TradeAndOtherReceivables,,,,,NetAssetsLiabilities,,,,
313,FONDO DE INVERSION COLECTIVA RENTA FIJA LARGO PLAZO,161695020,161695,"(LP) BANCO COLPATRIA Cta No,0072967713","17191064,89","14356441,02",Assets,,TradeAndOtherReceivables,,,,,NetAssetsLiabilities,,,,
313,FONDO DE INVERSION COLECTIVA RENTA FIJA LARGO PLAZO,161695045,161695,CUENTA CORRIENTE,"64,18","3651679,98",Assets,,TradeAndOtherReceivables,,,,,NetAssetsLiabilities,,,,
313,FONDO DE INVERSION COLECTIVA RENTA FIJA LARGO PLAZO,162825010,162825,EN GARANTIA,150000000,150000000,Assets,,TradeAndOtherReceivables,,,,,NetAssetsLiabilities,,,,
313,FONDO DE INVERSION COLECTIVA RENTA FIJA LARGO PLAZO,250105035,250105,REVISORIA FISCAL,0,0,EquityAndLiabilities,Liabilities,TradeAndOtherPayables,,,,,NetAssetsLiabilities,,,,
313,FONDO DE INVERSION COLECTIVA RENTA FIJA LARGO PLAZO,250110033,250110,COMISION CUSTODIO,"-119230,18","-1659126,28",EquityAndLiabilities,Liabilities,TradeAndOtherPayables,,,,,NetAssetsLiabilities,,,,
313,FONDO DE INVERSION COLECTIVA RENTA FIJA LARGO PLAZO,250295050,250295,PROVEEDORES,0,0,EquityAndLiabilities,Liabilities,TradeAndOtherPayables,,,,,NetAssetsLiabilities,,,,
313,FONDO DE INVERSION COLECTIVA RENTA FIJA LARGO PLAZO,250305020,250305,RTE FTE PROVEEDORES,0,0,EquityAndLiabilities,Liabilities,TradeAndOtherPayables,,,,,NetAssetsLiabilities,,,,
313,FONDO DE INVERSION COLECTIVA RENTA FIJA LARGO PLAZO,253105003,253105,CUENTA CORRIENTE IBA,-1120,0,EquityAndLiabilities,Liabilities,TradeAndOtherPayables,,,,,NetAssetsLiabilities,,,,
313,FONDO DE INVERSION COLECTIVA RENTA FIJA LARGO PLAZO,352505010,352505,PARTICIPACIONES EN FDO DE INVERSIÓN COLE,-119321119818,-91171516006,EquityAndLiabilities,Equity,EquityAttributableToOwnersOfParent,OtherEquityInterest,,,,,,,,
313,FONDO DE INVERSION COLECTIVA RENTA FIJA LARGO PLAZO,352510010,352510,PARTICIPACIONES POR IDENTIFICAR,"-450736,85","-4365586,48",EquityAndLiabilities,Equity,EquityAttributableToOwnersOfParent,OtherEquityInterest,,,,,,,,
313,FONDO DE INVERSION COLECTIVA RENTA FIJA LARGO PLAZO,411405015,411405,INGRESO POR OP REPO,0,"-4429046,74",EquityAndLiabilities,Equity,EquityAttributableToOwnersOfParent,OtherEquityInterest,ProfitLossFromContinuingOperations,ProfitLoss,ProfitLossBeforeTax,ProfitLossFromOperatingActivities,Revenue,InterestIncomeOnCashAndCashEquivalents,,
313,FONDO DE INVERSION COLECTIVA RENTA FIJA LARGO PLAZO,411495005,411495,"(RF) DAVIVIENDA Cta No, 482800007171",0,"-55115113,98",EquityAndLiabilities,Equity,EquityAttributableToOwnersOfParent,OtherEquityInterest,ProfitLossFromContinuingOperations,ProfitLoss,ProfitLossBeforeTax,ProfitLossFromOperatingActivities,Revenue,InterestIncomeOnCashAndCashEquivalents,,
313,FONDO DE INVERSION COLECTIVA RENTA FIJA LARGO PLAZO,411495010,411495,"(RF) OCCIDENTE Cta No, 288860091",0,"-125558488,1",EquityAndLiabilities,Equity,EquityAttributableToOwnersOfParent,OtherEquityInterest,ProfitLossFromContinuingOperations,ProfitLoss,ProfitLossBeforeTax,ProfitLossFromOperatingActivities,Revenue,InterestIncomeOnCashAndCashEquivalents,,
313,FONDO DE INVERSION COLECTIVA RENTA FIJA LARGO PLAZO,411495017,411495,"(LP) DAVIVIENDA Cta No, 482800036055",0,"-36652316,76",EquityAndLiabilities,Equity,EquityAttributableToOwnersOfParent,OtherEquityInterest,ProfitLossFromContinuingOperations,ProfitLoss,ProfitLossBeforeTax,ProfitLossFromOperatingActivities,Revenue,InterestIncomeOnCashAndCashEquivalents,,
313,FONDO DE INVERSION COLECTIVA RENTA FIJA LARGO PLAZO,411495300,411495,INTERESES TÍTULOS,0,-5316784904,EquityAndLiabilities,Equity,EquityAttributableToOwnersOfParent,OtherEquityInterest,ProfitLossFromContinuingOperations,ProfitLoss,ProfitLossBeforeTax,ProfitLossFromOperatingActivities,Revenue,InterestIncomeOnCashAndCashEquivalents,,
313,FONDO DE INVERSION COLECTIVA RENTA FIJA LARGO PLAZO,412505105,412505,TÍTULOS DE TESORERÍA -TES,0,"-881344382,8",EquityAndLiabilities,Equity,EquityAttributableToOwnersOfParent,OtherEquityInterest,ProfitLossFromContinuingOperations,ProfitLoss,ProfitLossBeforeTax,ProfitLossFromOperatingActivities,Revenue,,,
313,FONDO DE INVERSION COLECTIVA RENTA FIJA LARGO PLAZO,510440010,510440,COMPDE TRANSFERENCIA EN OPER REPO,0,78000,EquityAndLiabilities,Equity,EquityAttributableToOwnersOfParent,OtherEquityInterest,ProfitLossFromContinuingOperations,ProfitLoss,ProfitLossBeforeTax,ProfitLossFromOperatingActivities,OtherExpenseByNature,,,
313,FONDO DE INVERSION COLECTIVA RENTA FIJA LARGO PLAZO,510605105,510605,TITULOS DE TESORERIA - TES,0,2265793344,EquityAndLiabilities,Equity,EquityAttributableToOwnersOfParent,OtherEquityInterest,ProfitLossFromContinuingOperations,ProfitLoss,ProfitLossBeforeTax,ProfitLossFromOperatingActivities,OtherExpenseByNature,,,AdjustmentsForDecreaseIncreaseInOtherCurrentAssets
313,FONDO DE INVERSION COLECTIVA RENTA FIJA LARGO PLAZO,511325010,511325,COMISION CUSTODIA FIJA,0,"15218319,33",EquityAndLiabilities,Equity,EquityAttributableToOwnersOfParent,OtherEquityInterest,ProfitLossFromContinuingOperations,ProfitLoss,ProfitLossBeforeTax,ProfitLossFromOperatingActivities,OtherExpenseByNature,BrokerageFeeExpense,FeeAndCommissionExpense,FeeAndCommissionIncomeExpense
313,FONDO DE INVERSION COLECTIVA RENTA FIJA LARGO PLAZO,511512010,511512,GASTOS BANCARIOS,0,"15076949,51",EquityAndLiabilities,Equity,EquityAttributableToOwnersOfParent,OtherEquityInterest,ProfitLossFromContinuingOperations,ProfitLoss,ProfitLossBeforeTax,ProfitLossFromOperatingActivities,OtherExpenseByNature,OtherFeeAndCommissionExpense,FeeAndCommissionExpense,FeeAndCommissionIncomeExpense
313,FONDO DE INVERSION COLECTIVA RENTA FIJA LARGO PLAZO,511548010,511548,"COMISION DE ADMINISTRACION R,F,",0,"590790551,6",EquityAndLiabilities,Equity,EquityAttributableToOwnersOfParent,OtherEquityInterest,ProfitLossFromContinuingOperations,ProfitLoss,ProfitLossBeforeTax,ProfitLossFromOperatingActivities,OtherExpenseByNature,OtherFeeAndCommissionExpense,FeeAndCommissionExpense,FeeAndCommissionIncomeExpense
313,FONDO DE INVERSION COLECTIVA RENTA FIJA LARGO PLAZO,512505115,512505,OTROS EMISORES NACIONALES,0,771625450,EquityAndLiabilities,Equity,EquityAttributableToOwnersOfParent,OtherEquityInterest,ProfitLossFromContinuingOperations,ProfitLoss,ProfitLossBeforeTax,ProfitLossFromOperatingActivities,OtherExpenseByNature,,,
313,FONDO DE INVERSION COLECTIVA RENTA FIJA LARGO PLAZO,513095010,513095,CALIFICADORA DE VALORES,0,26437765,EquityAndLiabilities,Equity,EquityAttributableToOwnersOfParent,OtherEquityInterest,ProfitLossFromContinuingOperations,ProfitLoss,ProfitLossBeforeTax,ProfitLossFromOperatingActivities,OtherExpenseByNature,,,
313,FONDO DE INVERSION COLECTIVA RENTA FIJA LARGO PLAZO,514005010,514005,IMPUESTO A LOS MOVIMIENTOS FINANCIEROS,0,"496746,07",EquityAndLiabilities,Equity,EquityAttributableToOwnersOfParent,OtherEquityInterest,ProfitLossFromContinuingOperations,ProfitLoss,ProfitLossBeforeTax,ProfitLossFromOperatingActivities,OtherExpenseByNature,,,
313,FONDO DE INVERSION COLECTIVA RENTA FIJA LARGO PLAZO,810505115,810505,OTROS EMISORES NACIONALES,63988031604,56075042800,EquityAndLiabilities,Equity,EquityAttributableToOwnersOfParent,,,,,,,,,
305,FCP TC LATAM - COMPARTIMENTO F,161695009,161695,"(LF) BANCOLOMBIA Cta No,03173150449","474037,45","797451,23",Assets,,TradeAndOtherReceivables,,,,,NetAssetsLiabilities,,,,
305,FCP TC LATAM - COMPARTIMENTO F,161695015,161695,GASTOS VARIOS DE ADMON,0,0,Assets,,TradeAndOtherReceivables,,,,,NetAssetsLiabilities,,,,
305,FCP TC LATAM - COMPARTIMENTO F,161695999,161695,PROVEEDORES,0,0,Assets,,TradeAndOtherReceivables,,,,,NetAssetsLiabilities,,,,
305,FCP TC LATAM - COMPARTIMENTO F,163035010,163035,IVA DESCONTABLE 19%,"1305871,6","682262,3",Assets,,TradeAndOtherReceivables,,,,,NetAssetsLiabilities,,,,
305,FCP TC LATAM - COMPARTIMENTO F,250110015,250110,COMISION DE ADMINISTRACION,0,0,EquityAndLiabilities,Liabilities,TradeAndOtherPayables,,,,,NetAssetsLiabilities,,,,
305,FCP TC LATAM - COMPARTIMENTO F,250305011,250305,RENDIMIENTOS FINANCIEROS CAPITALIZADOS,0,0,EquityAndLiabilities,Liabilities,TradeAndOtherPayables,,,,,NetAssetsLiabilities,,,,
305,FCP TC LATAM - COMPARTIMENTO F,253105110,253105,CUENTA COMPENSACION,-1638380781,-5776102852,EquityAndLiabilities,Liabilities,TradeAndOtherPayables,,,,,NetAssetsLiabilities,,,,
305,FCP TC LATAM - COMPARTIMENTO F,411495999,411495,OTROS,0,"-66787,14",EquityAndLiabilities,Equity,EquityAttributableToOwnersOfParent,OtherEquityInterest,ProfitLossFromContinuingOperations,ProfitLoss,ProfitLossBeforeTax,ProfitLossFromOperatingActivities,Revenue,InterestIncomeOnCashAndCashEquivalents,,
305,FCP TC LATAM - COMPARTIMENTO F,414515010,414515,ARRENDAMIENTO INMUEBLES IVA 19%,0,"-96355629,84",EquityAndLiabilities,Equity,EquityAttributableToOwnersOfParent,OtherEquityInterest,ProfitLossFromContinuingOperations,ProfitLoss,ProfitLossBeforeTax,ProfitLossFromOperatingActivities,Revenue,OtherRevenue,,
305,FCP TC LATAM - COMPARTIMENTO F,511548010,511548,"COMISION DE ADMINISTRACION R,F,",0,"15343871,3",EquityAndLiabilities,Equity,EquityAttributableToOwnersOfParent,OtherEquityInterest,ProfitLossFromContinuingOperations,ProfitLoss,ProfitLossBeforeTax,ProfitLossFromOperatingActivities,OtherExpenseByNature,OtherFeeAndCommissionExpense,FeeAndCommissionExpense,FeeAndCommissionIncomeExpense
305,FCP TC LATAM - COMPARTIMENTO F,511595015,511595,OTRAS COMISIONES,0,"6243230,3",EquityAndLiabilities,Equity,EquityAttributableToOwnersOfParent,OtherEquityInterest,ProfitLossFromContinuingOperations,ProfitLoss,ProfitLossBeforeTax,ProfitLossFromOperatingActivities,OtherExpenseByNature,OtherFeeAndCommissionExpense,FeeAndCommissionExpense,FeeAndCommissionIncomeExpense
305,FCP TC LATAM - COMPARTIMENTO F,513015003,513015,REVISORIA FISCAL,0,4199001,EquityAndLiabilities,Equity,EquityAttributableToOwnersOfParent,OtherEquityInterest,ProfitLossFromContinuingOperations,ProfitLoss,ProfitLossBeforeTax,ProfitLossFromOperatingActivities,OtherExpenseByNature,,,
305,FCP TC LATAM - COMPARTIMENTO F,514005011,514005,IMPOVENTAS,0,"1537277,94",EquityAndLiabilities,Equity,EquityAttributableToOwnersOfParent,OtherEquityInterest,ProfitLossFromContinuingOperations,ProfitLoss,ProfitLossBeforeTax,ProfitLossFromOperatingActivities,OtherExpenseByNature,,,
305,FCP TC LATAM - COMPARTIMENTO F,590505010,590505,CANCELACION DE INGRESOS RF,0,"44973142,78",EquityAndLiabilities,Equity,EquityAttributableToOwnersOfParent,OtherEquityInterest,,,,,,,,
305,FCP TC LATAM - COMPARTIMENTO F,829595999,829595,OTRAS CUENTAS DE ORDEN ACREEDORAS USD,-22623873081,-20719521866,EquityAndLiabilities,Equity,EquityAttributableToOwnersOfParent,,,,,,,,,
305,FCP TC LATAM - COMPARTIMENTO F,830505010,830505,DEUDORAS POR CONTRA,-2650781241,-2826358970,EquityAndLiabilities,Equity,EquityAttributableToOwnersOfParent,,,,,,,,,
313,FONDO DE INVERSION COLECTIVA RENTA FIJA LARGO PLAZO,110505110,110505,CAJA GENERAL,0,0,,,,,,,,,,,,
313,FONDO DE INVERSION COLECTIVA RENTA FIJA LARGO PLAZO,111505005,111505,"(RF) DAVIVIENDA Cta No, 482800007171","585790,99","278117523,2",Assets,,CashAndCashEquivalents,BalancesWithBanks,Cash,,,NetAssetsLiabilities,,,,
313,FONDO DE INVERSION COLECTIVA RENTA FIJA LARGO PLAZO,111505017,111505,"(LP) DAVIVIENDA Cta No, 482800036055","136383846,9","77349447,55",Assets,,CashAndCashEquivalents,BalancesWithBanks,Cash,,,NetAssetsLiabilities,,,,
313,FONDO DE INVERSION COLECTIVA RENTA FIJA LARGO PLAZO,111505018,111505,"(LP) BANCOLOMBIA Cta No, 69000008142","147838672,4","528086392,2",Assets,,CashAndCashEquivalents,BalancesWithBanks,Cash,,,NetAssetsLiabilities,,,,
313,FONDO DE INVERSION COLECTIVA RENTA FIJA LARGO PLAZO,111505020,111505,"(LP) BANCO COLPATRIA Cta No,0072967713",200006407,"96052614,13",Assets,,CashAndCashEquivalents,BalancesWithBanks,Cash,,,NetAssetsLiabilities,,,,
313,FONDO DE INVERSION COLECTIVA RENTA FIJA LARGO PLAZO,111505050,111505,"(RF) DAVIVIENDA Cta No, 5069992237","70952484,8","70951138,23",Assets,,CashAndCashEquivalents,BalancesWithBanks,Cash,,,NetAssetsLiabilities,,,,
313,FONDO DE INVERSION COLECTIVA RENTA FIJA LARGO PLAZO,122005010,122005,"COMP DE TRANSF DE INV EN OP, SIM",0,0,Assets,,CashAndCashEquivalents,BalancesWithBanks,Cash,,,NetAssetsLiabilities,,,,
313,FONDO DE INVERSION COLECTIVA RENTA FIJA LARGO PLAZO,130105105,130105,TÍTULOS DE TESORERÍA -TES,43405304533,26477283900,Assets,,Inversiones,ActivosFinancierosCorrientesValorRazonableCambiosResultadosInversiones,InversionesNegociables,NegociablesInstrumentosDeuda,,NetAssetsLiabilities,,,,
313,FONDO DE INVERSION COLECTIVA RENTA FIJA LARGO PLAZO,161695003,161695,"(RF) BANCOLOMBIA Cta No, 03100010541","6631,5","21156,78",Assets,,TradeAndOtherReceivables,,,,,NetAssetsLiabilities,,,,
313,FONDO DE INVERSION COLECTIVA RENTA FIJA LARGO PLAZO,161695010,161695,"(RF) OCCIDENTE Cta cau No, 288860091","271687,84","9454455,08",Assets,,TradeAndOtherReceivables,,,,,NetAssetsLiabilities,,,,
313,FONDO DE INVERSION COLECTIVA RENTA FIJA LARGO PLAZO,161695015,161695,GASTOS VARIOS DE ADMON,0,"1024,15",Assets,,TradeAndOtherReceivables,,,,,NetAssetsLiabilities,,,,
313,FONDO DE INVERSION COLECTIVA RENTA FIJA LARGO PLAZO,161695017,161695,"(LP) DAVIVIENDA Cta No, 482800036055","55503,7","19434,34",Assets,,TradeAndOtherReceivables,,,,,NetAssetsLiabilities,,,,
313,FONDO DE INVERSION COLECTIVA RENTA FIJA LARGO PLAZO,161695019,161695,"(LP) OCCIDENTE Cta No, 219886801","6580128,52","204399,22",Assets,,TradeAndOtherReceivables,,,,,NetAssetsLiabilities,,,,
313,FONDO DE INVERSION COLECTIVA RENTA FIJA LARGO PLAZO,161695999,161695,PROVEEDORES,0,0,Assets,,TradeAndOtherReceivables,,,,,NetAssetsLiabilities,,,,
313,FONDO DE INVERSION COLECTIVA RENTA FIJA LARGO PLAZO,192595001,192595,CALIFICADORA DE VALORES,0,0,Assets,,OtherNonfinancialAssets,,,,,NetAssetsLiabilities,,,,
313,FONDO DE INVERSION COLECTIVA RENTA FIJA LARGO PLAZO,192595003,192595,REVISORIA FISCAL,0,0,Assets,,OtherNonfinancialAssets,,,,,NetAssetsLiabilities,,,,
313,FONDO DE INVERSION COLECTIVA RENTA FIJA LARGO PLAZO,250105040,250105,CALIFICADORA DE VALORES,0,-26437765,EquityAndLiabilities,Liabilities,TradeAndOtherPayables,,,,,NetAssetsLiabilities,,,,
313,FONDO DE INVERSION COLECTIVA RENTA FIJA LARGO PLAZO,250110015,250110,COMISION DE ADMINISTRACION,"-8105337,83","-3024131,23",EquityAndLiabilities,Liabilities,TradeAndOtherPayables,,,,,NetAssetsLiabilities,,,,
313,FONDO DE INVERSION COLECTIVA RENTA FIJA LARGO PLAZO,821505010,821505,EN TITULOS DE TESORERIA - TES,0,0,EquityAndLiabilities,Equity,EquityAttributableToOwnersOfParent,,,,,,,,,
340,FCP SUMATORIA DEUDA GLOBAL,161695005,161695,"(DG) BANCOLOMBIA Cau No, 03103633183","60310,08","627769,63",Assets,,TradeAndOtherReceivables,,,,,NetAssetsLiabilities,,,,
340,FCP SUMATORIA DEUDA GLOBAL,161695006,161695,"(SDG) BANCOLOMBIA Cau No,69000001724","3,32","3,1",Assets,,TradeAndOtherReceivables,,,,,NetAssetsLiabilities,,,,
340,FCP SUMATORIA DEUDA GLOBAL,161695999,161695,PROVEEDORES,0,0,Assets,,TradeAndOtherReceivables,,,,,NetAssetsLiabilities,,,,
340,FCP SUMATORIA DEUDA GLOBAL,161695999,161695,PROVEEDORES,0,0,Assets,,TradeAndOtherReceivables,,,,,NetAssetsLiabilities,,,,
340,FCP SUMATORIA DEUDA GLOBAL,192595015,192595,COMISION DE GESTION,513547037,"524919796,9",Assets,,OtherNonfinancialAssets,,,,,NetAssetsLiabilities,,,,
340,FCP SUMATORIA DEUDA GLOBAL,250110015,250110,COMISION DE ADMINISTRACION,-19929000,-24512670,EquityAndLiabilities,Liabilities,TradeAndOtherPayables,,,,,NetAssetsLiabilities,,,,
340,FCP SUMATORIA DEUDA GLOBAL,250295050,250295,OTROS PROVEEDORES,0,0,EquityAndLiabilities,Liabilities,TradeAndOtherPayables,,,,,NetAssetsLiabilities,,,,
340,FCP SUMATORIA DEUDA GLOBAL,250295050,250295,OTROS PROVEEDORES,0,0,EquityAndLiabilities,Liabilities,TradeAndOtherPayables,,,,,NetAssetsLiabilities,,,,
340,FCP SUMATORIA DEUDA GLOBAL,250305020,250305,RTE FTE PROVEEDORES,0,0,EquityAndLiabilities,Liabilities,TradeAndOtherPayables,,,,,NetAssetsLiabilities,,,,
340,FCP SUMATORIA DEUDA GLOBAL,352505010,352505,PARTICIPACIONES EN FDO DE INVERSIÓN COLE,-193363591428,-178535672475,EquityAndLiabilities,Equity,EquityAttributableToOwnersOfParent,OtherEquityInterest,,,,,,,,
340,FCP SUMATORIA DEUDA GLOBAL,410805300,410805,EMISORES NACIONALES,0,-1784933397,EquityAndLiabilities,Equity,EquityAttributableToOwnersOfParent,OtherEquityInterest,ProfitLossFromContinuingOperations,ProfitLoss,ProfitLossBeforeTax,ProfitLossFromOperatingActivities,OtherExpenseByNature,,,AdjustmentsForDecreaseIncreaseInOtherCurrentAssets
340,FCP SUMATORIA DEUDA GLOBAL,411495005,411495,"(DG) BANCOLOMBIA Cau No, 03103633183",0,"-16458380,86",EquityAndLiabilities,Equity,EquityAttributableToOwnersOfParent,OtherEquityInterest,ProfitLossFromContinuingOperations,ProfitLoss,ProfitLossBeforeTax,ProfitLossFromOperatingActivities,Revenue,InterestIncomeOnCashAndCashEquivalents,,
340,FCP SUMATORIA DEUDA GLOBAL,411495006,411495,"(SDG) BANCOLOMBIA Cau No,69000001724",0,"-19,8",EquityAndLiabilities,Equity,EquityAttributableToOwnersOfParent,OtherEquityInterest,ProfitLossFromContinuingOperations,ProfitLoss,ProfitLossBeforeTax,ProfitLossFromOperatingActivities,Revenue,InterestIncomeOnCashAndCashEquivalents,,
340,FCP SUMATORIA DEUDA GLOBAL,511325010,511325,COMISION CUSTODIA FIJA,0,22385377,EquityAndLiabilities,Equity,EquityAttributableToOwnersOfParent,OtherEquityInterest,ProfitLossFromContinuingOperations,ProfitLoss,ProfitLossBeforeTax,ProfitLossFromOperatingActivities,OtherExpenseByNature,BrokerageFeeExpense,FeeAndCommissionExpense,FeeAndCommissionIncomeExpense
340,FCP SUMATORIA DEUDA GLOBAL,513015003,513015,REVISORIA FISCAL,0,4467499,EquityAndLiabilities,Equity,EquityAttributableToOwnersOfParent,OtherEquityInterest,ProfitLossFromContinuingOperations,ProfitLoss,ProfitLossBeforeTax,ProfitLossFromOperatingActivities,OtherExpenseByNature,,,
340,FCP SUMATORIA DEUDA GLOBAL,513025010,513025,ASESORIAS LEGALES Y/O JURIDICAS,0,9000000,EquityAndLiabilities,Equity,EquityAttributableToOwnersOfParent,OtherEquityInterest,ProfitLossFromContinuingOperations,ProfitLoss,ProfitLossBeforeTax,ProfitLossFromOperatingActivities,OtherExpenseByNature,,,
340,FCP SUMATORIA DEUDA GLOBAL,513095090,513095,OTROS HONORARIOS,0,37476495,EquityAndLiabilities,Equity,EquityAttributableToOwnersOfParent,OtherEquityInterest,ProfitLossFromContinuingOperations,ProfitLoss,ProfitLossBeforeTax,ProfitLossFromOperatingActivities,OtherExpenseByNature,,,
340,FCP SUMATORIA DEUDA GLOBAL,514005010,514005,IMPUESTO A LOS MOVIMIENTOS FINANCIEROS,0,"4707550,33",EquityAndLiabilities,Equity,EquityAttributableToOwnersOfParent,OtherEquityInterest,ProfitLossFromContinuingOperations,ProfitLoss,ProfitLossBeforeTax,ProfitLossFromOperatingActivities,OtherExpenseByNature,,,
340,FCP SUMATORIA DEUDA GLOBAL,590505015,590505,CANCELACION DE INGRESOS RV,0,-5581621325,EquityAndLiabilities,Equity,EquityAttributableToOwnersOfParent,OtherEquityInterest,,,,,,,,
340,FCP SUMATORIA DEUDA GLOBAL,810505210,810505,OTROS,192745812726,177043885320,EquityAndLiabilities,Equity,EquityAttributableToOwnersOfParent,,,,,,,,,
360,FONDO DE INVERSION COLECTIVA CERRADO FACTURAS 120,111505001,111505,(ALT) Bancolombia Cta cte 03100001465,"64524581,09","35800309,27",Assets,,CashAndCashEquivalents,BalancesWithBanks,Cash,,,NetAssetsLiabilities,,,,
360,FONDO DE INVERSION COLECTIVA CERRADO FACTURAS 120,111505002,111505,(ALT) Bancolombia Cta AH 03100001464,1948408894,1645156187,Assets,,CashAndCashEquivalents,BalancesWithBanks,Cash,,,NetAssetsLiabilities,,,,
360,FONDO DE INVERSION COLECTIVA CERRADO FACTURAS 120,111505004,111505,(ALT) Davivienda Cta aho 482800014888,7512037723,1944669552,Assets,,CashAndCashEquivalents,BalancesWithBanks,Cash,,,NetAssetsLiabilities,,,,
360,FONDO DE INVERSION COLECTIVA CERRADO FACTURAS 120,111505010,111505,(ALT) Bogota Cta AH 049301179,93362908,"192528744,5",Assets,,CashAndCashEquivalents,BalancesWithBanks,Cash,,,NetAssetsLiabilities,,,,
360,FONDO DE INVERSION COLECTIVA CERRADO FACTURAS 120,111505011,111505,(ALT) Bcolombia Cta AH 69000000789,"948090,87","1683,44",Assets,,CashAndCashEquivalents,BalancesWithBanks,Cash,,,NetAssetsLiabilities,,,,
360,FONDO DE INVERSION COLECTIVA CERRADO FACTURAS 120,111505013,111505,(ALT) Bancolombia Cta cte 69000000874,"8037730,16","794001,11",Assets,,CashAndCashEquivalents,BalancesWithBanks,Cash,,,NetAssetsLiabilities,,,,
360,FONDO DE INVERSION COLECTIVA CERRADO FACTURAS 120,111505017,111505,(ALT) Bco Bogotá Cta AH 049335094,"971253,92","1012034,92",Assets,,CashAndCashEquivalents,BalancesWithBanks,Cash,,,NetAssetsLiabilities,,,,
360,FONDO DE INVERSION COLECTIVA CERRADO FACTURAS 120,111505021,111505,"(ALT) BCO DAVIVIENDA Cta,AH 482800038770","186138614,3","1187223,08",Assets,,CashAndCashEquivalents,BalancesWithBanks,Cash,,,NetAssetsLiabilities,,,,
360,FONDO DE INVERSION COLECTIVA CERRADO FACTURAS 120,130205300,130205,EMISORES NACIONALES,3683620687,2669118371,Assets,,Inversiones,ActivosFinancierosCorrientesValorRazonableCambiosResultadosInversiones,InversionesNegociables,NegociablesInstrumentosPatrimonio,,NetAssetsLiabilities,,,,
360,FONDO DE INVERSION COLECTIVA CERRADO FACTURAS 120,139005010,139005,INSTRUMENTOS DE DEUDA,-2634273804,-2634273804,Assets,,Inversiones,ActivosFinancierosCorrientesValorRazonableCambiosResultadosInversiones,InversionesNegociables,NegociablesInstrumentosPatrimonio,,NetAssetsLiabilities,,,,
360,FONDO DE INVERSION COLECTIVA CERRADO FACTURAS 120,161695004,161695,"(LD) BCO DAVIVIENDA cta No,482800025215","2837387,72","260347,26",Assets,,TradeAndOtherReceivables,,,,,NetAssetsLiabilities,,,,
360,FONDO DE INVERSION COLECTIVA CERRADO FACTURAS 120,161695010,161695,(ALT) Bogota Cau aho 049301179,"646857,69","1544946,34",Assets,,TradeAndOtherReceivables,,,,,NetAssetsLiabilities,,,,
360,FONDO DE INVERSION COLECTIVA CERRADO FACTURAS 120,161695013,161695,(ALT) BANCOLOMBIA Cta AH 69000008143,"7973,25","805,14",Assets,,TradeAndOtherReceivables,,,,,NetAssetsLiabilities,,,,
313,FONDO DE INVERSION COLECTIVA RENTA FIJA LARGO PLAZO,250305011,250305,RENDIMIENTOS FINANCIEROS CAPITALIZADOS,0,-3054932,EquityAndLiabilities,Liabilities,TradeAndOtherPayables,,,,,NetAssetsLiabilities,,,,
313,FONDO DE INVERSION COLECTIVA RENTA FIJA LARGO PLAZO,253105110,253105,CUENTA COMPENSACION,"-128965,69","-242035710,3",EquityAndLiabilities,Liabilities,TradeAndOtherPayables,,,,,NetAssetsLiabilities,,,,
313,FONDO DE INVERSION COLECTIVA RENTA FIJA LARGO PLAZO,410355010,410355,REND X COMPROMISOS DE TRANSF OP SIM,0,-181233658,EquityAndLiabilities,Equity,EquityAttributableToOwnersOfParent,OtherEquityInterest,ProfitLossFromContinuingOperations,ProfitLoss,ProfitLossBeforeTax,ProfitLossFromOperatingActivities,OtherExpenseByNature,OtherRevenue,,
313,FONDO DE INVERSION COLECTIVA RENTA FIJA LARGO PLAZO,410705105,410705,TÍTULOS DE TESORERÍA -TES,0,-1987544283,EquityAndLiabilities,Equity,EquityAttributableToOwnersOfParent,OtherEquityInterest,ProfitLossFromContinuingOperations,ProfitLoss,ProfitLossBeforeTax,ProfitLossFromOperatingActivities,Revenue,OtherRevenue,,AdjustmentsForDecreaseIncreaseInOtherCurrentAssets
313,FONDO DE INVERSION COLECTIVA RENTA FIJA LARGO PLAZO,410705115,410705,OTROS EMISORES NACIONALES,0,-2039200827,EquityAndLiabilities,Equity,EquityAttributableToOwnersOfParent,OtherEquityInterest,ProfitLossFromContinuingOperations,ProfitLoss,ProfitLossBeforeTax,ProfitLossFromOperatingActivities,Revenue,OtherRevenue,,AdjustmentsForDecreaseIncreaseInOtherCurrentAssets
313,FONDO DE INVERSION COLECTIVA RENTA FIJA LARGO PLAZO,411495003,411495,"(RF) BANCOLOMBIA Cta No, 03100010541",0,"-712361,68",EquityAndLiabilities,Equity,EquityAttributableToOwnersOfParent,OtherEquityInterest,ProfitLossFromContinuingOperations,ProfitLoss,ProfitLossBeforeTax,ProfitLossFromOperatingActivities,Revenue,InterestIncomeOnCashAndCashEquivalents,,
313,FONDO DE INVERSION COLECTIVA RENTA FIJA LARGO PLAZO,411495013,411495,"(LP) BANCOLOMBIA Cta No, 69000008142",0,"-9507094,25",EquityAndLiabilities,Equity,EquityAttributableToOwnersOfParent,OtherEquityInterest,ProfitLossFromContinuingOperations,ProfitLoss,ProfitLossBeforeTax,ProfitLossFromOperatingActivities,Revenue,InterestIncomeOnCashAndCashEquivalents,,
313,FONDO DE INVERSION COLECTIVA RENTA FIJA LARGO PLAZO,411495016,411495,"(LP) DAVIVIENDA Cta No,482800017154",0,"-9874565,13",EquityAndLiabilities,Equity,EquityAttributableToOwnersOfParent,OtherEquityInterest,ProfitLossFromContinuingOperations,ProfitLoss,ProfitLossBeforeTax,ProfitLossFromOperatingActivities,Revenue,InterestIncomeOnCashAndCashEquivalents,,
313,FONDO DE INVERSION COLECTIVA RENTA FIJA LARGO PLAZO,411495019,411495,"(LP) OCCIDENTE Cta No, 219886801",0,"-61303081,73",EquityAndLiabilities,Equity,EquityAttributableToOwnersOfParent,OtherEquityInterest,ProfitLossFromContinuingOperations,ProfitLoss,ProfitLossBeforeTax,ProfitLossFromOperatingActivities,Revenue,InterestIncomeOnCashAndCashEquivalents,,
313,FONDO DE INVERSION COLECTIVA RENTA FIJA LARGO PLAZO,411495020,411495,"(LP) BANCO COLPATRIA Cta No,0072967713",0,"2039224,02",EquityAndLiabilities,Equity,EquityAttributableToOwnersOfParent,OtherEquityInterest,ProfitLossFromContinuingOperations,ProfitLoss,ProfitLossBeforeTax,ProfitLossFromOperatingActivities,Revenue,InterestIncomeOnCashAndCashEquivalents,,
313,FONDO DE INVERSION COLECTIVA RENTA FIJA LARGO PLAZO,412505115,412505,OTROS EMISORES NACIONALES,0,-120077900,EquityAndLiabilities,Equity,EquityAttributableToOwnersOfParent,OtherEquityInterest,ProfitLossFromContinuingOperations,ProfitLoss,ProfitLossBeforeTax,ProfitLossFromOperatingActivities,Revenue,,,
313,FONDO DE INVERSION COLECTIVA RENTA FIJA LARGO PLAZO,419595025,419595,PENALIZACIONES,0,"-20682052,49",EquityAndLiabilities,Equity,EquityAttributableToOwnersOfParent,OtherEquityInterest,ProfitLossFromContinuingOperations,ProfitLoss,ProfitLossBeforeTax,ProfitLossFromOperatingActivities,Revenue,OtherRevenue,,
313,FONDO DE INVERSION COLECTIVA RENTA FIJA LARGO PLAZO,419595030,419595,OTROS,0,"-0,81",EquityAndLiabilities,Equity,EquityAttributableToOwnersOfParent,OtherEquityInterest,ProfitLossFromContinuingOperations,ProfitLoss,ProfitLossBeforeTax,ProfitLossFromOperatingActivities,Revenue,OtherRevenue,,
313,FONDO DE INVERSION COLECTIVA RENTA FIJA LARGO PLAZO,510605115,510605,OTROS EMISORES NACIONALES,0,2519072070,EquityAndLiabilities,Equity,EquityAttributableToOwnersOfParent,OtherEquityInterest,ProfitLossFromContinuingOperations,ProfitLoss,ProfitLossBeforeTax,ProfitLossFromOperatingActivities,OtherExpenseByNature,,,AdjustmentsForDecreaseIncreaseInOtherCurrentAssets
313,FONDO DE INVERSION COLECTIVA RENTA FIJA LARGO PLAZO,512505105,512505,TÍTULOS DE TESORERÍA -TES,0,109923885,EquityAndLiabilities,Equity,EquityAttributableToOwnersOfParent,OtherEquityInterest,ProfitLossFromContinuingOperations,ProfitLoss,ProfitLossBeforeTax,ProfitLossFromOperatingActivities,OtherExpenseByNature,,,
313,FONDO DE INVERSION COLECTIVA RENTA FIJA LARGO PLAZO,513015003,513015,REVISORIA FISCAL,0,"3568750,61",EquityAndLiabilities,Equity,EquityAttributableToOwnersOfParent,OtherEquityInterest,ProfitLossFromContinuingOperations,ProfitLoss,ProfitLossBeforeTax,ProfitLossFromOperatingActivities,OtherExpenseByNature,,,
313,FONDO DE INVERSION COLECTIVA RENTA FIJA LARGO PLAZO,514005011,514005,IMPOVENTAS,0,"678062,18",EquityAndLiabilities,Equity,EquityAttributableToOwnersOfParent,OtherEquityInterest,ProfitLossFromContinuingOperations,ProfitLoss,ProfitLossBeforeTax,ProfitLossFromOperatingActivities,OtherExpenseByNature,,,
313,FONDO DE INVERSION COLECTIVA RENTA FIJA LARGO PLAZO,519095999,519095,OTROS,0,"714075,36",EquityAndLiabilities,Equity,EquityAttributableToOwnersOfParent,OtherEquityInterest,ProfitLossFromContinuingOperations,ProfitLoss,ProfitLossBeforeTax,ProfitLossFromOperatingActivities,OtherExpenseByNature,,,
313,FONDO DE INVERSION COLECTIVA RENTA FIJA LARGO PLAZO,590505010,590505,CANCELACION DE INGRESOS RF,0,"-240825818,2",EquityAndLiabilities,Equity,EquityAttributableToOwnersOfParent,OtherEquityInterest,,,,,,,,
313,FONDO DE INVERSION COLECTIVA RENTA FIJA LARGO PLAZO,590505020,590505,UTILIDAD/PERDIDA PAGADA EN REDENCIONES,0,4769332702,EquityAndLiabilities,Equity,EquityAttributableToOwnersOfParent,OtherEquityInterest,,,,,,,,
313,FONDO DE INVERSION COLECTIVA RENTA FIJA LARGO PLAZO,810505105,810505,TÍTULOS DE TESORERÍA -TES,43405304533,26477283900,EquityAndLiabilities,Equity,EquityAttributableToOwnersOfParent,,,,,,,,,
313,FONDO DE INVERSION COLECTIVA RENTA FIJA LARGO PLAZO,830505010,830505,DEUDORAS POR CONTRA,-107393336137,-82552326700,EquityAndLiabilities,Equity,EquityAttributableToOwnersOfParent,,,,,,,,,
313,FONDO DE INVERSION COLECTIVA RENTA FIJA LARGO PLAZO,840505010,840505,ACREEDORAS POR CONTRA,0,0,EquityAndLiabilities,Equity,EquityAttributableToOwnersOfParent,,,,,,,,,
340,FCP SUMATORIA DEUDA GLOBAL,111505005,111505,"(DG) BANCOLOMBIA Cta No, 03103633183","124098990,4","945186075,8",Assets,,CashAndCashEquivalents,BalancesWithBanks,Cash,,,NetAssetsLiabilities,,,,
340,FCP SUMATORIA DEUDA GLOBAL,111505006,111505,"(SDG) BANCOLOMBIA Cta No,69000001724","1362,12","1382,14",Assets,,CashAndCashEquivalents,BalancesWithBanks,Cash,,,NetAssetsLiabilities,,,,
340,FCP SUMATORIA DEUDA GLOBAL,130210300,130210,EMISORES EXTRANJEROS,192745812726,177043885320,Assets,,Inversiones,ActivosFinancierosCorrientesValorRazonableCambiosResultadosInversiones,InversionesNegociables,NegociablesInstrumentosPatrimonio,,NetAssetsLiabilities,,,,
340,FCP SUMATORIA DEUDA GLOBAL,161695015,161695,GASTOS VARIOS DE ADMON,0,"21,09",Assets,,TradeAndOtherReceivables,,,,,NetAssetsLiabilities,,,,
340,FCP SUMATORIA DEUDA GLOBAL,161695045,161695,CUENTA CORRIENTE,0,194342752684,Assets,,TradeAndOtherReceivables,,,,,NetAssetsLiabilities,,,,
340,FCP SUMATORIA DEUDA GLOBAL,161695999,161695,PROVEEDORES,0,0,Assets,,TradeAndOtherReceivables,,,,,NetAssetsLiabilities,,,,
340,FCP SUMATORIA DEUDA GLOBAL,192595030,192595,COMISION ADMINISTRACION,0,0,Assets,,OtherNonfinancialAssets,,,,,NetAssetsLiabilities,,,,
340,FCP SUMATORIA DEUDA GLOBAL,250105010,250105,HONORARIOS,0,0,EquityAndLiabilities,Liabilities,TradeAndOtherPayables,,,,,NetAssetsLiabilities,,,,
340,FCP SUMATORIA DEUDA GLOBAL,250110010,250110,COMISION CUSTODIA FIJA,0,0,EquityAndLiabilities,Liabilities,TradeAndOtherPayables,,,,,NetAssetsLiabilities,,,,
340,FCP SUMATORIA DEUDA GLOBAL,250295050,250295,OTROS PROVEEDORES,0,0,EquityAndLiabilities,Liabilities,TradeAndOtherPayables,,,,,NetAssetsLiabilities,,,,
340,FCP SUMATORIA DEUDA GLOBAL,250305011,250305,RENDIMIENTOS FINANCIEROS CAPITALIZADOS,0,0,EquityAndLiabilities,Liabilities,TradeAndOtherPayables,,,,,NetAssetsLiabilities,,,,
360,FONDO DE INVERSION COLECTIVA CERRADO FACTURAS 120,161695015,161695,GASTOS VARIOS DE ADMON,"-488767,52","6496,03",Assets,,TradeAndOtherReceivables,,,,,NetAssetsLiabilities,,,,
360,FONDO DE INVERSION COLECTIVA CERRADO FACTURAS 120,161695045,161695,CUENTA CORRIENTE,0,"153122744,5",Assets,,TradeAndOtherReceivables,,,,,NetAssetsLiabilities,,,,
360,FONDO DE INVERSION COLECTIVA CERRADO FACTURAS 120,161695999,161695,Proveedores,-5853015,-11855375,Assets,,TradeAndOtherReceivables,,,,,NetAssetsLiabilities,,,,
360,FONDO DE INVERSION COLECTIVA CERRADO FACTURAS 120,161695999,161695,Proveedores,-3387930,-3387930,Assets,,TradeAndOtherReceivables,,,,,NetAssetsLiabilities,,,,
360,FONDO DE INVERSION COLECTIVA CERRADO FACTURAS 120,161695999,161695,Proveedores,0,-1341397,Assets,,TradeAndOtherReceivables,,,,,NetAssetsLiabilities,,,,
360,FONDO DE INVERSION COLECTIVA CERRADO FACTURAS 120,161695999,161695,Proveedores,"-15774222,31","-15774222,31",Assets,,TradeAndOtherReceivables,,,,,NetAssetsLiabilities,,,,
360,FONDO DE INVERSION COLECTIVA CERRADO FACTURAS 120,161695999,161695,Proveedores,"-64248483,04","-64248483,04",Assets,,TradeAndOtherReceivables,,,,,NetAssetsLiabilities,,,,
360,FONDO DE INVERSION COLECTIVA CERRADO FACTURAS 120,192595003,192595,REVISORIA FISCAL,0,0,Assets,,OtherNonfinancialAssets,,,,,NetAssetsLiabilities,,,,
360,FONDO DE INVERSION COLECTIVA CERRADO FACTURAS 120,250205005,250205,"PLAT, DE NEGOCIACIÓN LIBERA","-17105873,49","-17298192,03",EquityAndLiabilities,Liabilities,TradeAndOtherPayables,,,,,NetAssetsLiabilities,,,,
360,FONDO DE INVERSION COLECTIVA CERRADO FACTURAS 120,250205008,250205,"PLAT, DE NEGOCIACIÓN FINNECTA","-427098,03","-427098,03",EquityAndLiabilities,Liabilities,TradeAndOtherPayables,,,,,NetAssetsLiabilities,,,,
360,FONDO DE INVERSION COLECTIVA CERRADO FACTURAS 120,250205010,250205,"PLAT, DE NEGOCIACIÓN JAM FINANCIAL","-28107038,24","-26031429,37",EquityAndLiabilities,Liabilities,TradeAndOtherPayables,,,,,NetAssetsLiabilities,,,,
360,FONDO DE INVERSION COLECTIVA CERRADO FACTURAS 120,250205013,250205,"PLAT, DE NEG BILLY","-40186160,06","-61797560,91",EquityAndLiabilities,Liabilities,TradeAndOtherPayables,,,,,NetAssetsLiabilities,,,,
360,FONDO DE INVERSION COLECTIVA CERRADO FACTURAS 120,250295050,250295,OTRO PROVEDORES,0,0,EquityAndLiabilities,Liabilities,TradeAndOtherPayables,,,,,NetAssetsLiabilities,,,,
360,FONDO DE INVERSION COLECTIVA CERRADO FACTURAS 120,250295050,250295,OTRO PROVEDORES,0,0,EquityAndLiabilities,Liabilities,TradeAndOtherPayables,,,,,NetAssetsLiabilities,,,,
360,FONDO DE INVERSION COLECTIVA CERRADO FACTURAS 120,250305011,250305,RENDIMIENTOS FINANCIEROS CAPITALIZADOS,-78262,0,EquityAndLiabilities,Liabilities,TradeAndOtherPayables,,,,,NetAssetsLiabilities,,,,
360,FONDO DE INVERSION COLECTIVA CERRADO FACTURAS 120,250305020,250305,Retencion Proveedores,0,0,EquityAndLiabilities,Liabilities,TradeAndOtherPayables,,,,,NetAssetsLiabilities,,,,
360,FONDO DE INVERSION COLECTIVA CERRADO FACTURAS 120,250305020,250305,Retencion Proveedores,0,0,EquityAndLiabilities,Liabilities,TradeAndOtherPayables,,,,,NetAssetsLiabilities,,,,
360,FONDO DE INVERSION COLECTIVA CERRADO FACTURAS 120,253105003,253105,CUENTA CORRIENTE IBA,0,0,EquityAndLiabilities,Liabilities,TradeAndOtherPayables,,,,,NetAssetsLiabilities,,,,
360,FONDO DE INVERSION COLECTIVA CERRADO FACTURAS 120,253105110,253105,CUENTA COMPENSACION,-3505233558,"-832513547,4",EquityAndLiabilities,Liabilities,TradeAndOtherPayables,,,,,NetAssetsLiabilities,,,,
360,FONDO DE INVERSION COLECTIVA CERRADO FACTURAS 120,410705115,410705,OTROS EMISORES NACIONALES,0,-4618491292,EquityAndLiabilities,Equity,EquityAttributableToOwnersOfParent,OtherEquityInterest,ProfitLossFromContinuingOperations,ProfitLoss,ProfitLossBeforeTax,ProfitLossFromOperatingActivities,Revenue,OtherRevenue,,AdjustmentsForDecreaseIncreaseInOtherCurrentAssets
360,FONDO DE INVERSION COLECTIVA CERRADO FACTURAS 120,411495004,411495,(ALT) Davivienda Cau aho 482800014888,0,"-212530256,1",EquityAndLiabilities,Equity,EquityAttributableToOwnersOfParent,OtherEquityInterest,ProfitLossFromContinuingOperations,ProfitLoss,ProfitLossBeforeTax,ProfitLossFromOperatingActivities,Revenue,InterestIncomeOnCashAndCashEquivalents,,
360,FONDO DE INVERSION COLECTIVA CERRADO FACTURAS 120,411495005,411495,(ALT) Davivienda Cta AH 482800036063,0,"-1367722,26",EquityAndLiabilities,Equity,EquityAttributableToOwnersOfParent,OtherEquityInterest,ProfitLossFromContinuingOperations,ProfitLoss,ProfitLossBeforeTax,ProfitLossFromOperatingActivities,Revenue,InterestIncomeOnCashAndCashEquivalents,,
360,FONDO DE INVERSION COLECTIVA CERRADO FACTURAS 120,411495006,411495,(ALT) Occidente Cau aho 219861242,0,"-10931380,08",EquityAndLiabilities,Equity,EquityAttributableToOwnersOfParent,OtherEquityInterest,ProfitLossFromContinuingOperations,ProfitLoss,ProfitLossBeforeTax,ProfitLossFromOperatingActivities,Revenue,InterestIncomeOnCashAndCashEquivalents,,
360,FONDO DE INVERSION COLECTIVA CERRADO FACTURAS 120,411495008,411495,(ALT) Sudameris Cau aho 91000016710,0,"-174941334,1",EquityAndLiabilities,Equity,EquityAttributableToOwnersOfParent,OtherEquityInterest,ProfitLossFromContinuingOperations,ProfitLoss,ProfitLossBeforeTax,ProfitLossFromOperatingActivities,Revenue,InterestIncomeOnCashAndCashEquivalents,,
360,FONDO DE INVERSION COLECTIVA CERRADO FACTURAS 120,411495011,411495,(ALT) Bcolombia Cta AH 69000000789,0,"-10892,57",EquityAndLiabilities,Equity,EquityAttributableToOwnersOfParent,OtherEquityInterest,ProfitLossFromContinuingOperations,ProfitLoss,ProfitLossBeforeTax,ProfitLossFromOperatingActivities,Revenue,InterestIncomeOnCashAndCashEquivalents,,
360,FONDO DE INVERSION COLECTIVA CERRADO FACTURAS 120,411495015,411495,RENDIMIENTOS INVERSIONES EN FICS,0,"-212182684,4",EquityAndLiabilities,Equity,EquityAttributableToOwnersOfParent,OtherEquityInterest,ProfitLossFromContinuingOperations,ProfitLoss,ProfitLossBeforeTax,ProfitLossFromOperatingActivities,Revenue,InterestIncomeOnCashAndCashEquivalents,,
360,FONDO DE INVERSION COLECTIVA CERRADO FACTURAS 120,411495017,411495,(ALT) Davivienda Cta AH 482800015836,0,"-173381,6",EquityAndLiabilities,Equity,EquityAttributableToOwnersOfParent,OtherEquityInterest,ProfitLossFromContinuingOperations,ProfitLoss,ProfitLossBeforeTax,ProfitLossFromOperatingActivities,Revenue,InterestIncomeOnCashAndCashEquivalents,,
360,FONDO DE INVERSION COLECTIVA CERRADO FACTURAS 120,411495021,411495,"(ALT) BCO DAVIVIENDA Cta, AH 48280003877",0,"-132134827,1",EquityAndLiabilities,Equity,EquityAttributableToOwnersOfParent,OtherEquityInterest,ProfitLossFromContinuingOperations,ProfitLoss,ProfitLossBeforeTax,ProfitLossFromOperatingActivities,Revenue,InterestIncomeOnCashAndCashEquivalents,,
360,FONDO DE INVERSION COLECTIVA CERRADO FACTURAS 120,411495999,411495,OTROS,0,"-2,38",EquityAndLiabilities,Equity,EquityAttributableToOwnersOfParent,OtherEquityInterest,ProfitLossFromContinuingOperations,ProfitLoss,ProfitLossBeforeTax,ProfitLossFromOperatingActivities,Revenue,InterestIncomeOnCashAndCashEquivalents,,
360,FONDO DE INVERSION COLECTIVA CERRADO FACTURAS 120,419595030,419595,OTROS,0,"-7,76",EquityAndLiabilities,Equity,EquityAttributableToOwnersOfParent,OtherEquityInterest,ProfitLossFromContinuingOperations,ProfitLoss,ProfitLossBeforeTax,ProfitLossFromOperatingActivities,Revenue,OtherRevenue,,
360,FONDO DE INVERSION COLECTIVA CERRADO FACTURAS 120,511548010,511548,COMISION DE ADMINISTRACION,0,"839289756,5",EquityAndLiabilities,Equity,EquityAttributableToOwnersOfParent,OtherEquityInterest,ProfitLossFromContinuingOperations,ProfitLoss,ProfitLossBeforeTax,ProfitLossFromOperatingActivities,OtherExpenseByNature,OtherFeeAndCommissionExpense,FeeAndCommissionExpense,FeeAndCommissionIncomeExpense
360,FONDO DE INVERSION COLECTIVA CERRADO FACTURAS 120,514005011,514005,IMPOVENTAS,0,"945677,74",EquityAndLiabilities,Equity,EquityAttributableToOwnersOfParent,OtherEquityInterest,ProfitLossFromContinuingOperations,ProfitLoss,ProfitLossBeforeTax,ProfitLossFromOperatingActivities,OtherExpenseByNature,,,
360,FONDO DE INVERSION COLECTIVA CERRADO FACTURAS 120,519095030,519095,SERVICIO DE NEGOCIACION LIBERA,0,"8807752,38",EquityAndLiabilities,Equity,EquityAttributableToOwnersOfParent,OtherEquityInterest,ProfitLossFromContinuingOperations,ProfitLoss,ProfitLossBeforeTax,ProfitLossFromOperatingActivities,OtherExpenseByNature,,,
340,FCP SUMATORIA DEUDA GLOBAL,250305020,250305,RTE FTE PROVEEDORES,0,0,EquityAndLiabilities,Liabilities,TradeAndOtherPayables,,,,,NetAssetsLiabilities,,,,
340,FCP SUMATORIA DEUDA GLOBAL,250305020,250305,RTE FTE PROVEEDORES,0,0,EquityAndLiabilities,Liabilities,TradeAndOtherPayables,,,,,NetAssetsLiabilities,,,,
340,FCP SUMATORIA DEUDA GLOBAL,253105003,253105,CUENTA CORRIENTE IBA,0,0,EquityAndLiabilities,Liabilities,TradeAndOtherPayables,,,,,NetAssetsLiabilities,,,,
340,FCP SUMATORIA DEUDA GLOBAL,253105110,253105,CUENTA COMPENSACION,"-0,18",-194297187908,EquityAndLiabilities,Liabilities,TradeAndOtherPayables,,,,,NetAssetsLiabilities,,,,
340,FCP SUMATORIA DEUDA GLOBAL,411495015,411495,RENDIMIENTOS INVERSIONES EN FICS,0,"-0,03",EquityAndLiabilities,Equity,EquityAttributableToOwnersOfParent,OtherEquityInterest,ProfitLossFromContinuingOperations,ProfitLoss,ProfitLossBeforeTax,ProfitLossFromOperatingActivities,Revenue,InterestIncomeOnCashAndCashEquivalents,,
340,FCP SUMATORIA DEUDA GLOBAL,411495999,411495,OTROS,0,"-1,47",EquityAndLiabilities,Equity,EquityAttributableToOwnersOfParent,OtherEquityInterest,ProfitLossFromContinuingOperations,ProfitLoss,ProfitLossBeforeTax,ProfitLossFromOperatingActivities,Revenue,InterestIncomeOnCashAndCashEquivalents,,
340,FCP SUMATORIA DEUDA GLOBAL,510805010,510805,POR DISMINUCION EN EL VALOR RAZONABLE,0,6049692803,EquityAndLiabilities,Equity,EquityAttributableToOwnersOfParent,OtherEquityInterest,ProfitLossFromContinuingOperations,ProfitLoss,ProfitLossBeforeTax,ProfitLossFromOperatingActivities,OtherExpenseByNature,,,AdjustmentsForDecreaseIncreaseInOtherCurrentAssets
340,FCP SUMATORIA DEUDA GLOBAL,511512010,511512,GASTOS BANCARIOS,0,"6470,26",EquityAndLiabilities,Equity,EquityAttributableToOwnersOfParent,OtherEquityInterest,ProfitLossFromContinuingOperations,ProfitLoss,ProfitLossBeforeTax,ProfitLossFromOperatingActivities,OtherExpenseByNature,OtherFeeAndCommissionExpense,FeeAndCommissionExpense,FeeAndCommissionIncomeExpense
340,FCP SUMATORIA DEUDA GLOBAL,511548010,511548,"COMISION DE ADMINISTRACION R,F,",0,"147076020,8",EquityAndLiabilities,Equity,EquityAttributableToOwnersOfParent,OtherEquityInterest,ProfitLossFromContinuingOperations,ProfitLoss,ProfitLossBeforeTax,ProfitLossFromOperatingActivities,OtherExpenseByNature,OtherFeeAndCommissionExpense,FeeAndCommissionExpense,FeeAndCommissionIncomeExpense
340,FCP SUMATORIA DEUDA GLOBAL,511595011,511595,COMISION GESTOR PROFESIONAL,0,"911735104,7",EquityAndLiabilities,Equity,EquityAttributableToOwnersOfParent,OtherEquityInterest,ProfitLossFromContinuingOperations,ProfitLoss,ProfitLossBeforeTax,ProfitLossFromOperatingActivities,OtherExpenseByNature,OtherFeeAndCommissionExpense,FeeAndCommissionExpense,FeeAndCommissionIncomeExpense
340,FCP SUMATORIA DEUDA GLOBAL,514005011,514005,IMPOVENTAS,0,6812047,EquityAndLiabilities,Equity,EquityAttributableToOwnersOfParent,OtherEquityInterest,ProfitLossFromContinuingOperations,ProfitLoss,ProfitLossBeforeTax,ProfitLossFromOperatingActivities,OtherExpenseByNature,,,
340,FCP SUMATORIA DEUDA GLOBAL,514005015,514005,IVA COMISION GESTOR PROFESIONAL,0,"173229669,9",EquityAndLiabilities,Equity,EquityAttributableToOwnersOfParent,OtherEquityInterest,ProfitLossFromContinuingOperations,ProfitLoss,ProfitLossBeforeTax,ProfitLossFromOperatingActivities,OtherExpenseByNature,,,
340,FCP SUMATORIA DEUDA GLOBAL,519095999,519095,OTROS,0,"0,32",EquityAndLiabilities,Equity,EquityAttributableToOwnersOfParent,OtherEquityInterest,ProfitLossFromContinuingOperations,ProfitLoss,ProfitLossBeforeTax,ProfitLossFromOperatingActivities,OtherExpenseByNature,,,
340,FCP SUMATORIA DEUDA GLOBAL,590505010,590505,CANCELACION DE INGRESOS RF,0,"16424086,71",EquityAndLiabilities,Equity,EquityAttributableToOwnersOfParent,OtherEquityInterest,,,,,,,,
340,FCP SUMATORIA DEUDA GLOBAL,830505010,830505,EMISORES EXTRANJEROS,-192745812726,-177043885320,EquityAndLiabilities,Equity,EquityAttributableToOwnersOfParent,,,,,,,,,
360,FONDO DE INVERSION COLECTIVA CERRADO FACTURAS 120,111505006,111505,(ALT) Occidente Cta AH 219861242,"80119602,05","180888744,8",Assets,,CashAndCashEquivalents,BalancesWithBanks,Cash,,,NetAssetsLiabilities,,,,
360,FONDO DE INVERSION COLECTIVA CERRADO FACTURAS 120,111505008,111505,(ALT) Sudameris Cta AH 91000016710,3110135685,1489458062,Assets,,CashAndCashEquivalents,BalancesWithBanks,Cash,,,NetAssetsLiabilities,,,,
360,FONDO DE INVERSION COLECTIVA CERRADO FACTURAS 120,111505014,111505,(ALT) Davivienda Cta cte 482869984757,"8148436,42","8147089,85",Assets,,CashAndCashEquivalents,BalancesWithBanks,Cash,,,NetAssetsLiabilities,,,,
360,FONDO DE INVERSION COLECTIVA CERRADO FACTURAS 120,111505015,111505,(ALT) Davivienda Cta AH 482800015836,"6774711,54","2863,59",Assets,,CashAndCashEquivalents,BalancesWithBanks,Cash,,,NetAssetsLiabilities,,,,
360,FONDO DE INVERSION COLECTIVA CERRADO FACTURAS 120,111505016,111505,(ALT) Davivienda Cta AH 482800036063,"45454456,08","17601898,42",Assets,,CashAndCashEquivalents,BalancesWithBanks,Cash,,,NetAssetsLiabilities,,,,
360,FONDO DE INVERSION COLECTIVA CERRADO FACTURAS 120,111505018,111505,(ALT) BANCOLOMBIA Cta AH 69000008143,"10359123,02","157145,6",Assets,,CashAndCashEquivalents,BalancesWithBanks,Cash,,,NetAssetsLiabilities,,,,
360,FONDO DE INVERSION COLECTIVA CERRADO FACTURAS 120,111505019,111505,"(ALT) BCO OCCIDENTE Cta, AH 219886819","164106,97","171233,99",Assets,,CashAndCashEquivalents,BalancesWithBanks,Cash,,,NetAssetsLiabilities,,,,
360,FONDO DE INVERSION COLECTIVA CERRADO FACTURAS 120,130115010,130115,FACTURAS,103543173580,76962154269,Assets,,Inversiones,ActivosFinancierosCorrientesValorRazonableCambiosResultadosInversiones,InversionesNegociables,NegociablesInstrumentosDeuda,,NetAssetsLiabilities,,,,
360,FONDO DE INVERSION COLECTIVA CERRADO FACTURAS 120,161695002,161695,(ALT) Bancolombia cau cta AH 03100001464,"1768227,2","1389558,56",Assets,,TradeAndOtherReceivables,,,,,NetAssetsLiabilities,,,,
360,FONDO DE INVERSION COLECTIVA CERRADO FACTURAS 120,161695005,161695,(ALT) Davivienda Cta AH 482800036063,"18593,04","4487,12",Assets,,TradeAndOtherReceivables,,,,,NetAssetsLiabilities,,,,
360,FONDO DE INVERSION COLECTIVA CERRADO FACTURAS 120,161695006,161695,(ALT) Occidente Cau aho 219861242,"2106564,17","2268801,47",Assets,,TradeAndOtherReceivables,,,,,NetAssetsLiabilities,,,,
360,FONDO DE INVERSION COLECTIVA CERRADO FACTURAS 120,161695008,161695,(ALT) Sudameris Cau aho 91000016710,"27894266,14","23513222,58",Assets,,TradeAndOtherReceivables,,,,,NetAssetsLiabilities,,,,
360,FONDO DE INVERSION COLECTIVA CERRADO FACTURAS 120,161695011,161695,(ALT) Bcolombia Cta AH 69000000789,0,0,Assets,,TradeAndOtherReceivables,,,,,NetAssetsLiabilities,,,,
360,FONDO DE INVERSION COLECTIVA CERRADO FACTURAS 120,161695017,161695,(ALT) Davivienda Cta AH 482800015836,"2935,83","165,38",Assets,,TradeAndOtherReceivables,,,,,NetAssetsLiabilities,,,,
360,FONDO DE INVERSION COLECTIVA CERRADO FACTURAS 120,161695018,161695,(ALT) Bco Bogotá Cta AH 049335094,"6346,53","9580,87",Assets,,TradeAndOtherReceivables,,,,,NetAssetsLiabilities,,,,
360,FONDO DE INVERSION COLECTIVA CERRADO FACTURAS 120,161695019,161695,"(ALT) BCO OCCIDENTE Cta, AH 219886819","70,04","202,11",Assets,,TradeAndOtherReceivables,,,,,NetAssetsLiabilities,,,,
360,FONDO DE INVERSION COLECTIVA CERRADO FACTURAS 120,161695021,161695,"(ALT) BCO DAVIVIENDA Cta, AH 48280003877","76139,54","302,65",Assets,,TradeAndOtherReceivables,,,,,NetAssetsLiabilities,,,,
360,FONDO DE INVERSION COLECTIVA CERRADO FACTURAS 120,161695030,161695,Proveedores,"615262405,8","931031636,7",Assets,,TradeAndOtherReceivables,,,,,NetAssetsLiabilities,,,,
360,FONDO DE INVERSION COLECTIVA CERRADO FACTURAS 120,161695999,161695,Proveedores,"-47148736,53","-47148736,53",Assets,,TradeAndOtherReceivables,,,,,NetAssetsLiabilities,,,,
360,FONDO DE INVERSION COLECTIVA CERRADO FACTURAS 120,519095031,519095,SERVICIO DE NEGOCIACION CAP ESTRATEGICO,0,"-9489112,36",EquityAndLiabilities,Equity,EquityAttributableToOwnersOfParent,OtherEquityInterest,ProfitLossFromContinuingOperations,ProfitLoss,ProfitLossBeforeTax,ProfitLossFromOperatingActivities,OtherExpenseByNature,,,
360,FONDO DE INVERSION COLECTIVA CERRADO FACTURAS 120,519095038,519095,"PLAT, DE NEG BILLY",0,"71483555,85",EquityAndLiabilities,Equity,EquityAttributableToOwnersOfParent,OtherEquityInterest,ProfitLossFromContinuingOperations,ProfitLoss,ProfitLossBeforeTax,ProfitLossFromOperatingActivities,OtherExpenseByNature,,,
360,FONDO DE INVERSION COLECTIVA CERRADO FACTURAS 120,519095999,519095,OTROS,0,"145,42",EquityAndLiabilities,Equity,EquityAttributableToOwnersOfParent,OtherEquityInterest,ProfitLossFromContinuingOperations,ProfitLoss,ProfitLossBeforeTax,ProfitLossFromOperatingActivities,OtherExpenseByNature,,,
360,FONDO DE INVERSION COLECTIVA CERRADO FACTURAS 120,590505010,590505,CANCELACION DE INGRESOS RF,0,-1022471426,EquityAndLiabilities,Equity,EquityAttributableToOwnersOfParent,OtherEquityInterest,,,,,,,,
360,FONDO DE INVERSION COLECTIVA CERRADO FACTURAS 120,590505015,590505,CANCELACION DE INGRESOS RV,0,"-130624363,7",EquityAndLiabilities,Equity,EquityAttributableToOwnersOfParent,OtherEquityInterest,,,,,,,,
360,FONDO DE INVERSION COLECTIVA CERRADO FACTURAS 120,830505010,830505,DEUDORAS POR CONTRA,-100908899775,-74327880465,EquityAndLiabilities,Equity,EquityAttributableToOwnersOfParent,,,,,,,,,
396,FCP TC LATAM ESTRUCTURAS INMOBILIARIAS COMP I,111505003,111505,"(EI) BANCOLOMBIA Cta No, 69000002962","1683,97","1714,15",Assets,,CashAndCashEquivalents,BalancesWithBanks,Cash,,,NetAssetsLiabilities,,,,
396,FCP TC LATAM ESTRUCTURAS INMOBILIARIAS COMP I,136000300,136000,INVERSIONES DERECHOS FIDUCIARIOS,61525170452,49413153171,Assets,,Inversiones,ActivosFinancierosCorrientesValorRazonableCambiosResultadosInversiones,InversionesNegociables,NegociablesInstrumentosPatrimonio,,NetAssetsLiabilities,,,,
396,FCP TC LATAM ESTRUCTURAS INMOBILIARIAS COMP I,161695001,161695,"(EI) BANCOLOMBIA Cau No,69000002480","570,82","189813,53",Assets,,TradeAndOtherReceivables,,,,,NetAssetsLiabilities,,,,
396,FCP TC LATAM ESTRUCTURAS INMOBILIARIAS COMP I,161695003,161695,"(EI) BANCOLOMBIA Cta No, 69000002962",0,0,Assets,,TradeAndOtherReceivables,,,,,NetAssetsLiabilities,,,,
396,FCP TC LATAM ESTRUCTURAS INMOBILIARIAS COMP I,161695015,161695,GASTOS VARIOS DE ADMON,0,0,Assets,,TradeAndOtherReceivables,,,,,NetAssetsLiabilities,,,,
396,FCP TC LATAM ESTRUCTURAS INMOBILIARIAS COMP I,161695045,161695,CUENTA CORRIENTE,"7227542,14","136022,38",Assets,,TradeAndOtherReceivables,,,,,NetAssetsLiabilities,,,,
396,FCP TC LATAM ESTRUCTURAS INMOBILIARIAS COMP I,161695999,161695,PROVEEDORES,0,0,Assets,,TradeAndOtherReceivables,,,,,NetAssetsLiabilities,,,,
396,FCP TC LATAM ESTRUCTURAS INMOBILIARIAS COMP I,161695999,161695,PROVEEDORES,0,0,Assets,,TradeAndOtherReceivables,,,,,NetAssetsLiabilities,,,,
396,FCP TC LATAM ESTRUCTURAS INMOBILIARIAS COMP I,192595030,192595,AMORTIZACIÓN COMISIÓN DE ADMÓN,0,0,Assets,,OtherNonfinancialAssets,,,,,NetAssetsLiabilities,,,,
396,FCP TC LATAM ESTRUCTURAS INMOBILIARIAS COMP I,250105010,250105,HONORARIOS,0,0,EquityAndLiabilities,Liabilities,TradeAndOtherPayables,,,,,NetAssetsLiabilities,,,,
396,FCP TC LATAM ESTRUCTURAS INMOBILIARIAS COMP I,250110010,250110,COMISION CUSTODIA FIJA,0,0,EquityAndLiabilities,Liabilities,TradeAndOtherPayables,,,,,NetAssetsLiabilities,,,,
396,FCP TC LATAM ESTRUCTURAS INMOBILIARIAS COMP I,250295050,250295,OTROS PROVEEDORES,0,0,EquityAndLiabilities,Liabilities,TradeAndOtherPayables,,,,,NetAssetsLiabilities,,,,
396,FCP TC LATAM ESTRUCTURAS INMOBILIARIAS COMP I,250305020,250305,RTE FTE FONDOS,0,0,EquityAndLiabilities,Liabilities,TradeAndOtherPayables,,,,,NetAssetsLiabilities,,,,
396,FCP TC LATAM ESTRUCTURAS INMOBILIARIAS COMP I,250305020,250305,RTE FTE FONDOS,0,0,EquityAndLiabilities,Liabilities,TradeAndOtherPayables,,,,,NetAssetsLiabilities,,,,
396,FCP TC LATAM ESTRUCTURAS INMOBILIARIAS COMP I,250305020,250305,RTE FTE FONDOS,0,0,EquityAndLiabilities,Liabilities,TradeAndOtherPayables,,,,,NetAssetsLiabilities,,,,
396,FCP TC LATAM ESTRUCTURAS INMOBILIARIAS COMP I,253105003,253105,CUENTA CORRIENTE IBA,0,0,EquityAndLiabilities,Liabilities,TradeAndOtherPayables,,,,,NetAssetsLiabilities,,,,
396,FCP TC LATAM ESTRUCTURAS INMOBILIARIAS COMP I,253105110,253105,CUENTA COMPENSACION,0,"-4771113,98",EquityAndLiabilities,Liabilities,TradeAndOtherPayables,,,,,NetAssetsLiabilities,,,,
396,FCP TC LATAM ESTRUCTURAS INMOBILIARIAS COMP I,410395010,410395,OTROS RENDIMIENTOS FINANCIEROS,0,-600000000,EquityAndLiabilities,Equity,EquityAttributableToOwnersOfParent,OtherEquityInterest,ProfitLossFromContinuingOperations,ProfitLoss,ProfitLossBeforeTax,ProfitLossFromOperatingActivities,OtherExpenseByNature,OtherRevenue,,
396,FCP TC LATAM ESTRUCTURAS INMOBILIARIAS COMP I,411495003,411495,"(EI) BANCOLOMBIA Cta No, 69000002962",0,"-30,18",EquityAndLiabilities,Equity,EquityAttributableToOwnersOfParent,OtherEquityInterest,ProfitLossFromContinuingOperations,ProfitLoss,ProfitLossBeforeTax,ProfitLossFromOperatingActivities,Revenue,InterestIncomeOnCashAndCashEquivalents,,
396,FCP TC LATAM ESTRUCTURAS INMOBILIARIAS COMP I,411495015,411495,RENDIMIENTOS INVERSIONES EN FICS,0,"-251418,02",EquityAndLiabilities,Equity,EquityAttributableToOwnersOfParent,OtherEquityInterest,ProfitLossFromContinuingOperations,ProfitLoss,ProfitLossBeforeTax,ProfitLossFromOperatingActivities,Revenue,InterestIncomeOnCashAndCashEquivalents,,
396,FCP TC LATAM ESTRUCTURAS INMOBILIARIAS COMP I,411495999,411495,OTROS,0,0,EquityAndLiabilities,Equity,EquityAttributableToOwnersOfParent,OtherEquityInterest,ProfitLossFromContinuingOperations,ProfitLoss,ProfitLossBeforeTax,ProfitLossFromOperatingActivities,Revenue,InterestIncomeOnCashAndCashEquivalents,,
396,FCP TC LATAM ESTRUCTURAS INMOBILIARIAS COMP I,419595020,419595,OTROS INGRESOS OPERACIONALES,0,"-0,7",EquityAndLiabilities,Equity,EquityAttributableToOwnersOfParent,OtherEquityInterest,ProfitLossFromContinuingOperations,ProfitLoss,ProfitLossBeforeTax,ProfitLossFromOperatingActivities,Revenue,OtherRevenue,,
396,FCP TC LATAM ESTRUCTURAS INMOBILIARIAS COMP I,510805010,510805,POR DISMINUCION EN EL VALOR RAZONABLE,0,12873977732,EquityAndLiabilities,Equity,EquityAttributableToOwnersOfParent,OtherEquityInterest,ProfitLossFromContinuingOperations,ProfitLoss,ProfitLossBeforeTax,ProfitLossFromOperatingActivities,OtherExpenseByNature,,,AdjustmentsForDecreaseIncreaseInOtherCurrentAssets
396,FCP TC LATAM ESTRUCTURAS INMOBILIARIAS COMP I,511325010,511325,COMISION CUSTODIA FIJA,0,"19376604,32",EquityAndLiabilities,Equity,EquityAttributableToOwnersOfParent,OtherEquityInterest,ProfitLossFromContinuingOperations,ProfitLoss,ProfitLossBeforeTax,ProfitLossFromOperatingActivities,OtherExpenseByNature,BrokerageFeeExpense,FeeAndCommissionExpense,FeeAndCommissionIncomeExpense
396,FCP TC LATAM ESTRUCTURAS INMOBILIARIAS COMP I,511512010,511512,GASTOS BANCARIOS,0,"592697,33",EquityAndLiabilities,Equity,EquityAttributableToOwnersOfParent,OtherEquityInterest,ProfitLossFromContinuingOperations,ProfitLoss,ProfitLossBeforeTax,ProfitLossFromOperatingActivities,OtherExpenseByNature,OtherFeeAndCommissionExpense,FeeAndCommissionExpense,FeeAndCommissionIncomeExpense
396,FCP TC LATAM ESTRUCTURAS INMOBILIARIAS COMP I,511548010,511548,"COMISION DE ADMINISTRACION R,F,",0,105054300,EquityAndLiabilities,Equity,EquityAttributableToOwnersOfParent,OtherEquityInterest,ProfitLossFromContinuingOperations,ProfitLoss,ProfitLossBeforeTax,ProfitLossFromOperatingActivities,OtherExpenseByNature,OtherFeeAndCommissionExpense,FeeAndCommissionExpense,FeeAndCommissionIncomeExpense
396,FCP TC LATAM ESTRUCTURAS INMOBILIARIAS COMP I,513095090,513095,OTROS HONORARIOS,0,46666824,EquityAndLiabilities,Equity,EquityAttributableToOwnersOfParent,OtherEquityInterest,ProfitLossFromContinuingOperations,ProfitLoss,ProfitLossBeforeTax,ProfitLossFromOperatingActivities,OtherExpenseByNature,,,
360,FONDO DE INVERSION COLECTIVA CERRADO FACTURAS 120,161695999,161695,Proveedores,"-29433105,27","-63445461,35",Assets,,TradeAndOtherReceivables,,,,,NetAssetsLiabilities,,,,
360,FONDO DE INVERSION COLECTIVA CERRADO FACTURAS 120,161695999,161695,Proveedores,"-449416913,7","-723830031,5",Assets,,TradeAndOtherReceivables,,,,,NetAssetsLiabilities,,,,
360,FONDO DE INVERSION COLECTIVA CERRADO FACTURAS 120,250105035,250105,REVISORIA FISCAL,0,"-0,13",EquityAndLiabilities,Liabilities,TradeAndOtherPayables,,,,,NetAssetsLiabilities,,,,
360,FONDO DE INVERSION COLECTIVA CERRADO FACTURAS 120,250110015,250110,COMISION DE ADMINISTRACION,"-10991629,42",-3979655,EquityAndLiabilities,Liabilities,TradeAndOtherPayables,,,,,NetAssetsLiabilities,,,,
360,FONDO DE INVERSION COLECTIVA CERRADO FACTURAS 120,250205006,250205,"PLAT, DE NEGOCIACIÓN CAP ESTRATEGICO","-28578224,71","-19089112,35",EquityAndLiabilities,Liabilities,TradeAndOtherPayables,,,,,NetAssetsLiabilities,,,,
360,FONDO DE INVERSION COLECTIVA CERRADO FACTURAS 120,250205007,250205,"PLAT, DE NEGOCIACIÓN COLFIMAX","-4380242,73","-4380242,73",EquityAndLiabilities,Liabilities,TradeAndOtherPayables,,,,,NetAssetsLiabilities,,,,
360,FONDO DE INVERSION COLECTIVA CERRADO FACTURAS 120,250205009,250205,"PLAT, DE NEGOCIACIÓN SERFICOMEX","-8659536,03","-8659536,03",EquityAndLiabilities,Liabilities,TradeAndOtherPayables,,,,,NetAssetsLiabilities,,,,
360,FONDO DE INVERSION COLECTIVA CERRADO FACTURAS 120,250205011,250205,"PLAT, DE NEGOCIACIÓN RED CAPITAL","-190502664,9","-278235059,5",EquityAndLiabilities,Liabilities,TradeAndOtherPayables,,,,,NetAssetsLiabilities,,,,
360,FONDO DE INVERSION COLECTIVA CERRADO FACTURAS 120,250205012,250205,"PLAT, DE NEG INVESTMENT FACTORING","-355710,88","-355710,88",EquityAndLiabilities,Liabilities,TradeAndOtherPayables,,,,,NetAssetsLiabilities,,,,
360,FONDO DE INVERSION COLECTIVA CERRADO FACTURAS 120,250295050,250295,OTRO PROVEDORES,0,0,EquityAndLiabilities,Liabilities,TradeAndOtherPayables,,,,,NetAssetsLiabilities,,,,
360,FONDO DE INVERSION COLECTIVA CERRADO FACTURAS 120,250295050,250295,OTRO PROVEDORES,0,0,EquityAndLiabilities,Liabilities,TradeAndOtherPayables,,,,,NetAssetsLiabilities,,,,
360,FONDO DE INVERSION COLECTIVA CERRADO FACTURAS 120,250305020,250305,Retencion Proveedores,0,0,EquityAndLiabilities,Liabilities,TradeAndOtherPayables,,,,,NetAssetsLiabilities,,,,
360,FONDO DE INVERSION COLECTIVA CERRADO FACTURAS 120,250305020,250305,Retencion Proveedores,0,0,EquityAndLiabilities,Liabilities,TradeAndOtherPayables,,,,,NetAssetsLiabilities,,,,
360,FONDO DE INVERSION COLECTIVA CERRADO FACTURAS 120,352505010,352505,PARTICIPACIONES EN FDO DE INVERSIÓN COLE,-113868376974,-81443930125,EquityAndLiabilities,Equity,EquityAttributableToOwnersOfParent,OtherEquityInterest,,,,,,,,
360,FONDO DE INVERSION COLECTIVA CERRADO FACTURAS 120,411495002,411495,(FIR) Bancolombia CTA AH 03100001464,0,"-45667727,63",EquityAndLiabilities,Equity,EquityAttributableToOwnersOfParent,OtherEquityInterest,ProfitLossFromContinuingOperations,ProfitLoss,ProfitLossBeforeTax,ProfitLossFromOperatingActivities,Revenue,InterestIncomeOnCashAndCashEquivalents,,
360,FONDO DE INVERSION COLECTIVA CERRADO FACTURAS 120,411495010,411495,(ALT) Bogota Cau aho 049301179,0,"-11984149,65",EquityAndLiabilities,Equity,EquityAttributableToOwnersOfParent,OtherEquityInterest,ProfitLossFromContinuingOperations,ProfitLoss,ProfitLossBeforeTax,ProfitLossFromOperatingActivities,Revenue,InterestIncomeOnCashAndCashEquivalents,,
360,FONDO DE INVERSION COLECTIVA CERRADO FACTURAS 120,411495013,411495,(ALT) BANCOLOMBIA Cta AH 69000008143,0,"-402827,44",EquityAndLiabilities,Equity,EquityAttributableToOwnersOfParent,OtherEquityInterest,ProfitLossFromContinuingOperations,ProfitLoss,ProfitLossBeforeTax,ProfitLossFromOperatingActivities,Revenue,InterestIncomeOnCashAndCashEquivalents,,
360,FONDO DE INVERSION COLECTIVA CERRADO FACTURAS 120,411495018,411495,(ALT) Bco Bogotá Cta AH 049335094,0,"-45669,34",EquityAndLiabilities,Equity,EquityAttributableToOwnersOfParent,OtherEquityInterest,ProfitLossFromContinuingOperations,ProfitLoss,ProfitLossBeforeTax,ProfitLossFromOperatingActivities,Revenue,InterestIncomeOnCashAndCashEquivalents,,
360,FONDO DE INVERSION COLECTIVA CERRADO FACTURAS 120,411495019,411495,"(ALT) BCO OCCIDENTE Cta, AH 219886819",0,"-7259,09",EquityAndLiabilities,Equity,EquityAttributableToOwnersOfParent,OtherEquityInterest,ProfitLossFromContinuingOperations,ProfitLoss,ProfitLossBeforeTax,ProfitLossFromOperatingActivities,Revenue,InterestIncomeOnCashAndCashEquivalents,,
360,FONDO DE INVERSION COLECTIVA CERRADO FACTURAS 120,511512010,511512,GASTOS BANCARIOS,0,"1363469,23",EquityAndLiabilities,Equity,EquityAttributableToOwnersOfParent,OtherEquityInterest,ProfitLossFromContinuingOperations,ProfitLoss,ProfitLossBeforeTax,ProfitLossFromOperatingActivities,OtherExpenseByNature,OtherFeeAndCommissionExpense,FeeAndCommissionExpense,FeeAndCommissionIncomeExpense
360,FONDO DE INVERSION COLECTIVA CERRADO FACTURAS 120,513015003,513015,REVISORIA FISCAL,0,"4977250,37",EquityAndLiabilities,Equity,EquityAttributableToOwnersOfParent,OtherEquityInterest,ProfitLossFromContinuingOperations,ProfitLoss,ProfitLossBeforeTax,ProfitLossFromOperatingActivities,OtherExpenseByNature,,,
360,FONDO DE INVERSION COLECTIVA CERRADO FACTURAS 120,514005010,514005,IMPUESTO A LOS MOVIMIENTOS FINANCIEROS,0,"2999541,5",EquityAndLiabilities,Equity,EquityAttributableToOwnersOfParent,OtherEquityInterest,ProfitLossFromContinuingOperations,ProfitLoss,ProfitLossBeforeTax,ProfitLossFromOperatingActivities,OtherExpenseByNature,,,
360,FONDO DE INVERSION COLECTIVA CERRADO FACTURAS 120,517040010,517040,DE INVERSIONES,0,"12951041,62",EquityAndLiabilities,Equity,EquityAttributableToOwnersOfParent,OtherEquityInterest,ProfitLossFromContinuingOperations,ProfitLoss,ProfitLossBeforeTax,ProfitLossFromOperatingActivities,OtherExpenseByNature,,,
360,FONDO DE INVERSION COLECTIVA CERRADO FACTURAS 120,519095035,519095,SERVICIO DE NEGOCIACION JAM FINANCIAL,0,"36196134,7",EquityAndLiabilities,Equity,EquityAttributableToOwnersOfParent,OtherEquityInterest,ProfitLossFromContinuingOperations,ProfitLoss,ProfitLossBeforeTax,ProfitLossFromOperatingActivities,OtherExpenseByNature,,,
360,FONDO DE INVERSION COLECTIVA CERRADO FACTURAS 120,519095036,519095,SERVICIO DE NEGOCIACION RED CAPITAL,0,"319475175,9",EquityAndLiabilities,Equity,EquityAttributableToOwnersOfParent,OtherEquityInterest,ProfitLossFromContinuingOperations,ProfitLoss,ProfitLossBeforeTax,ProfitLossFromOperatingActivities,OtherExpenseByNature,,,
360,FONDO DE INVERSION COLECTIVA CERRADO FACTURAS 120,590505020,590505,UTILIDAD/PERDIDA PAGADA EN REDENCIÓN,0,5284966815,EquityAndLiabilities,Equity,EquityAttributableToOwnersOfParent,OtherEquityInterest,,,,,,,,
360,FONDO DE INVERSION COLECTIVA CERRADO FACTURAS 120,810505010,810505,FACTURAS,100908899775,74327880465,EquityAndLiabilities,Equity,EquityAttributableToOwnersOfParent,,,,,,,,,
396,FCP TC LATAM ESTRUCTURAS INMOBILIARIAS COMP I,111505001,111505,"(EI) BANCOLOMBIA Cta No,69000002480","3225918,31","143497590,4",Assets,,CashAndCashEquivalents,BalancesWithBanks,Cash,,,NetAssetsLiabilities,,,,
396,FCP TC LATAM ESTRUCTURAS INMOBILIARIAS COMP I,111505004,111505,"(EI) DAVIVIENDA Cta No,482800057317","51510610,36","3358603,18",Assets,,CashAndCashEquivalents,BalancesWithBanks,Cash,,,NetAssetsLiabilities,,,,
396,FCP TC LATAM ESTRUCTURAS INMOBILIARIAS COMP I,130205300,130205,EMISORES NACIONALES,"4939290,74","5190708,77",Assets,,Inversiones,ActivosFinancierosCorrientesValorRazonableCambiosResultadosInversiones,InversionesNegociables,NegociablesInstrumentosPatrimonio,,NetAssetsLiabilities,,,,
396,FCP TC LATAM ESTRUCTURAS INMOBILIARIAS COMP I,161695004,161695,"(LD) BCO DAVIVIENDA cta No,482800025215","306585,19","18546,57",Assets,,TradeAndOtherReceivables,,,,,NetAssetsLiabilities,,,,
396,FCP TC LATAM ESTRUCTURAS INMOBILIARIAS COMP I,161695999,161695,PROVEEDORES,0,0,Assets,,TradeAndOtherReceivables,,,,,NetAssetsLiabilities,,,,
396,FCP TC LATAM ESTRUCTURAS INMOBILIARIAS COMP I,250110015,250110,COMISION DE ADMINISTRACION,0,0,EquityAndLiabilities,Liabilities,TradeAndOtherPayables,,,,,NetAssetsLiabilities,,,,
396,FCP TC LATAM ESTRUCTURAS INMOBILIARIAS COMP I,514005010,514005,IMPUESTO A LOS MOVIMIENTOS FINANCIEROS,0,"1913198,59",EquityAndLiabilities,Equity,EquityAttributableToOwnersOfParent,OtherEquityInterest,ProfitLossFromContinuingOperations,ProfitLoss,ProfitLossBeforeTax,ProfitLossFromOperatingActivities,OtherExpenseByNature,,,
396,FCP TC LATAM ESTRUCTURAS INMOBILIARIAS COMP I,519095050,519095,GASTOS REEMBOLSABLES,0,"36107002,03",EquityAndLiabilities,Equity,EquityAttributableToOwnersOfParent,OtherEquityInterest,ProfitLossFromContinuingOperations,ProfitLoss,ProfitLossBeforeTax,ProfitLossFromOperatingActivities,OtherExpenseByNature,,,
396,FCP TC LATAM ESTRUCTURAS INMOBILIARIAS COMP I,519095999,519095,OTROS,0,"2,04",EquityAndLiabilities,Equity,EquityAttributableToOwnersOfParent,OtherEquityInterest,ProfitLossFromContinuingOperations,ProfitLoss,ProfitLossBeforeTax,ProfitLossFromOperatingActivities,OtherExpenseByNature,,,
396,FCP TC LATAM ESTRUCTURAS INMOBILIARIAS COMP I,810505205,810505,EMISORES NACIONALES,61525170452,49413153171,EquityAndLiabilities,Equity,EquityAttributableToOwnersOfParent,,,,,,,,,
396,FCP TC LATAM ESTRUCTURAS INMOBILIARIAS COMP I,840505998,840505,ACREEDORAS POR CONTRA PESOS,415539000,415539000,EquityAndLiabilities,Equity,EquityAttributableToOwnersOfParent,,,,,,,,,
403,FIC CERRADO ACCIONES EEUU CON CAPITAL PROTEGIDO,161695013,161695,(AE) Bancolombia Panama 80100015539,"-3867,54","-3867,54",Assets,,TradeAndOtherReceivables,,,,,NetAssetsLiabilities,,,,
416,FONDO DE INVERSION COLECTIVA ABIERTO LIQUIDEZ DÓLAR,111505001,111505,"(LD) BANCO DE BOGOTA Cta No,049313844",15295582,15964534,Assets,,CashAndCashEquivalents,BalancesWithBanks,Cash,,,NetAssetsLiabilities,,,,
416,FONDO DE INVERSION COLECTIVA ABIERTO LIQUIDEZ DÓLAR,111505009,111505,"(LD) BANCOLOMBIA cta No, 69000003828","58969782,07","2916879,5",Assets,,CashAndCashEquivalents,BalancesWithBanks,Cash,,,NetAssetsLiabilities,,,,
416,FONDO DE INVERSION COLECTIVA ABIERTO LIQUIDEZ DÓLAR,111505019,111505,"(LD) BANCOLOMBIA CTA AHO No, 69000008145","100050661,8","206396665,5",Assets,,CashAndCashEquivalents,BalancesWithBanks,Cash,,,NetAssetsLiabilities,,,,
416,FONDO DE INVERSION COLECTIVA ABIERTO LIQUIDEZ DÓLAR,111510001,111510,(LD) Davivienda Panamá Cta: 10001015158,"22479022,9","20852565,21",Assets,,CashAndCashEquivalents,BalancesWithBanks,Cash,,,NetAssetsLiabilities,,,,
416,FONDO DE INVERSION COLECTIVA ABIERTO LIQUIDEZ DÓLAR,111510016,111510,(LD) ALLFUNDS Cta No: 110001140500576004,"2595278,16","114992,59",Assets,,CashAndCashEquivalents,BalancesWithBanks,Cash,,,NetAssetsLiabilities,,,,
416,FONDO DE INVERSION COLECTIVA ABIERTO LIQUIDEZ DÓLAR,111510017,111510,(LD) CITIBANK Cta No: 27249400,"44579670,27","343402575,8",Assets,,CashAndCashEquivalents,BalancesWithBanks,Cash,,,NetAssetsLiabilities,,,,
416,FONDO DE INVERSION COLECTIVA ABIERTO LIQUIDEZ DÓLAR,111510101,111510,OCCIDENTAL TRANSITO,0,0,Assets,,CashAndCashEquivalents,BalancesWithBanks,Cash,,,NetAssetsLiabilities,,,,
416,FONDO DE INVERSION COLECTIVA ABIERTO LIQUIDEZ DÓLAR,122005010,122005,"COMP DE TRANSF DE INV EN OP, SIM",0,0,Assets,,CashAndCashEquivalents,BalancesWithBanks,Cash,,,NetAssetsLiabilities,,,,
416,FONDO DE INVERSION COLECTIVA ABIERTO LIQUIDEZ DÓLAR,130210200,130210,EMISORES EXTRANJEROS,15791880536,17628280194,Assets,,Inversiones,ActivosFinancierosCorrientesValorRazonableCambiosResultadosInversiones,InversionesNegociables,NegociablesInstrumentosPatrimonio,,NetAssetsLiabilities,,,,
416,FONDO DE INVERSION COLECTIVA ABIERTO LIQUIDEZ DÓLAR,135105010,135105,DERECHO DE COMPRA SOBRE DIVISAS,0,0,,,,,,,,,,,,
416,FONDO DE INVERSION COLECTIVA ABIERTO LIQUIDEZ DÓLAR,135130010,135130,OBLIGACIÓN DE COMPRA SOBRE DIVISAS,0,0,,,,,,,,,,,,
416,FONDO DE INVERSION COLECTIVA ABIERTO LIQUIDEZ DÓLAR,135140200,135140,OBLIGACION DE COMPRA TITULOS,0,0,Assets,,Inversiones,ActivosFinancierosCorrientesValorRazonableCambiosResultadosInversiones,InversionesNegociables,NegociablesInstrumentosPatrimonio,,NetAssetsLiabilities,,,,
416,FONDO DE INVERSION COLECTIVA ABIERTO LIQUIDEZ DÓLAR,135145200,135145,OBLIGACION DE VENTA SOBRE TÍTULOS,0,0,Assets,,Inversiones,ActivosFinancierosCorrientesValorRazonableCambiosResultadosInversiones,InversionesNegociables,NegociablesInstrumentosPatrimonio,,NetAssetsLiabilities,,,,
416,FONDO DE INVERSION COLECTIVA ABIERTO LIQUIDEZ DÓLAR,135305010,135305,DERECHO DERIVADOS DE MONEDAS,946550000,517110000,Assets,,Inversiones,ActivosFinancierosCorrientesValorRazonableCambiosResultadosInversiones,InversionesNegociables,NegociablesInstrumentosPatrimonio,,NetAssetsLiabilities,,,,
416,FONDO DE INVERSION COLECTIVA ABIERTO LIQUIDEZ DÓLAR,161695004,161695,"(LD) BCO DAVIVIENDA cta No,482800025215","208175,7","208175,7",Assets,,TradeAndOtherReceivables,,,,,NetAssetsLiabilities,,,,
416,FONDO DE INVERSION COLECTIVA ABIERTO LIQUIDEZ DÓLAR,161695005,161695,"(LD) BCO DAVIVIENDA cta No,482800025223","32861,1","56872,02",Assets,,TradeAndOtherReceivables,,,,,NetAssetsLiabilities,,,,
416,FONDO DE INVERSION COLECTIVA ABIERTO LIQUIDEZ DÓLAR,161695006,161695,"(LD) Davivienda Panamá Cta, 10001015158","-5816,16","40681,26",Assets,,TradeAndOtherReceivables,,,,,NetAssetsLiabilities,,,,
416,FONDO DE INVERSION COLECTIVA ABIERTO LIQUIDEZ DÓLAR,161695009,161695,"(LD) BANCOLOMBIA cta No, 69000003828","148050,35","946,91",Assets,,TradeAndOtherReceivables,,,,,NetAssetsLiabilities,,,,
416,FONDO DE INVERSION COLECTIVA ABIERTO LIQUIDEZ DÓLAR,161695010,161695,"(LD) BCO DE OCCIDENTE cta No, 219870078","579457,32","616376,36",Assets,,TradeAndOtherReceivables,,,,,NetAssetsLiabilities,,,,
416,FONDO DE INVERSION COLECTIVA ABIERTO LIQUIDEZ DÓLAR,161695014,161695,"(LD) BCO DAVIVIENDA cta No,482800036089","42496,51","34846,31",Assets,,TradeAndOtherReceivables,,,,,NetAssetsLiabilities,,,,
416,FONDO DE INVERSION COLECTIVA ABIERTO LIQUIDEZ DÓLAR,161695018,161695,"(LD) OCCIDENTE CTA AHO No, 219885944","154527,12","84029,87",Assets,,TradeAndOtherReceivables,,,,,NetAssetsLiabilities,,,,
416,FONDO DE INVERSION COLECTIVA ABIERTO LIQUIDEZ DÓLAR,161695019,161695,"(LD) BANCOLOMBIA CTA AHO No, 69000008145","24361,59","60028,82",Assets,,TradeAndOtherReceivables,,,,,NetAssetsLiabilities,,,,
416,FONDO DE INVERSION COLECTIVA ABIERTO LIQUIDEZ DÓLAR,161695200,161695,CUENTA CONTROL TRANSFERENCIAS,0,0,Assets,,TradeAndOtherReceivables,,,,,NetAssetsLiabilities,,,,
416,FONDO DE INVERSION COLECTIVA ABIERTO LIQUIDEZ DÓLAR,161795020,161795,OTROS,6894000,0,Assets,,TradeAndOtherReceivables,,,,,NetAssetsLiabilities,,,,
416,FONDO DE INVERSION COLECTIVA ABIERTO LIQUIDEZ DÓLAR,162825010,162825,EN GARANTIA,91075556,91075556,Assets,,TradeAndOtherReceivables,,,,,NetAssetsLiabilities,,,,
416,FONDO DE INVERSION COLECTIVA ABIERTO LIQUIDEZ DÓLAR,192595003,192595,REVISORIA FISCAL,0,0,Assets,,OtherNonfinancialAssets,,,,,NetAssetsLiabilities,,,,
416,FONDO DE INVERSION COLECTIVA ABIERTO LIQUIDEZ DÓLAR,225015011,225015,DERECHO COMPRA SOBRE TITULOS,0,0,EquityAndLiabilities,Liabilities,OtherFinancialLiabilities,,,,,NetAssetsLiabilities,,,,
396,FCP TC LATAM ESTRUCTURAS INMOBILIARIAS COMP I,250295050,250295,OTROS PROVEEDORES,0,0,EquityAndLiabilities,Liabilities,TradeAndOtherPayables,,,,,NetAssetsLiabilities,,,,
396,FCP TC LATAM ESTRUCTURAS INMOBILIARIAS COMP I,250295050,250295,OTROS PROVEEDORES,0,0,EquityAndLiabilities,Liabilities,TradeAndOtherPayables,,,,,NetAssetsLiabilities,,,,
396,FCP TC LATAM ESTRUCTURAS INMOBILIARIAS COMP I,250305011,250305,RENDIMIENTOS FINANCIEROS CAPITALIZADOS,0,0,EquityAndLiabilities,Liabilities,TradeAndOtherPayables,,,,,NetAssetsLiabilities,,,,
396,FCP TC LATAM ESTRUCTURAS INMOBILIARIAS COMP I,352505010,352505,PARTICIPACIONES EN FDO DE INVERSIÓN COLE,-61592382654,-49560775056,EquityAndLiabilities,Equity,EquityAttributableToOwnersOfParent,OtherEquityInterest,,,,,,,,
396,FCP TC LATAM ESTRUCTURAS INMOBILIARIAS COMP I,410805300,410805,EMISORES NACIONALES,0,"-461960450,1",EquityAndLiabilities,Equity,EquityAttributableToOwnersOfParent,OtherEquityInterest,ProfitLossFromContinuingOperations,ProfitLoss,ProfitLossBeforeTax,ProfitLossFromOperatingActivities,OtherExpenseByNature,,,AdjustmentsForDecreaseIncreaseInOtherCurrentAssets
396,FCP TC LATAM ESTRUCTURAS INMOBILIARIAS COMP I,411495001,411495,"(EI) BANCOLOMBIA Cau No,69000002480",0,"-3473813,25",EquityAndLiabilities,Equity,EquityAttributableToOwnersOfParent,OtherEquityInterest,ProfitLossFromContinuingOperations,ProfitLoss,ProfitLossBeforeTax,ProfitLossFromOperatingActivities,Revenue,InterestIncomeOnCashAndCashEquivalents,,
396,FCP TC LATAM ESTRUCTURAS INMOBILIARIAS COMP I,411495004,411495,"(EI) DAVIVIENDA Cta No,482800057317",0,"-16463,4",EquityAndLiabilities,Equity,EquityAttributableToOwnersOfParent,OtherEquityInterest,ProfitLossFromContinuingOperations,ProfitLoss,ProfitLossBeforeTax,ProfitLossFromOperatingActivities,Revenue,InterestIncomeOnCashAndCashEquivalents,,
396,FCP TC LATAM ESTRUCTURAS INMOBILIARIAS COMP I,419595030,419595,OTROS,0,"-4247727,7",EquityAndLiabilities,Equity,EquityAttributableToOwnersOfParent,OtherEquityInterest,ProfitLossFromContinuingOperations,ProfitLoss,ProfitLossBeforeTax,ProfitLossFromOperatingActivities,Revenue,OtherRevenue,,
396,FCP TC LATAM ESTRUCTURAS INMOBILIARIAS COMP I,513015003,513015,REVISORIA FISCAL,0,3984557,EquityAndLiabilities,Equity,EquityAttributableToOwnersOfParent,OtherEquityInterest,ProfitLossFromContinuingOperations,ProfitLoss,ProfitLossBeforeTax,ProfitLossFromOperatingActivities,OtherExpenseByNature,,,
396,FCP TC LATAM ESTRUCTURAS INMOBILIARIAS COMP I,514005011,514005,IMPOVENTAS,0,"13593676,8",EquityAndLiabilities,Equity,EquityAttributableToOwnersOfParent,OtherEquityInterest,ProfitLossFromContinuingOperations,ProfitLoss,ProfitLossBeforeTax,ProfitLossFromOperatingActivities,OtherExpenseByNature,,,
396,FCP TC LATAM ESTRUCTURAS INMOBILIARIAS COMP I,519095045,519095,OTROS GTOS OPERACIONALES,0,"290907,18",EquityAndLiabilities,Equity,EquityAttributableToOwnersOfParent,OtherEquityInterest,ProfitLossFromContinuingOperations,ProfitLoss,ProfitLossBeforeTax,ProfitLossFromOperatingActivities,OtherExpenseByNature,,,
396,FCP TC LATAM ESTRUCTURAS INMOBILIARIAS COMP I,590505010,590505,CANCELACION DE INGRESOS RF,0,"-149602675,8",EquityAndLiabilities,Equity,EquityAttributableToOwnersOfParent,OtherEquityInterest,,,,,,,,
396,FCP TC LATAM ESTRUCTURAS INMOBILIARIAS COMP I,590505015,590505,CANCELACION DE INGRESOS RV,0,-11882004922,EquityAndLiabilities,Equity,EquityAttributableToOwnersOfParent,OtherEquityInterest,,,,,,,,
396,FCP TC LATAM ESTRUCTURAS INMOBILIARIAS COMP I,829595998,829595,OTRAS CUENTAS DE ORDEN ACREEDORAS PESOS,-415539000,-415539000,EquityAndLiabilities,Equity,EquityAttributableToOwnersOfParent,,,,,,,,,
396,FCP TC LATAM ESTRUCTURAS INMOBILIARIAS COMP I,830505010,830505,DEUDORAS POR CONTRA,-61525170452,-49413153171,EquityAndLiabilities,Equity,EquityAttributableToOwnersOfParent,,,,,,,,,
403,FIC CERRADO ACCIONES EEUU CON CAPITAL PROTEGIDO,111510013,111510,(AE) Bancolombia Panama CTA: 80100015539,"3867,54","3867,54",Assets,,CashAndCashEquivalents,BalancesWithBanks,Cash,,,NetAssetsLiabilities,,,,
416,FONDO DE INVERSION COLECTIVA ABIERTO LIQUIDEZ DÓLAR,111505005,111505,"(LD) BCO DAVIVIENDA cta No,482800025223","10076881,26",110293397,Assets,,CashAndCashEquivalents,BalancesWithBanks,Cash,,,NetAssetsLiabilities,,,,
416,FONDO DE INVERSION COLECTIVA ABIERTO LIQUIDEZ DÓLAR,111505008,111505,"(LD) BANCOLOMBIA cta No, 69000003827","2032243,21","2030186,71",Assets,,CashAndCashEquivalents,BalancesWithBanks,Cash,,,NetAssetsLiabilities,,,,
416,FONDO DE INVERSION COLECTIVA ABIERTO LIQUIDEZ DÓLAR,111505010,111505,"(LD) BCO DE OCCIDENTE cta No, 219870078","792013261,6","911213801,9",Assets,,CashAndCashEquivalents,BalancesWithBanks,Cash,,,NetAssetsLiabilities,,,,
416,FONDO DE INVERSION COLECTIVA ABIERTO LIQUIDEZ DÓLAR,111505012,111505,"(LD) BCO REPUBLICA cta No, 62257400",20000000,20000000,Assets,,CashAndCashEquivalents,BalancesWithBanks,Cash,,,NetAssetsLiabilities,,,,
416,FONDO DE INVERSION COLECTIVA ABIERTO LIQUIDEZ DÓLAR,111505014,111505,"(LD) BCO DAVIVIENDA cta No,482800036089","41332319,55","36245228,7",Assets,,CashAndCashEquivalents,BalancesWithBanks,Cash,,,NetAssetsLiabilities,,,,
416,FONDO DE INVERSION COLECTIVA ABIERTO LIQUIDEZ DÓLAR,111505017,111505,"(LD) Bco Bogotá cta No, 049335128","37453476,59","39091502,59",Assets,,CashAndCashEquivalents,BalancesWithBanks,Cash,,,NetAssetsLiabilities,,,,
416,FONDO DE INVERSION COLECTIVA ABIERTO LIQUIDEZ DÓLAR,111505018,111505,"(LD) OCCIDENTE CTA AHO No, 219885944","241412783,5","62573606,9",Assets,,CashAndCashEquivalents,BalancesWithBanks,Cash,,,NetAssetsLiabilities,,,,
416,FONDO DE INVERSION COLECTIVA ABIERTO LIQUIDEZ DÓLAR,111510013,111510,(LD) BCLOMBIA PANAMA CTA No: 80100022561,"22854355,21","20961949,27",Assets,,CashAndCashEquivalents,BalancesWithBanks,Cash,,,NetAssetsLiabilities,,,,
416,FONDO DE INVERSION COLECTIVA ABIERTO LIQUIDEZ DÓLAR,111510015,111510,(LD) OCCIDENTAL BANK Cta No: 000512214,21509283,"26477186,85",Assets,,CashAndCashEquivalents,BalancesWithBanks,Cash,,,NetAssetsLiabilities,,,,
416,FONDO DE INVERSION COLECTIVA ABIERTO LIQUIDEZ DÓLAR,111510018,111510,(LD) BOGOTA MIAMI Cta No: 96750,"16809701,79","16599045,54",Assets,,CashAndCashEquivalents,BalancesWithBanks,Cash,,,NetAssetsLiabilities,,,,
416,FONDO DE INVERSION COLECTIVA ABIERTO LIQUIDEZ DÓLAR,130210300,130210,EMISORES EXTRANJEROS,0,0,Assets,,Inversiones,ActivosFinancierosCorrientesValorRazonableCambiosResultadosInversiones,InversionesNegociables,NegociablesInstrumentosPatrimonio,,NetAssetsLiabilities,,,,
416,FONDO DE INVERSION COLECTIVA ABIERTO LIQUIDEZ DÓLAR,135110010,135110,DERECHO DE VENTA SOBRE DIVISAS,0,0,,,,,,,,,,,,
416,FONDO DE INVERSION COLECTIVA ABIERTO LIQUIDEZ DÓLAR,135115200,135115,DERECHO DE COMPRA TITULOS,0,0,Assets,,Inversiones,ActivosFinancierosCorrientesValorRazonableCambiosResultadosInversiones,InversionesNegociables,NegociablesInstrumentosPatrimonio,,NetAssetsLiabilities,,,,
416,FONDO DE INVERSION COLECTIVA ABIERTO LIQUIDEZ DÓLAR,135120200,135120,DERECHO DE VENTA SOBRE TÍTULOS,0,0,Assets,,Inversiones,ActivosFinancierosCorrientesValorRazonableCambiosResultadosInversiones,InversionesNegociables,NegociablesInstrumentosPatrimonio,,NetAssetsLiabilities,,,,
416,FONDO DE INVERSION COLECTIVA ABIERTO LIQUIDEZ DÓLAR,135135010,135135,OBLIGACIÓN DE VENTA SOBRE DIVISAS,0,0,,,,,,,,,,,,
416,FONDO DE INVERSION COLECTIVA ABIERTO LIQUIDEZ DÓLAR,135305015,135305,OBLIGACION DERIVADOS DE MONEDAS,-946550000,-517110000,Assets,,Inversiones,ActivosFinancierosCorrientesValorRazonableCambiosResultadosInversiones,InversionesNegociables,NegociablesInstrumentosPatrimonio,,NetAssetsLiabilities,,,,
416,FONDO DE INVERSION COLECTIVA ABIERTO LIQUIDEZ DÓLAR,161695001,161695,"(LD) BANCO DE BOGOTA Cta No,049313844","99948,27","125044,19",Assets,,TradeAndOtherReceivables,,,,,NetAssetsLiabilities,,,,
416,FONDO DE INVERSION COLECTIVA ABIERTO LIQUIDEZ DÓLAR,225015200,225015,DERECHO DE COMPRA DE TITULOS,0,0,EquityAndLiabilities,Liabilities,OtherFinancialLiabilities,,,,,NetAssetsLiabilities,,,,
416,FONDO DE INVERSION COLECTIVA ABIERTO LIQUIDEZ DÓLAR,225020300,225020,DERECHO VENTA TITULOS,0,0,EquityAndLiabilities,Liabilities,OtherFinancialLiabilities,,,,,NetAssetsLiabilities,,,,
416,FONDO DE INVERSION COLECTIVA ABIERTO LIQUIDEZ DÓLAR,225045300,225045,OBLIGACION VENTA TITULOS,0,0,EquityAndLiabilities,Liabilities,OtherFinancialLiabilities,,,,,NetAssetsLiabilities,,,,
416,FONDO DE INVERSION COLECTIVA ABIERTO LIQUIDEZ DÓLAR,250105035,250105,REVISORIA FISCAL,0,0,EquityAndLiabilities,Liabilities,TradeAndOtherPayables,,,,,NetAssetsLiabilities,,,,
416,FONDO DE INVERSION COLECTIVA ABIERTO LIQUIDEZ DÓLAR,250110015,250110,COMISION DE ADMINISTRACION,"-1405906,55","-797107,61",EquityAndLiabilities,Liabilities,TradeAndOtherPayables,,,,,NetAssetsLiabilities,,,,
416,FONDO DE INVERSION COLECTIVA ABIERTO LIQUIDEZ DÓLAR,250305011,250305,RENDIMIENTOS FINANCIEROS CAPITALIZADOS,0,0,EquityAndLiabilities,Liabilities,TradeAndOtherPayables,,,,,NetAssetsLiabilities,,,,
416,FONDO DE INVERSION COLECTIVA ABIERTO LIQUIDEZ DÓLAR,253105003,253105,IMPUESTOS,0,0,EquityAndLiabilities,Liabilities,TradeAndOtherPayables,,,,,NetAssetsLiabilities,,,,
416,FONDO DE INVERSION COLECTIVA ABIERTO LIQUIDEZ DÓLAR,253105135,253105,LIQUIDACION DERIVADOS,0,0,EquityAndLiabilities,Liabilities,TradeAndOtherPayables,,,,,NetAssetsLiabilities,,,,
416,FONDO DE INVERSION COLECTIVA ABIERTO LIQUIDEZ DÓLAR,253105220,253105,CUENTA COMPENSACION DIVISAS,0,0,EquityAndLiabilities,Liabilities,TradeAndOtherPayables,,,,,NetAssetsLiabilities,,,,
416,FONDO DE INVERSION COLECTIVA ABIERTO LIQUIDEZ DÓLAR,352505010,352505,PARTICIPACIONES EN FDO DE INVERSIÓN COLE,-17342031587,-19479330573,EquityAndLiabilities,Equity,EquityAttributableToOwnersOfParent,OtherEquityInterest,,,,,,,,
416,FONDO DE INVERSION COLECTIVA ABIERTO LIQUIDEZ DÓLAR,410355010,410355,RENDIMIENTOS EN OPE SIMULTANEAS ACTIVAS,0,-25206058,EquityAndLiabilities,Equity,EquityAttributableToOwnersOfParent,OtherEquityInterest,ProfitLossFromContinuingOperations,ProfitLoss,ProfitLossBeforeTax,ProfitLossFromOperatingActivities,OtherExpenseByNature,OtherRevenue,,
416,FONDO DE INVERSION COLECTIVA ABIERTO LIQUIDEZ DÓLAR,411495007,411495,"(LD) Bco Bogotá cta No, 049335128",0,"-1699527,22",EquityAndLiabilities,Equity,EquityAttributableToOwnersOfParent,OtherEquityInterest,ProfitLossFromContinuingOperations,ProfitLoss,ProfitLossBeforeTax,ProfitLossFromOperatingActivities,Revenue,InterestIncomeOnCashAndCashEquivalents,,
416,FONDO DE INVERSION COLECTIVA ABIERTO LIQUIDEZ DÓLAR,412917010,412917,FUTURO EN MONEDAS,0,"-53511180,42",EquityAndLiabilities,Equity,EquityAttributableToOwnersOfParent,OtherEquityInterest,ProfitLossFromContinuingOperations,ProfitLoss,ProfitLossBeforeTax,ProfitLossFromOperatingActivities,Revenue,,,AdjustmentsForDecreaseIncreaseInOtherCurrentAssets
416,FONDO DE INVERSION COLECTIVA ABIERTO LIQUIDEZ DÓLAR,412917020,412917,UTILIDAD FUTUROS DE MONEDAS,0,-40971000,EquityAndLiabilities,Equity,EquityAttributableToOwnersOfParent,OtherEquityInterest,ProfitLossFromContinuingOperations,ProfitLoss,ProfitLossBeforeTax,ProfitLossFromOperatingActivities,Revenue,,,AdjustmentsForDecreaseIncreaseInOtherCurrentAssets
416,FONDO DE INVERSION COLECTIVA ABIERTO LIQUIDEZ DÓLAR,413515010,413515,POR REEXPRESION DE OTROS ACTIVOS,0,"-161831109,5",EquityAndLiabilities,Equity,EquityAttributableToOwnersOfParent,OtherEquityInterest,ProfitLossFromContinuingOperations,ProfitLoss,ProfitLossBeforeTax,ProfitLossFromOperatingActivities,OtherExpenseByNature,,,
416,FONDO DE INVERSION COLECTIVA ABIERTO LIQUIDEZ DÓLAR,510805200,510805,EMISORES EXTRANJEROS,0,"819003015,5",EquityAndLiabilities,Equity,EquityAttributableToOwnersOfParent,OtherEquityInterest,ProfitLossFromContinuingOperations,ProfitLoss,ProfitLossBeforeTax,ProfitLossFromOperatingActivities,OtherExpenseByNature,,,AdjustmentsForDecreaseIncreaseInOtherCurrentAssets
416,FONDO DE INVERSION COLECTIVA ABIERTO LIQUIDEZ DÓLAR,511325002,511325,COMISION CUSTODIA VARIABLE,0,"4714380,4",EquityAndLiabilities,Equity,EquityAttributableToOwnersOfParent,OtherEquityInterest,ProfitLossFromContinuingOperations,ProfitLoss,ProfitLossBeforeTax,ProfitLossFromOperatingActivities,OtherExpenseByNature,BrokerageFeeExpense,FeeAndCommissionExpense,FeeAndCommissionIncomeExpense
416,FONDO DE INVERSION COLECTIVA ABIERTO LIQUIDEZ DÓLAR,511325010,511325,COMISION CUSTODIA FIJA,0,"1633658,34",EquityAndLiabilities,Equity,EquityAttributableToOwnersOfParent,OtherEquityInterest,ProfitLossFromContinuingOperations,ProfitLoss,ProfitLossBeforeTax,ProfitLossFromOperatingActivities,OtherExpenseByNature,BrokerageFeeExpense,FeeAndCommissionExpense,FeeAndCommissionIncomeExpense
416,FONDO DE INVERSION COLECTIVA ABIERTO LIQUIDEZ DÓLAR,511595070,511595,COMISIONES OP DEL EXTERIOR,0,"4875105,33",EquityAndLiabilities,Equity,EquityAttributableToOwnersOfParent,OtherEquityInterest,ProfitLossFromContinuingOperations,ProfitLoss,ProfitLossBeforeTax,ProfitLossFromOperatingActivities,OtherExpenseByNature,OtherFeeAndCommissionExpense,FeeAndCommissionExpense,FeeAndCommissionIncomeExpense
416,FONDO DE INVERSION COLECTIVA ABIERTO LIQUIDEZ DÓLAR,513015003,513015,REVISORIA FISCAL,0,"4888046,41",EquityAndLiabilities,Equity,EquityAttributableToOwnersOfParent,OtherEquityInterest,ProfitLossFromContinuingOperations,ProfitLoss,ProfitLossBeforeTax,ProfitLossFromOperatingActivities,OtherExpenseByNature,,,
416,FONDO DE INVERSION COLECTIVA ABIERTO LIQUIDEZ DÓLAR,513515010,513515,POR REEXPRESION DE OTROS PASIVOS,0,1610350,EquityAndLiabilities,Equity,EquityAttributableToOwnersOfParent,OtherEquityInterest,ProfitLossFromContinuingOperations,ProfitLoss,ProfitLossBeforeTax,ProfitLossFromOperatingActivities,OtherExpenseByNature,,,
416,FONDO DE INVERSION COLECTIVA ABIERTO LIQUIDEZ DÓLAR,513535010,513535,POR REEXPRESION DE OTROS ACTIVOS,0,"198855637,7",EquityAndLiabilities,Equity,EquityAttributableToOwnersOfParent,OtherEquityInterest,ProfitLossFromContinuingOperations,ProfitLoss,ProfitLossBeforeTax,ProfitLossFromOperatingActivities,OtherExpenseByNature,,,
416,FONDO DE INVERSION COLECTIVA ABIERTO LIQUIDEZ DÓLAR,514005010,514005,IMPUESTO A LOS MOVIMIENTOS FINANCIEROS,0,"19852,74",EquityAndLiabilities,Equity,EquityAttributableToOwnersOfParent,OtherEquityInterest,ProfitLossFromContinuingOperations,ProfitLoss,ProfitLossBeforeTax,ProfitLossFromOperatingActivities,OtherExpenseByNature,,,
416,FONDO DE INVERSION COLECTIVA ABIERTO LIQUIDEZ DÓLAR,590505010,590505,CANCELACION DE INGRESOS RF,0,"-74790827,12",EquityAndLiabilities,Equity,EquityAttributableToOwnersOfParent,OtherEquityInterest,,,,,,,,
416,FONDO DE INVERSION COLECTIVA ABIERTO LIQUIDEZ DÓLAR,590505015,590505,CANCELACION DE INGRESOS RV,0,"-954523871,3",EquityAndLiabilities,Equity,EquityAttributableToOwnersOfParent,OtherEquityInterest,,,,,,,,
416,FONDO DE INVERSION COLECTIVA ABIERTO LIQUIDEZ DÓLAR,821505010,821505,EN TITULOS DE TESORERIA - TES,0,0,EquityAndLiabilities,Equity,EquityAttributableToOwnersOfParent,,,,,,,,,
416,FONDO DE INVERSION COLECTIVA ABIERTO LIQUIDEZ DÓLAR,830505010,830505,DEUDORAS POR CONTRA,-15791880536,-17628280194,EquityAndLiabilities,Equity,EquityAttributableToOwnersOfParent,,,,,,,,,
433,FIC DIVERSIFICADO CONSERVADOR,110505110,110505,CAJA GENERAL,0,0,,,,,,,,,,,,
433,FIC DIVERSIFICADO CONSERVADOR,111505003,111505,"(DC) BANCOLOMBIA Cta No, 69000006135","201012,43","751379,1",Assets,,CashAndCashEquivalents,BalancesWithBanks,Cash,,,NetAssetsLiabilities,,,,
433,FIC DIVERSIFICADO CONSERVADOR,111505004,111505,"(DC) BANCOLOMBIA Cta No,69000006136","304693,31","272866,45",Assets,,CashAndCashEquivalents,BalancesWithBanks,Cash,,,NetAssetsLiabilities,,,,
433,FIC DIVERSIFICADO CONSERVADOR,111505005,111505,"(DC) OCCIDENTE Cta No,219876323","206048361,2",1823129195,Assets,,CashAndCashEquivalents,BalancesWithBanks,Cash,,,NetAssetsLiabilities,,,,
433,FIC DIVERSIFICADO CONSERVADOR,111505009,111505,"(DC) REPUBLICA Cta No,62257279","0,05","0,05",Assets,,CashAndCashEquivalents,BalancesWithBanks,Cash,,,NetAssetsLiabilities,,,,
433,FIC DIVERSIFICADO CONSERVADOR,111505013,111505,"(DC) DAVIVIENDA Cta No,482800036071","502213857,8",1028415907,Assets,,CashAndCashEquivalents,BalancesWithBanks,Cash,,,NetAssetsLiabilities,,,,
433,FIC DIVERSIFICADO CONSERVADOR,111505017,111505,"(DC) BANCOLOMBIA Cta, No, 69000008144","112186989,1","374776873,3",Assets,,CashAndCashEquivalents,BalancesWithBanks,Cash,,,NetAssetsLiabilities,,,,
433,FIC DIVERSIFICADO CONSERVADOR,111510001,111510,(DC) Davivienda Panamá Cta: 10001015155,"431058692,7","400968590,8",Assets,,CashAndCashEquivalents,BalancesWithBanks,Cash,,,NetAssetsLiabilities,,,,
433,FIC DIVERSIFICADO CONSERVADOR,111510013,111510,(DC) BANCOLOMBIA PANAMA CTA: 80100029383,"34040835,54","31222160,33",Assets,,CashAndCashEquivalents,BalancesWithBanks,Cash,,,NetAssetsLiabilities,,,,
433,FIC DIVERSIFICADO CONSERVADOR,111510018,111510,OCCIDENTAL TRANSITO CTA: 47777999932,0,0,Assets,,CashAndCashEquivalents,BalancesWithBanks,Cash,,,NetAssetsLiabilities,,,,
433,FIC DIVERSIFICADO CONSERVADOR,122005010,122005,"COMP DE TRANSF DE INV EN OP, SIM",0,0,Assets,,CashAndCashEquivalents,BalancesWithBanks,Cash,,,NetAssetsLiabilities,,,,
433,FIC DIVERSIFICADO CONSERVADOR,130105105,130105,TÍTULOS DE TESORERÍA -TES,26553441038,14850191300,Assets,,Inversiones,ActivosFinancierosCorrientesValorRazonableCambiosResultadosInversiones,InversionesNegociables,NegociablesInstrumentosDeuda,,NetAssetsLiabilities,,,,
433,FIC DIVERSIFICADO CONSERVADOR,130205300,130205,EMISORES NACIONALES,7675627155,5192338461,Assets,,Inversiones,ActivosFinancierosCorrientesValorRazonableCambiosResultadosInversiones,InversionesNegociables,NegociablesInstrumentosPatrimonio,,NetAssetsLiabilities,,,,
433,FIC DIVERSIFICADO CONSERVADOR,130210200,130210,EMISORES EXTRANJEROS,10138270885,5593632601,Assets,,Inversiones,ActivosFinancierosCorrientesValorRazonableCambiosResultadosInversiones,InversionesNegociables,NegociablesInstrumentosPatrimonio,,NetAssetsLiabilities,,,,
433,FIC DIVERSIFICADO CONSERVADOR,135105010,135105,DERECHO DE COMPRA SOBRE DIVISAS,0,0,,,,,,,,,,,,
433,FIC DIVERSIFICADO CONSERVADOR,135120300,135120,DERECHO DE VENTA TITULOS,0,0,Assets,,Inversiones,ActivosFinancierosCorrientesValorRazonableCambiosResultadosInversiones,InversionesNegociables,NegociablesInstrumentosPatrimonio,,NetAssetsLiabilities,,,,
433,FIC DIVERSIFICADO CONSERVADOR,135130010,135130,OBLIGACIÓN DE COMPRA SOBRE DIVISAS,0,0,,,,,,,,,,,,
433,FIC DIVERSIFICADO CONSERVADOR,135140200,135140,OBLIGACION DE COMPRA TITULOS,0,0,Assets,,Inversiones,ActivosFinancierosCorrientesValorRazonableCambiosResultadosInversiones,InversionesNegociables,NegociablesInstrumentosPatrimonio,,NetAssetsLiabilities,,,,
433,FIC DIVERSIFICADO CONSERVADOR,135140300,135140,OBLIGACION DE COMPRA TITULOS,0,0,Assets,,Inversiones,ActivosFinancierosCorrientesValorRazonableCambiosResultadosInversiones,InversionesNegociables,NegociablesInstrumentosPatrimonio,,NetAssetsLiabilities,,,,
433,FIC DIVERSIFICADO CONSERVADOR,135145200,135145,OBLIGACION DE VENTA SOBRE TÍTULOS,0,0,Assets,,Inversiones,ActivosFinancierosCorrientesValorRazonableCambiosResultadosInversiones,InversionesNegociables,NegociablesInstrumentosPatrimonio,,NetAssetsLiabilities,,,,
433,FIC DIVERSIFICADO CONSERVADOR,161695002,161695,"(DC) Davivienda Panamá Cta, 10001015155",0,"897908,35",Assets,,TradeAndOtherReceivables,,,,,NetAssetsLiabilities,,,,
433,FIC DIVERSIFICADO CONSERVADOR,161695004,161695,"(LD) BCO DAVIVIENDA cta No,482800025215","20709,22","172151,89",Assets,,TradeAndOtherReceivables,,,,,NetAssetsLiabilities,,,,
433,FIC DIVERSIFICADO CONSERVADOR,161695005,161695,"(DC) OCCIDENTE Cta No,219876323","181591,07","2504546,9",Assets,,TradeAndOtherReceivables,,,,,NetAssetsLiabilities,,,,
433,FIC DIVERSIFICADO CONSERVADOR,161695007,161695,"(DC) BOGOTA Cta No,049322787","627580,68","639928,6",Assets,,TradeAndOtherReceivables,,,,,NetAssetsLiabilities,,,,
433,FIC DIVERSIFICADO CONSERVADOR,161695011,161695,"BANCOLOMBIA PANAMA CTA, 80100029383","40371,08","33078,1",Assets,,TradeAndOtherReceivables,,,,,NetAssetsLiabilities,,,,
433,FIC DIVERSIFICADO CONSERVADOR,161695016,161695,"(DC) BCO OCCIDENTE Cta, No, 219885928","1235203,73","837039,44",Assets,,TradeAndOtherReceivables,,,,,NetAssetsLiabilities,,,,
433,FIC DIVERSIFICADO CONSERVADOR,161695018,161695,"(DC) BCO BOGOTÁ Cta No,049335110","971106,38","404040,3",Assets,,TradeAndOtherReceivables,,,,,NetAssetsLiabilities,,,,
433,FIC DIVERSIFICADO CONSERVADOR,161795020,161795,OTROS,0,3313000,Assets,,TradeAndOtherReceivables,,,,,NetAssetsLiabilities,,,,
433,FIC DIVERSIFICADO CONSERVADOR,162825010,162825,EN GARANTIA,359737778,426575556,Assets,,TradeAndOtherReceivables,,,,,NetAssetsLiabilities,,,,
433,FIC DIVERSIFICADO CONSERVADOR,192595003,192595,REVISORIA FISCAL,0,0,Assets,,OtherNonfinancialAssets,,,,,NetAssetsLiabilities,,,,
433,FIC DIVERSIFICADO CONSERVADOR,225015011,225015,DERECHO COMPRA SOBRE TITULOS,0,0,EquityAndLiabilities,Liabilities,OtherFinancialLiabilities,,,,,NetAssetsLiabilities,,,,
433,FIC DIVERSIFICADO CONSERVADOR,225020300,225020,DERECHO VENTA TITULOS,0,0,EquityAndLiabilities,Liabilities,OtherFinancialLiabilities,,,,,NetAssetsLiabilities,,,,
433,FIC DIVERSIFICADO CONSERVADOR,225045300,225045,OBLIGACION VENTA TITULOS,0,0,EquityAndLiabilities,Liabilities,OtherFinancialLiabilities,,,,,NetAssetsLiabilities,,,,
433,FIC DIVERSIFICADO CONSERVADOR,250105035,250105,REVISORIA FISCAL,0,"-0,01",EquityAndLiabilities,Liabilities,TradeAndOtherPayables,,,,,NetAssetsLiabilities,,,,
433,FIC DIVERSIFICADO CONSERVADOR,250110015,250110,COMISION DE ADMINISTRACION,"-8813285,16","-2911749,49",EquityAndLiabilities,Liabilities,TradeAndOtherPayables,,,,,NetAssetsLiabilities,,,,
433,FIC DIVERSIFICADO CONSERVADOR,250295050,250295,OTROS PROVEEDORES,0,0,EquityAndLiabilities,Liabilities,TradeAndOtherPayables,,,,,NetAssetsLiabilities,,,,
433,FIC DIVERSIFICADO CONSERVADOR,250305011,250305,RENDIMIENTOS FINANCIEROS CAPITALIZADOS,-31,-11854,EquityAndLiabilities,Liabilities,TradeAndOtherPayables,,,,,NetAssetsLiabilities,,,,
433,FIC DIVERSIFICADO CONSERVADOR,253105135,253105,LIQUIDACION DERIVADOS,-90248000,0,EquityAndLiabilities,Liabilities,TradeAndOtherPayables,,,,,NetAssetsLiabilities,,,,
433,FIC DIVERSIFICADO CONSERVADOR,253105220,253105,CUENTA COMPENSACION DIVISAS,0,0,EquityAndLiabilities,Liabilities,TradeAndOtherPayables,,,,,NetAssetsLiabilities,,,,
433,FIC DIVERSIFICADO CONSERVADOR,352505010,352505,PARTICIPACIONES EN FDO DE INVERSIÓN COLE,-92574761294,-61314543824,EquityAndLiabilities,Equity,EquityAttributableToOwnersOfParent,OtherEquityInterest,,,,,,,,
433,FIC DIVERSIFICADO CONSERVADOR,410355010,410355,REND X COMPROMISOS DE TRANSF OP SIM,0,-26746040,EquityAndLiabilities,Equity,EquityAttributableToOwnersOfParent,OtherEquityInterest,ProfitLossFromContinuingOperations,ProfitLoss,ProfitLossBeforeTax,ProfitLossFromOperatingActivities,OtherExpenseByNature,OtherRevenue,,
433,FIC DIVERSIFICADO CONSERVADOR,410705010,410705,POR AUMENTO EN EL VALOR RAZONABLE,0,"-162705,46",EquityAndLiabilities,Equity,EquityAttributableToOwnersOfParent,OtherEquityInterest,ProfitLossFromContinuingOperations,ProfitLoss,ProfitLossBeforeTax,ProfitLossFromOperatingActivities,Revenue,OtherRevenue,,AdjustmentsForDecreaseIncreaseInOtherCurrentAssets
416,FONDO DE INVERSION COLECTIVA ABIERTO LIQUIDEZ DÓLAR,161695007,161695,"(LD) Bco Bogotá cta No, 049335128","244687,98","306189,2",Assets,,TradeAndOtherReceivables,,,,,NetAssetsLiabilities,,,,
416,FONDO DE INVERSION COLECTIVA ABIERTO LIQUIDEZ DÓLAR,161695013,161695,"(LD) BCLOMBIA PANAMA CTA No, 80100022561","63077,26","63054,41",Assets,,TradeAndOtherReceivables,,,,,NetAssetsLiabilities,,,,
416,FONDO DE INVERSION COLECTIVA ABIERTO LIQUIDEZ DÓLAR,161695015,161695,GASTOS VARIOS DE ADMON,0,0,Assets,,TradeAndOtherReceivables,,,,,NetAssetsLiabilities,,,,
416,FONDO DE INVERSION COLECTIVA ABIERTO LIQUIDEZ DÓLAR,161695045,161695,CUENTA CORRIENTE,"2566382,42","268568,07",Assets,,TradeAndOtherReceivables,,,,,NetAssetsLiabilities,,,,
416,FONDO DE INVERSION COLECTIVA ABIERTO LIQUIDEZ DÓLAR,161695999,161695,Proveedores,0,0,Assets,,TradeAndOtherReceivables,,,,,NetAssetsLiabilities,,,,
416,FONDO DE INVERSION COLECTIVA ABIERTO LIQUIDEZ DÓLAR,225040200,225040,OBLIGACION DE COMPRA DE TITULOS,0,0,EquityAndLiabilities,Liabilities,OtherFinancialLiabilities,,,,,NetAssetsLiabilities,,,,
416,FONDO DE INVERSION COLECTIVA ABIERTO LIQUIDEZ DÓLAR,250110033,250110,COMISION CUSTODIO,"-35110,63","-300961,58",EquityAndLiabilities,Liabilities,TradeAndOtherPayables,,,,,NetAssetsLiabilities,,,,
416,FONDO DE INVERSION COLECTIVA ABIERTO LIQUIDEZ DÓLAR,250295050,250295,PROVEEDORES,0,0,EquityAndLiabilities,Liabilities,TradeAndOtherPayables,,,,,NetAssetsLiabilities,,,,
416,FONDO DE INVERSION COLECTIVA ABIERTO LIQUIDEZ DÓLAR,250305020,250305,RTE FTE PROVEEDORES,0,0,EquityAndLiabilities,Liabilities,TradeAndOtherPayables,,,,,NetAssetsLiabilities,,,,
416,FONDO DE INVERSION COLECTIVA ABIERTO LIQUIDEZ DÓLAR,253105024,253105,COMPENSACION DERIVADOS,0,-725500,EquityAndLiabilities,Liabilities,TradeAndOtherPayables,,,,,NetAssetsLiabilities,,,,
416,FONDO DE INVERSION COLECTIVA ABIERTO LIQUIDEZ DÓLAR,253105110,253105,CUENTA COMPENSACION,0,"-75200538,65",EquityAndLiabilities,Liabilities,TradeAndOtherPayables,,,,,NetAssetsLiabilities,,,,
416,FONDO DE INVERSION COLECTIVA ABIERTO LIQUIDEZ DÓLAR,410805200,410805,EMISORES EXTRANJEROS,0,"-179468965,4",EquityAndLiabilities,Equity,EquityAttributableToOwnersOfParent,OtherEquityInterest,ProfitLossFromContinuingOperations,ProfitLoss,ProfitLossBeforeTax,ProfitLossFromOperatingActivities,OtherExpenseByNature,,,AdjustmentsForDecreaseIncreaseInOtherCurrentAssets
416,FONDO DE INVERSION COLECTIVA ABIERTO LIQUIDEZ DÓLAR,411405015,411405,INGRESO POR OP REPO,0,"-2737395,67",EquityAndLiabilities,Equity,EquityAttributableToOwnersOfParent,OtherEquityInterest,ProfitLossFromContinuingOperations,ProfitLoss,ProfitLossBeforeTax,ProfitLossFromOperatingActivities,Revenue,InterestIncomeOnCashAndCashEquivalents,,
416,FONDO DE INVERSION COLECTIVA ABIERTO LIQUIDEZ DÓLAR,411415020,411415,DIVIDENDOS,0,"-551259,26",EquityAndLiabilities,Equity,EquityAttributableToOwnersOfParent,OtherEquityInterest,ProfitLossFromContinuingOperations,ProfitLoss,ProfitLossBeforeTax,ProfitLossFromOperatingActivities,Revenue,InterestIncomeOnCashAndCashEquivalents,,
416,FONDO DE INVERSION COLECTIVA ABIERTO LIQUIDEZ DÓLAR,411495001,411495,"(LD) BANCO DE BOGOTA Cta No,049313844",0,"-694047,92",EquityAndLiabilities,Equity,EquityAttributableToOwnersOfParent,OtherEquityInterest,ProfitLossFromContinuingOperations,ProfitLoss,ProfitLossBeforeTax,ProfitLossFromOperatingActivities,Revenue,InterestIncomeOnCashAndCashEquivalents,,
416,FONDO DE INVERSION COLECTIVA ABIERTO LIQUIDEZ DÓLAR,411495005,411495,"(LD) BCO DAVIVIENDA cta No,482800025223",0,"-7482662,76",EquityAndLiabilities,Equity,EquityAttributableToOwnersOfParent,OtherEquityInterest,ProfitLossFromContinuingOperations,ProfitLoss,ProfitLossBeforeTax,ProfitLossFromOperatingActivities,Revenue,InterestIncomeOnCashAndCashEquivalents,,
416,FONDO DE INVERSION COLECTIVA ABIERTO LIQUIDEZ DÓLAR,411495006,411495,"(LD) Davivienda Panamá Cta, 10001015158",0,"-331016,78",EquityAndLiabilities,Equity,EquityAttributableToOwnersOfParent,OtherEquityInterest,ProfitLossFromContinuingOperations,ProfitLoss,ProfitLossBeforeTax,ProfitLossFromOperatingActivities,Revenue,InterestIncomeOnCashAndCashEquivalents,,
416,FONDO DE INVERSION COLECTIVA ABIERTO LIQUIDEZ DÓLAR,411495009,411495,"(LD) BANCOLOMBIA cta No, 69000003828",0,"-606311,15",EquityAndLiabilities,Equity,EquityAttributableToOwnersOfParent,OtherEquityInterest,ProfitLossFromContinuingOperations,ProfitLoss,ProfitLossBeforeTax,ProfitLossFromOperatingActivities,Revenue,InterestIncomeOnCashAndCashEquivalents,,
416,FONDO DE INVERSION COLECTIVA ABIERTO LIQUIDEZ DÓLAR,411495010,411495,"(LD) BCO DE OCCIDENTE cta No, 219870078",0,"-10078439,2",EquityAndLiabilities,Equity,EquityAttributableToOwnersOfParent,OtherEquityInterest,ProfitLossFromContinuingOperations,ProfitLoss,ProfitLossBeforeTax,ProfitLossFromOperatingActivities,Revenue,InterestIncomeOnCashAndCashEquivalents,,
416,FONDO DE INVERSION COLECTIVA ABIERTO LIQUIDEZ DÓLAR,411495013,411495,"(LD) BCLOMBIA PANAMA CTA No, 80100022561",0,"-33564,02",EquityAndLiabilities,Equity,EquityAttributableToOwnersOfParent,OtherEquityInterest,ProfitLossFromContinuingOperations,ProfitLoss,ProfitLossBeforeTax,ProfitLossFromOperatingActivities,Revenue,InterestIncomeOnCashAndCashEquivalents,,
416,FONDO DE INVERSION COLECTIVA ABIERTO LIQUIDEZ DÓLAR,411495014,411495,"(LD) BCO DAVIVIENDA cta No,482800036089",0,"-4122088,63",EquityAndLiabilities,Equity,EquityAttributableToOwnersOfParent,OtherEquityInterest,ProfitLossFromContinuingOperations,ProfitLoss,ProfitLossBeforeTax,ProfitLossFromOperatingActivities,Revenue,InterestIncomeOnCashAndCashEquivalents,,
416,FONDO DE INVERSION COLECTIVA ABIERTO LIQUIDEZ DÓLAR,411495015,411495,RENDIMIENTOS INVERSIONES EN FICS,0,0,EquityAndLiabilities,Equity,EquityAttributableToOwnersOfParent,OtherEquityInterest,ProfitLossFromContinuingOperations,ProfitLoss,ProfitLossBeforeTax,ProfitLossFromOperatingActivities,Revenue,InterestIncomeOnCashAndCashEquivalents,,
416,FONDO DE INVERSION COLECTIVA ABIERTO LIQUIDEZ DÓLAR,411495018,411495,"(LD) OCCIDENTE CTA AHO No, 219885944",0,"-9243579,48",EquityAndLiabilities,Equity,EquityAttributableToOwnersOfParent,OtherEquityInterest,ProfitLossFromContinuingOperations,ProfitLoss,ProfitLossBeforeTax,ProfitLossFromOperatingActivities,Revenue,InterestIncomeOnCashAndCashEquivalents,,
416,FONDO DE INVERSION COLECTIVA ABIERTO LIQUIDEZ DÓLAR,411495019,411495,"(LD) BANCOLOMBIA CTA AHO No, 69000008145",0,"-3950487,35",EquityAndLiabilities,Equity,EquityAttributableToOwnersOfParent,OtherEquityInterest,ProfitLossFromContinuingOperations,ProfitLoss,ProfitLossBeforeTax,ProfitLossFromOperatingActivities,Revenue,InterestIncomeOnCashAndCashEquivalents,,
416,FONDO DE INVERSION COLECTIVA ABIERTO LIQUIDEZ DÓLAR,411495999,411495,OTROS,0,"-54,41",EquityAndLiabilities,Equity,EquityAttributableToOwnersOfParent,OtherEquityInterest,ProfitLossFromContinuingOperations,ProfitLoss,ProfitLossBeforeTax,ProfitLossFromOperatingActivities,Revenue,InterestIncomeOnCashAndCashEquivalents,,
416,FONDO DE INVERSION COLECTIVA ABIERTO LIQUIDEZ DÓLAR,412510200,412510,EMISORES EXTRANJEROS,0,"-15502618,67",EquityAndLiabilities,Equity,EquityAttributableToOwnersOfParent,OtherEquityInterest,ProfitLossFromContinuingOperations,ProfitLoss,ProfitLossBeforeTax,ProfitLossFromOperatingActivities,Revenue,,,
416,FONDO DE INVERSION COLECTIVA ABIERTO LIQUIDEZ DÓLAR,413515015,413515,UT/PER REEXPRESIÓN OTROS ACTIVOS (DER CO,0,-5309900,EquityAndLiabilities,Equity,EquityAttributableToOwnersOfParent,OtherEquityInterest,ProfitLossFromContinuingOperations,ProfitLoss,ProfitLossBeforeTax,ProfitLossFromOperatingActivities,OtherExpenseByNature,,,
416,FONDO DE INVERSION COLECTIVA ABIERTO LIQUIDEZ DÓLAR,413535010,413535,DIFERENCIA EN CAMBIO,0,0,EquityAndLiabilities,Equity,EquityAttributableToOwnersOfParent,OtherEquityInterest,ProfitLossFromContinuingOperations,ProfitLoss,ProfitLossBeforeTax,ProfitLossFromOperatingActivities,OtherExpenseByNature,,,
416,FONDO DE INVERSION COLECTIVA ABIERTO LIQUIDEZ DÓLAR,413535015,413535,UT/PER REEXPRESIÓN OTROS PASIVOS (OBL VE,0,-9360,EquityAndLiabilities,Equity,EquityAttributableToOwnersOfParent,OtherEquityInterest,ProfitLossFromContinuingOperations,ProfitLoss,ProfitLossBeforeTax,ProfitLossFromOperatingActivities,OtherExpenseByNature,,,
416,FONDO DE INVERSION COLECTIVA ABIERTO LIQUIDEZ DÓLAR,510805010,510805,POR DISMINUCUION EN EL VALOR DE MERCADO,0,"376941851,1",EquityAndLiabilities,Equity,EquityAttributableToOwnersOfParent,OtherEquityInterest,ProfitLossFromContinuingOperations,ProfitLoss,ProfitLossBeforeTax,ProfitLossFromOperatingActivities,OtherExpenseByNature,,,AdjustmentsForDecreaseIncreaseInOtherCurrentAssets
416,FONDO DE INVERSION COLECTIVA ABIERTO LIQUIDEZ DÓLAR,511512010,511512,GASTOS BANCARIOS,0,"10602809,53",EquityAndLiabilities,Equity,EquityAttributableToOwnersOfParent,OtherEquityInterest,ProfitLossFromContinuingOperations,ProfitLoss,ProfitLossBeforeTax,ProfitLossFromOperatingActivities,OtherExpenseByNature,OtherFeeAndCommissionExpense,FeeAndCommissionExpense,FeeAndCommissionIncomeExpense
416,FONDO DE INVERSION COLECTIVA ABIERTO LIQUIDEZ DÓLAR,511548010,511548,"COMISION DE ADMINISTRACION R,F,",0,"138362924,5",EquityAndLiabilities,Equity,EquityAttributableToOwnersOfParent,OtherEquityInterest,ProfitLossFromContinuingOperations,ProfitLoss,ProfitLossBeforeTax,ProfitLossFromOperatingActivities,OtherExpenseByNature,OtherFeeAndCommissionExpense,FeeAndCommissionExpense,FeeAndCommissionIncomeExpense
416,FONDO DE INVERSION COLECTIVA ABIERTO LIQUIDEZ DÓLAR,512510200,512510,EMISORES EXTRANJEROS,0,"163522061,5",EquityAndLiabilities,Equity,EquityAttributableToOwnersOfParent,OtherEquityInterest,ProfitLossFromContinuingOperations,ProfitLoss,ProfitLossBeforeTax,ProfitLossFromOperatingActivities,OtherExpenseByNature,,,
416,FONDO DE INVERSION COLECTIVA ABIERTO LIQUIDEZ DÓLAR,512917010,512917,FUTURO EN MONEDAS,0,16464000,EquityAndLiabilities,Equity,EquityAttributableToOwnersOfParent,OtherEquityInterest,ProfitLossFromContinuingOperations,ProfitLoss,ProfitLossBeforeTax,ProfitLossFromOperatingActivities,OtherExpenseByNature,,,AdjustmentsForDecreaseIncreaseInOtherCurrentAssets
416,FONDO DE INVERSION COLECTIVA ABIERTO LIQUIDEZ DÓLAR,512917020,512917,PERDIDA FUTUROS DE MONEDAS,0,135012000,EquityAndLiabilities,Equity,EquityAttributableToOwnersOfParent,OtherEquityInterest,ProfitLossFromContinuingOperations,ProfitLoss,ProfitLossBeforeTax,ProfitLossFromOperatingActivities,OtherExpenseByNature,,,AdjustmentsForDecreaseIncreaseInOtherCurrentAssets
416,FONDO DE INVERSION COLECTIVA ABIERTO LIQUIDEZ DÓLAR,513535015,513535,UT/PER REEXPRESIÓN OTROS ACTIVOS (DER CO,0,23490,EquityAndLiabilities,Equity,EquityAttributableToOwnersOfParent,OtherEquityInterest,ProfitLossFromContinuingOperations,ProfitLoss,ProfitLossBeforeTax,ProfitLossFromOperatingActivities,OtherExpenseByNature,,,
416,FONDO DE INVERSION COLECTIVA ABIERTO LIQUIDEZ DÓLAR,514005011,514005,IMPOVENTAS,0,"928728,51",EquityAndLiabilities,Equity,EquityAttributableToOwnersOfParent,OtherEquityInterest,ProfitLossFromContinuingOperations,ProfitLoss,ProfitLossBeforeTax,ProfitLossFromOperatingActivities,OtherExpenseByNature,,,
416,FONDO DE INVERSION COLECTIVA ABIERTO LIQUIDEZ DÓLAR,519095999,519095,OTROS,0,"0,21",EquityAndLiabilities,Equity,EquityAttributableToOwnersOfParent,OtherEquityInterest,ProfitLossFromContinuingOperations,ProfitLoss,ProfitLossBeforeTax,ProfitLossFromOperatingActivities,OtherExpenseByNature,,,
416,FONDO DE INVERSION COLECTIVA ABIERTO LIQUIDEZ DÓLAR,590505020,590505,UTILIDAD/PERDIDA PAGADA EN REDENCIONES,0,"-324802587,6",EquityAndLiabilities,Equity,EquityAttributableToOwnersOfParent,OtherEquityInterest,,,,,,,,
416,FONDO DE INVERSION COLECTIVA ABIERTO LIQUIDEZ DÓLAR,810505210,810505,EMISORES EXTRANJEROS,15791880536,17628280194,EquityAndLiabilities,Equity,EquityAttributableToOwnersOfParent,,,,,,,,,
416,FONDO DE INVERSION COLECTIVA ABIERTO LIQUIDEZ DÓLAR,840505010,840505,ACREEDORAS POR CONTRA,0,0,EquityAndLiabilities,Equity,EquityAttributableToOwnersOfParent,,,,,,,,,
433,FIC DIVERSIFICADO CONSERVADOR,111505001,111505,"(DC) DAVIVIENDA Cta No,482800029811","777996,91",318055474,Assets,,CashAndCashEquivalents,BalancesWithBanks,Cash,,,NetAssetsLiabilities,,,,
433,FIC DIVERSIFICADO CONSERVADOR,111505002,111505,"(DC) DAVIVIENDA Cta No,482869978916","9102646,25","9078700,43",Assets,,CashAndCashEquivalents,BalancesWithBanks,Cash,,,NetAssetsLiabilities,,,,
433,FIC DIVERSIFICADO CONSERVADOR,111505007,111505,"(DC) BOGOTA Cta No,049322787",7515660,7844356,Assets,,CashAndCashEquivalents,BalancesWithBanks,Cash,,,NetAssetsLiabilities,,,,
433,FIC DIVERSIFICADO CONSERVADOR,111505015,111505,"(DC) BCO BOGOTÁ Cta No,049335110","115056570,3","46104941,54",Assets,,CashAndCashEquivalents,BalancesWithBanks,Cash,,,NetAssetsLiabilities,,,,
433,FIC DIVERSIFICADO CONSERVADOR,111505016,111505,"(DC) BCO OCCIDENTE Cta, No, 219885928",1929825697,"623344524,4",Assets,,CashAndCashEquivalents,BalancesWithBanks,Cash,,,NetAssetsLiabilities,,,,
433,FIC DIVERSIFICADO CONSERVADOR,111505159,111505,OTROS,0,0,Assets,,CashAndCashEquivalents,BalancesWithBanks,Cash,,,NetAssetsLiabilities,,,,
433,FIC DIVERSIFICADO CONSERVADOR,111510014,111510,(DC) ALLFUNDS CTA: 110001120500576008,"10069725,78","3534420,5",Assets,,CashAndCashEquivalents,BalancesWithBanks,Cash,,,NetAssetsLiabilities,,,,
433,FIC DIVERSIFICADO CONSERVADOR,111510017,111510,(DC) CITIBANK NEW YORK CTA: 14742842,"35563204,31","228284825,5",Assets,,CashAndCashEquivalents,BalancesWithBanks,Cash,,,NetAssetsLiabilities,,,,
433,FIC DIVERSIFICADO CONSERVADOR,111510019,111510,(DC) BCO BOGOTA MIAMI CTA: 98533,"42624072,6","39036216,35",Assets,,CashAndCashEquivalents,BalancesWithBanks,Cash,,,NetAssetsLiabilities,,,,
433,FIC DIVERSIFICADO CONSERVADOR,111510022,111510,(DC) OCCIDENTAL BANK BARB CTA: 512583,33438012,23741727,Assets,,CashAndCashEquivalents,BalancesWithBanks,Cash,,,NetAssetsLiabilities,,,,
433,FIC DIVERSIFICADO CONSERVADOR,130115115,130115,OTROS EMISORES NACIONALES,44591356250,30279743500,Assets,,Inversiones,ActivosFinancierosCorrientesValorRazonableCambiosResultadosInversiones,InversionesNegociables,NegociablesInstrumentosDeuda,,NetAssetsLiabilities,,,,
433,FIC DIVERSIFICADO CONSERVADOR,135110010,135110,DERECHO DE VENTA SOBRE DIVISAS,0,0,,,,,,,,,,,,
433,FIC DIVERSIFICADO CONSERVADOR,135115200,135115,DERECHO DE COMPRA TITULOS,0,0,Assets,,Inversiones,ActivosFinancierosCorrientesValorRazonableCambiosResultadosInversiones,InversionesNegociables,NegociablesInstrumentosPatrimonio,,NetAssetsLiabilities,,,,
433,FIC DIVERSIFICADO CONSERVADOR,135115300,135115,DERECHO DE COMPRA TITULOS,0,0,Assets,,Inversiones,ActivosFinancierosCorrientesValorRazonableCambiosResultadosInversiones,InversionesNegociables,NegociablesInstrumentosPatrimonio,,NetAssetsLiabilities,,,,
433,FIC DIVERSIFICADO CONSERVADOR,135120200,135120,DERECHO DE VENTA SOBRE TÍTULOS,0,0,Assets,,Inversiones,ActivosFinancierosCorrientesValorRazonableCambiosResultadosInversiones,InversionesNegociables,NegociablesInstrumentosPatrimonio,,NetAssetsLiabilities,,,,
433,FIC DIVERSIFICADO CONSERVADOR,135135010,135135,OBLIGACIÓN DE VENTA SOBRE DIVISAS,0,0,,,,,,,,,,,,
433,FIC DIVERSIFICADO CONSERVADOR,135145300,135145,OBLIGACION VENTA TITULOS,0,0,Assets,,Inversiones,ActivosFinancierosCorrientesValorRazonableCambiosResultadosInversiones,InversionesNegociables,NegociablesInstrumentosPatrimonio,,NetAssetsLiabilities,,,,
433,FIC DIVERSIFICADO CONSERVADOR,135305010,135305,DERECHO DE MONEDAS,6518618000,5054082000,Assets,,Inversiones,ActivosFinancierosCorrientesValorRazonableCambiosResultadosInversiones,InversionesNegociables,NegociablesInstrumentosPatrimonio,,NetAssetsLiabilities,,,,
433,FIC DIVERSIFICADO CONSERVADOR,135305015,135305,OBLIGACION DE MONEDAS,-6518618000,-5054082000,Assets,,Inversiones,ActivosFinancierosCorrientesValorRazonableCambiosResultadosInversiones,InversionesNegociables,NegociablesInstrumentosPatrimonio,,NetAssetsLiabilities,,,,
433,FIC DIVERSIFICADO CONSERVADOR,161695001,161695,"(DC) DAVIVIENDA Cta No,482800029811","318,24","81079,51",Assets,,TradeAndOtherReceivables,,,,,NetAssetsLiabilities,,,,
433,FIC DIVERSIFICADO CONSERVADOR,161695003,161695,"(DC) BANCOLOMBIA Cta No, 69000006135","32,56","1825,5",Assets,,TradeAndOtherReceivables,,,,,NetAssetsLiabilities,,,,
433,FIC DIVERSIFICADO CONSERVADOR,161695014,161695,"(DC) DAVIVIENDA Cta No,482800036071","208282,82","265808,06",Assets,,TradeAndOtherReceivables,,,,,NetAssetsLiabilities,,,,
433,FIC DIVERSIFICADO CONSERVADOR,161695015,161695,GASTOS VARIOS DE ADMON,0,"42541,33",Assets,,TradeAndOtherReceivables,,,,,NetAssetsLiabilities,,,,
433,FIC DIVERSIFICADO CONSERVADOR,161695045,161695,CUENTA CORRIENTE,"439321,07","29045714,65",Assets,,TradeAndOtherReceivables,,,,,NetAssetsLiabilities,,,,
433,FIC DIVERSIFICADO CONSERVADOR,161695999,161695,PROVEEDORES,0,0,Assets,,TradeAndOtherReceivables,,,,,NetAssetsLiabilities,,,,
433,FIC DIVERSIFICADO CONSERVADOR,225040011,225040,OBLIGACION DE COMPRA SOBRE TITULOS,0,0,EquityAndLiabilities,Liabilities,OtherFinancialLiabilities,,,,,NetAssetsLiabilities,,,,
433,FIC DIVERSIFICADO CONSERVADOR,410705105,410705,TÍTULOS DE TESORERÍA -TES,0,-1732180362,EquityAndLiabilities,Equity,EquityAttributableToOwnersOfParent,OtherEquityInterest,ProfitLossFromContinuingOperations,ProfitLoss,ProfitLossBeforeTax,ProfitLossFromOperatingActivities,Revenue,OtherRevenue,,AdjustmentsForDecreaseIncreaseInOtherCurrentAssets
433,FIC DIVERSIFICADO CONSERVADOR,410805300,410805,EMISORES NACIONALES,0,"-158620706,5",EquityAndLiabilities,Equity,EquityAttributableToOwnersOfParent,OtherEquityInterest,ProfitLossFromContinuingOperations,ProfitLoss,ProfitLossBeforeTax,ProfitLossFromOperatingActivities,OtherExpenseByNature,,,AdjustmentsForDecreaseIncreaseInOtherCurrentAssets
433,FIC DIVERSIFICADO CONSERVADOR,411495001,411495,"(DC) DAVIVIENDA Cta No,482800029811",0,"-21048295,31",EquityAndLiabilities,Equity,EquityAttributableToOwnersOfParent,OtherEquityInterest,ProfitLossFromContinuingOperations,ProfitLoss,ProfitLossBeforeTax,ProfitLossFromOperatingActivities,Revenue,InterestIncomeOnCashAndCashEquivalents,,
433,FIC DIVERSIFICADO CONSERVADOR,411495007,411495,"(DC) BOGOTA Cta No,049322787",0,"-341043,92",EquityAndLiabilities,Equity,EquityAttributableToOwnersOfParent,OtherEquityInterest,ProfitLossFromContinuingOperations,ProfitLoss,ProfitLossBeforeTax,ProfitLossFromOperatingActivities,Revenue,InterestIncomeOnCashAndCashEquivalents,,
433,FIC DIVERSIFICADO CONSERVADOR,411495011,411495,"BANCOLOMBIA PANAMA CTA, 80100029383",0,"-47595,21",EquityAndLiabilities,Equity,EquityAttributableToOwnersOfParent,OtherEquityInterest,ProfitLossFromContinuingOperations,ProfitLoss,ProfitLossBeforeTax,ProfitLossFromOperatingActivities,Revenue,InterestIncomeOnCashAndCashEquivalents,,
433,FIC DIVERSIFICADO CONSERVADOR,411495018,411495,"(DC) BCO BOGOTÁ Cta No,049335110",0,"-2947773,92",EquityAndLiabilities,Equity,EquityAttributableToOwnersOfParent,OtherEquityInterest,ProfitLossFromContinuingOperations,ProfitLoss,ProfitLossBeforeTax,ProfitLossFromOperatingActivities,Revenue,InterestIncomeOnCashAndCashEquivalents,,
433,FIC DIVERSIFICADO CONSERVADOR,412510200,412510,EMISORES EXTRANJEROS,0,"-762717585,6",EquityAndLiabilities,Equity,EquityAttributableToOwnersOfParent,OtherEquityInterest,ProfitLossFromContinuingOperations,ProfitLoss,ProfitLossBeforeTax,ProfitLossFromOperatingActivities,Revenue,,,
433,FIC DIVERSIFICADO CONSERVADOR,412917020,412917,UTILIDAD DERIVADOS DE MONEDA,0,"-465237742,9",EquityAndLiabilities,Equity,EquityAttributableToOwnersOfParent,OtherEquityInterest,ProfitLossFromContinuingOperations,ProfitLoss,ProfitLossBeforeTax,ProfitLossFromOperatingActivities,Revenue,,,AdjustmentsForDecreaseIncreaseInOtherCurrentAssets
433,FIC DIVERSIFICADO CONSERVADOR,413515010,413515,POR REEXPRESION DE OTROS ACTIVOS,0,"-345631943,8",EquityAndLiabilities,Equity,EquityAttributableToOwnersOfParent,OtherEquityInterest,ProfitLossFromContinuingOperations,ProfitLoss,ProfitLossBeforeTax,ProfitLossFromOperatingActivities,OtherExpenseByNature,,,
433,FIC DIVERSIFICADO CONSERVADOR,413535010,413535,REEXPRESIÓN OTROS PASIVOS (OBL VENTA DIV,0,0,EquityAndLiabilities,Equity,EquityAttributableToOwnersOfParent,OtherEquityInterest,ProfitLossFromContinuingOperations,ProfitLoss,ProfitLossBeforeTax,ProfitLossFromOperatingActivities,OtherExpenseByNature,,,
433,FIC DIVERSIFICADO CONSERVADOR,419595030,419595,OTROS,0,"-2,07",EquityAndLiabilities,Equity,EquityAttributableToOwnersOfParent,OtherEquityInterest,ProfitLossFromContinuingOperations,ProfitLoss,ProfitLossBeforeTax,ProfitLossFromOperatingActivities,Revenue,OtherRevenue,,
433,FIC DIVERSIFICADO CONSERVADOR,510440010,510440,COMP DE TRANSFERENCIA EN OPER REPO,0,57600,EquityAndLiabilities,Equity,EquityAttributableToOwnersOfParent,OtherEquityInterest,ProfitLossFromContinuingOperations,ProfitLoss,ProfitLossBeforeTax,ProfitLossFromOperatingActivities,OtherExpenseByNature,,,
433,FIC DIVERSIFICADO CONSERVADOR,510605115,510605,OTROS EMISORES NACIONALES,0,"284841653,9",EquityAndLiabilities,Equity,EquityAttributableToOwnersOfParent,OtherEquityInterest,ProfitLossFromContinuingOperations,ProfitLoss,ProfitLossBeforeTax,ProfitLossFromOperatingActivities,OtherExpenseByNature,,,AdjustmentsForDecreaseIncreaseInOtherCurrentAssets
433,FIC DIVERSIFICADO CONSERVADOR,510805200,510805,EMISORES EXTRANJEROS,0,"677132362,6",EquityAndLiabilities,Equity,EquityAttributableToOwnersOfParent,OtherEquityInterest,ProfitLossFromContinuingOperations,ProfitLoss,ProfitLossBeforeTax,ProfitLossFromOperatingActivities,OtherExpenseByNature,,,AdjustmentsForDecreaseIncreaseInOtherCurrentAssets
433,FIC DIVERSIFICADO CONSERVADOR,511325002,511325,COMISION CUSTODIA VARIABLE,0,"2872860,36",EquityAndLiabilities,Equity,EquityAttributableToOwnersOfParent,OtherEquityInterest,ProfitLossFromContinuingOperations,ProfitLoss,ProfitLossBeforeTax,ProfitLossFromOperatingActivities,OtherExpenseByNature,BrokerageFeeExpense,FeeAndCommissionExpense,FeeAndCommissionIncomeExpense
433,FIC DIVERSIFICADO CONSERVADOR,511595070,511595,COMISIONES OP DEL EXTERIOR,0,"1228433,79",EquityAndLiabilities,Equity,EquityAttributableToOwnersOfParent,OtherEquityInterest,ProfitLossFromContinuingOperations,ProfitLoss,ProfitLossBeforeTax,ProfitLossFromOperatingActivities,OtherExpenseByNature,OtherFeeAndCommissionExpense,FeeAndCommissionExpense,FeeAndCommissionIncomeExpense
433,FIC DIVERSIFICADO CONSERVADOR,512505010,512505,OTROS TIT EMI POR EL GOBIERNO NACIONAL,0,"4615969,84",EquityAndLiabilities,Equity,EquityAttributableToOwnersOfParent,OtherEquityInterest,ProfitLossFromContinuingOperations,ProfitLoss,ProfitLossBeforeTax,ProfitLossFromOperatingActivities,OtherExpenseByNature,,,
433,FIC DIVERSIFICADO CONSERVADOR,512917020,512917,VALORACION FUTUROS DE MONEDAS,0,110445000,EquityAndLiabilities,Equity,EquityAttributableToOwnersOfParent,OtherEquityInterest,ProfitLossFromContinuingOperations,ProfitLoss,ProfitLossBeforeTax,ProfitLossFromOperatingActivities,OtherExpenseByNature,,,AdjustmentsForDecreaseIncreaseInOtherCurrentAssets
433,FIC DIVERSIFICADO CONSERVADOR,513015003,513015,REVISORIA FISCAL,0,"4630646,13",EquityAndLiabilities,Equity,EquityAttributableToOwnersOfParent,OtherEquityInterest,ProfitLossFromContinuingOperations,ProfitLoss,ProfitLossBeforeTax,ProfitLossFromOperatingActivities,OtherExpenseByNature,,,
433,FIC DIVERSIFICADO CONSERVADOR,514005010,514005,IMPUESTO A LOS MOVIMIENTOS FINANCIEROS,0,"335121,04",EquityAndLiabilities,Equity,EquityAttributableToOwnersOfParent,OtherEquityInterest,ProfitLossFromContinuingOperations,ProfitLoss,ProfitLossBeforeTax,ProfitLossFromOperatingActivities,OtherExpenseByNature,,,
433,FIC DIVERSIFICADO CONSERVADOR,590505010,590505,CANCELACION DE INGRESOS RF,0,1431806777,EquityAndLiabilities,Equity,EquityAttributableToOwnersOfParent,OtherEquityInterest,,,,,,,,
433,FIC DIVERSIFICADO CONSERVADOR,590505015,590505,CANCELACION DE INGRESOS RV,0,"-122798565,7",EquityAndLiabilities,Equity,EquityAttributableToOwnersOfParent,OtherEquityInterest,,,,,,,,
433,FIC DIVERSIFICADO CONSERVADOR,810505105,810505,TÍTULOS DE TESORERÍA -TES,26553441038,14850191300,EquityAndLiabilities,Equity,EquityAttributableToOwnersOfParent,,,,,,,,,
433,FIC DIVERSIFICADO CONSERVADOR,810505115,810505,OTROS EMISORES NACIONALES,44591356250,30279743500,EquityAndLiabilities,Equity,EquityAttributableToOwnersOfParent,,,,,,,,,
433,FIC DIVERSIFICADO CONSERVADOR,810505205,810505,OTROS,1446798960,"629045773,5",EquityAndLiabilities,Equity,EquityAttributableToOwnersOfParent,,,,,,,,,
433,FIC DIVERSIFICADO CONSERVADOR,821505010,821505,VALORES RECIBIDOS EN OP SIMULTANEAS,0,0,EquityAndLiabilities,Equity,EquityAttributableToOwnersOfParent,,,,,,,,,
433,FIC DIVERSIFICADO CONSERVADOR,830505010,830505,DEUDORAS POR CONTRA,-82729867134,-51352613174,EquityAndLiabilities,Equity,EquityAttributableToOwnersOfParent,,,,,,,,,
437,FCP DAVIVIENDA CORREDORES DEUDA COMPARTIMENTO I,111505001,111505,"(FD) BCO DAVIVIENDA Cta No, 482800031262",5081835186,20457587143,Assets,,CashAndCashEquivalents,BalancesWithBanks,Cash,,,NetAssetsLiabilities,,,,
437,FCP DAVIVIENDA CORREDORES DEUDA COMPARTIMENTO I,130115115,130115,OTROS EMISORES NACIONALES,317234230541,328018837948,Assets,,Inversiones,ActivosFinancierosCorrientesValorRazonableCambiosResultadosInversiones,InversionesNegociables,NegociablesInstrumentosDeuda,,NetAssetsLiabilities,,,,
437,FCP DAVIVIENDA CORREDORES DEUDA COMPARTIMENTO I,161695002,161695,"(FD) BANCOLOMBIA Cta No, 69000006730","1462,19","13632,12",Assets,,TradeAndOtherReceivables,,,,,NetAssetsLiabilities,,,,
437,FCP DAVIVIENDA CORREDORES DEUDA COMPARTIMENTO I,161695003,161695,"(FD) BANCOLOMBIA Cta No, 69000006729","57208,36","10742868,3",Assets,,TradeAndOtherReceivables,,,,,NetAssetsLiabilities,,,,
437,FCP DAVIVIENDA CORREDORES DEUDA COMPARTIMENTO I,161695015,161695,GASTOS VARIOS DE ADMON,0,0,Assets,,TradeAndOtherReceivables,,,,,NetAssetsLiabilities,,,,
437,FCP DAVIVIENDA CORREDORES DEUDA COMPARTIMENTO I,161695045,161695,CUENTA CORRIENTE,"69598648,62","67011620,01",Assets,,TradeAndOtherReceivables,,,,,NetAssetsLiabilities,,,,
437,FCP DAVIVIENDA CORREDORES DEUDA COMPARTIMENTO I,192595030,192595,AMORTIZACIÓN COMISIÓN DE ADMÓN,0,0,Assets,,OtherNonfinancialAssets,,,,,NetAssetsLiabilities,,,,
437,FCP DAVIVIENDA CORREDORES DEUDA COMPARTIMENTO I,250105010,250105,HONORARIOS,-2847000,-3501810,EquityAndLiabilities,Liabilities,TradeAndOtherPayables,,,,,NetAssetsLiabilities,,,,
433,FIC DIVERSIFICADO CONSERVADOR,249005010,249005,SOBREGIROS,0,0,EquityAndLiabilities,Liabilities,TradeAndOtherPayables,,,,,NetAssetsLiabilities,,,,
433,FIC DIVERSIFICADO CONSERVADOR,250110033,250110,COMISION CUSTODIO,"-2265264,29","-656503,82",EquityAndLiabilities,Liabilities,TradeAndOtherPayables,,,,,NetAssetsLiabilities,,,,
433,FIC DIVERSIFICADO CONSERVADOR,250305020,250305,RTE FTE PROVEEDORES,0,0,EquityAndLiabilities,Liabilities,TradeAndOtherPayables,,,,,NetAssetsLiabilities,,,,
433,FIC DIVERSIFICADO CONSERVADOR,253105003,253105,CUENTA CORRIENTE IBA,0,0,EquityAndLiabilities,Liabilities,TradeAndOtherPayables,,,,,NetAssetsLiabilities,,,,
433,FIC DIVERSIFICADO CONSERVADOR,253105110,253105,CUENTA COMPENSACION,"-116097777,2","-18078842,05",EquityAndLiabilities,Liabilities,TradeAndOtherPayables,,,,,NetAssetsLiabilities,,,,
433,FIC DIVERSIFICADO CONSERVADOR,352510010,352510,PARTICIPACIONES POR IDENTIFICAR,0,"-3079464,25",EquityAndLiabilities,Equity,EquityAttributableToOwnersOfParent,OtherEquityInterest,,,,,,,,
433,FIC DIVERSIFICADO CONSERVADOR,410705115,410705,OTROS EMISORES NACIONALES,0,-1580468910,EquityAndLiabilities,Equity,EquityAttributableToOwnersOfParent,OtherEquityInterest,ProfitLossFromContinuingOperations,ProfitLoss,ProfitLossBeforeTax,ProfitLossFromOperatingActivities,Revenue,OtherRevenue,,AdjustmentsForDecreaseIncreaseInOtherCurrentAssets
433,FIC DIVERSIFICADO CONSERVADOR,410805200,410805,EMISORES EXTRANJEROS,0,"-64322741,95",EquityAndLiabilities,Equity,EquityAttributableToOwnersOfParent,OtherEquityInterest,ProfitLossFromContinuingOperations,ProfitLoss,ProfitLossBeforeTax,ProfitLossFromOperatingActivities,OtherExpenseByNature,,,AdjustmentsForDecreaseIncreaseInOtherCurrentAssets
433,FIC DIVERSIFICADO CONSERVADOR,411405015,411405,INGRESO POR OP REPO,0,"-12319393,42",EquityAndLiabilities,Equity,EquityAttributableToOwnersOfParent,OtherEquityInterest,ProfitLossFromContinuingOperations,ProfitLoss,ProfitLossBeforeTax,ProfitLossFromOperatingActivities,Revenue,InterestIncomeOnCashAndCashEquivalents,,
433,FIC DIVERSIFICADO CONSERVADOR,411415020,411415,DIVIDENDOS,0,"-63851831,03",EquityAndLiabilities,Equity,EquityAttributableToOwnersOfParent,OtherEquityInterest,ProfitLossFromContinuingOperations,ProfitLoss,ProfitLossBeforeTax,ProfitLossFromOperatingActivities,Revenue,InterestIncomeOnCashAndCashEquivalents,,
433,FIC DIVERSIFICADO CONSERVADOR,411495002,411495,"(DC) Davivienda Panamá Cta, 10001015155",0,"-7730564,02",EquityAndLiabilities,Equity,EquityAttributableToOwnersOfParent,OtherEquityInterest,ProfitLossFromContinuingOperations,ProfitLoss,ProfitLossBeforeTax,ProfitLossFromOperatingActivities,Revenue,InterestIncomeOnCashAndCashEquivalents,,
433,FIC DIVERSIFICADO CONSERVADOR,411495003,411495,"(DC) BANCOLOMBIA Cta No, 69000006135",0,"-130659,61",EquityAndLiabilities,Equity,EquityAttributableToOwnersOfParent,OtherEquityInterest,ProfitLossFromContinuingOperations,ProfitLoss,ProfitLossBeforeTax,ProfitLossFromOperatingActivities,Revenue,InterestIncomeOnCashAndCashEquivalents,,
433,FIC DIVERSIFICADO CONSERVADOR,411495004,411495,"(DC) BANCOLOMBIA Cta, No, 69000008144",0,"-6164717,62",EquityAndLiabilities,Equity,EquityAttributableToOwnersOfParent,OtherEquityInterest,ProfitLossFromContinuingOperations,ProfitLoss,ProfitLossBeforeTax,ProfitLossFromOperatingActivities,Revenue,InterestIncomeOnCashAndCashEquivalents,,
433,FIC DIVERSIFICADO CONSERVADOR,411495005,411495,"(DC) OCCIDENTE Cta No,219876323",0,"-58917075,99",EquityAndLiabilities,Equity,EquityAttributableToOwnersOfParent,OtherEquityInterest,ProfitLossFromContinuingOperations,ProfitLoss,ProfitLossBeforeTax,ProfitLossFromOperatingActivities,Revenue,InterestIncomeOnCashAndCashEquivalents,,
433,FIC DIVERSIFICADO CONSERVADOR,411495014,411495,"(DC) DAVIVIENDA Cta No,482800036071",0,"-13722551,66",EquityAndLiabilities,Equity,EquityAttributableToOwnersOfParent,OtherEquityInterest,ProfitLossFromContinuingOperations,ProfitLoss,ProfitLossBeforeTax,ProfitLossFromOperatingActivities,Revenue,InterestIncomeOnCashAndCashEquivalents,,
433,FIC DIVERSIFICADO CONSERVADOR,411495015,411495,RENDIMIENTOS INVERSIONES EN FICS,0,"-351065347,6",EquityAndLiabilities,Equity,EquityAttributableToOwnersOfParent,OtherEquityInterest,ProfitLossFromContinuingOperations,ProfitLoss,ProfitLossBeforeTax,ProfitLossFromOperatingActivities,Revenue,InterestIncomeOnCashAndCashEquivalents,,
433,FIC DIVERSIFICADO CONSERVADOR,411495016,411495,"(DC) BCO OCCIDENTE Cta, No, 219885928",0,"-53592484,39",EquityAndLiabilities,Equity,EquityAttributableToOwnersOfParent,OtherEquityInterest,ProfitLossFromContinuingOperations,ProfitLoss,ProfitLossBeforeTax,ProfitLossFromOperatingActivities,Revenue,InterestIncomeOnCashAndCashEquivalents,,
433,FIC DIVERSIFICADO CONSERVADOR,411495300,411495,INTERESES TÍTULOS,0,"-52881412,76",EquityAndLiabilities,Equity,EquityAttributableToOwnersOfParent,OtherEquityInterest,ProfitLossFromContinuingOperations,ProfitLoss,ProfitLossBeforeTax,ProfitLossFromOperatingActivities,Revenue,InterestIncomeOnCashAndCashEquivalents,,
433,FIC DIVERSIFICADO CONSERVADOR,411495999,411495,OTROS,0,"-0,82",EquityAndLiabilities,Equity,EquityAttributableToOwnersOfParent,OtherEquityInterest,ProfitLossFromContinuingOperations,ProfitLoss,ProfitLossBeforeTax,ProfitLossFromOperatingActivities,Revenue,InterestIncomeOnCashAndCashEquivalents,,
433,FIC DIVERSIFICADO CONSERVADOR,412505010,412505,OTROS EMISORES NACIONALES,0,"-4701142,15",EquityAndLiabilities,Equity,EquityAttributableToOwnersOfParent,OtherEquityInterest,ProfitLossFromContinuingOperations,ProfitLoss,ProfitLossBeforeTax,ProfitLossFromOperatingActivities,Revenue,,,
433,FIC DIVERSIFICADO CONSERVADOR,412917010,412917,FUTUROS DE MONEDAS,0,-337155000,EquityAndLiabilities,Equity,EquityAttributableToOwnersOfParent,OtherEquityInterest,ProfitLossFromContinuingOperations,ProfitLoss,ProfitLossBeforeTax,ProfitLossFromOperatingActivities,Revenue,,,AdjustmentsForDecreaseIncreaseInOtherCurrentAssets
433,FIC DIVERSIFICADO CONSERVADOR,413515015,413515,UT/PER REEXPRESIÓN OTROS ACTIVOS (DER CO,0,-1052050,EquityAndLiabilities,Equity,EquityAttributableToOwnersOfParent,OtherEquityInterest,ProfitLossFromContinuingOperations,ProfitLoss,ProfitLossBeforeTax,ProfitLossFromOperatingActivities,OtherExpenseByNature,,,
433,FIC DIVERSIFICADO CONSERVADOR,413535015,413535,UT/PER REEXPRESIÓN OTROS PASIVOS (OBL VE,0,-3759000,EquityAndLiabilities,Equity,EquityAttributableToOwnersOfParent,OtherEquityInterest,ProfitLossFromContinuingOperations,ProfitLoss,ProfitLossBeforeTax,ProfitLossFromOperatingActivities,OtherExpenseByNature,,,
433,FIC DIVERSIFICADO CONSERVADOR,419595025,419595,PENALIZACIONES,0,"-2686338,03",EquityAndLiabilities,Equity,EquityAttributableToOwnersOfParent,OtherEquityInterest,ProfitLossFromContinuingOperations,ProfitLoss,ProfitLossBeforeTax,ProfitLossFromOperatingActivities,Revenue,OtherRevenue,,
433,FIC DIVERSIFICADO CONSERVADOR,510605010,510605,POR DISMINUCION EN EL VALOR RAZONABLE,0,"24108,59",EquityAndLiabilities,Equity,EquityAttributableToOwnersOfParent,OtherEquityInterest,ProfitLossFromContinuingOperations,ProfitLoss,ProfitLossBeforeTax,ProfitLossFromOperatingActivities,OtherExpenseByNature,,,AdjustmentsForDecreaseIncreaseInOtherCurrentAssets
433,FIC DIVERSIFICADO CONSERVADOR,510605105,510605,TÍTULOS DE TESORERÍA -TES,0,"11231464,53",EquityAndLiabilities,Equity,EquityAttributableToOwnersOfParent,OtherEquityInterest,ProfitLossFromContinuingOperations,ProfitLoss,ProfitLossBeforeTax,ProfitLossFromOperatingActivities,OtherExpenseByNature,,,AdjustmentsForDecreaseIncreaseInOtherCurrentAssets
433,FIC DIVERSIFICADO CONSERVADOR,511325010,511325,COMISION CUSTODIA FIJA,0,"10558768,16",EquityAndLiabilities,Equity,EquityAttributableToOwnersOfParent,OtherEquityInterest,ProfitLossFromContinuingOperations,ProfitLoss,ProfitLossBeforeTax,ProfitLossFromOperatingActivities,OtherExpenseByNature,BrokerageFeeExpense,FeeAndCommissionExpense,FeeAndCommissionIncomeExpense
433,FIC DIVERSIFICADO CONSERVADOR,511512010,511512,GASTOS BANCARIOS,0,"7172068,86",EquityAndLiabilities,Equity,EquityAttributableToOwnersOfParent,OtherEquityInterest,ProfitLossFromContinuingOperations,ProfitLoss,ProfitLossBeforeTax,ProfitLossFromOperatingActivities,OtherExpenseByNature,OtherFeeAndCommissionExpense,FeeAndCommissionExpense,FeeAndCommissionIncomeExpense
433,FIC DIVERSIFICADO CONSERVADOR,511548010,511548,"COMISION DE ADMINISTRACION R,F,",0,"626125599,6",EquityAndLiabilities,Equity,EquityAttributableToOwnersOfParent,OtherEquityInterest,ProfitLossFromContinuingOperations,ProfitLoss,ProfitLossBeforeTax,ProfitLossFromOperatingActivities,OtherExpenseByNature,OtherFeeAndCommissionExpense,FeeAndCommissionExpense,FeeAndCommissionIncomeExpense
433,FIC DIVERSIFICADO CONSERVADOR,512510200,512510,EMISORES EXTRANJEROS,0,"101358898,3",EquityAndLiabilities,Equity,EquityAttributableToOwnersOfParent,OtherEquityInterest,ProfitLossFromContinuingOperations,ProfitLoss,ProfitLossBeforeTax,ProfitLossFromOperatingActivities,OtherExpenseByNature,,,
433,FIC DIVERSIFICADO CONSERVADOR,512917010,512917,PERDIDA FUTUROS DE MONEDAS,0,88205500,EquityAndLiabilities,Equity,EquityAttributableToOwnersOfParent,OtherEquityInterest,ProfitLossFromContinuingOperations,ProfitLoss,ProfitLossBeforeTax,ProfitLossFromOperatingActivities,OtherExpenseByNature,,,AdjustmentsForDecreaseIncreaseInOtherCurrentAssets
433,FIC DIVERSIFICADO CONSERVADOR,513535010,513535,POR REEXPRESION DE OTROS ACTIVOS,0,"380695859,6",EquityAndLiabilities,Equity,EquityAttributableToOwnersOfParent,OtherEquityInterest,ProfitLossFromContinuingOperations,ProfitLoss,ProfitLossBeforeTax,ProfitLossFromOperatingActivities,OtherExpenseByNature,,,
433,FIC DIVERSIFICADO CONSERVADOR,513535015,513535,UT/PER REEXPRESIÓN OTROS ACTIVOS (DER CO,0,1338650,EquityAndLiabilities,Equity,EquityAttributableToOwnersOfParent,OtherEquityInterest,ProfitLossFromContinuingOperations,ProfitLoss,ProfitLossBeforeTax,ProfitLossFromOperatingActivities,OtherExpenseByNature,,,
433,FIC DIVERSIFICADO CONSERVADOR,514005011,514005,IMPOVENTAS,0,"893322,45",EquityAndLiabilities,Equity,EquityAttributableToOwnersOfParent,OtherEquityInterest,ProfitLossFromContinuingOperations,ProfitLoss,ProfitLossBeforeTax,ProfitLossFromOperatingActivities,OtherExpenseByNature,,,
433,FIC DIVERSIFICADO CONSERVADOR,519095999,519095,OTROS,0,"30,68",EquityAndLiabilities,Equity,EquityAttributableToOwnersOfParent,OtherEquityInterest,ProfitLossFromContinuingOperations,ProfitLoss,ProfitLossBeforeTax,ProfitLossFromOperatingActivities,OtherExpenseByNature,,,
433,FIC DIVERSIFICADO CONSERVADOR,590505020,590505,UTILIDAD/PERDIDA PAGADA EN REDENCIONES,0,2507430888,EquityAndLiabilities,Equity,EquityAttributableToOwnersOfParent,OtherEquityInterest,,,,,,,,
433,FIC DIVERSIFICADO CONSERVADOR,810505210,810505,EMISORES EXTRANJEROS,10138270885,5593632601,EquityAndLiabilities,Equity,EquityAttributableToOwnersOfParent,,,,,,,,,
433,FIC DIVERSIFICADO CONSERVADOR,821510510,821510,VALORES RECIBIDOS EN OP SIMULTANEAS,0,0,EquityAndLiabilities,Equity,EquityAttributableToOwnersOfParent,,,,,,,,,
433,FIC DIVERSIFICADO CONSERVADOR,840505010,840505,ACREEDORAS POR CONTRA,0,0,EquityAndLiabilities,Equity,EquityAttributableToOwnersOfParent,,,,,,,,,
437,FCP DAVIVIENDA CORREDORES DEUDA COMPARTIMENTO I,111505002,111505,"(FD) BANCOLOMBIA Cta No, 69000006730","5539061,67","5611753,48",Assets,,CashAndCashEquivalents,BalancesWithBanks,Cash,,,NetAssetsLiabilities,,,,
437,FCP DAVIVIENDA CORREDORES DEUDA COMPARTIMENTO I,111505003,111505,"(FD) BANCOLOMBIA Cta No, 69000006729","353197808,7",4421681391,Assets,,CashAndCashEquivalents,BalancesWithBanks,Cash,,,NetAssetsLiabilities,,,,
437,FCP DAVIVIENDA CORREDORES DEUDA COMPARTIMENTO I,130205300,130205,EMISORES NACIONALES,2476491082,"395992271,8",Assets,,Inversiones,ActivosFinancierosCorrientesValorRazonableCambiosResultadosInversiones,InversionesNegociables,NegociablesInstrumentosPatrimonio,,NetAssetsLiabilities,,,,
437,FCP DAVIVIENDA CORREDORES DEUDA COMPARTIMENTO I,139005115,139005,INSTRUMENTOS DE DEUDA,-3868445817,-3911567829,Assets,,Inversiones,ActivosFinancierosCorrientesValorRazonableCambiosResultadosInversiones,InversionesNegociables,NegociablesInstrumentosPatrimonio,,NetAssetsLiabilities,,,,
437,FCP DAVIVIENDA CORREDORES DEUDA COMPARTIMENTO I,161695001,161695,"(FD) BCO DAVIVIENDA Cta No, 482800031262","2078612,18","4183962,84",Assets,,TradeAndOtherReceivables,,,,,NetAssetsLiabilities,,,,
437,FCP DAVIVIENDA CORREDORES DEUDA COMPARTIMENTO I,161695030,161695,Proveedores,0,0,Assets,,TradeAndOtherReceivables,,,,,NetAssetsLiabilities,,,,
437,FCP DAVIVIENDA CORREDORES DEUDA COMPARTIMENTO I,250110015,250110,COMISION DE ADMINISTRACION,0,0,EquityAndLiabilities,Liabilities,TradeAndOtherPayables,,,,,NetAssetsLiabilities,,,,
437,FCP DAVIVIENDA CORREDORES DEUDA COMPARTIMENTO I,250295050,250295,OTROS PROVEEDORES,0,0,EquityAndLiabilities,Liabilities,TradeAndOtherPayables,,,,,NetAssetsLiabilities,,,,
437,FCP DAVIVIENDA CORREDORES DEUDA COMPARTIMENTO I,250295050,250295,OTROS PROVEEDORES,0,0,EquityAndLiabilities,Liabilities,TradeAndOtherPayables,,,,,NetAssetsLiabilities,,,,
437,FCP DAVIVIENDA CORREDORES DEUDA COMPARTIMENTO I,250295050,250295,OTROS PROVEEDORES,0,0,EquityAndLiabilities,Liabilities,TradeAndOtherPayables,,,,,NetAssetsLiabilities,,,,
437,FCP DAVIVIENDA CORREDORES DEUDA COMPARTIMENTO I,250305011,250305,RENDIMIENTOS FINANCIEROS CAPITALIZADOS,0,0,EquityAndLiabilities,Liabilities,TradeAndOtherPayables,,,,,NetAssetsLiabilities,,,,
437,FCP DAVIVIENDA CORREDORES DEUDA COMPARTIMENTO I,250305020,250305,RETENCION PROVEEDORES,0,0,EquityAndLiabilities,Liabilities,TradeAndOtherPayables,,,,,NetAssetsLiabilities,,,,
437,FCP DAVIVIENDA CORREDORES DEUDA COMPARTIMENTO I,250305020,250305,RETENCION PROVEEDORES,0,0,EquityAndLiabilities,Liabilities,TradeAndOtherPayables,,,,,NetAssetsLiabilities,,,,
437,FCP DAVIVIENDA CORREDORES DEUDA COMPARTIMENTO I,250305020,250305,RETENCION PROVEEDORES,0,0,EquityAndLiabilities,Liabilities,TradeAndOtherPayables,,,,,NetAssetsLiabilities,,,,
437,FCP DAVIVIENDA CORREDORES DEUDA COMPARTIMENTO I,253105001,253105,CUENTA CORRIENTE,0,0,EquityAndLiabilities,Liabilities,TradeAndOtherPayables,,,,,NetAssetsLiabilities,,,,
437,FCP DAVIVIENDA CORREDORES DEUDA COMPARTIMENTO I,352505010,352505,PARTICIPACIONES EN FDO DE INVERSIÓN COLE,-321351736795,-349466592952,EquityAndLiabilities,Equity,EquityAttributableToOwnersOfParent,OtherEquityInterest,,,,,,,,
437,FCP DAVIVIENDA CORREDORES DEUDA COMPARTIMENTO I,411495002,411495,"(FD) BANCOLOMBIA Cta No, 69000006730",0,"-84861,73",EquityAndLiabilities,Equity,EquityAttributableToOwnersOfParent,OtherEquityInterest,ProfitLossFromContinuingOperations,ProfitLoss,ProfitLossBeforeTax,ProfitLossFromOperatingActivities,Revenue,InterestIncomeOnCashAndCashEquivalents,,
437,FCP DAVIVIENDA CORREDORES DEUDA COMPARTIMENTO I,419595030,419595,OTROS,0,"-3,73",EquityAndLiabilities,Equity,EquityAttributableToOwnersOfParent,OtherEquityInterest,ProfitLossFromContinuingOperations,ProfitLoss,ProfitLossBeforeTax,ProfitLossFromOperatingActivities,Revenue,OtherRevenue,,
437,FCP DAVIVIENDA CORREDORES DEUDA COMPARTIMENTO I,419805010,419805,REINTEGRO PROVISIONES CUENTAS POR COBRAR,0,"-96468890,26",EquityAndLiabilities,Equity,EquityAttributableToOwnersOfParent,OtherEquityInterest,ProfitLossFromContinuingOperations,ProfitLoss,ProfitLossBeforeTax,ProfitLossFromOperatingActivities,Revenue,OtherRevenue,,
437,FCP DAVIVIENDA CORREDORES DEUDA COMPARTIMENTO I,510605115,510605,OTROS EMISORES NACIONALES,0,0,EquityAndLiabilities,Equity,EquityAttributableToOwnersOfParent,OtherEquityInterest,ProfitLossFromContinuingOperations,ProfitLoss,ProfitLossBeforeTax,ProfitLossFromOperatingActivities,OtherExpenseByNature,,,AdjustmentsForDecreaseIncreaseInOtherCurrentAssets
437,FCP DAVIVIENDA CORREDORES DEUDA COMPARTIMENTO I,511325010,511325,COMISION CUSTODIA FIJA,0,20356050,EquityAndLiabilities,Equity,EquityAttributableToOwnersOfParent,OtherEquityInterest,ProfitLossFromContinuingOperations,ProfitLoss,ProfitLossBeforeTax,ProfitLossFromOperatingActivities,OtherExpenseByNature,BrokerageFeeExpense,FeeAndCommissionExpense,FeeAndCommissionIncomeExpense
437,FCP DAVIVIENDA CORREDORES DEUDA COMPARTIMENTO I,513015003,513015,REVISORIA FISCAL,0,5047322,EquityAndLiabilities,Equity,EquityAttributableToOwnersOfParent,OtherEquityInterest,ProfitLossFromContinuingOperations,ProfitLoss,ProfitLossBeforeTax,ProfitLossFromOperatingActivities,OtherExpenseByNature,,,
437,FCP DAVIVIENDA CORREDORES DEUDA COMPARTIMENTO I,513095090,513095,OTROS HONORARIOS,0,"75558060,04",EquityAndLiabilities,Equity,EquityAttributableToOwnersOfParent,OtherEquityInterest,ProfitLossFromContinuingOperations,ProfitLoss,ProfitLossBeforeTax,ProfitLossFromOperatingActivities,OtherExpenseByNature,,,
437,FCP DAVIVIENDA CORREDORES DEUDA COMPARTIMENTO I,514005010,514005,IMPUESTO A LOS MOVIMIENTOS FINANCIEROS,0,"59039254,95",EquityAndLiabilities,Equity,EquityAttributableToOwnersOfParent,OtherEquityInterest,ProfitLossFromContinuingOperations,ProfitLoss,ProfitLossBeforeTax,ProfitLossFromOperatingActivities,OtherExpenseByNature,,,
437,FCP DAVIVIENDA CORREDORES DEUDA COMPARTIMENTO I,590505010,590505,CANCELACION DE INGRESOS RF,0,20335343876,EquityAndLiabilities,Equity,EquityAttributableToOwnersOfParent,OtherEquityInterest,,,,,,,,
437,FCP DAVIVIENDA CORREDORES DEUDA COMPARTIMENTO I,590505015,590505,CANCELACION DE INGRESOS RV,0,"18025894,87",EquityAndLiabilities,Equity,EquityAttributableToOwnersOfParent,OtherEquityInterest,,,,,,,,
437,FCP DAVIVIENDA CORREDORES DEUDA COMPARTIMENTO I,810505115,810505,OTROS EMISORES NACIONALES,313365784724,324107270119,EquityAndLiabilities,Equity,EquityAttributableToOwnersOfParent,,,,,,,,,
437,FCP DAVIVIENDA CORREDORES DEUDA COMPARTIMENTO I,829595998,829595,OTRAS CUENTAS DE ORDEN ACREEDORAS PESOS,-1133700000000,-1133700000000,EquityAndLiabilities,Equity,EquityAttributableToOwnersOfParent,,,,,,,,,
437,FCP DAVIVIENDA CORREDORES DEUDA COMPARTIMENTO I,830505010,830505,DEUDORAS POR CONTRA,-313365784724,-324107270119,EquityAndLiabilities,Equity,EquityAttributableToOwnersOfParent,,,,,,,,,
447,FCP PEGASUS COLOMBIA FONDO II - COMPARTIMENTO IRIS,111505002,111505,"(PII) BANCOLOMBIA AH CTA, 69000009074","76465090,86","333032945,3",Assets,,CashAndCashEquivalents,BalancesWithBanks,Cash,,,NetAssetsLiabilities,,,,
437,FCP DAVIVIENDA CORREDORES DEUDA COMPARTIMENTO I,250110010,250110,COMISION CUSTODIA FIJA,0,0,EquityAndLiabilities,Liabilities,TradeAndOtherPayables,,,,,NetAssetsLiabilities,,,,
437,FCP DAVIVIENDA CORREDORES DEUDA COMPARTIMENTO I,250110025,250110,OTRAS COMISIONES,0,0,EquityAndLiabilities,Liabilities,TradeAndOtherPayables,,,,,NetAssetsLiabilities,,,,
437,FCP DAVIVIENDA CORREDORES DEUDA COMPARTIMENTO I,250295050,250295,OTROS PROVEEDORES,0,0,EquityAndLiabilities,Liabilities,TradeAndOtherPayables,,,,,NetAssetsLiabilities,,,,
437,FCP DAVIVIENDA CORREDORES DEUDA COMPARTIMENTO I,250295050,250295,OTROS PROVEEDORES,0,0,EquityAndLiabilities,Liabilities,TradeAndOtherPayables,,,,,NetAssetsLiabilities,,,,
437,FCP DAVIVIENDA CORREDORES DEUDA COMPARTIMENTO I,250295050,250295,OTROS PROVEEDORES,0,0,EquityAndLiabilities,Liabilities,TradeAndOtherPayables,,,,,NetAssetsLiabilities,,,,
437,FCP DAVIVIENDA CORREDORES DEUDA COMPARTIMENTO I,250305020,250305,RETENCION PROVEEDORES,0,0,EquityAndLiabilities,Liabilities,TradeAndOtherPayables,,,,,NetAssetsLiabilities,,,,
437,FCP DAVIVIENDA CORREDORES DEUDA COMPARTIMENTO I,250305020,250305,RETENCION PROVEEDORES,0,0,EquityAndLiabilities,Liabilities,TradeAndOtherPayables,,,,,NetAssetsLiabilities,,,,
437,FCP DAVIVIENDA CORREDORES DEUDA COMPARTIMENTO I,250305020,250305,RETENCION PROVEEDORES,0,0,EquityAndLiabilities,Liabilities,TradeAndOtherPayables,,,,,NetAssetsLiabilities,,,,
437,FCP DAVIVIENDA CORREDORES DEUDA COMPARTIMENTO I,253105003,253105,CUENTA CORRIENTE IBA,0,0,EquityAndLiabilities,Liabilities,TradeAndOtherPayables,,,,,NetAssetsLiabilities,,,,
437,FCP DAVIVIENDA CORREDORES DEUDA COMPARTIMENTO I,253105110,253105,CUENTA COMPENSACION,0,0,EquityAndLiabilities,Liabilities,TradeAndOtherPayables,,,,,NetAssetsLiabilities,,,,
437,FCP DAVIVIENDA CORREDORES DEUDA COMPARTIMENTO I,410495010,410495,INGRESOS FINANCIEROS INVERSIONES,0,-19724020500,EquityAndLiabilities,Equity,EquityAttributableToOwnersOfParent,OtherEquityInterest,ProfitLossFromContinuingOperations,ProfitLoss,ProfitLossBeforeTax,ProfitLossFromOperatingActivities,Revenue,OtherRevenue,,
437,FCP DAVIVIENDA CORREDORES DEUDA COMPARTIMENTO I,410705115,410705,OTROS EMISORES NACIONALES,0,-1184603231,EquityAndLiabilities,Equity,EquityAttributableToOwnersOfParent,OtherEquityInterest,ProfitLossFromContinuingOperations,ProfitLoss,ProfitLossBeforeTax,ProfitLossFromOperatingActivities,Revenue,OtherRevenue,,AdjustmentsForDecreaseIncreaseInOtherCurrentAssets
437,FCP DAVIVIENDA CORREDORES DEUDA COMPARTIMENTO I,411495001,411495,"(FD) BCO DAVIVIENDA Cta No, 482800031262",0,"-386066624,7",EquityAndLiabilities,Equity,EquityAttributableToOwnersOfParent,OtherEquityInterest,ProfitLossFromContinuingOperations,ProfitLoss,ProfitLossBeforeTax,ProfitLossFromOperatingActivities,Revenue,InterestIncomeOnCashAndCashEquivalents,,
437,FCP DAVIVIENDA CORREDORES DEUDA COMPARTIMENTO I,411495003,411495,"(FD) BANCOLOMBIA Cta No, 69000006729",0,"-43869563,73",EquityAndLiabilities,Equity,EquityAttributableToOwnersOfParent,OtherEquityInterest,ProfitLossFromContinuingOperations,ProfitLoss,ProfitLossBeforeTax,ProfitLossFromOperatingActivities,Revenue,InterestIncomeOnCashAndCashEquivalents,,
437,FCP DAVIVIENDA CORREDORES DEUDA COMPARTIMENTO I,411495015,411495,RENDIMIENTOS INVERSIONES EN FICS,0,"-19501189,65",EquityAndLiabilities,Equity,EquityAttributableToOwnersOfParent,OtherEquityInterest,ProfitLossFromContinuingOperations,ProfitLoss,ProfitLossBeforeTax,ProfitLossFromOperatingActivities,Revenue,InterestIncomeOnCashAndCashEquivalents,,
437,FCP DAVIVIENDA CORREDORES DEUDA COMPARTIMENTO I,511512010,511512,GASTOS BANCARIOS,0,"42205,31",EquityAndLiabilities,Equity,EquityAttributableToOwnersOfParent,OtherEquityInterest,ProfitLossFromContinuingOperations,ProfitLoss,ProfitLossBeforeTax,ProfitLossFromOperatingActivities,OtherExpenseByNature,OtherFeeAndCommissionExpense,FeeAndCommissionExpense,FeeAndCommissionIncomeExpense
437,FCP DAVIVIENDA CORREDORES DEUDA COMPARTIMENTO I,511548010,511548,"COMISION DE ADMINISTRACION R,F,",0,"784424657,8",EquityAndLiabilities,Equity,EquityAttributableToOwnersOfParent,OtherEquityInterest,ProfitLossFromContinuingOperations,ProfitLoss,ProfitLossBeforeTax,ProfitLossFromOperatingActivities,OtherExpenseByNature,OtherFeeAndCommissionExpense,FeeAndCommissionExpense,FeeAndCommissionIncomeExpense
437,FCP DAVIVIENDA CORREDORES DEUDA COMPARTIMENTO I,514005011,514005,IMPOVENTAS,0,"17186642,04",EquityAndLiabilities,Equity,EquityAttributableToOwnersOfParent,OtherEquityInterest,ProfitLossFromContinuingOperations,ProfitLoss,ProfitLossBeforeTax,ProfitLossFromOperatingActivities,OtherExpenseByNature,,,
437,FCP DAVIVIENDA CORREDORES DEUDA COMPARTIMENTO I,517040115,517040,DE INVERSIONES,0,139590902,EquityAndLiabilities,Equity,EquityAttributableToOwnersOfParent,OtherEquityInterest,ProfitLossFromContinuingOperations,ProfitLoss,ProfitLossBeforeTax,ProfitLossFromOperatingActivities,OtherExpenseByNature,,,
437,FCP DAVIVIENDA CORREDORES DEUDA COMPARTIMENTO I,840505998,840505,ACREEDORAS POR CONTRA PESOS,1133700000000,1133700000000,EquityAndLiabilities,Equity,EquityAttributableToOwnersOfParent,,,,,,,,,
447,FCP PEGASUS COLOMBIA FONDO II - COMPARTIMENTO IRIS,161205010,161205,ARRENDAMIENTOS DE BIENES PROPIOS,0,0,Assets,,TradeAndOtherReceivables,,,,,NetAssetsLiabilities,,,,
447,FCP PEGASUS COLOMBIA FONDO II - COMPARTIMENTO IRIS,161695030,161695,Proveedores,-1010833,-3665833,Assets,,TradeAndOtherReceivables,,,,,NetAssetsLiabilities,,,,
447,FCP PEGASUS COLOMBIA FONDO II - COMPARTIMENTO IRIS,161695045,161695,CUENTA CORRIENTE,"23,89","3278240,81",Assets,,TradeAndOtherReceivables,,,,,NetAssetsLiabilities,,,,
447,FCP PEGASUS COLOMBIA FONDO II - COMPARTIMENTO IRIS,161695056,161695,HONORARIOS,0,2655000,Assets,,TradeAndOtherReceivables,,,,,NetAssetsLiabilities,,,,
447,FCP PEGASUS COLOMBIA FONDO II - COMPARTIMENTO IRIS,161695056,161695,HONORARIOS,1010833,1010833,Assets,,TradeAndOtherReceivables,,,,,NetAssetsLiabilities,,,,
447,FCP PEGASUS COLOMBIA FONDO II - COMPARTIMENTO IRIS,161695999,161695,PROVEEDORES,0,0,Assets,,TradeAndOtherReceivables,,,,,NetAssetsLiabilities,,,,
447,FCP PEGASUS COLOMBIA FONDO II - COMPARTIMENTO IRIS,182705010,182705,PROPIEDADES DE INVERSION,13564000000,12969000000,Assets,,OtherNonfinancialAssets,,,,,NetAssetsLiabilities,,,,
447,FCP PEGASUS COLOMBIA FONDO II - COMPARTIMENTO IRIS,192595020,192595,COMISION ADMINISTRACION,0,0,Assets,,OtherNonfinancialAssets,,,,,NetAssetsLiabilities,,,,
447,FCP PEGASUS COLOMBIA FONDO II - COMPARTIMENTO IRIS,250110010,250110,COMISION CUSTODIA FIJA,0,0,EquityAndLiabilities,Liabilities,TradeAndOtherPayables,,,,,NetAssetsLiabilities,,,,
447,FCP PEGASUS COLOMBIA FONDO II - COMPARTIMENTO IRIS,250295050,250295,OTROS - PROVEEDORES,0,0,EquityAndLiabilities,Liabilities,TradeAndOtherPayables,,,,,NetAssetsLiabilities,,,,
447,FCP PEGASUS COLOMBIA FONDO II - COMPARTIMENTO IRIS,250295050,250295,OTROS - PROVEEDORES,0,0,EquityAndLiabilities,Liabilities,TradeAndOtherPayables,,,,,NetAssetsLiabilities,,,,
447,FCP PEGASUS COLOMBIA FONDO II - COMPARTIMENTO IRIS,250295050,250295,OTROS - PROVEEDORES,0,0,EquityAndLiabilities,Liabilities,TradeAndOtherPayables,,,,,NetAssetsLiabilities,,,,
447,FCP PEGASUS COLOMBIA FONDO II - COMPARTIMENTO IRIS,250305020,250305,RETENCIÓN PROVEEDORES,0,0,EquityAndLiabilities,Liabilities,TradeAndOtherPayables,,,,,NetAssetsLiabilities,,,,
447,FCP PEGASUS COLOMBIA FONDO II - COMPARTIMENTO IRIS,130205300,130205,EMISORES NACIONALES,0,"51653361,54",Assets,,Inversiones,ActivosFinancierosCorrientesValorRazonableCambiosResultadosInversiones,InversionesNegociables,NegociablesInstrumentosPatrimonio,,NetAssetsLiabilities,,,,
447,FCP PEGASUS COLOMBIA FONDO II - COMPARTIMENTO IRIS,161695002,161695,"(PII) BANCOLOMBIA AH CTA, 69000009074","18580,87","199366,12",Assets,,TradeAndOtherReceivables,,,,,NetAssetsLiabilities,,,,
447,FCP PEGASUS COLOMBIA FONDO II - COMPARTIMENTO IRIS,161695015,161695,GASTOS VARIOS DE ADMON,0,0,Assets,,TradeAndOtherReceivables,,,,,NetAssetsLiabilities,,,,
447,FCP PEGASUS COLOMBIA FONDO II - COMPARTIMENTO IRIS,161695071,161695,COMISIONES,0,0,Assets,,TradeAndOtherReceivables,,,,,NetAssetsLiabilities,,,,
447,FCP PEGASUS COLOMBIA FONDO II - COMPARTIMENTO IRIS,161695999,161695,PROVEEDORES,0,0,Assets,,TradeAndOtherReceivables,,,,,NetAssetsLiabilities,,,,
447,FCP PEGASUS COLOMBIA FONDO II - COMPARTIMENTO IRIS,161695999,161695,PROVEEDORES,0,0,Assets,,TradeAndOtherReceivables,,,,,NetAssetsLiabilities,,,,
447,FCP PEGASUS COLOMBIA FONDO II - COMPARTIMENTO IRIS,161695999,161695,PROVEEDORES,0,0,Assets,,TradeAndOtherReceivables,,,,,NetAssetsLiabilities,,,,
447,FCP PEGASUS COLOMBIA FONDO II - COMPARTIMENTO IRIS,161695999,161695,PROVEEDORES,0,0,Assets,,TradeAndOtherReceivables,,,,,NetAssetsLiabilities,,,,
447,FCP PEGASUS COLOMBIA FONDO II - COMPARTIMENTO IRIS,163035010,163035,IVA DESCONTABLE 19%,"263447,83",0,Assets,,TradeAndOtherReceivables,,,,,NetAssetsLiabilities,,,,
447,FCP PEGASUS COLOMBIA FONDO II - COMPARTIMENTO IRIS,192595015,192595,COMISION DE GESTIÓN,0,0,Assets,,OtherNonfinancialAssets,,,,,NetAssetsLiabilities,,,,
447,FCP PEGASUS COLOMBIA FONDO II - COMPARTIMENTO IRIS,192595030,192595,AMORTIZACION COMISION DE ADMON,0,0,Assets,,OtherNonfinancialAssets,,,,,NetAssetsLiabilities,,,,
447,FCP PEGASUS COLOMBIA FONDO II - COMPARTIMENTO IRIS,250105035,250105,HONORARIOS,-2847000,-6676215,EquityAndLiabilities,Liabilities,TradeAndOtherPayables,,,,,NetAssetsLiabilities,,,,
447,FCP PEGASUS COLOMBIA FONDO II - COMPARTIMENTO IRIS,250110015,250110,COMISION DE ADMINISTRACION,0,0,EquityAndLiabilities,Liabilities,TradeAndOtherPayables,,,,,NetAssetsLiabilities,,,,
447,FCP PEGASUS COLOMBIA FONDO II - COMPARTIMENTO IRIS,250295050,250295,OTROS - PROVEEDORES,0,0,EquityAndLiabilities,Liabilities,TradeAndOtherPayables,,,,,NetAssetsLiabilities,,,,
447,FCP PEGASUS COLOMBIA FONDO II - COMPARTIMENTO IRIS,250295050,250295,OTROS - PROVEEDORES,0,0,EquityAndLiabilities,Liabilities,TradeAndOtherPayables,,,,,NetAssetsLiabilities,,,,
447,FCP PEGASUS COLOMBIA FONDO II - COMPARTIMENTO IRIS,250305011,250305,RENDIMIENTOS FINANCIEROS CAPITALIZADOS,0,0,EquityAndLiabilities,Liabilities,TradeAndOtherPayables,,,,,NetAssetsLiabilities,,,,
447,FCP PEGASUS COLOMBIA FONDO II - COMPARTIMENTO IRIS,250305020,250305,RETENCIÓN PROVEEDORES,0,0,EquityAndLiabilities,Liabilities,TradeAndOtherPayables,,,,,NetAssetsLiabilities,,,,
447,FCP PEGASUS COLOMBIA FONDO II - COMPARTIMENTO IRIS,250305020,250305,RETENCIÓN PROVEEDORES,0,0,EquityAndLiabilities,Liabilities,TradeAndOtherPayables,,,,,NetAssetsLiabilities,,,,
447,FCP PEGASUS COLOMBIA FONDO II - COMPARTIMENTO IRIS,251905073,251905,COMISIONES 11%,0,0,EquityAndLiabilities,Liabilities,TradeAndOtherPayables,,,,,NetAssetsLiabilities,,,,
447,FCP PEGASUS COLOMBIA FONDO II - COMPARTIMENTO IRIS,253105110,253105,CUENTA COMPENSACION,0,0,EquityAndLiabilities,Liabilities,TradeAndOtherPayables,,,,,NetAssetsLiabilities,,,,
447,FCP PEGASUS COLOMBIA FONDO II - COMPARTIMENTO IRIS,411495999,411495,OTROS,0,"-12,81",EquityAndLiabilities,Equity,EquityAttributableToOwnersOfParent,OtherEquityInterest,ProfitLossFromContinuingOperations,ProfitLoss,ProfitLossBeforeTax,ProfitLossFromOperatingActivities,Revenue,InterestIncomeOnCashAndCashEquivalents,,
447,FCP PEGASUS COLOMBIA FONDO II - COMPARTIMENTO IRIS,419595706,419595,UTILIDAD EN VTA PROPIEDADES DE INVERSION,0,-25000000,EquityAndLiabilities,Equity,EquityAttributableToOwnersOfParent,OtherEquityInterest,ProfitLossFromContinuingOperations,ProfitLoss,ProfitLossBeforeTax,ProfitLossFromOperatingActivities,Revenue,OtherRevenue,,
447,FCP PEGASUS COLOMBIA FONDO II - COMPARTIMENTO IRIS,511595015,511595,OTRAS COMISIONES,0,387786,EquityAndLiabilities,Equity,EquityAttributableToOwnersOfParent,OtherEquityInterest,ProfitLossFromContinuingOperations,ProfitLoss,ProfitLossBeforeTax,ProfitLossFromOperatingActivities,OtherExpenseByNature,OtherFeeAndCommissionExpense,FeeAndCommissionExpense,FeeAndCommissionIncomeExpense
447,FCP PEGASUS COLOMBIA FONDO II - COMPARTIMENTO IRIS,513015003,513015,REVISORIA FISCAL,0,6219749,EquityAndLiabilities,Equity,EquityAttributableToOwnersOfParent,OtherEquityInterest,ProfitLossFromContinuingOperations,ProfitLoss,ProfitLossBeforeTax,ProfitLossFromOperatingActivities,OtherExpenseByNature,,,
447,FCP PEGASUS COLOMBIA FONDO II - COMPARTIMENTO IRIS,513095090,513095,OTROS,0,"16850828,01",EquityAndLiabilities,Equity,EquityAttributableToOwnersOfParent,OtherEquityInterest,ProfitLossFromContinuingOperations,ProfitLoss,ProfitLossBeforeTax,ProfitLossFromOperatingActivities,OtherExpenseByNature,,,
447,FCP PEGASUS COLOMBIA FONDO II - COMPARTIMENTO IRIS,514005011,514005,IMPOVENTAS,0,"2500959,25",EquityAndLiabilities,Equity,EquityAttributableToOwnersOfParent,OtherEquityInterest,ProfitLossFromContinuingOperations,ProfitLoss,ProfitLossBeforeTax,ProfitLossFromOperatingActivities,OtherExpenseByNature,,,
447,FCP PEGASUS COLOMBIA FONDO II - COMPARTIMENTO IRIS,519095999,519095,OTROS,0,"928,12",EquityAndLiabilities,Equity,EquityAttributableToOwnersOfParent,OtherEquityInterest,ProfitLossFromContinuingOperations,ProfitLoss,ProfitLossBeforeTax,ProfitLossFromOperatingActivities,OtherExpenseByNature,,,
447,FCP PEGASUS COLOMBIA FONDO II - COMPARTIMENTO IRIS,590505010,590505,CANCELACION DE INGRESOS RF,0,"-146034740,3",EquityAndLiabilities,Equity,EquityAttributableToOwnersOfParent,OtherEquityInterest,,,,,,,,
447,FCP PEGASUS COLOMBIA FONDO II - COMPARTIMENTO IRIS,590505015,590505,CANCELACION DE INGRESOS RV,0,"-112220062,5",EquityAndLiabilities,Equity,EquityAttributableToOwnersOfParent,OtherEquityInterest,,,,,,,,
448,FIC FINCA RAÍZ INTERNACIONAL,111505001,111505,"(FR) BANCOLOMBIA Cta Ah No, 69000009513","209468484,7","7206301,01",Assets,,CashAndCashEquivalents,BalancesWithBanks,Cash,,,NetAssetsLiabilities,,,,
448,FIC FINCA RAÍZ INTERNACIONAL,111505007,111505,"(FR) DAVIVIENDA Cta Ah No,482800043127","46178939,78","358668751,3",Assets,,CashAndCashEquivalents,BalancesWithBanks,Cash,,,NetAssetsLiabilities,,,,
448,FIC FINCA RAÍZ INTERNACIONAL,111505009,111505,"(FR) BCO REPUBLICA Cta Cte No, 62257415",0,0,Assets,,CashAndCashEquivalents,BalancesWithBanks,Cash,,,NetAssetsLiabilities,,,,
448,FIC FINCA RAÍZ INTERNACIONAL,111505011,111505,"(FR) BANCOLOMBIA Cta Ah No, 69000009672","9916887,93","4464482,8",Assets,,CashAndCashEquivalents,BalancesWithBanks,Cash,,,NetAssetsLiabilities,,,,
447,FCP PEGASUS COLOMBIA FONDO II - COMPARTIMENTO IRIS,250305020,250305,RETENCIÓN PROVEEDORES,0,0,EquityAndLiabilities,Liabilities,TradeAndOtherPayables,,,,,NetAssetsLiabilities,,,,
447,FCP PEGASUS COLOMBIA FONDO II - COMPARTIMENTO IRIS,250340010,250340,SOBRE LAS VENTAS POR PAGAR 19%,-3763520,0,EquityAndLiabilities,Liabilities,TradeAndOtherPayables,,,,,NetAssetsLiabilities,,,,
447,FCP PEGASUS COLOMBIA FONDO II - COMPARTIMENTO IRIS,253105003,253105,CUENTA CORRIENTE IBA,0,0,EquityAndLiabilities,Liabilities,TradeAndOtherPayables,,,,,NetAssetsLiabilities,,,,
447,FCP PEGASUS COLOMBIA FONDO II - COMPARTIMENTO IRIS,352505010,352505,PARTICIPACIONES EN FDO DE INVERSIÓN COLE,-13634136623,-13350487699,EquityAndLiabilities,Equity,EquityAttributableToOwnersOfParent,OtherEquityInterest,,,,,,,,
447,FCP PEGASUS COLOMBIA FONDO II - COMPARTIMENTO IRIS,411495002,411495,"(PII) BANCOLOMBIA AH CTA, 69000009074",0,"-2274102,18",EquityAndLiabilities,Equity,EquityAttributableToOwnersOfParent,OtherEquityInterest,ProfitLossFromContinuingOperations,ProfitLoss,ProfitLossBeforeTax,ProfitLossFromOperatingActivities,Revenue,InterestIncomeOnCashAndCashEquivalents,,
447,FCP PEGASUS COLOMBIA FONDO II - COMPARTIMENTO IRIS,411495015,411495,RENDIMIENTOS INVERSIONES EN FICS,0,"-1653361,54",EquityAndLiabilities,Equity,EquityAttributableToOwnersOfParent,OtherEquityInterest,ProfitLossFromContinuingOperations,ProfitLoss,ProfitLossBeforeTax,ProfitLossFromOperatingActivities,Revenue,InterestIncomeOnCashAndCashEquivalents,,
447,FCP PEGASUS COLOMBIA FONDO II - COMPARTIMENTO IRIS,414515010,414515,ARRENDAMIENTO INMUEBLES IVA 19%,0,-5539802,EquityAndLiabilities,Equity,EquityAttributableToOwnersOfParent,OtherEquityInterest,ProfitLossFromContinuingOperations,ProfitLoss,ProfitLossBeforeTax,ProfitLossFromOperatingActivities,Revenue,OtherRevenue,,
447,FCP PEGASUS COLOMBIA FONDO II - COMPARTIMENTO IRIS,511325010,511325,COMISION CUSTODIA FIJA,0,"6943200,85",EquityAndLiabilities,Equity,EquityAttributableToOwnersOfParent,OtherEquityInterest,ProfitLossFromContinuingOperations,ProfitLoss,ProfitLossBeforeTax,ProfitLossFromOperatingActivities,OtherExpenseByNature,BrokerageFeeExpense,FeeAndCommissionExpense,FeeAndCommissionIncomeExpense
447,FCP PEGASUS COLOMBIA FONDO II - COMPARTIMENTO IRIS,511512010,511512,GASTOS BANCARIOS,0,"23621,61",EquityAndLiabilities,Equity,EquityAttributableToOwnersOfParent,OtherEquityInterest,ProfitLossFromContinuingOperations,ProfitLoss,ProfitLossBeforeTax,ProfitLossFromOperatingActivities,OtherExpenseByNature,OtherFeeAndCommissionExpense,FeeAndCommissionExpense,FeeAndCommissionIncomeExpense
447,FCP PEGASUS COLOMBIA FONDO II - COMPARTIMENTO IRIS,511548010,511548,COMISION DE ADMINISTRACION,0,"49589041,08",EquityAndLiabilities,Equity,EquityAttributableToOwnersOfParent,OtherEquityInterest,ProfitLossFromContinuingOperations,ProfitLoss,ProfitLossBeforeTax,ProfitLossFromOperatingActivities,OtherExpenseByNature,OtherFeeAndCommissionExpense,FeeAndCommissionExpense,FeeAndCommissionIncomeExpense
447,FCP PEGASUS COLOMBIA FONDO II - COMPARTIMENTO IRIS,511595011,511595,COMISION GESTOR PROFESIONAL,0,116255611,EquityAndLiabilities,Equity,EquityAttributableToOwnersOfParent,OtherEquityInterest,ProfitLossFromContinuingOperations,ProfitLoss,ProfitLossBeforeTax,ProfitLossFromOperatingActivities,OtherExpenseByNature,OtherFeeAndCommissionExpense,FeeAndCommissionExpense,FeeAndCommissionIncomeExpense
447,FCP PEGASUS COLOMBIA FONDO II - COMPARTIMENTO IRIS,514005010,514005,IMPUESTO A LOS MOVIMIENTOS FINANCIEROS,0,"-330423,6",EquityAndLiabilities,Equity,EquityAttributableToOwnersOfParent,OtherEquityInterest,ProfitLossFromContinuingOperations,ProfitLoss,ProfitLossBeforeTax,ProfitLossFromOperatingActivities,OtherExpenseByNature,,,
447,FCP PEGASUS COLOMBIA FONDO II - COMPARTIMENTO IRIS,514005015,514005,IVA COMISION GESTOR PROFESIONAL,0,"22088566,09",EquityAndLiabilities,Equity,EquityAttributableToOwnersOfParent,OtherEquityInterest,ProfitLossFromContinuingOperations,ProfitLoss,ProfitLossBeforeTax,ProfitLossFromOperatingActivities,OtherExpenseByNature,,,
447,FCP PEGASUS COLOMBIA FONDO II - COMPARTIMENTO IRIS,514005020,514005,IMPUESTOS PREDIAL,0,7481400,EquityAndLiabilities,Equity,EquityAttributableToOwnersOfParent,OtherEquityInterest,ProfitLossFromContinuingOperations,ProfitLoss,ProfitLossBeforeTax,ProfitLossFromOperatingActivities,OtherExpenseByNature,,,
447,FCP PEGASUS COLOMBIA FONDO II - COMPARTIMENTO IRIS,519095050,519095,GASTOS REEMBOLSABLES,0,64710814,EquityAndLiabilities,Equity,EquityAttributableToOwnersOfParent,OtherEquityInterest,ProfitLossFromContinuingOperations,ProfitLoss,ProfitLossBeforeTax,ProfitLossFromOperatingActivities,OtherExpenseByNature,,,
448,FIC FINCA RAÍZ INTERNACIONAL,111505004,111505,"(FR) BCO BOGOTA Cta Ah No, 003102241",310439057,272816092,Assets,,CashAndCashEquivalents,BalancesWithBanks,Cash,,,NetAssetsLiabilities,,,,
448,FIC FINCA RAÍZ INTERNACIONAL,111505006,111505,"(FR) BANCOLOMBIA Cta cte No, 69000009563","26999021,52","26995945,58",Assets,,CashAndCashEquivalents,BalancesWithBanks,Cash,,,NetAssetsLiabilities,,,,
448,FIC FINCA RAÍZ INTERNACIONAL,111505010,111505,"(FR) DAVIVIENDA Cta Ah No, 482800044182","58783006,58","10577468,21",Assets,,CashAndCashEquivalents,BalancesWithBanks,Cash,,,NetAssetsLiabilities,,,,
448,FIC FINCA RAÍZ INTERNACIONAL,111505012,111505,"(FR) BANCO BOGOTA Cta Ah No, 003126877",91703,95714,Assets,,CashAndCashEquivalents,BalancesWithBanks,Cash,,,NetAssetsLiabilities,,,,
448,FIC FINCA RAÍZ INTERNACIONAL,111510002,111510,(FR) BANCOLOMBIA PANAMA Cta: 80100033818,"21339988,95","19572954,94",Assets,,CashAndCashEquivalents,BalancesWithBanks,Cash,,,NetAssetsLiabilities,,,,
448,FIC FINCA RAÍZ INTERNACIONAL,111510003,111510,(FR) BANCO BOGOTA MIAMI CTA: 101808,"26224418,4","23500868,9",Assets,,CashAndCashEquivalents,BalancesWithBanks,Cash,,,NetAssetsLiabilities,,,,
448,FIC FINCA RAÍZ INTERNACIONAL,122005010,122005,"COMP DE TRANSF DE INV EN OP, SIM",0,0,Assets,,CashAndCashEquivalents,BalancesWithBanks,Cash,,,NetAssetsLiabilities,,,,
448,FIC FINCA RAÍZ INTERNACIONAL,130210200,130210,EMISORES EXTRANJEROS,4111361067,6242438396,Assets,,Inversiones,ActivosFinancierosCorrientesValorRazonableCambiosResultadosInversiones,InversionesNegociables,NegociablesInstrumentosPatrimonio,,NetAssetsLiabilities,,,,
448,FIC FINCA RAÍZ INTERNACIONAL,135115200,135115,DERECHO DE COMPRA TITULOS,2242394413,0,Assets,,Inversiones,ActivosFinancierosCorrientesValorRazonableCambiosResultadosInversiones,InversionesNegociables,NegociablesInstrumentosPatrimonio,,NetAssetsLiabilities,,,,
448,FIC FINCA RAÍZ INTERNACIONAL,135145200,135145,OBLIGACION DE VENTA SOBRE TÍTULOS,0,0,Assets,,Inversiones,ActivosFinancierosCorrientesValorRazonableCambiosResultadosInversiones,InversionesNegociables,NegociablesInstrumentosPatrimonio,,NetAssetsLiabilities,,,,
448,FIC FINCA RAÍZ INTERNACIONAL,161695003,161695,"(FR) OCCIDENTE Cta Ah No, 219892866",0,"-10957,78",Assets,,TradeAndOtherReceivables,,,,,NetAssetsLiabilities,,,,
448,FIC FINCA RAÍZ INTERNACIONAL,161695004,161695,"(LD) BCO DAVIVIENDA cta No,482800025215","2029160,91","2136867,73",Assets,,TradeAndOtherReceivables,,,,,NetAssetsLiabilities,,,,
448,FIC FINCA RAÍZ INTERNACIONAL,161695007,161695,"(FR) DAVIVIENDA Cta Ah No,482800043127","18889,38","91449,28",Assets,,TradeAndOtherReceivables,,,,,NetAssetsLiabilities,,,,
448,FIC FINCA RAÍZ INTERNACIONAL,161695010,161695,"(FR) DAVIVIENDA Cta Ah No, 482800044182","24045,04","2696,43",Assets,,TradeAndOtherReceivables,,,,,NetAssetsLiabilities,,,,
448,FIC FINCA RAÍZ INTERNACIONAL,161695011,161695,"(FR) BANCOLOMBIA Cta Ah No, 69000009672","24897,03","10846,8",Assets,,TradeAndOtherReceivables,,,,,NetAssetsLiabilities,,,,
448,FIC FINCA RAÍZ INTERNACIONAL,161695012,161695,"(AA) Davivienda Panam Ah Cta,10001015157","599,3","749,79",Assets,,TradeAndOtherReceivables,,,,,NetAssetsLiabilities,,,,
448,FIC FINCA RAÍZ INTERNACIONAL,161695014,161695,"(FR) BANCOLOMBIA PANAMA Cta,80100033818",0,"7574,63",Assets,,TradeAndOtherReceivables,,,,,NetAssetsLiabilities,,,,
448,FIC FINCA RAÍZ INTERNACIONAL,162825010,162825,EN GARANTIA,0,0,Assets,,TradeAndOtherReceivables,,,,,NetAssetsLiabilities,,,,
448,FIC FINCA RAÍZ INTERNACIONAL,225020300,225020,DERECHO VENTA TITULOS,0,0,EquityAndLiabilities,Liabilities,OtherFinancialLiabilities,,,,,NetAssetsLiabilities,,,,
448,FIC FINCA RAÍZ INTERNACIONAL,111510001,111510,(FR) CITIBANK NEW YORk Cta: 27362200,2324273284,"84140095,55",Assets,,CashAndCashEquivalents,BalancesWithBanks,Cash,,,NetAssetsLiabilities,,,,
448,FIC FINCA RAÍZ INTERNACIONAL,111510005,111510,(FR) ALLFUNDS CTA: ES9000110001190500576,"778579,62","478068,84",Assets,,CashAndCashEquivalents,BalancesWithBanks,Cash,,,NetAssetsLiabilities,,,,
448,FIC FINCA RAÍZ INTERNACIONAL,111510006,111510,(FR) DAVIVIENDA PANAMA CTA:10002002749,0,"19724557,97",Assets,,CashAndCashEquivalents,BalancesWithBanks,Cash,,,NetAssetsLiabilities,,,,
448,FIC FINCA RAÍZ INTERNACIONAL,130205300,130205,EMISORES NACIONALES,"678777,61","713328,48",Assets,,Inversiones,ActivosFinancierosCorrientesValorRazonableCambiosResultadosInversiones,InversionesNegociables,NegociablesInstrumentosPatrimonio,,NetAssetsLiabilities,,,,
448,FIC FINCA RAÍZ INTERNACIONAL,135105010,135105,DERECHO DE COMPRA SOBRE DIVISAS,0,0,,,,,,,,,,,,
448,FIC FINCA RAÍZ INTERNACIONAL,135120200,135120,DERECHO DE VENTA SOBRE TÍTULOS,0,0,Assets,,Inversiones,ActivosFinancierosCorrientesValorRazonableCambiosResultadosInversiones,InversionesNegociables,NegociablesInstrumentosPatrimonio,,NetAssetsLiabilities,,,,
448,FIC FINCA RAÍZ INTERNACIONAL,135130010,135130,OBLIGACIÓN DE COMPRA SOBRE DIVISAS,0,0,,,,,,,,,,,,
448,FIC FINCA RAÍZ INTERNACIONAL,135140200,135140,OBLIGACION DE COMPRA TITULOS,-2224408331,0,Assets,,Inversiones,ActivosFinancierosCorrientesValorRazonableCambiosResultadosInversiones,InversionesNegociables,NegociablesInstrumentosPatrimonio,,NetAssetsLiabilities,,,,
448,FIC FINCA RAÍZ INTERNACIONAL,161695001,161695,"(FR) Bancolombia Ah No, 69000009513","49820,29","1960,23",Assets,,TradeAndOtherReceivables,,,,,NetAssetsLiabilities,,,,
448,FIC FINCA RAÍZ INTERNACIONAL,161695015,161695,GASTOS VARIOS DE ADMON,"4940681,82","5027369,86",Assets,,TradeAndOtherReceivables,,,,,NetAssetsLiabilities,,,,
448,FIC FINCA RAÍZ INTERNACIONAL,161695045,161695,CUENTA CORRIENTE,"35111,27","1875366,78",Assets,,TradeAndOtherReceivables,,,,,NetAssetsLiabilities,,,,
448,FIC FINCA RAÍZ INTERNACIONAL,192595003,192595,REVISORIA FISCAL,0,0,Assets,,OtherNonfinancialAssets,,,,,NetAssetsLiabilities,,,,
448,FIC FINCA RAÍZ INTERNACIONAL,225015011,225015,DERECHO COMPRA SOBRE TITULOS,0,0,EquityAndLiabilities,Liabilities,OtherFinancialLiabilities,,,,,NetAssetsLiabilities,,,,
448,FIC FINCA RAÍZ INTERNACIONAL,225040011,225040,OBLIGACION DE COMPRA SOBRE TITULOS,0,0,EquityAndLiabilities,Liabilities,OtherFinancialLiabilities,,,,,NetAssetsLiabilities,,,,
448,FIC FINCA RAÍZ INTERNACIONAL,250110033,250110,COMISION CUSTODIO,0,0,EquityAndLiabilities,Liabilities,TradeAndOtherPayables,,,,,NetAssetsLiabilities,,,,
448,FIC FINCA RAÍZ INTERNACIONAL,250305011,250305,RENDIMIENTOS FINANCIEROS CAPITALIZADOS,0,0,EquityAndLiabilities,Liabilities,TradeAndOtherPayables,,,,,NetAssetsLiabilities,,,,
448,FIC FINCA RAÍZ INTERNACIONAL,253105003,253105,CUENTA CORRIENTE IBA,0,0,EquityAndLiabilities,Liabilities,TradeAndOtherPayables,,,,,NetAssetsLiabilities,,,,
448,FIC FINCA RAÍZ INTERNACIONAL,253105110,253105,CUENTA COMPENSACION,0,0,EquityAndLiabilities,Liabilities,TradeAndOtherPayables,,,,,NetAssetsLiabilities,,,,
448,FIC FINCA RAÍZ INTERNACIONAL,410355010,410355,REND X COMPROMISOS DE TRANSF OP SIM,0,-228958,EquityAndLiabilities,Equity,EquityAttributableToOwnersOfParent,OtherEquityInterest,ProfitLossFromContinuingOperations,ProfitLoss,ProfitLossBeforeTax,ProfitLossFromOperatingActivities,OtherExpenseByNature,OtherRevenue,,
448,FIC FINCA RAÍZ INTERNACIONAL,410705120,410705,EMISORES EXTRANJEROS,0,"-78808278,52",EquityAndLiabilities,Equity,EquityAttributableToOwnersOfParent,OtherEquityInterest,ProfitLossFromContinuingOperations,ProfitLoss,ProfitLossBeforeTax,ProfitLossFromOperatingActivities,Revenue,OtherRevenue,,AdjustmentsForDecreaseIncreaseInOtherCurrentAssets
448,FIC FINCA RAÍZ INTERNACIONAL,410805200,410805,EMISORES EXTRANJEROS,0,"-112420023,9",EquityAndLiabilities,Equity,EquityAttributableToOwnersOfParent,OtherEquityInterest,ProfitLossFromContinuingOperations,ProfitLoss,ProfitLossBeforeTax,ProfitLossFromOperatingActivities,OtherExpenseByNature,,,AdjustmentsForDecreaseIncreaseInOtherCurrentAssets
448,FIC FINCA RAÍZ INTERNACIONAL,411495001,411495,"(FR) Bancolombia Ah No, 69000009513",0,"-1943582,69",EquityAndLiabilities,Equity,EquityAttributableToOwnersOfParent,OtherEquityInterest,ProfitLossFromContinuingOperations,ProfitLoss,ProfitLossBeforeTax,ProfitLossFromOperatingActivities,Revenue,InterestIncomeOnCashAndCashEquivalents,,
448,FIC FINCA RAÍZ INTERNACIONAL,411495012,411495,"(AA) Davivienda Panam Ah Cta,10001015157",0,"-4161,49",EquityAndLiabilities,Equity,EquityAttributableToOwnersOfParent,OtherEquityInterest,ProfitLossFromContinuingOperations,ProfitLoss,ProfitLossBeforeTax,ProfitLossFromOperatingActivities,Revenue,InterestIncomeOnCashAndCashEquivalents,,
448,FIC FINCA RAÍZ INTERNACIONAL,411495015,411495,RENDIMIENTOS INVERSIONES EN FICS,0,"-34550,86",EquityAndLiabilities,Equity,EquityAttributableToOwnersOfParent,OtherEquityInterest,ProfitLossFromContinuingOperations,ProfitLoss,ProfitLossBeforeTax,ProfitLossFromOperatingActivities,Revenue,InterestIncomeOnCashAndCashEquivalents,,
448,FIC FINCA RAÍZ INTERNACIONAL,412510200,412510,EMISORES EXTRANJEROS,0,"-99507,38",EquityAndLiabilities,Equity,EquityAttributableToOwnersOfParent,OtherEquityInterest,ProfitLossFromContinuingOperations,ProfitLoss,ProfitLossBeforeTax,ProfitLossFromOperatingActivities,Revenue,,,
448,FIC FINCA RAÍZ INTERNACIONAL,511548010,511548,"COMISION DE ADMINISTRACION R,F,",0,"14371669,9",EquityAndLiabilities,Equity,EquityAttributableToOwnersOfParent,OtherEquityInterest,ProfitLossFromContinuingOperations,ProfitLoss,ProfitLossBeforeTax,ProfitLossFromOperatingActivities,OtherExpenseByNature,OtherFeeAndCommissionExpense,FeeAndCommissionExpense,FeeAndCommissionIncomeExpense
448,FIC FINCA RAÍZ INTERNACIONAL,514005011,514005,IMPOVENTAS,0,"900733,1",EquityAndLiabilities,Equity,EquityAttributableToOwnersOfParent,OtherEquityInterest,ProfitLossFromContinuingOperations,ProfitLoss,ProfitLossBeforeTax,ProfitLossFromOperatingActivities,OtherExpenseByNature,,,
448,FIC FINCA RAÍZ INTERNACIONAL,519095999,519095,OTROS,0,"0,19",EquityAndLiabilities,Equity,EquityAttributableToOwnersOfParent,OtherEquityInterest,ProfitLossFromContinuingOperations,ProfitLoss,ProfitLossBeforeTax,ProfitLossFromOperatingActivities,OtherExpenseByNature,,,
448,FIC FINCA RAÍZ INTERNACIONAL,590505010,590505,CANCELACION DE INGRESOS RF,0,"21242139,96",EquityAndLiabilities,Equity,EquityAttributableToOwnersOfParent,OtherEquityInterest,,,,,,,,
448,FIC FINCA RAÍZ INTERNACIONAL,590505020,590505,UTILIDAD/PERDIDA PAGADA EN REDENCIONES,0,"-177151869,7",EquityAndLiabilities,Equity,EquityAttributableToOwnersOfParent,OtherEquityInterest,,,,,,,,
448,FIC FINCA RAÍZ INTERNACIONAL,810505210,810505,EMISORES EXTRANJEROS,4111361067,6242438396,EquityAndLiabilities,Equity,EquityAttributableToOwnersOfParent,,,,,,,,,
448,FIC FINCA RAÍZ INTERNACIONAL,830505010,830505,DEUDORAS POR CONTRA,-4111361067,-6242438396,EquityAndLiabilities,Equity,EquityAttributableToOwnersOfParent,,,,,,,,,
448,FIC FINCA RAÍZ INTERNACIONAL,840505010,840505,ACREEDORAS POR CONTRA,0,0,EquityAndLiabilities,Equity,EquityAttributableToOwnersOfParent,,,,,,,,,
449,FIC CERRADO NOTA ESTRUCTURADA ORO CON CAPITAL PROTEGIDO,111505003,111505,"(OC) REPÚBLICA Cta No, 62257416",2000000,2000000,Assets,,CashAndCashEquivalents,BalancesWithBanks,Cash,,,NetAssetsLiabilities,,,,
449,FIC CERRADO NOTA ESTRUCTURADA ORO CON CAPITAL PROTEGIDO,111505004,111505,"(OC) DAVIVIENDA Cta AH No, 482800043564","324500492,6","150622543,9",Assets,,CashAndCashEquivalents,BalancesWithBanks,Cash,,,NetAssetsLiabilities,,,,
449,FIC CERRADO NOTA ESTRUCTURADA ORO CON CAPITAL PROTEGIDO,130120120,130120,EMISORES EXTRANJEROS,85559805295,90298527575,Assets,,Inversiones,ActivosFinancierosCorrientesValorRazonableCambiosResultadosInversiones,InversionesNegociables,NegociablesInstrumentosDeuda,,NetAssetsLiabilities,,,,
448,FIC FINCA RAÍZ INTERNACIONAL,225045300,225045,OBLIGACION VENTA TITULOS,0,0,EquityAndLiabilities,Liabilities,OtherFinancialLiabilities,,,,,NetAssetsLiabilities,,,,
448,FIC FINCA RAÍZ INTERNACIONAL,250105035,250105,Revisoria Fiscal,0,0,EquityAndLiabilities,Liabilities,TradeAndOtherPayables,,,,,NetAssetsLiabilities,,,,
448,FIC FINCA RAÍZ INTERNACIONAL,250110015,250110,COMISION DE ADMINISTRACION,"-154347,5","-77183,11",EquityAndLiabilities,Liabilities,TradeAndOtherPayables,,,,,NetAssetsLiabilities,,,,
448,FIC FINCA RAÍZ INTERNACIONAL,253105220,253105,CUENTA DE COMPENSACION DIVISAS,0,0,EquityAndLiabilities,Liabilities,TradeAndOtherPayables,,,,,NetAssetsLiabilities,,,,
448,FIC FINCA RAÍZ INTERNACIONAL,352505010,352505,PARTICIPACIONES EN FDO DE INVERSIÓN COLE,-7170805380,-7080459766,EquityAndLiabilities,Equity,EquityAttributableToOwnersOfParent,OtherEquityInterest,,,,,,,,
448,FIC FINCA RAÍZ INTERNACIONAL,352510010,352510,PARTICIPACIONES POR IDENTIFICAR,"-682773,81",0,EquityAndLiabilities,Equity,EquityAttributableToOwnersOfParent,OtherEquityInterest,,,,,,,,
448,FIC FINCA RAÍZ INTERNACIONAL,411495004,411495,"(FR) BCO BOGOTA Cta Ah No, 003102241",0,"-12622904,82",EquityAndLiabilities,Equity,EquityAttributableToOwnersOfParent,OtherEquityInterest,ProfitLossFromContinuingOperations,ProfitLoss,ProfitLossBeforeTax,ProfitLossFromOperatingActivities,Revenue,InterestIncomeOnCashAndCashEquivalents,,
448,FIC FINCA RAÍZ INTERNACIONAL,411495007,411495,"(FR) DAVIVIENDA Cta Ah No,482800043127",0,"-7908409,44",EquityAndLiabilities,Equity,EquityAttributableToOwnersOfParent,OtherEquityInterest,ProfitLossFromContinuingOperations,ProfitLoss,ProfitLossBeforeTax,ProfitLossFromOperatingActivities,Revenue,InterestIncomeOnCashAndCashEquivalents,,
448,FIC FINCA RAÍZ INTERNACIONAL,411495010,411495,"(FR) DAVIVIENDA Cta Ah No, 482800044182",0,"-1634317,02",EquityAndLiabilities,Equity,EquityAttributableToOwnersOfParent,OtherEquityInterest,ProfitLossFromContinuingOperations,ProfitLoss,ProfitLossBeforeTax,ProfitLossFromOperatingActivities,Revenue,InterestIncomeOnCashAndCashEquivalents,,
448,FIC FINCA RAÍZ INTERNACIONAL,411495011,411495,"(FR) BANCOLOMBIA Cta Ah No, 69000009672",0,"-130144,64",EquityAndLiabilities,Equity,EquityAttributableToOwnersOfParent,OtherEquityInterest,ProfitLossFromContinuingOperations,ProfitLoss,ProfitLossBeforeTax,ProfitLossFromOperatingActivities,Revenue,InterestIncomeOnCashAndCashEquivalents,,
448,FIC FINCA RAÍZ INTERNACIONAL,411495014,411495,"(FR) BANCOLOMBIA PANAMA Cta,80100033818",0,"-39530,71",EquityAndLiabilities,Equity,EquityAttributableToOwnersOfParent,OtherEquityInterest,ProfitLossFromContinuingOperations,ProfitLoss,ProfitLossBeforeTax,ProfitLossFromOperatingActivities,Revenue,InterestIncomeOnCashAndCashEquivalents,,
448,FIC FINCA RAÍZ INTERNACIONAL,413515010,413515,REEXPRESION DE ACTIVOS,0,"-68990802,67",EquityAndLiabilities,Equity,EquityAttributableToOwnersOfParent,OtherEquityInterest,ProfitLossFromContinuingOperations,ProfitLoss,ProfitLossBeforeTax,ProfitLossFromOperatingActivities,OtherExpenseByNature,,,
448,FIC FINCA RAÍZ INTERNACIONAL,413515015,413515,UT/PER REEXPRESIÓN OTROS ACTIVOS (DER CO,0,0,EquityAndLiabilities,Equity,EquityAttributableToOwnersOfParent,OtherEquityInterest,ProfitLossFromContinuingOperations,ProfitLoss,ProfitLossBeforeTax,ProfitLossFromOperatingActivities,OtherExpenseByNature,,,
448,FIC FINCA RAÍZ INTERNACIONAL,419595999,419595,OTROS,0,"-0,17",EquityAndLiabilities,Equity,EquityAttributableToOwnersOfParent,OtherEquityInterest,ProfitLossFromContinuingOperations,ProfitLoss,ProfitLossBeforeTax,ProfitLossFromOperatingActivities,Revenue,OtherRevenue,,
448,FIC FINCA RAÍZ INTERNACIONAL,510805200,510805,EMISORES EXTRANJEROS,0,"356628276,1",EquityAndLiabilities,Equity,EquityAttributableToOwnersOfParent,OtherEquityInterest,ProfitLossFromContinuingOperations,ProfitLoss,ProfitLossBeforeTax,ProfitLossFromOperatingActivities,OtherExpenseByNature,,,AdjustmentsForDecreaseIncreaseInOtherCurrentAssets
448,FIC FINCA RAÍZ INTERNACIONAL,511325002,511325,COMISION CUSTODIA VARIABLE,0,"2138549,63",EquityAndLiabilities,Equity,EquityAttributableToOwnersOfParent,OtherEquityInterest,ProfitLossFromContinuingOperations,ProfitLoss,ProfitLossBeforeTax,ProfitLossFromOperatingActivities,OtherExpenseByNature,BrokerageFeeExpense,FeeAndCommissionExpense,FeeAndCommissionIncomeExpense
448,FIC FINCA RAÍZ INTERNACIONAL,511325010,511325,COMISION CUSTODIA FIJA,0,60000,EquityAndLiabilities,Equity,EquityAttributableToOwnersOfParent,OtherEquityInterest,ProfitLossFromContinuingOperations,ProfitLoss,ProfitLossBeforeTax,ProfitLossFromOperatingActivities,OtherExpenseByNature,BrokerageFeeExpense,FeeAndCommissionExpense,FeeAndCommissionIncomeExpense
448,FIC FINCA RAÍZ INTERNACIONAL,511512010,511512,GASTOS BANCARIOS,0,"790526,89",EquityAndLiabilities,Equity,EquityAttributableToOwnersOfParent,OtherEquityInterest,ProfitLossFromContinuingOperations,ProfitLoss,ProfitLossBeforeTax,ProfitLossFromOperatingActivities,OtherExpenseByNature,OtherFeeAndCommissionExpense,FeeAndCommissionExpense,FeeAndCommissionIncomeExpense
448,FIC FINCA RAÍZ INTERNACIONAL,511595070,511595,COMISIONES OP DEL EXTERIOR,0,"1400967,8",EquityAndLiabilities,Equity,EquityAttributableToOwnersOfParent,OtherEquityInterest,ProfitLossFromContinuingOperations,ProfitLoss,ProfitLossBeforeTax,ProfitLossFromOperatingActivities,OtherExpenseByNature,OtherFeeAndCommissionExpense,FeeAndCommissionExpense,FeeAndCommissionIncomeExpense
448,FIC FINCA RAÍZ INTERNACIONAL,513015003,513015,REVISORIA FISCAL,0,"4740700,26",EquityAndLiabilities,Equity,EquityAttributableToOwnersOfParent,OtherEquityInterest,ProfitLossFromContinuingOperations,ProfitLoss,ProfitLossBeforeTax,ProfitLossFromOperatingActivities,OtherExpenseByNature,,,
448,FIC FINCA RAÍZ INTERNACIONAL,513535010,513535,REEXPRESION ACTIVOS,0,"72189948,13",EquityAndLiabilities,Equity,EquityAttributableToOwnersOfParent,OtherEquityInterest,ProfitLossFromContinuingOperations,ProfitLoss,ProfitLossBeforeTax,ProfitLossFromOperatingActivities,OtherExpenseByNature,,,
448,FIC FINCA RAÍZ INTERNACIONAL,514005010,514005,IMPUESTO A LOS MOVIMIENTOS FINANCIEROS,0,"18841,44",EquityAndLiabilities,Equity,EquityAttributableToOwnersOfParent,OtherEquityInterest,ProfitLossFromContinuingOperations,ProfitLoss,ProfitLossBeforeTax,ProfitLossFromOperatingActivities,OtherExpenseByNature,,,
448,FIC FINCA RAÍZ INTERNACIONAL,590505015,590505,CANCELACION DE INGRESOS RV,0,"-12465311,39",EquityAndLiabilities,Equity,EquityAttributableToOwnersOfParent,OtherEquityInterest,,,,,,,,
448,FIC FINCA RAÍZ INTERNACIONAL,821505010,821505,EN TITULOS DE TESORERIA - TES,0,0,EquityAndLiabilities,Equity,EquityAttributableToOwnersOfParent,,,,,,,,,
449,FIC CERRADO NOTA ESTRUCTURADA ORO CON CAPITAL PROTEGIDO,111505001,111505,"(OC) Bancolombia Cta Ah No, 69000009629","162018197,8","45389042,43",Assets,,CashAndCashEquivalents,BalancesWithBanks,Cash,,,NetAssetsLiabilities,,,,
449,FIC CERRADO NOTA ESTRUCTURADA ORO CON CAPITAL PROTEGIDO,111505002,111505,"(OC) Bancolombia Cta cte No, 69000009630",0,"95937,39",Assets,,CashAndCashEquivalents,BalancesWithBanks,Cash,,,NetAssetsLiabilities,,,,
449,FIC CERRADO NOTA ESTRUCTURADA ORO CON CAPITAL PROTEGIDO,111505007,111505,"(OC) BCO BOGOTA Cta Ah No,003119609",2110716052,2203028125,Assets,,CashAndCashEquivalents,BalancesWithBanks,Cash,,,NetAssetsLiabilities,,,,
449,FIC CERRADO NOTA ESTRUCTURADA ORO CON CAPITAL PROTEGIDO,111510001,111510,(OC) CITIBANK NEW YORK CTA: 28177700,"7857669,84","7196255,16",Assets,,CashAndCashEquivalents,BalancesWithBanks,Cash,,,NetAssetsLiabilities,,,,
449,FIC CERRADO NOTA ESTRUCTURADA ORO CON CAPITAL PROTEGIDO,122005010,122005,"COMP DE TRANSF DE INV EN OP, SIM",0,0,Assets,,CashAndCashEquivalents,BalancesWithBanks,Cash,,,NetAssetsLiabilities,,,,
449,FIC CERRADO NOTA ESTRUCTURADA ORO CON CAPITAL PROTEGIDO,161695001,161695,"(OC) Bancolombia Cta Ah No, 69000009629","39487,82","21259,59",Assets,,TradeAndOtherReceivables,,,,,NetAssetsLiabilities,,,,
449,FIC CERRADO NOTA ESTRUCTURADA ORO CON CAPITAL PROTEGIDO,161695004,161695,"(LD) BCO DAVIVIENDA cta No,482800025215","132736,12","38511,59",Assets,,TradeAndOtherReceivables,,,,,NetAssetsLiabilities,,,,
449,FIC CERRADO NOTA ESTRUCTURADA ORO CON CAPITAL PROTEGIDO,161695007,161695,"(OC) BCO BOGOTA Cta Ah No,003119609","13792362,44","17255506,84",Assets,,TradeAndOtherReceivables,,,,,NetAssetsLiabilities,,,,
449,FIC CERRADO NOTA ESTRUCTURADA ORO CON CAPITAL PROTEGIDO,162825010,162825,EN GARANTIA,0,0,Assets,,TradeAndOtherReceivables,,,,,NetAssetsLiabilities,,,,
449,FIC CERRADO NOTA ESTRUCTURADA ORO CON CAPITAL PROTEGIDO,192595003,192595,REVISORIA FISCAL,0,0,Assets,,OtherNonfinancialAssets,,,,,NetAssetsLiabilities,,,,
449,FIC CERRADO NOTA ESTRUCTURADA ORO CON CAPITAL PROTEGIDO,250105035,250105,Revisoria Fiscal,0,0,EquityAndLiabilities,Liabilities,TradeAndOtherPayables,,,,,NetAssetsLiabilities,,,,
449,FIC CERRADO NOTA ESTRUCTURADA ORO CON CAPITAL PROTEGIDO,250110015,250110,COMISION DE ADMINISTRACION,"-3132973,68","-1643780,84",EquityAndLiabilities,Liabilities,TradeAndOtherPayables,,,,,NetAssetsLiabilities,,,,
449,FIC CERRADO NOTA ESTRUCTURADA ORO CON CAPITAL PROTEGIDO,250295050,250295,OTROS PROVEEDORES,0,0,EquityAndLiabilities,Liabilities,TradeAndOtherPayables,,,,,NetAssetsLiabilities,,,,
449,FIC CERRADO NOTA ESTRUCTURADA ORO CON CAPITAL PROTEGIDO,352505010,352505,PARTICIPACIONES EN FDO DE INVERSIÓN COLE,-88177732658,-92722529605,EquityAndLiabilities,Equity,EquityAttributableToOwnersOfParent,OtherEquityInterest,,,,,,,,
449,FIC CERRADO NOTA ESTRUCTURADA ORO CON CAPITAL PROTEGIDO,410355010,410355,REND X COMPROMISOS DE TRANSF OP SIM,0,-52749,EquityAndLiabilities,Equity,EquityAttributableToOwnersOfParent,OtherEquityInterest,ProfitLossFromContinuingOperations,ProfitLoss,ProfitLossBeforeTax,ProfitLossFromOperatingActivities,OtherExpenseByNature,OtherRevenue,,
449,FIC CERRADO NOTA ESTRUCTURADA ORO CON CAPITAL PROTEGIDO,411495004,411495,"(OC) DAVIVIENDA Cta AH No, 482800043564",0,"-10492426,7",EquityAndLiabilities,Equity,EquityAttributableToOwnersOfParent,OtherEquityInterest,ProfitLossFromContinuingOperations,ProfitLoss,ProfitLossBeforeTax,ProfitLossFromOperatingActivities,Revenue,InterestIncomeOnCashAndCashEquivalents,,
449,FIC CERRADO NOTA ESTRUCTURADA ORO CON CAPITAL PROTEGIDO,413515010,413515,REEXPRESION DE ACTIVOS,0,"-2072042,49",EquityAndLiabilities,Equity,EquityAttributableToOwnersOfParent,OtherEquityInterest,ProfitLossFromContinuingOperations,ProfitLoss,ProfitLossBeforeTax,ProfitLossFromOperatingActivities,OtherExpenseByNature,,,
449,FIC CERRADO NOTA ESTRUCTURADA ORO CON CAPITAL PROTEGIDO,511325002,511325,COMISION CUSTODIA VARIABLE,0,"7154923,58",EquityAndLiabilities,Equity,EquityAttributableToOwnersOfParent,OtherEquityInterest,ProfitLossFromContinuingOperations,ProfitLoss,ProfitLossBeforeTax,ProfitLossFromOperatingActivities,OtherExpenseByNature,BrokerageFeeExpense,FeeAndCommissionExpense,FeeAndCommissionIncomeExpense
449,FIC CERRADO NOTA ESTRUCTURADA ORO CON CAPITAL PROTEGIDO,511325010,511325,COMISION CUSTODIA FIJA,0,60000,EquityAndLiabilities,Equity,EquityAttributableToOwnersOfParent,OtherEquityInterest,ProfitLossFromContinuingOperations,ProfitLoss,ProfitLossBeforeTax,ProfitLossFromOperatingActivities,OtherExpenseByNature,BrokerageFeeExpense,FeeAndCommissionExpense,FeeAndCommissionIncomeExpense
449,FIC CERRADO NOTA ESTRUCTURADA ORO CON CAPITAL PROTEGIDO,513015003,513015,REVISORIA FISCAL,0,"4824257,43",EquityAndLiabilities,Equity,EquityAttributableToOwnersOfParent,OtherEquityInterest,ProfitLossFromContinuingOperations,ProfitLoss,ProfitLossBeforeTax,ProfitLossFromOperatingActivities,OtherExpenseByNature,,,
449,FIC CERRADO NOTA ESTRUCTURADA ORO CON CAPITAL PROTEGIDO,513535010,513535,REEXPRESION ACTIVOS,0,"2733457,17",EquityAndLiabilities,Equity,EquityAttributableToOwnersOfParent,OtherEquityInterest,ProfitLossFromContinuingOperations,ProfitLoss,ProfitLossBeforeTax,ProfitLossFromOperatingActivities,OtherExpenseByNature,,,
449,FIC CERRADO NOTA ESTRUCTURADA ORO CON CAPITAL PROTEGIDO,514005010,514005,IMPUESTO A LOS MOVIMIENTOS FINANCIEROS,0,"22908,71",EquityAndLiabilities,Equity,EquityAttributableToOwnersOfParent,OtherEquityInterest,ProfitLossFromContinuingOperations,ProfitLoss,ProfitLossBeforeTax,ProfitLossFromOperatingActivities,OtherExpenseByNature,,,
449,FIC CERRADO NOTA ESTRUCTURADA ORO CON CAPITAL PROTEGIDO,810505120,810505,EMISORES EXTRANJEROS,85559805295,90298527575,EquityAndLiabilities,Equity,EquityAttributableToOwnersOfParent,,,,,,,,,
449,FIC CERRADO NOTA ESTRUCTURADA ORO CON CAPITAL PROTEGIDO,821505010,821505,EN TITULOS DE TESORERIA - TES,0,0,EquityAndLiabilities,Equity,EquityAttributableToOwnersOfParent,,,,,,,,,
452,FIC CERRADO CAPITAL PRIVADO INTERNACIONAL,111505001,111505,"(FPI) DAVIVIENDA Cta Ah No, 482800050684","113549678,7","169965495,2",Assets,,CashAndCashEquivalents,BalancesWithBanks,Cash,,,NetAssetsLiabilities,,,,
452,FIC CERRADO CAPITAL PRIVADO INTERNACIONAL,111505011,111505,"(FPI) BANCOLOMBIA Cta No, 69000010668","0,04",0,Assets,,CashAndCashEquivalents,BalancesWithBanks,Cash,,,NetAssetsLiabilities,,,,
452,FIC CERRADO CAPITAL PRIVADO INTERNACIONAL,111505012,111505,"(FPI) BANCOLOMBIA Cta,Ah No, 69000010670","81101406,11","113679960,5",Assets,,CashAndCashEquivalents,BalancesWithBanks,Cash,,,NetAssetsLiabilities,,,,
452,FIC CERRADO CAPITAL PRIVADO INTERNACIONAL,111505013,111505,"(FPI) BANCOLOMBIA Cta Ah No, 69000010671","103172590,5",104826522,Assets,,CashAndCashEquivalents,BalancesWithBanks,Cash,,,NetAssetsLiabilities,,,,
452,FIC CERRADO CAPITAL PRIVADO INTERNACIONAL,111510005,111510,(FPI) ALLFUNDS CTA:110001130500576010,1103609714,"51739795,15",Assets,,CashAndCashEquivalents,BalancesWithBanks,Cash,,,NetAssetsLiabilities,,,,
452,FIC CERRADO CAPITAL PRIVADO INTERNACIONAL,130205300,130205,EMISORES NACIONALES,"170922557,7","179622797,1",Assets,,Inversiones,ActivosFinancierosCorrientesValorRazonableCambiosResultadosInversiones,InversionesNegociables,NegociablesInstrumentosPatrimonio,,NetAssetsLiabilities,,,,
452,FIC CERRADO CAPITAL PRIVADO INTERNACIONAL,161695008,161695,"(FPI) BANCOLOMBIA Ah No, 69000010671","16711,14","354247,1",Assets,,TradeAndOtherReceivables,,,,,NetAssetsLiabilities,,,,
452,FIC CERRADO CAPITAL PRIVADO INTERNACIONAL,161695009,161695,(FPI) Banc Panamá Ah Cta:80100035370,"10084,37","10074,52",Assets,,TradeAndOtherReceivables,,,,,NetAssetsLiabilities,,,,
452,FIC CERRADO CAPITAL PRIVADO INTERNACIONAL,161695015,161695,GASTOS VARIOS DE ADMON,0,"-905,55",Assets,,TradeAndOtherReceivables,,,,,NetAssetsLiabilities,,,,
452,FIC CERRADO CAPITAL PRIVADO INTERNACIONAL,161695045,161695,CUENTA CORRIENTE,174846,"174845,51",Assets,,TradeAndOtherReceivables,,,,,NetAssetsLiabilities,,,,
452,FIC CERRADO CAPITAL PRIVADO INTERNACIONAL,161695999,161695,PROVEEDORES,0,0,Assets,,TradeAndOtherReceivables,,,,,NetAssetsLiabilities,,,,
452,FIC CERRADO CAPITAL PRIVADO INTERNACIONAL,192595003,192595,REVISORIA FISCAL,0,0,Assets,,OtherNonfinancialAssets,,,,,NetAssetsLiabilities,,,,
452,FIC CERRADO CAPITAL PRIVADO INTERNACIONAL,250305011,250305,RENDIMIENTOS FINANCIEROS CAPITALIZADOS,0,0,EquityAndLiabilities,Liabilities,TradeAndOtherPayables,,,,,NetAssetsLiabilities,,,,
452,FIC CERRADO CAPITAL PRIVADO INTERNACIONAL,253105003,253105,CUENTA CORRIENTE IBA,0,0,EquityAndLiabilities,Liabilities,TradeAndOtherPayables,,,,,NetAssetsLiabilities,,,,
452,FIC CERRADO CAPITAL PRIVADO INTERNACIONAL,253105110,253105,CUENTA COMPENSACION,"-0,2",0,EquityAndLiabilities,Liabilities,TradeAndOtherPayables,,,,,NetAssetsLiabilities,,,,
452,FIC CERRADO CAPITAL PRIVADO INTERNACIONAL,411415020,411415,DIVIDENDOS,0,"-1089923,73",EquityAndLiabilities,Equity,EquityAttributableToOwnersOfParent,OtherEquityInterest,ProfitLossFromContinuingOperations,ProfitLoss,ProfitLossBeforeTax,ProfitLossFromOperatingActivities,Revenue,InterestIncomeOnCashAndCashEquivalents,,
452,FIC CERRADO CAPITAL PRIVADO INTERNACIONAL,411495008,411495,"(FPI) BANCOLOMBIA Ah No, 69000010671",0,"-1991467,43",EquityAndLiabilities,Equity,EquityAttributableToOwnersOfParent,OtherEquityInterest,ProfitLossFromContinuingOperations,ProfitLoss,ProfitLossBeforeTax,ProfitLossFromOperatingActivities,Revenue,InterestIncomeOnCashAndCashEquivalents,,
452,FIC CERRADO CAPITAL PRIVADO INTERNACIONAL,411495015,411495,RENDIMIENTOS INVERSIONES EN FICS,0,"-8700239,52",EquityAndLiabilities,Equity,EquityAttributableToOwnersOfParent,OtherEquityInterest,ProfitLossFromContinuingOperations,ProfitLoss,ProfitLossBeforeTax,ProfitLossFromOperatingActivities,Revenue,InterestIncomeOnCashAndCashEquivalents,,
452,FIC CERRADO CAPITAL PRIVADO INTERNACIONAL,411495999,411495,OTROS,0,"-1,09",EquityAndLiabilities,Equity,EquityAttributableToOwnersOfParent,OtherEquityInterest,ProfitLossFromContinuingOperations,ProfitLoss,ProfitLossBeforeTax,ProfitLossFromOperatingActivities,Revenue,InterestIncomeOnCashAndCashEquivalents,,
449,FIC CERRADO NOTA ESTRUCTURADA ORO CON CAPITAL PROTEGIDO,161695011,161695,"(OC) Bogota cta No, 003148053","2540,64","2540,64",Assets,,TradeAndOtherReceivables,,,,,NetAssetsLiabilities,,,,
449,FIC CERRADO NOTA ESTRUCTURADA ORO CON CAPITAL PROTEGIDO,161695015,161695,GASTOS VARIOS DE ADMON,0,0,Assets,,TradeAndOtherReceivables,,,,,NetAssetsLiabilities,,,,
449,FIC CERRADO NOTA ESTRUCTURADA ORO CON CAPITAL PROTEGIDO,161695045,161695,CUENTA CORRIENTE,"798,09","0,02",Assets,,TradeAndOtherReceivables,,,,,NetAssetsLiabilities,,,,
449,FIC CERRADO NOTA ESTRUCTURADA ORO CON CAPITAL PROTEGIDO,161695999,161695,PROVEEDORES,0,0,Assets,,TradeAndOtherReceivables,,,,,NetAssetsLiabilities,,,,
449,FIC CERRADO NOTA ESTRUCTURADA ORO CON CAPITAL PROTEGIDO,250110033,250110,COMISION CUSTODIO,0,0,EquityAndLiabilities,Liabilities,TradeAndOtherPayables,,,,,NetAssetsLiabilities,,,,
449,FIC CERRADO NOTA ESTRUCTURADA ORO CON CAPITAL PROTEGIDO,250305011,250305,RENDIMIENTOS FINANCIEROS CAPITALIZADOS,0,0,EquityAndLiabilities,Liabilities,TradeAndOtherPayables,,,,,NetAssetsLiabilities,,,,
449,FIC CERRADO NOTA ESTRUCTURADA ORO CON CAPITAL PROTEGIDO,250305020,250305,RTE FTE PROVEEDORES,0,0,EquityAndLiabilities,Liabilities,TradeAndOtherPayables,,,,,NetAssetsLiabilities,,,,
449,FIC CERRADO NOTA ESTRUCTURADA ORO CON CAPITAL PROTEGIDO,253105003,253105,CUENTA CORRIENTE IBA,0,0,EquityAndLiabilities,Liabilities,TradeAndOtherPayables,,,,,NetAssetsLiabilities,,,,
449,FIC CERRADO NOTA ESTRUCTURADA ORO CON CAPITAL PROTEGIDO,253105110,253105,CUENTA COMPENSACION,0,"-3911,44",EquityAndLiabilities,Liabilities,TradeAndOtherPayables,,,,,NetAssetsLiabilities,,,,
449,FIC CERRADO NOTA ESTRUCTURADA ORO CON CAPITAL PROTEGIDO,410705120,410705,EMISORES EXTRANJEROS,0,-4871791038,EquityAndLiabilities,Equity,EquityAttributableToOwnersOfParent,OtherEquityInterest,ProfitLossFromContinuingOperations,ProfitLoss,ProfitLossBeforeTax,ProfitLossFromOperatingActivities,Revenue,OtherRevenue,,AdjustmentsForDecreaseIncreaseInOtherCurrentAssets
449,FIC CERRADO NOTA ESTRUCTURADA ORO CON CAPITAL PROTEGIDO,411495001,411495,"(OC) Bancolombia Cta Ah No, 69000009629",0,"-1359850,33",EquityAndLiabilities,Equity,EquityAttributableToOwnersOfParent,OtherEquityInterest,ProfitLossFromContinuingOperations,ProfitLoss,ProfitLossBeforeTax,ProfitLossFromOperatingActivities,Revenue,InterestIncomeOnCashAndCashEquivalents,,
449,FIC CERRADO NOTA ESTRUCTURADA ORO CON CAPITAL PROTEGIDO,411495007,411495,"(OC) BCO BOGOTA Cta Ah No,003119609",0,"-95775217,4",EquityAndLiabilities,Equity,EquityAttributableToOwnersOfParent,OtherEquityInterest,ProfitLossFromContinuingOperations,ProfitLoss,ProfitLossBeforeTax,ProfitLossFromOperatingActivities,Revenue,InterestIncomeOnCashAndCashEquivalents,,
449,FIC CERRADO NOTA ESTRUCTURADA ORO CON CAPITAL PROTEGIDO,411495999,411495,OTROS,0,"-992,66",EquityAndLiabilities,Equity,EquityAttributableToOwnersOfParent,OtherEquityInterest,ProfitLossFromContinuingOperations,ProfitLoss,ProfitLossBeforeTax,ProfitLossFromOperatingActivities,Revenue,InterestIncomeOnCashAndCashEquivalents,,
449,FIC CERRADO NOTA ESTRUCTURADA ORO CON CAPITAL PROTEGIDO,510605120,510605,EMISORES EXTRANJEROS,0,"133068757,9",EquityAndLiabilities,Equity,EquityAttributableToOwnersOfParent,OtherEquityInterest,ProfitLossFromContinuingOperations,ProfitLoss,ProfitLossBeforeTax,ProfitLossFromOperatingActivities,OtherExpenseByNature,,,AdjustmentsForDecreaseIncreaseInOtherCurrentAssets
449,FIC CERRADO NOTA ESTRUCTURADA ORO CON CAPITAL PROTEGIDO,511512010,511512,GASTOS BANCARIOS,0,"68581,24",EquityAndLiabilities,Equity,EquityAttributableToOwnersOfParent,OtherEquityInterest,ProfitLossFromContinuingOperations,ProfitLoss,ProfitLossBeforeTax,ProfitLossFromOperatingActivities,OtherExpenseByNature,OtherFeeAndCommissionExpense,FeeAndCommissionExpense,FeeAndCommissionIncomeExpense
449,FIC CERRADO NOTA ESTRUCTURADA ORO CON CAPITAL PROTEGIDO,511548010,511548,"COMISION DE ADMINISTRACION R,F,",0,"287906835,6",EquityAndLiabilities,Equity,EquityAttributableToOwnersOfParent,OtherEquityInterest,ProfitLossFromContinuingOperations,ProfitLoss,ProfitLossBeforeTax,ProfitLossFromOperatingActivities,OtherExpenseByNature,OtherFeeAndCommissionExpense,FeeAndCommissionExpense,FeeAndCommissionIncomeExpense
449,FIC CERRADO NOTA ESTRUCTURADA ORO CON CAPITAL PROTEGIDO,514005011,514005,IMPOVENTAS,0,"906829,29",EquityAndLiabilities,Equity,EquityAttributableToOwnersOfParent,OtherEquityInterest,ProfitLossFromContinuingOperations,ProfitLoss,ProfitLossBeforeTax,ProfitLossFromOperatingActivities,OtherExpenseByNature,,,
449,FIC CERRADO NOTA ESTRUCTURADA ORO CON CAPITAL PROTEGIDO,519095999,519095,OTROS,0,"819,06",EquityAndLiabilities,Equity,EquityAttributableToOwnersOfParent,OtherEquityInterest,ProfitLossFromContinuingOperations,ProfitLoss,ProfitLossBeforeTax,ProfitLossFromOperatingActivities,OtherExpenseByNature,,,
449,FIC CERRADO NOTA ESTRUCTURADA ORO CON CAPITAL PROTEGIDO,590505010,590505,CANCELACION DE INGRESOS RF,0,4544796947,EquityAndLiabilities,Equity,EquityAttributableToOwnersOfParent,OtherEquityInterest,,,,,,,,
449,FIC CERRADO NOTA ESTRUCTURADA ORO CON CAPITAL PROTEGIDO,830505010,830505,DEUDORAS POR CONTRA,-85559805295,-90298527575,EquityAndLiabilities,Equity,EquityAttributableToOwnersOfParent,,,,,,,,,
449,FIC CERRADO NOTA ESTRUCTURADA ORO CON CAPITAL PROTEGIDO,840505010,840505,ACREEDORAS POR CONTRA,0,0,EquityAndLiabilities,Equity,EquityAttributableToOwnersOfParent,,,,,,,,,
452,FIC CERRADO CAPITAL PRIVADO INTERNACIONAL,111505007,111505,"(FPI) BCO BOGOTA Cta AH No, 003247012",6145984,6414779,Assets,,CashAndCashEquivalents,BalancesWithBanks,Cash,,,NetAssetsLiabilities,,,,
452,FIC CERRADO CAPITAL PRIVADO INTERNACIONAL,111510001,111510,(FPI) Banc Panamá Ah Cta:80100035370,"27454260,94","25180957,38",Assets,,CashAndCashEquivalents,BalancesWithBanks,Cash,,,NetAssetsLiabilities,,,,
452,FIC CERRADO CAPITAL PRIVADO INTERNACIONAL,111510007,111510,(FPI) Davivienda Panamá Cta: 10001016465,"39344855,65","36497847,29",Assets,,CashAndCashEquivalents,BalancesWithBanks,Cash,,,NetAssetsLiabilities,,,,
452,FIC CERRADO CAPITAL PRIVADO INTERNACIONAL,111510008,111510,(FPI) Bogotá Miami Cta: 102954,"39336627,6","36025490,1",Assets,,CashAndCashEquivalents,BalancesWithBanks,Cash,,,NetAssetsLiabilities,,,,
452,FIC CERRADO CAPITAL PRIVADO INTERNACIONAL,130210200,130210,EMISORES EXTRANJEROS,14633158442,13960197185,Assets,,Inversiones,ActivosFinancierosCorrientesValorRazonableCambiosResultadosInversiones,InversionesNegociables,NegociablesInstrumentosPatrimonio,,NetAssetsLiabilities,,,,
452,FIC CERRADO CAPITAL PRIVADO INTERNACIONAL,135115200,135115,DERECHO DE COMPRA TITULOS,0,0,Assets,,Inversiones,ActivosFinancierosCorrientesValorRazonableCambiosResultadosInversiones,InversionesNegociables,NegociablesInstrumentosPatrimonio,,NetAssetsLiabilities,,,,
452,FIC CERRADO CAPITAL PRIVADO INTERNACIONAL,135140200,135140,OBLIGACION DE COMPRA TITULOS,0,0,Assets,,Inversiones,ActivosFinancierosCorrientesValorRazonableCambiosResultadosInversiones,InversionesNegociables,NegociablesInstrumentosPatrimonio,,NetAssetsLiabilities,,,,
452,FIC CERRADO CAPITAL PRIVADO INTERNACIONAL,161695001,161695,"(FPI) DAVIVIENDA Cta Ah No, 482800050684","46447,22","43328,03",Assets,,TradeAndOtherReceivables,,,,,NetAssetsLiabilities,,,,
452,FIC CERRADO CAPITAL PRIVADO INTERNACIONAL,161695005,161695,"(FPI) BCO BOGOTA AH No, 003247012","40237,03","50244,59",Assets,,TradeAndOtherReceivables,,,,,NetAssetsLiabilities,,,,
452,FIC CERRADO CAPITAL PRIVADO INTERNACIONAL,161695007,161695,"(FPI) BANCOLOMBIA Ah No, 69000010670","151217,68","394025,37",Assets,,TradeAndOtherReceivables,,,,,NetAssetsLiabilities,,,,
452,FIC CERRADO CAPITAL PRIVADO INTERNACIONAL,161695010,161695,(FPI) Davivienda Panamá Cta: 10001016465,"113835,68","182731,86",Assets,,TradeAndOtherReceivables,,,,,NetAssetsLiabilities,,,,
452,FIC CERRADO CAPITAL PRIVADO INTERNACIONAL,250105035,250105,Revisoria Fiscal,0,0,EquityAndLiabilities,Liabilities,TradeAndOtherPayables,,,,,NetAssetsLiabilities,,,,
452,FIC CERRADO CAPITAL PRIVADO INTERNACIONAL,511548010,511548,"COMISION DE ADMINISTRACION R,F,",0,"111029326,2",EquityAndLiabilities,Equity,EquityAttributableToOwnersOfParent,OtherEquityInterest,ProfitLossFromContinuingOperations,ProfitLoss,ProfitLossBeforeTax,ProfitLossFromOperatingActivities,OtherExpenseByNature,OtherFeeAndCommissionExpense,FeeAndCommissionExpense,FeeAndCommissionIncomeExpense
452,FIC CERRADO CAPITAL PRIVADO INTERNACIONAL,514005011,514005,IMPOVENTAS,0,"1274122,72",EquityAndLiabilities,Equity,EquityAttributableToOwnersOfParent,OtherEquityInterest,ProfitLossFromContinuingOperations,ProfitLoss,ProfitLossBeforeTax,ProfitLossFromOperatingActivities,OtherExpenseByNature,,,
452,FIC CERRADO CAPITAL PRIVADO INTERNACIONAL,519095999,519095,OTROS,0,"2,79",EquityAndLiabilities,Equity,EquityAttributableToOwnersOfParent,OtherEquityInterest,ProfitLossFromContinuingOperations,ProfitLoss,ProfitLossBeforeTax,ProfitLossFromOperatingActivities,OtherExpenseByNature,,,
452,FIC CERRADO CAPITAL PRIVADO INTERNACIONAL,590505010,590505,CANCELACION DE INGRESOS RF,0,"-35337650,07",EquityAndLiabilities,Equity,EquityAttributableToOwnersOfParent,OtherEquityInterest,,,,,,,,
452,FIC CERRADO CAPITAL PRIVADO INTERNACIONAL,590505015,590505,CANCELACION DE INGRESOS RV,0,-1796964947,EquityAndLiabilities,Equity,EquityAttributableToOwnersOfParent,OtherEquityInterest,,,,,,,,
452,FIC CERRADO CAPITAL PRIVADO INTERNACIONAL,810505210,810505,EMISORES EXTRANJEROS,14633158442,13960197185,EquityAndLiabilities,Equity,EquityAttributableToOwnersOfParent,,,,,,,,,
452,FIC CERRADO CAPITAL PRIVADO INTERNACIONAL,830505010,830505,DEUDORAS POR CONTRA,-14633158442,-13960197185,EquityAndLiabilities,Equity,EquityAttributableToOwnersOfParent,,,,,,,,,
454,FIC EVOLUCION NOTA EUROPA 2027,111505003,111505,"(NE) Bancolombia Cta Ah No, 69000011028",1102215225,1117041092,Assets,,CashAndCashEquivalents,BalancesWithBanks,Cash,,,NetAssetsLiabilities,,,,
454,FIC EVOLUCION NOTA EUROPA 2027,111505008,111505,(NE) Banco Bogotá Cta Ah 003298205,9242951,9640755,Assets,,CashAndCashEquivalents,BalancesWithBanks,Cash,,,NetAssetsLiabilities,,,,
454,FIC EVOLUCION NOTA EUROPA 2027,111505009,111505,(NE) Bancolombia Cta Ah 03100014452,"982016341,3","722476282,5",Assets,,CashAndCashEquivalents,BalancesWithBanks,Cash,,,NetAssetsLiabilities,,,,
454,FIC EVOLUCION NOTA EUROPA 2027,111510003,111510,"(NE) CitiBank NY Cta, 28464300","8872419,56","8125588,85",Assets,,CashAndCashEquivalents,BalancesWithBanks,Cash,,,NetAssetsLiabilities,,,,
454,FIC EVOLUCION NOTA EUROPA 2027,130120120,130120,EMISORES EXTRANJEROS,79109139077,92346973160,Assets,,Inversiones,ActivosFinancierosCorrientesValorRazonableCambiosResultadosInversiones,InversionesNegociables,NegociablesInstrumentosDeuda,,NetAssetsLiabilities,,,,
454,FIC EVOLUCION NOTA EUROPA 2027,161695010,161695,(NE) Bancolombia Cta Ah 03100014452,"239352,34","295923,18",Assets,,TradeAndOtherReceivables,,,,,NetAssetsLiabilities,,,,
454,FIC EVOLUCION NOTA EUROPA 2027,161695011,161695,(NE) Davivienda Cta Ah 482800055436,"10749552,4","185805,26",Assets,,TradeAndOtherReceivables,,,,,NetAssetsLiabilities,,,,
454,FIC EVOLUCION NOTA EUROPA 2027,161695015,161695,GASTOS VARIOS DE ADMON,0,0,Assets,,TradeAndOtherReceivables,,,,,NetAssetsLiabilities,,,,
454,FIC EVOLUCION NOTA EUROPA 2027,161695025,161695,CUENTAS POR COBRAR RET FTE SUSCRIPTORES,59554,0,Assets,,TradeAndOtherReceivables,,,,,NetAssetsLiabilities,,,,
454,FIC EVOLUCION NOTA EUROPA 2027,161695045,161695,CUENTA CORRIENTE,"0,08","1,34",Assets,,TradeAndOtherReceivables,,,,,NetAssetsLiabilities,,,,
454,FIC EVOLUCION NOTA EUROPA 2027,250110033,250110,COMISION CUSTODIO,0,0,EquityAndLiabilities,Liabilities,TradeAndOtherPayables,,,,,NetAssetsLiabilities,,,,
454,FIC EVOLUCION NOTA EUROPA 2027,253105003,253105,CUENTA CORRIENTE IBA,0,0,EquityAndLiabilities,Liabilities,TradeAndOtherPayables,,,,,NetAssetsLiabilities,,,,
454,FIC EVOLUCION NOTA EUROPA 2027,253105110,253105,CUENTA COMPENSACION,0,0,EquityAndLiabilities,Liabilities,TradeAndOtherPayables,,,,,NetAssetsLiabilities,,,,
454,FIC EVOLUCION NOTA EUROPA 2027,410705120,410705,EMISORES EXTRANJEROS,0,-15884531462,EquityAndLiabilities,Equity,EquityAttributableToOwnersOfParent,OtherEquityInterest,ProfitLossFromContinuingOperations,ProfitLoss,ProfitLossBeforeTax,ProfitLossFromOperatingActivities,Revenue,OtherRevenue,,AdjustmentsForDecreaseIncreaseInOtherCurrentAssets
454,FIC EVOLUCION NOTA EUROPA 2027,411495009,411495,(NE) Banco Bogotá Cta Ah 003298205,0,"-412917,66",EquityAndLiabilities,Equity,EquityAttributableToOwnersOfParent,OtherEquityInterest,ProfitLossFromContinuingOperations,ProfitLoss,ProfitLossBeforeTax,ProfitLossFromOperatingActivities,Revenue,InterestIncomeOnCashAndCashEquivalents,,
454,FIC EVOLUCION NOTA EUROPA 2027,411495010,411495,(NE) Bancolombia Cta Ah 03100014452,0,"-12515772,65",EquityAndLiabilities,Equity,EquityAttributableToOwnersOfParent,OtherEquityInterest,ProfitLossFromContinuingOperations,ProfitLoss,ProfitLossBeforeTax,ProfitLossFromOperatingActivities,Revenue,InterestIncomeOnCashAndCashEquivalents,,
454,FIC EVOLUCION NOTA EUROPA 2027,411495999,411495,OTROS,0,"-2930,93",EquityAndLiabilities,Equity,EquityAttributableToOwnersOfParent,OtherEquityInterest,ProfitLossFromContinuingOperations,ProfitLoss,ProfitLossBeforeTax,ProfitLossFromOperatingActivities,Revenue,InterestIncomeOnCashAndCashEquivalents,,
454,FIC EVOLUCION NOTA EUROPA 2027,413515010,413515,REEXPRESION DE ACTIVOS,0,"-2339628,74",EquityAndLiabilities,Equity,EquityAttributableToOwnersOfParent,OtherEquityInterest,ProfitLossFromContinuingOperations,ProfitLoss,ProfitLossBeforeTax,ProfitLossFromOperatingActivities,OtherExpenseByNature,,,
454,FIC EVOLUCION NOTA EUROPA 2027,511325010,511325,COMISION CUSTODIA FIJA,0,90000,EquityAndLiabilities,Equity,EquityAttributableToOwnersOfParent,OtherEquityInterest,ProfitLossFromContinuingOperations,ProfitLoss,ProfitLossBeforeTax,ProfitLossFromOperatingActivities,OtherExpenseByNature,BrokerageFeeExpense,FeeAndCommissionExpense,FeeAndCommissionIncomeExpense
454,FIC EVOLUCION NOTA EUROPA 2027,511512010,511512,GASTOS BANCARIOS,0,"89127,85",EquityAndLiabilities,Equity,EquityAttributableToOwnersOfParent,OtherEquityInterest,ProfitLossFromContinuingOperations,ProfitLoss,ProfitLossBeforeTax,ProfitLossFromOperatingActivities,OtherExpenseByNature,OtherFeeAndCommissionExpense,FeeAndCommissionExpense,FeeAndCommissionIncomeExpense
454,FIC EVOLUCION NOTA EUROPA 2027,511548010,511548,"COMISION DE ADMINISTRACION R,F,",0,"255553138,8",EquityAndLiabilities,Equity,EquityAttributableToOwnersOfParent,OtherEquityInterest,ProfitLossFromContinuingOperations,ProfitLoss,ProfitLossBeforeTax,ProfitLossFromOperatingActivities,OtherExpenseByNature,OtherFeeAndCommissionExpense,FeeAndCommissionExpense,FeeAndCommissionIncomeExpense
454,FIC EVOLUCION NOTA EUROPA 2027,514005011,514005,IMPOVENTAS,0,"1254072,92",EquityAndLiabilities,Equity,EquityAttributableToOwnersOfParent,OtherEquityInterest,ProfitLossFromContinuingOperations,ProfitLoss,ProfitLossBeforeTax,ProfitLossFromOperatingActivities,OtherExpenseByNature,,,
454,FIC EVOLUCION NOTA EUROPA 2027,519095999,519095,OTROS,0,"637,35",EquityAndLiabilities,Equity,EquityAttributableToOwnersOfParent,OtherEquityInterest,ProfitLossFromContinuingOperations,ProfitLoss,ProfitLossBeforeTax,ProfitLossFromOperatingActivities,OtherExpenseByNature,,,
455,FIC CERRADO IMPULSO IA CAPITAL PROTEGIDO,111505002,111505,"(IM) Bancolombia Cta cte No,03100014722",0,"701167,71",Assets,,CashAndCashEquivalents,BalancesWithBanks,Cash,,,NetAssetsLiabilities,,,,
455,FIC CERRADO IMPULSO IA CAPITAL PROTEGIDO,111505003,111505,"(IM) Bco Bogotá Cta Ah No, 003351095",302536748,331142520,Assets,,CashAndCashEquivalents,BalancesWithBanks,Cash,,,NetAssetsLiabilities,,,,
455,FIC CERRADO IMPULSO IA CAPITAL PROTEGIDO,111505008,111505,"(IM) OCCIDENTE Cta Ah No, 270910060",0,0,Assets,,CashAndCashEquivalents,BalancesWithBanks,Cash,,,NetAssetsLiabilities,,,,
455,FIC CERRADO IMPULSO IA CAPITAL PROTEGIDO,111505010,111505,"(IM) BANCOLOMBIA Cta Ah No,03100015561","847132116,9","603127099,2",Assets,,CashAndCashEquivalents,BalancesWithBanks,Cash,,,NetAssetsLiabilities,,,,
455,FIC CERRADO IMPULSO IA CAPITAL PROTEGIDO,111510001,111510,(IM) OCCIDENTAL BARBADOS Cte Cta:514292,0,"260711,69",Assets,,CashAndCashEquivalents,BalancesWithBanks,Cash,,,NetAssetsLiabilities,,,,
455,FIC CERRADO IMPULSO IA CAPITAL PROTEGIDO,111510004,111510,(IM) Citi New York Cta:28511100,0,"15716025,43",Assets,,CashAndCashEquivalents,BalancesWithBanks,Cash,,,NetAssetsLiabilities,,,,
455,FIC CERRADO IMPULSO IA CAPITAL PROTEGIDO,130120120,130120,EMISORES EXTRANJEROS,0,77615951983,Assets,,Inversiones,ActivosFinancierosCorrientesValorRazonableCambiosResultadosInversiones,InversionesNegociables,NegociablesInstrumentosDeuda,,NetAssetsLiabilities,,,,
455,FIC CERRADO IMPULSO IA CAPITAL PROTEGIDO,135105010,135105,DERECHO DE COMPRA SOBRE DIVISAS,0,0,,,,,,,,,,,,
455,FIC CERRADO IMPULSO IA CAPITAL PROTEGIDO,161695009,161695,"(IM) DAVIVIENDA Cta Ah No,482800060998","20975957,82","24639606,06",Assets,,TradeAndOtherReceivables,,,,,NetAssetsLiabilities,,,,
455,FIC CERRADO IMPULSO IA CAPITAL PROTEGIDO,161695012,161695,"(IM ) Bco Occidente cta, Ah 219908159",0,"2000871,58",Assets,,TradeAndOtherReceivables,,,,,NetAssetsLiabilities,,,,
455,FIC CERRADO IMPULSO IA CAPITAL PROTEGIDO,161695045,161695,CUENTA CORRIENTE,"0,02","2513169,45",Assets,,TradeAndOtherReceivables,,,,,NetAssetsLiabilities,,,,
455,FIC CERRADO IMPULSO IA CAPITAL PROTEGIDO,250105035,250105,Revisoria Fiscal,0,0,EquityAndLiabilities,Liabilities,TradeAndOtherPayables,,,,,NetAssetsLiabilities,,,,
455,FIC CERRADO IMPULSO IA CAPITAL PROTEGIDO,250110033,250110,COMISION CUSTODIO,-15000,0,EquityAndLiabilities,Liabilities,TradeAndOtherPayables,,,,,NetAssetsLiabilities,,,,
455,FIC CERRADO IMPULSO IA CAPITAL PROTEGIDO,253105003,253105,CUENTA CORRIENTE IBA,0,0,EquityAndLiabilities,Liabilities,TradeAndOtherPayables,,,,,NetAssetsLiabilities,,,,
455,FIC CERRADO IMPULSO IA CAPITAL PROTEGIDO,253105220,253105,CUENTA DE COMPENSACION DIVISAS,0,0,EquityAndLiabilities,Liabilities,TradeAndOtherPayables,,,,,NetAssetsLiabilities,,,,
455,FIC CERRADO IMPULSO IA CAPITAL PROTEGIDO,352505010,352505,PARTICIPACIONES EN FDO DE INVERSIÓN COLE,-80362236286,-80659068722,EquityAndLiabilities,Equity,EquityAttributableToOwnersOfParent,OtherEquityInterest,,,,,,,,
455,FIC CERRADO IMPULSO IA CAPITAL PROTEGIDO,410705120,410705,EMISORES EXTRANJEROS,0,-2031812719,EquityAndLiabilities,Equity,EquityAttributableToOwnersOfParent,OtherEquityInterest,ProfitLossFromContinuingOperations,ProfitLoss,ProfitLossBeforeTax,ProfitLossFromOperatingActivities,Revenue,OtherRevenue,,AdjustmentsForDecreaseIncreaseInOtherCurrentAssets
455,FIC CERRADO IMPULSO IA CAPITAL PROTEGIDO,411495002,411495,"(IM) Bco Bogotá Cta Ah No, 003351095",0,"-14440928,66",EquityAndLiabilities,Equity,EquityAttributableToOwnersOfParent,OtherEquityInterest,ProfitLossFromContinuingOperations,ProfitLoss,ProfitLossBeforeTax,ProfitLossFromOperatingActivities,Revenue,InterestIncomeOnCashAndCashEquivalents,,
455,FIC CERRADO IMPULSO IA CAPITAL PROTEGIDO,411495009,411495,"(IM) DAVIVIENDA Cta Ah No,482800060998",0,"-4180996,63",EquityAndLiabilities,Equity,EquityAttributableToOwnersOfParent,OtherEquityInterest,ProfitLossFromContinuingOperations,ProfitLoss,ProfitLossBeforeTax,ProfitLossFromOperatingActivities,Revenue,InterestIncomeOnCashAndCashEquivalents,,
455,FIC CERRADO IMPULSO IA CAPITAL PROTEGIDO,413515010,413515,REEXPRESION DE ACTIVOS,0,0,EquityAndLiabilities,Equity,EquityAttributableToOwnersOfParent,OtherEquityInterest,ProfitLossFromContinuingOperations,ProfitLoss,ProfitLossBeforeTax,ProfitLossFromOperatingActivities,OtherExpenseByNature,,,
455,FIC CERRADO IMPULSO IA CAPITAL PROTEGIDO,413515015,413515,UT/PER REEXPRESIÓN OTROS ACTIVOS (DER CO,0,"-533365836,6",EquityAndLiabilities,Equity,EquityAttributableToOwnersOfParent,OtherEquityInterest,ProfitLossFromContinuingOperations,ProfitLoss,ProfitLossBeforeTax,ProfitLossFromOperatingActivities,OtherExpenseByNature,,,
455,FIC CERRADO IMPULSO IA CAPITAL PROTEGIDO,511325010,511325,COMISION CUSTODIA FIJA,0,"1345866,38",EquityAndLiabilities,Equity,EquityAttributableToOwnersOfParent,OtherEquityInterest,ProfitLossFromContinuingOperations,ProfitLoss,ProfitLossBeforeTax,ProfitLossFromOperatingActivities,OtherExpenseByNature,BrokerageFeeExpense,FeeAndCommissionExpense,FeeAndCommissionIncomeExpense
455,FIC CERRADO IMPULSO IA CAPITAL PROTEGIDO,511512010,511512,GASTOS BANCARIOS,0,"2286023,69",EquityAndLiabilities,Equity,EquityAttributableToOwnersOfParent,OtherEquityInterest,ProfitLossFromContinuingOperations,ProfitLoss,ProfitLossBeforeTax,ProfitLossFromOperatingActivities,OtherExpenseByNature,OtherFeeAndCommissionExpense,FeeAndCommissionExpense,FeeAndCommissionIncomeExpense
455,FIC CERRADO IMPULSO IA CAPITAL PROTEGIDO,511548010,511548,"COMISION DE ADMINISTRACION R,F,",0,"218961480,6",EquityAndLiabilities,Equity,EquityAttributableToOwnersOfParent,OtherEquityInterest,ProfitLossFromContinuingOperations,ProfitLoss,ProfitLossBeforeTax,ProfitLossFromOperatingActivities,OtherExpenseByNature,OtherFeeAndCommissionExpense,FeeAndCommissionExpense,FeeAndCommissionIncomeExpense
455,FIC CERRADO IMPULSO IA CAPITAL PROTEGIDO,514005010,514005,IMPUESTO A LOS MOVIMIENTOS FINANCIEROS,0,"34078,04",EquityAndLiabilities,Equity,EquityAttributableToOwnersOfParent,OtherEquityInterest,ProfitLossFromContinuingOperations,ProfitLoss,ProfitLossBeforeTax,ProfitLossFromOperatingActivities,OtherExpenseByNature,,,
455,FIC CERRADO IMPULSO IA CAPITAL PROTEGIDO,821505010,821505,EN TITULOS DE TESORERIA - TES,-78576697350,0,EquityAndLiabilities,Equity,EquityAttributableToOwnersOfParent,,,,,,,,,
456,FCP PEGASUS II COMPARTIMENTO DESARROLLO URBANO,161695007,161695,(FIR) Davivienda CTA AH 482800056210,"761889,5","302505,47",Assets,,TradeAndOtherReceivables,,,,,NetAssetsLiabilities,,,,
456,FCP PEGASUS II COMPARTIMENTO DESARROLLO URBANO,161695030,161695,Proveedores,0,0,Assets,,TradeAndOtherReceivables,,,,,NetAssetsLiabilities,,,,
456,FCP PEGASUS II COMPARTIMENTO DESARROLLO URBANO,250110010,250110,COMISION CUSTODIA FIJA,0,0,EquityAndLiabilities,Liabilities,TradeAndOtherPayables,,,,,NetAssetsLiabilities,,,,
456,FCP PEGASUS II COMPARTIMENTO DESARROLLO URBANO,250110015,250110,COMISION DE ADMINISTRACION,0,0,EquityAndLiabilities,Liabilities,TradeAndOtherPayables,,,,,NetAssetsLiabilities,,,,
456,FCP PEGASUS II COMPARTIMENTO DESARROLLO URBANO,250295050,250295,OTROS - PROVEEDORES,0,0,EquityAndLiabilities,Liabilities,TradeAndOtherPayables,,,,,NetAssetsLiabilities,,,,
456,FCP PEGASUS II COMPARTIMENTO DESARROLLO URBANO,250295050,250295,OTROS - PROVEEDORES,0,0,EquityAndLiabilities,Liabilities,TradeAndOtherPayables,,,,,NetAssetsLiabilities,,,,
456,FCP PEGASUS II COMPARTIMENTO DESARROLLO URBANO,250295050,250295,OTROS - PROVEEDORES,0,0,EquityAndLiabilities,Liabilities,TradeAndOtherPayables,,,,,NetAssetsLiabilities,,,,
456,FCP PEGASUS II COMPARTIMENTO DESARROLLO URBANO,250305020,250305,RETENCIÓN PROVEEDORES,0,0,EquityAndLiabilities,Liabilities,TradeAndOtherPayables,,,,,NetAssetsLiabilities,,,,
456,FCP PEGASUS II COMPARTIMENTO DESARROLLO URBANO,251905073,251905,COMISIONES 11%,0,0,EquityAndLiabilities,Liabilities,TradeAndOtherPayables,,,,,NetAssetsLiabilities,,,,
456,FCP PEGASUS II COMPARTIMENTO DESARROLLO URBANO,352505010,352505,PARTICIPACIONES EN FDO DE INVERSIÓN COLE,-43963409715,-43589265108,EquityAndLiabilities,Equity,EquityAttributableToOwnersOfParent,OtherEquityInterest,,,,,,,,
456,FCP PEGASUS II COMPARTIMENTO DESARROLLO URBANO,410805300,410805,EMISORES NACIONALES,0,"-41,84",EquityAndLiabilities,Equity,EquityAttributableToOwnersOfParent,OtherEquityInterest,ProfitLossFromContinuingOperations,ProfitLoss,ProfitLossBeforeTax,ProfitLossFromOperatingActivities,OtherExpenseByNature,,,AdjustmentsForDecreaseIncreaseInOtherCurrentAssets
456,FCP PEGASUS II COMPARTIMENTO DESARROLLO URBANO,411495007,411495,(FIR) Davivienda CTA AH 482800056210,0,"-17562982,21",EquityAndLiabilities,Equity,EquityAttributableToOwnersOfParent,OtherEquityInterest,ProfitLossFromContinuingOperations,ProfitLoss,ProfitLossBeforeTax,ProfitLossFromOperatingActivities,Revenue,InterestIncomeOnCashAndCashEquivalents,,
452,FIC CERRADO CAPITAL PRIVADO INTERNACIONAL,250110015,250110,COMISION DE ADMINISTRACION,"-1254809,32","-567330,29",EquityAndLiabilities,Liabilities,TradeAndOtherPayables,,,,,NetAssetsLiabilities,,,,
452,FIC CERRADO CAPITAL PRIVADO INTERNACIONAL,250295050,250295,OTROS PROVEEDORES,0,0,EquityAndLiabilities,Liabilities,TradeAndOtherPayables,,,,,NetAssetsLiabilities,,,,
452,FIC CERRADO CAPITAL PRIVADO INTERNACIONAL,250305020,250305,RTE FTE PROVEEDORES,0,0,EquityAndLiabilities,Liabilities,TradeAndOtherPayables,,,,,NetAssetsLiabilities,,,,
452,FIC CERRADO CAPITAL PRIVADO INTERNACIONAL,253105220,253105,CUENTA DE COMPENSACION DIVISAS,0,0,EquityAndLiabilities,Liabilities,TradeAndOtherPayables,,,,,NetAssetsLiabilities,,,,
452,FIC CERRADO CAPITAL PRIVADO INTERNACIONAL,352505010,352505,PARTICIPACIONES EN FDO DE INVERSIÓN COLE,-16317094686,-14684792090,EquityAndLiabilities,Equity,EquityAttributableToOwnersOfParent,OtherEquityInterest,,,,,,,,
452,FIC CERRADO CAPITAL PRIVADO INTERNACIONAL,410805200,410805,EMISORES EXTRANJEROS,0,"-140744890,1",EquityAndLiabilities,Equity,EquityAttributableToOwnersOfParent,OtherEquityInterest,ProfitLossFromContinuingOperations,ProfitLoss,ProfitLossBeforeTax,ProfitLossFromOperatingActivities,OtherExpenseByNature,,,AdjustmentsForDecreaseIncreaseInOtherCurrentAssets
452,FIC CERRADO CAPITAL PRIVADO INTERNACIONAL,411495001,411495,"(FPI) DAVIVIENDA Cta Ah No, 482800050684",0,"-6412697,34",EquityAndLiabilities,Equity,EquityAttributableToOwnersOfParent,OtherEquityInterest,ProfitLossFromContinuingOperations,ProfitLoss,ProfitLossBeforeTax,ProfitLossFromOperatingActivities,Revenue,InterestIncomeOnCashAndCashEquivalents,,
452,FIC CERRADO CAPITAL PRIVADO INTERNACIONAL,411495005,411495,"(FPI) BCO BOGOTA AH No, 003247012",0,"-278802,56",EquityAndLiabilities,Equity,EquityAttributableToOwnersOfParent,OtherEquityInterest,ProfitLossFromContinuingOperations,ProfitLoss,ProfitLossBeforeTax,ProfitLossFromOperatingActivities,Revenue,InterestIncomeOnCashAndCashEquivalents,,
452,FIC CERRADO CAPITAL PRIVADO INTERNACIONAL,411495007,411495,"(FPI) BANCOLOMBIA Ah No, 69000010670",0,"-2345443,4",EquityAndLiabilities,Equity,EquityAttributableToOwnersOfParent,OtherEquityInterest,ProfitLossFromContinuingOperations,ProfitLoss,ProfitLossBeforeTax,ProfitLossFromOperatingActivities,Revenue,InterestIncomeOnCashAndCashEquivalents,,
452,FIC CERRADO CAPITAL PRIVADO INTERNACIONAL,411495009,411495,(FPI) Banc Panamá Ah Cta:80100035370,0,"-40325,2",EquityAndLiabilities,Equity,EquityAttributableToOwnersOfParent,OtherEquityInterest,ProfitLossFromContinuingOperations,ProfitLoss,ProfitLossBeforeTax,ProfitLossFromOperatingActivities,Revenue,InterestIncomeOnCashAndCashEquivalents,,
452,FIC CERRADO CAPITAL PRIVADO INTERNACIONAL,411495010,411495,(FPI) Davivienda Panamá Cta: 10001016465,0,"-579129,07",EquityAndLiabilities,Equity,EquityAttributableToOwnersOfParent,OtherEquityInterest,ProfitLossFromContinuingOperations,ProfitLoss,ProfitLossBeforeTax,ProfitLossFromOperatingActivities,Revenue,InterestIncomeOnCashAndCashEquivalents,,
452,FIC CERRADO CAPITAL PRIVADO INTERNACIONAL,413515010,413515,REEXPRESION DE ACTIVOS,0,"-42922589,36",EquityAndLiabilities,Equity,EquityAttributableToOwnersOfParent,OtherEquityInterest,ProfitLossFromContinuingOperations,ProfitLoss,ProfitLossBeforeTax,ProfitLossFromOperatingActivities,OtherExpenseByNature,,,
452,FIC CERRADO CAPITAL PRIVADO INTERNACIONAL,419595999,419595,OTROS,0,"-67,74",EquityAndLiabilities,Equity,EquityAttributableToOwnersOfParent,OtherEquityInterest,ProfitLossFromContinuingOperations,ProfitLoss,ProfitLossBeforeTax,ProfitLossFromOperatingActivities,Revenue,OtherRevenue,,
452,FIC CERRADO CAPITAL PRIVADO INTERNACIONAL,510805200,510805,EMISORES EXTRANJEROS,0,1861931467,EquityAndLiabilities,Equity,EquityAttributableToOwnersOfParent,OtherEquityInterest,ProfitLossFromContinuingOperations,ProfitLoss,ProfitLossBeforeTax,ProfitLossFromOperatingActivities,OtherExpenseByNature,,,AdjustmentsForDecreaseIncreaseInOtherCurrentAssets
452,FIC CERRADO CAPITAL PRIVADO INTERNACIONAL,511512010,511512,GASTOS BANCARIOS,0,"55552,09",EquityAndLiabilities,Equity,EquityAttributableToOwnersOfParent,OtherEquityInterest,ProfitLossFromContinuingOperations,ProfitLoss,ProfitLossBeforeTax,ProfitLossFromOperatingActivities,OtherExpenseByNature,OtherFeeAndCommissionExpense,FeeAndCommissionExpense,FeeAndCommissionIncomeExpense
452,FIC CERRADO CAPITAL PRIVADO INTERNACIONAL,513015003,513015,REVISORIA FISCAL,0,"6447578,28",EquityAndLiabilities,Equity,EquityAttributableToOwnersOfParent,OtherEquityInterest,ProfitLossFromContinuingOperations,ProfitLoss,ProfitLossBeforeTax,ProfitLossFromOperatingActivities,OtherExpenseByNature,,,
452,FIC CERRADO CAPITAL PRIVADO INTERNACIONAL,513535010,513535,REEXPRESION ACTIVOS,0,"56643175,45",EquityAndLiabilities,Equity,EquityAttributableToOwnersOfParent,OtherEquityInterest,ProfitLossFromContinuingOperations,ProfitLoss,ProfitLossBeforeTax,ProfitLossFromOperatingActivities,OtherExpenseByNature,,,
452,FIC CERRADO CAPITAL PRIVADO INTERNACIONAL,514005010,514005,IMPUESTO A LOS MOVIMIENTOS FINANCIEROS,0,"26948,9",EquityAndLiabilities,Equity,EquityAttributableToOwnersOfParent,OtherEquityInterest,ProfitLossFromContinuingOperations,ProfitLoss,ProfitLossBeforeTax,ProfitLossFromOperatingActivities,OtherExpenseByNature,,,
454,FIC EVOLUCION NOTA EUROPA 2027,111505006,111505,"(NE) Bancolombia Cta Ct No,69000011050","9021,52","6965,41",Assets,,CashAndCashEquivalents,BalancesWithBanks,Cash,,,NetAssetsLiabilities,,,,
454,FIC EVOLUCION NOTA EUROPA 2027,111505007,111505,(NE) Banco Bogotá Cta Ah 003317062,181880528,189807080,Assets,,CashAndCashEquivalents,BalancesWithBanks,Cash,,,NetAssetsLiabilities,,,,
454,FIC EVOLUCION NOTA EUROPA 2027,111505010,111505,(NE) Davivienda Cta Ah 482800055436,"685137931,7","715717088,4",Assets,,CashAndCashEquivalents,BalancesWithBanks,Cash,,,NetAssetsLiabilities,,,,
454,FIC EVOLUCION NOTA EUROPA 2027,161695002,161695,"(NE) Bancolombia Cta Ah No, 69000011028","357015,98","2713723,78",Assets,,TradeAndOtherReceivables,,,,,NetAssetsLiabilities,,,,
454,FIC EVOLUCION NOTA EUROPA 2027,161695008,161695,(NE) Banco Bogotá Cta Ah 003317062,"31819137,69","16802011,89",Assets,,TradeAndOtherReceivables,,,,,NetAssetsLiabilities,,,,
454,FIC EVOLUCION NOTA EUROPA 2027,161695009,161695,(NE) Banco Bogotá Cta Ah 003298205,"60398,84","75512,5",Assets,,TradeAndOtherReceivables,,,,,NetAssetsLiabilities,,,,
454,FIC EVOLUCION NOTA EUROPA 2027,192595003,192595,REVISORIA FISCAL,0,0,Assets,,OtherNonfinancialAssets,,,,,NetAssetsLiabilities,,,,
454,FIC EVOLUCION NOTA EUROPA 2027,250105035,250105,Revisoria Fiscal,0,0,EquityAndLiabilities,Liabilities,TradeAndOtherPayables,,,,,NetAssetsLiabilities,,,,
454,FIC EVOLUCION NOTA EUROPA 2027,250110015,250110,COMISION DE ADMINISTRACION,"-2697019,39","-1523723,93",EquityAndLiabilities,Liabilities,TradeAndOtherPayables,,,,,NetAssetsLiabilities,,,,
454,FIC EVOLUCION NOTA EUROPA 2027,250305011,250305,RENDIMIENTOS FINANCIEROS CAPITALIZADOS,0,0,EquityAndLiabilities,Liabilities,TradeAndOtherPayables,,,,,NetAssetsLiabilities,,,,
454,FIC EVOLUCION NOTA EUROPA 2027,352505010,352505,PARTICIPACIONES EN FDO DE INVERSIÓN COLE,-82119101487,-95128337266,EquityAndLiabilities,Equity,EquityAttributableToOwnersOfParent,OtherEquityInterest,,,,,,,,
454,FIC EVOLUCION NOTA EUROPA 2027,411495002,411495,"(NE) Bancolombia Cta Ah No, 69000011028",0,"-17182574,54",EquityAndLiabilities,Equity,EquityAttributableToOwnersOfParent,OtherEquityInterest,ProfitLossFromContinuingOperations,ProfitLoss,ProfitLossBeforeTax,ProfitLossFromOperatingActivities,Revenue,InterestIncomeOnCashAndCashEquivalents,,
454,FIC EVOLUCION NOTA EUROPA 2027,411495008,411495,(NE) Banco Bogotá Cta Ah 003317062,0,"7082800,8",EquityAndLiabilities,Equity,EquityAttributableToOwnersOfParent,OtherEquityInterest,ProfitLossFromContinuingOperations,ProfitLoss,ProfitLossBeforeTax,ProfitLossFromOperatingActivities,Revenue,InterestIncomeOnCashAndCashEquivalents,,
454,FIC EVOLUCION NOTA EUROPA 2027,411495011,411495,(NE) Davivienda Cta Ah 482800055436,0,"-20015409,62",EquityAndLiabilities,Equity,EquityAttributableToOwnersOfParent,OtherEquityInterest,ProfitLossFromContinuingOperations,ProfitLoss,ProfitLossBeforeTax,ProfitLossFromOperatingActivities,Revenue,InterestIncomeOnCashAndCashEquivalents,,
454,FIC EVOLUCION NOTA EUROPA 2027,510605115,510605,OTROS EMISORES,0,2646697379,EquityAndLiabilities,Equity,EquityAttributableToOwnersOfParent,OtherEquityInterest,ProfitLossFromContinuingOperations,ProfitLoss,ProfitLossBeforeTax,ProfitLossFromOperatingActivities,OtherExpenseByNature,,,AdjustmentsForDecreaseIncreaseInOtherCurrentAssets
454,FIC EVOLUCION NOTA EUROPA 2027,511325002,511325,COMISION CUSTODIA VARIABLE,0,"7419759,59",EquityAndLiabilities,Equity,EquityAttributableToOwnersOfParent,OtherEquityInterest,ProfitLossFromContinuingOperations,ProfitLoss,ProfitLossBeforeTax,ProfitLossFromOperatingActivities,OtherExpenseByNature,BrokerageFeeExpense,FeeAndCommissionExpense,FeeAndCommissionIncomeExpense
454,FIC EVOLUCION NOTA EUROPA 2027,513015003,513015,REVISORIA FISCAL,0,"6467627,15",EquityAndLiabilities,Equity,EquityAttributableToOwnersOfParent,OtherEquityInterest,ProfitLossFromContinuingOperations,ProfitLoss,ProfitLossBeforeTax,ProfitLossFromOperatingActivities,OtherExpenseByNature,,,
454,FIC EVOLUCION NOTA EUROPA 2027,513535010,513535,REEXPRESION ACTIVOS,0,"3086459,43",EquityAndLiabilities,Equity,EquityAttributableToOwnersOfParent,OtherEquityInterest,ProfitLossFromContinuingOperations,ProfitLoss,ProfitLossBeforeTax,ProfitLossFromOperatingActivities,OtherExpenseByNature,,,
454,FIC EVOLUCION NOTA EUROPA 2027,514005010,514005,IMPUESTO A LOS MOVIMIENTOS FINANCIEROS,0,"23914,35",EquityAndLiabilities,Equity,EquityAttributableToOwnersOfParent,OtherEquityInterest,ProfitLossFromContinuingOperations,ProfitLoss,ProfitLossBeforeTax,ProfitLossFromOperatingActivities,OtherExpenseByNature,,,
454,FIC EVOLUCION NOTA EUROPA 2027,590505010,590505,CANCELACION DE INGRESOS RF,0,13009235779,EquityAndLiabilities,Equity,EquityAttributableToOwnersOfParent,OtherEquityInterest,,,,,,,,
454,FIC EVOLUCION NOTA EUROPA 2027,810505120,810505,EMISORES EXTRANJEROS,79109139077,92346973160,EquityAndLiabilities,Equity,EquityAttributableToOwnersOfParent,,,,,,,,,
454,FIC EVOLUCION NOTA EUROPA 2027,830505010,830505,DEUDORAS POR CONTRA,-79109139077,-92346973160,EquityAndLiabilities,Equity,EquityAttributableToOwnersOfParent,,,,,,,,,
455,FIC CERRADO IMPULSO IA CAPITAL PROTEGIDO,111505005,111505,"(IM) Bco República Cta cte No, 62257423",0,0,Assets,,CashAndCashEquivalents,BalancesWithBanks,Cash,,,NetAssetsLiabilities,,,,
455,FIC CERRADO IMPULSO IA CAPITAL PROTEGIDO,111505009,111505,"(IM) DAVIVIENDA Cta Ah No,482800060998",570000000,"570517348,4",Assets,,CashAndCashEquivalents,BalancesWithBanks,Cash,,,NetAssetsLiabilities,,,,
455,FIC CERRADO IMPULSO IA CAPITAL PROTEGIDO,111505011,111505,"(IM ) Bco Occidente cta, Ah 219908159",0,1490052071,Assets,,CashAndCashEquivalents,BalancesWithBanks,Cash,,,NetAssetsLiabilities,,,,
455,FIC CERRADO IMPULSO IA CAPITAL PROTEGIDO,122005010,122005,"COMP DE TRANSF DE INV EN OP, SIM",78602248470,0,Assets,,CashAndCashEquivalents,BalancesWithBanks,Cash,,,NetAssetsLiabilities,,,,
455,FIC CERRADO IMPULSO IA CAPITAL PROTEGIDO,135130010,135130,OBLIGACIÓN DE COMPRA SOBRE DIVISAS,0,0,,,,,,,,,,,,
455,FIC CERRADO IMPULSO IA CAPITAL PROTEGIDO,161695002,161695,"(IM) Bco Bogotá Cta Ah No, 003351095","16758560,57","2593717,23",Assets,,TradeAndOtherReceivables,,,,,NetAssetsLiabilities,,,,
455,FIC CERRADO IMPULSO IA CAPITAL PROTEGIDO,161695011,161695,"(IM) BANCOLOMBIA Cta Ah No,03100015561","5103920,62","1084677,36",Assets,,TradeAndOtherReceivables,,,,,NetAssetsLiabilities,,,,
455,FIC CERRADO IMPULSO IA CAPITAL PROTEGIDO,161695015,161695,GASTOS VARIOS DE ADMON,0,0,Assets,,TradeAndOtherReceivables,,,,,NetAssetsLiabilities,,,,
455,FIC CERRADO IMPULSO IA CAPITAL PROTEGIDO,192595003,192595,REVISORIA FISCAL,0,0,Assets,,OtherNonfinancialAssets,,,,,NetAssetsLiabilities,,,,
455,FIC CERRADO IMPULSO IA CAPITAL PROTEGIDO,250110015,250110,COMISION DE ADMINISTRACION,"-2504487,65","-1232245,86",EquityAndLiabilities,Liabilities,TradeAndOtherPayables,,,,,NetAssetsLiabilities,,,,
455,FIC CERRADO IMPULSO IA CAPITAL PROTEGIDO,250305011,250305,RENDIMIENTOS FINANCIEROS CAPITALIZADOS,0,0,EquityAndLiabilities,Liabilities,TradeAndOtherPayables,,,,,NetAssetsLiabilities,,,,
455,FIC CERRADO IMPULSO IA CAPITAL PROTEGIDO,253105110,253105,CUENTA COMPENSACION,0,0,EquityAndLiabilities,Liabilities,TradeAndOtherPayables,,,,,NetAssetsLiabilities,,,,
455,FIC CERRADO IMPULSO IA CAPITAL PROTEGIDO,410355010,410355,REND X COMPROMISOS DE TRANSF OP SIM,0,"-19053910,39",EquityAndLiabilities,Equity,EquityAttributableToOwnersOfParent,OtherEquityInterest,ProfitLossFromContinuingOperations,ProfitLoss,ProfitLossBeforeTax,ProfitLossFromOperatingActivities,OtherExpenseByNature,OtherRevenue,,
455,FIC CERRADO IMPULSO IA CAPITAL PROTEGIDO,411495011,411495,"(IM) BANCOLOMBIA Cta Ah No,03100015561",0,0,EquityAndLiabilities,Equity,EquityAttributableToOwnersOfParent,OtherEquityInterest,ProfitLossFromContinuingOperations,ProfitLoss,ProfitLossBeforeTax,ProfitLossFromOperatingActivities,Revenue,InterestIncomeOnCashAndCashEquivalents,,
455,FIC CERRADO IMPULSO IA CAPITAL PROTEGIDO,411495012,411495,"(IM ) Bco Occidente cta, Ah 219908159",0,"-61295612,83",EquityAndLiabilities,Equity,EquityAttributableToOwnersOfParent,OtherEquityInterest,ProfitLossFromContinuingOperations,ProfitLoss,ProfitLossBeforeTax,ProfitLossFromOperatingActivities,Revenue,InterestIncomeOnCashAndCashEquivalents,,
455,FIC CERRADO IMPULSO IA CAPITAL PROTEGIDO,411495999,411495,OTROS,0,0,EquityAndLiabilities,Equity,EquityAttributableToOwnersOfParent,OtherEquityInterest,ProfitLossFromContinuingOperations,ProfitLoss,ProfitLossBeforeTax,ProfitLossFromOperatingActivities,Revenue,InterestIncomeOnCashAndCashEquivalents,,
455,FIC CERRADO IMPULSO IA CAPITAL PROTEGIDO,510605115,510605,OTROS EMISORES,0,0,EquityAndLiabilities,Equity,EquityAttributableToOwnersOfParent,OtherEquityInterest,ProfitLossFromContinuingOperations,ProfitLoss,ProfitLossBeforeTax,ProfitLossFromOperatingActivities,OtherExpenseByNature,,,AdjustmentsForDecreaseIncreaseInOtherCurrentAssets
455,FIC CERRADO IMPULSO IA CAPITAL PROTEGIDO,510805010,510805,POR DISMINUCION EN EL VALOR DE MERCADO,0,0,EquityAndLiabilities,Equity,EquityAttributableToOwnersOfParent,OtherEquityInterest,ProfitLossFromContinuingOperations,ProfitLoss,ProfitLossBeforeTax,ProfitLossFromOperatingActivities,OtherExpenseByNature,,,AdjustmentsForDecreaseIncreaseInOtherCurrentAssets
455,FIC CERRADO IMPULSO IA CAPITAL PROTEGIDO,511325002,511325,COMISION CUSTODIA VARIABLE,0,"6625978,59",EquityAndLiabilities,Equity,EquityAttributableToOwnersOfParent,OtherEquityInterest,ProfitLossFromContinuingOperations,ProfitLoss,ProfitLossBeforeTax,ProfitLossFromOperatingActivities,OtherExpenseByNature,BrokerageFeeExpense,FeeAndCommissionExpense,FeeAndCommissionIncomeExpense
455,FIC CERRADO IMPULSO IA CAPITAL PROTEGIDO,513015003,513015,REVISORIA FISCAL,0,"11013291,47",EquityAndLiabilities,Equity,EquityAttributableToOwnersOfParent,OtherEquityInterest,ProfitLossFromContinuingOperations,ProfitLoss,ProfitLossBeforeTax,ProfitLossFromOperatingActivities,OtherExpenseByNature,,,
455,FIC CERRADO IMPULSO IA CAPITAL PROTEGIDO,513535010,513535,REEXPRESION ACTIVOS,0,2121575433,EquityAndLiabilities,Equity,EquityAttributableToOwnersOfParent,OtherEquityInterest,ProfitLossFromContinuingOperations,ProfitLoss,ProfitLossBeforeTax,ProfitLossFromOperatingActivities,OtherExpenseByNature,,,
455,FIC CERRADO IMPULSO IA CAPITAL PROTEGIDO,514005011,514005,IMPOVENTAS,0,"2092524,84",EquityAndLiabilities,Equity,EquityAttributableToOwnersOfParent,OtherEquityInterest,ProfitLossFromContinuingOperations,ProfitLoss,ProfitLossBeforeTax,ProfitLossFromOperatingActivities,OtherExpenseByNature,,,
455,FIC CERRADO IMPULSO IA CAPITAL PROTEGIDO,519095999,519095,OTROS,0,"3382890,9",EquityAndLiabilities,Equity,EquityAttributableToOwnersOfParent,OtherEquityInterest,ProfitLossFromContinuingOperations,ProfitLoss,ProfitLossBeforeTax,ProfitLossFromOperatingActivities,OtherExpenseByNature,,,
455,FIC CERRADO IMPULSO IA CAPITAL PROTEGIDO,590505010,590505,CANCELACION DE INGRESOS RF,0,"296832436,4",EquityAndLiabilities,Equity,EquityAttributableToOwnersOfParent,OtherEquityInterest,,,,,,,,
455,FIC CERRADO IMPULSO IA CAPITAL PROTEGIDO,810505120,810505,EMISORES EXTRANJEROS,0,77615951983,EquityAndLiabilities,Equity,EquityAttributableToOwnersOfParent,,,,,,,,,
455,FIC CERRADO IMPULSO IA CAPITAL PROTEGIDO,830505010,830505,DEUDORAS POR CONTRA,0,-77615951983,EquityAndLiabilities,Equity,EquityAttributableToOwnersOfParent,,,,,,,,,
455,FIC CERRADO IMPULSO IA CAPITAL PROTEGIDO,840505010,840505,ACREEDORAS POR CONTRA,78576697350,0,EquityAndLiabilities,Equity,EquityAttributableToOwnersOfParent,,,,,,,,,
456,FCP PEGASUS II COMPARTIMENTO DESARROLLO URBANO,111505021,111505,"(FIR) Davivienda Cta, AH 482800056210","619611040,3","246896949,8",Assets,,CashAndCashEquivalents,BalancesWithBanks,Cash,,,NetAssetsLiabilities,,,,
456,FCP PEGASUS II COMPARTIMENTO DESARROLLO URBANO,511325010,511325,COMISION CUSTODIA FIJA,0,"13412849,15",EquityAndLiabilities,Equity,EquityAttributableToOwnersOfParent,OtherEquityInterest,ProfitLossFromContinuingOperations,ProfitLoss,ProfitLossBeforeTax,ProfitLossFromOperatingActivities,OtherExpenseByNature,BrokerageFeeExpense,FeeAndCommissionExpense,FeeAndCommissionIncomeExpense
456,FCP PEGASUS II COMPARTIMENTO DESARROLLO URBANO,511512010,511512,GASTOS BANCARIOS,0,"14753,31",EquityAndLiabilities,Equity,EquityAttributableToOwnersOfParent,OtherEquityInterest,ProfitLossFromContinuingOperations,ProfitLoss,ProfitLossBeforeTax,ProfitLossFromOperatingActivities,OtherExpenseByNature,OtherFeeAndCommissionExpense,FeeAndCommissionExpense,FeeAndCommissionIncomeExpense
456,FCP PEGASUS II COMPARTIMENTO DESARROLLO URBANO,513015003,513015,REVISORIA FISCAL,0,9505750,EquityAndLiabilities,Equity,EquityAttributableToOwnersOfParent,OtherEquityInterest,ProfitLossFromContinuingOperations,ProfitLoss,ProfitLossBeforeTax,ProfitLossFromOperatingActivities,OtherExpenseByNature,,,
456,FCP PEGASUS II COMPARTIMENTO DESARROLLO URBANO,514005010,514005,IMPUESTO A LOS MOVIMIENTOS FINANCIEROS,0,"1201042,95",EquityAndLiabilities,Equity,EquityAttributableToOwnersOfParent,OtherEquityInterest,ProfitLossFromContinuingOperations,ProfitLoss,ProfitLossBeforeTax,ProfitLossFromOperatingActivities,OtherExpenseByNature,,,
456,FCP PEGASUS II COMPARTIMENTO DESARROLLO URBANO,514005015,514005,IVA COMISION GESTOR PROFESIONAL,0,"41976432,86",EquityAndLiabilities,Equity,EquityAttributableToOwnersOfParent,OtherEquityInterest,ProfitLossFromContinuingOperations,ProfitLoss,ProfitLossBeforeTax,ProfitLossFromOperatingActivities,OtherExpenseByNature,,,
456,FCP PEGASUS II COMPARTIMENTO DESARROLLO URBANO,810505205,810505,EMISORES NACIONALES,43343036780,43343036822,EquityAndLiabilities,Equity,EquityAttributableToOwnersOfParent,,,,,,,,,
456,FCP PEGASUS II COMPARTIMENTO DESARROLLO URBANO,136000300,136000,INVERSIONES DERECHOS FIDUCIARIOS,43343036780,43343036822,Assets,,Inversiones,ActivosFinancierosCorrientesValorRazonableCambiosResultadosInversiones,InversionesNegociables,NegociablesInstrumentosPatrimonio,,NetAssetsLiabilities,,,,
456,FCP PEGASUS II COMPARTIMENTO DESARROLLO URBANO,161695015,161695,GASTOS VARIOS DE ADMON,0,"48,18",Assets,,TradeAndOtherReceivables,,,,,NetAssetsLiabilities,,,,
456,FCP PEGASUS II COMPARTIMENTO DESARROLLO URBANO,161695045,161695,CUENTA CORRIENTE,"5,32","63462,78",Assets,,TradeAndOtherReceivables,,,,,NetAssetsLiabilities,,,,
456,FCP PEGASUS II COMPARTIMENTO DESARROLLO URBANO,161695071,161695,COMISIONES,0,0,Assets,,TradeAndOtherReceivables,,,,,NetAssetsLiabilities,,,,
456,FCP PEGASUS II COMPARTIMENTO DESARROLLO URBANO,161695999,161695,PROVEEDORES,0,0,Assets,,TradeAndOtherReceivables,,,,,NetAssetsLiabilities,,,,
456,FCP PEGASUS II COMPARTIMENTO DESARROLLO URBANO,161695999,161695,PROVEEDORES,0,0,Assets,,TradeAndOtherReceivables,,,,,NetAssetsLiabilities,,,,
456,FCP PEGASUS II COMPARTIMENTO DESARROLLO URBANO,161695999,161695,PROVEEDORES,0,0,Assets,,TradeAndOtherReceivables,,,,,NetAssetsLiabilities,,,,
456,FCP PEGASUS II COMPARTIMENTO DESARROLLO URBANO,192595015,192595,COMISION DE GESTIÓN,0,0,Assets,,OtherNonfinancialAssets,,,,,NetAssetsLiabilities,,,,
456,FCP PEGASUS II COMPARTIMENTO DESARROLLO URBANO,192595030,192595,AMORTIZACION COMISION DE ADMON,0,0,Assets,,OtherNonfinancialAssets,,,,,NetAssetsLiabilities,,,,
456,FCP PEGASUS II COMPARTIMENTO DESARROLLO URBANO,250305011,250305,RENDIMIENTOS FINANCIEROS CAPITALIZADOS,0,0,EquityAndLiabilities,Liabilities,TradeAndOtherPayables,,,,,NetAssetsLiabilities,,,,
456,FCP PEGASUS II COMPARTIMENTO DESARROLLO URBANO,250305020,250305,RETENCIÓN PROVEEDORES,0,0,EquityAndLiabilities,Liabilities,TradeAndOtherPayables,,,,,NetAssetsLiabilities,,,,
456,FCP PEGASUS II COMPARTIMENTO DESARROLLO URBANO,253105003,253105,CUENTA CORRIENTE IBA,0,0,EquityAndLiabilities,Liabilities,TradeAndOtherPayables,,,,,NetAssetsLiabilities,,,,
456,FCP PEGASUS II COMPARTIMENTO DESARROLLO URBANO,253105110,253105,CUENTA COMPENSACION,0,"-1034679,92",EquityAndLiabilities,Liabilities,TradeAndOtherPayables,,,,,NetAssetsLiabilities,,,,
456,FCP PEGASUS II COMPARTIMENTO DESARROLLO URBANO,411495999,411495,OTROS,0,"-0,25",EquityAndLiabilities,Equity,EquityAttributableToOwnersOfParent,OtherEquityInterest,ProfitLossFromContinuingOperations,ProfitLoss,ProfitLossBeforeTax,ProfitLossFromOperatingActivities,Revenue,InterestIncomeOnCashAndCashEquivalents,,
456,FCP PEGASUS II COMPARTIMENTO DESARROLLO URBANO,511548010,511548,COMISION DE ADMINISTRACION,0,91901160,EquityAndLiabilities,Equity,EquityAttributableToOwnersOfParent,OtherEquityInterest,ProfitLossFromContinuingOperations,ProfitLoss,ProfitLossBeforeTax,ProfitLossFromOperatingActivities,OtherExpenseByNature,OtherFeeAndCommissionExpense,FeeAndCommissionExpense,FeeAndCommissionIncomeExpense
456,FCP PEGASUS II COMPARTIMENTO DESARROLLO URBANO,511595011,511595,COMISION GESTOR PROFESIONAL,0,220928594,EquityAndLiabilities,Equity,EquityAttributableToOwnersOfParent,OtherEquityInterest,ProfitLossFromContinuingOperations,ProfitLoss,ProfitLossBeforeTax,ProfitLossFromOperatingActivities,OtherExpenseByNature,OtherFeeAndCommissionExpense,FeeAndCommissionExpense,FeeAndCommissionIncomeExpense
456,FCP PEGASUS II COMPARTIMENTO DESARROLLO URBANO,513095090,513095,OTROS,0,7747165,EquityAndLiabilities,Equity,EquityAttributableToOwnersOfParent,OtherEquityInterest,ProfitLossFromContinuingOperations,ProfitLoss,ProfitLossBeforeTax,ProfitLossFromOperatingActivities,OtherExpenseByNature,,,
456,FCP PEGASUS II COMPARTIMENTO DESARROLLO URBANO,514005011,514005,IMPOVENTAS,0,"5019878,62",EquityAndLiabilities,Equity,EquityAttributableToOwnersOfParent,OtherEquityInterest,ProfitLossFromContinuingOperations,ProfitLoss,ProfitLossBeforeTax,ProfitLossFromOperatingActivities,OtherExpenseByNature,,,
456,FCP PEGASUS II COMPARTIMENTO DESARROLLO URBANO,519095999,519095,OTROS,0,"5,39",EquityAndLiabilities,Equity,EquityAttributableToOwnersOfParent,OtherEquityInterest,ProfitLossFromContinuingOperations,ProfitLoss,ProfitLossBeforeTax,ProfitLossFromOperatingActivities,OtherExpenseByNature,,,
456,FCP PEGASUS II COMPARTIMENTO DESARROLLO URBANO,590505010,590505,CANCELACION DE INGRESOS RF,0,-374144510,EquityAndLiabilities,Equity,EquityAttributableToOwnersOfParent,OtherEquityInterest,,,,,,,,
456,FCP PEGASUS II COMPARTIMENTO DESARROLLO URBANO,590505015,590505,CANCELACION DE INGRESOS RV,0,"-96,97",EquityAndLiabilities,Equity,EquityAttributableToOwnersOfParent,OtherEquityInterest,,,,,,,,
456,FCP PEGASUS II COMPARTIMENTO DESARROLLO URBANO,830505010,830505,DEUDORAS POR CONTRA,-43343036780,-43343036822,EquityAndLiabilities,Equity,EquityAttributableToOwnersOfParent,,,,,,,,,
