Compañia,"Desc, compañia",Auxiliar,"Desc, auxiliar",Saldo inicial,Saldo final
3,FONDO DE INVERSION COLETIVA INTERES,111505003,"(FI) PICHINCHA Cta No, 410216321","55919562,97","56339884,94"
3,FONDO DE INVERSION COLETIVA INTERES,111505004,"(FI) PICHINCHA Cta No, 410216369","21719686,68","21719686,68"
3,FONDO DE INVERSION COLETIVA INTERES,111505008,"(FI) BOGOTA Cta No,049216468",239338260,7100090
3,FONDO DE INVERSION COLETIVA INTERES,111505018,"(FI) IRIS FINANCIERA Cta No,100607692719",2063586549,"103677453,7"
3,FONDO DE INVERSION COLETIVA INTERES,111505019,"(FI) BANCOLOMBIA Cta No, 03151519278","220430990,2","224960966,1"
3,FONDO DE INVERSION COLETIVA INTERES,111505020,"(FI) BOGOTA Cta No,049219793","32119916,04","32119916,04"
3,FONDO DE INVERSION COLETIVA INTERES,111505022,"(FI) COOPCENTRAL Cta No, 419009424",170935261,"173723200,2"
3,FONDO DE INVERSION COLETIVA INTERES,111505024,"(FI) BCO DAVIVIENDA Cta No, 482869977652",321001182,331225739
3,FONDO DE INVERSION COLETIVA INTERES,111505025,"(FI) IRIS FINANCIERA Cta No,100173520553",14369590757,21453817060
3,FONDO DE INVERSION COLETIVA INTERES,111505026,"(FI) SERFINANZA Cta No, 212001051872","8561230,11","8941860,78"
3,FONDO DE INVERSION COLETIVA INTERES,111505028,"(FI) BANCOLDEX Cta No, 0000046973",1867716099,1942447219
3,FONDO DE INVERSION COLETIVA INTERES,111505031,"(FI) BCO DAVIVIENDA Cta No, 482800035982",132864765202,75533677971
3,FONDO DE INVERSION COLETIVA INTERES,111505035,"(FI) JP MORGAN Cta No, 2600000084",100000000,100000000
3,FONDO DE INVERSION COLETIVA INTERES,111505038,"(FI) COLPATRIA Cta No, 0131004990","191426776,4","191426776,4"
3,FONDO DE INVERSION COLETIVA INTERES,111505040,"(FI) BNP PARIBAS Cta No,0500100018800173","72596438,54","75586787,53"
3,FONDO DE INVERSION COLETIVA INTERES,111505041,"(FI) BCO CAJA SOCIAL Cta No,24132212302",9495324301,7373480827
3,FONDO DE INVERSION COLETIVA INTERES,111505042,(FI) BCO SANTANDER Cta 100000326,"12144411,99","12651329,41"
3,FONDO DE INVERSION COLETIVA INTERES,111505044,"(FI) BCO SUDAMERIS Cta No, 91000023480",103195822907,55489465677
3,FONDO DE INVERSION COLETIVA INTERES,111505045,"(FI) BANCO W Cta No, 0000100064598200003",13539374111,8629088765
3,FONDO DE INVERSION COLETIVA INTERES,111505046,"(FI) BANCOOMEVA Cta No, 050302983001",39998036060,41562292747
3,FONDO DE INVERSION COLETIVA INTERES,111505047,(FI) BNP PARIBAS Cta No 0500100018800367,"146065,23","152081,85"
3,FONDO DE INVERSION COLETIVA INTERES,111505048,"(FI) BANCO AV VILLAS Cta No, 059040204",7974529674,47238218446
3,FONDO DE INVERSION COLETIVA INTERES,111505049,"(FI) BCO SERFINANZA Cta No, 212001545415",2039666919,4139873420
3,FONDO DE INVERSION COLETIVA INTERES,111505051,"(FI) BANCO ITAU Cta No, 007075634","286806533,1",7204897923
3,FONDO DE INVERSION COLETIVA INTERES,111505055,"(FI) AV VILLAS Cta No,065035206","42112178,78","11061737,49"
3,FONDO DE INVERSION COLETIVA INTERES,111505056,"(FI) BCO PICHINCHA Cta No,411285380",3550455438,3013292843
3,FONDO DE INVERSION COLETIVA INTERES,111505057,"(FI) BCO COLPATRIA Cta No,0072967709",2601416501,4710120950
3,FONDO DE INVERSION COLETIVA INTERES,111505058,"(FI) BCO FALABELLA Cta No,159920000166",4765777590,1337529993
3,FONDO DE INVERSION COLETIVA INTERES,111505059,"(FI) BCO AGRARIO Cta No,408203020911",8877845102,11080128205
3,FONDO DE INVERSION COLETIVA INTERES,111505060,"(FI) BANCO CITIBANK Cta No,5060135055",7999614060,18757609420
3,FONDO DE INVERSION COLETIVA INTERES,111505110,"(FI) BOGOTA Cta No, 049292840",4578377095,2145340342
3,FONDO DE INVERSION COLETIVA INTERES,111505111,"(FI) BCO PICHINCHA Cta No, 410949183","12981391,94","12981391,94"
3,FONDO DE INVERSION COLETIVA INTERES,111505119,"(FI)BANCO CAJA SOCIAL Cta No,21002165133",1030768061,"30699083,71"
3,FONDO DE INVERSION COLETIVA INTERES,111505141,"(FI) BANCOLOMBIA Cta No,12619962499","524470,45","524470,45"
3,FONDO DE INVERSION COLETIVA INTERES,110505110,CAJA GENERAL,0,0
3,FONDO DE INVERSION COLETIVA INTERES,111020001,DEPÓSITOS DE CONTRACCIÓN MONETARIA,0,24030000
3,FONDO DE INVERSION COLETIVA INTERES,111505010,"(FI) OCCIDENTE Cta No,288810997",5180085834,3467787942
3,FONDO DE INVERSION COLETIVA INTERES,111505015,"(FI) BCO DAVIVIENDA Cta No,005069995545",1442826014,1151213557
3,FONDO DE INVERSION COLETIVA INTERES,111505016,"(FI) DAVIVIENDA Cta No,005000219997",4340585544,1486495721
3,FONDO DE INVERSION COLETIVA INTERES,111505021,"(FI) BANCOLOMBIA Cta No, 03152648354","17998683,94","17998683,94"
3,FONDO DE INVERSION COLETIVA INTERES,111505029,"(FI) BCO FINANDINA Cta No, 9990023042","28218445,32","28239719,19"
3,FONDO DE INVERSION COLETIVA INTERES,111505030,"(FI) BCO FINANDINA Cta No, 9990023051",2528150509,4681045391
3,FONDO DE INVERSION COLETIVA INTERES,111505032,"(FI) BCO BOGOTA Cta No, 049335037",16608096956,33634715949
3,FONDO DE INVERSION COLETIVA INTERES,111505033,"(FI) BCO SANTANDER Cta No, 100010895",25234190102,7822274736
3,FONDO DE INVERSION COLETIVA INTERES,111505034,"(FI) BCO OCCIDENTE Cta No, 219885878",202410976024,46731520142
3,FONDO DE INVERSION COLETIVA INTERES,111505036,"(FI) BANCO COOPCENTRA Cta No, 419009626",1646126264,485507002
3,FONDO DE INVERSION COLETIVA INTERES,111505037,"(FI) COLPATRIA Cta No,0132160767",10060172985,"94120032,76"
3,FONDO DE INVERSION COLETIVA INTERES,111505052,"(FI) BANCO POPULAR Cta No, 500805563532",18364482255,3548508386
3,FONDO DE INVERSION COLETIVA INTERES,111505053,"(FI) BANCOLOMBIA Cta No, 69000008134",109949385878,124754527024
3,FONDO DE INVERSION COLETIVA INTERES,111505054,"(FI) ITAU HELM BANK Cta No, 007075999",5653499389,10831739293
3,FONDO DE INVERSION COLETIVA INTERES,111505062,"(FI) BANCO BANCOLDEX Cta No,47074",0,0
3,FONDO DE INVERSION COLETIVA INTERES,111505070,"(FI) ITAU HELM BANK Cta No,007302011","11039342,29","11465741,68"
3,FONDO DE INVERSION COLETIVA INTERES,111505080,"(FI) POPULAR Cta No,066720632","15984307,56","16711301,98"
3,FONDO DE INVERSION COLETIVA INTERES,111505093,"(FI) OCCIDENTE Cta No,288073661","943145212,5","906345703,9"
3,FONDO DE INVERSION COLETIVA INTERES,111505094,"(FI) BANCOLOMBIA Cta No,17854124973",1040058250,1142869359
3,FONDO DE INVERSION COLETIVA INTERES,111505100,"(FI) GNB SUDAMERIS Cta No,90060000070","104125948,7",27242944730
3,FONDO DE INVERSION COLETIVA INTERES,111505118,"(FI) AGRARIO COL Cta No,08200102765",3701722632,3632173545
3,FONDO DE INVERSION COLETIVA INTERES,111505167,"(FI) COLPATRIA Cta No,0131072201","228973410,2","227502570,2"
3,FONDO DE INVERSION COLETIVA INTERES,111505177,"(FI) OCCIDENTE Cta No,288049240","918174172,3","918152662,3"
3,FONDO DE INVERSION COLETIVA INTERES,111505181,"(FI) CITIBANK Cta No,0060135096","23832309,27","23747138,27"
3,FONDO DE INVERSION COLETIVA INTERES,111505183,"(FI) BCO CAJA SOCIAL Cta No, 21003873196","163715256,2","294473508,4"
3,FONDO DE INVERSION COLETIVA INTERES,111505190,"(FI) BANCOLOMBIA Cta No,12606106520","113067489,8","112986744,5"
3,FONDO DE INVERSION COLETIVA INTERES,111505195,"(FI) DAVIVIENDA Cta No,005069999380",13173907601,10802878170
3,FONDO DE INVERSION COLETIVA INTERES,111505320,"(FI) BANCOLOMBIA Cta No,04882033479","325806872,3","92881700,06"
3,FONDO DE INVERSION COLETIVA INTERES,111505322,"(FI) DAVIVIENDA Cta No,005069992096",5565251226,7384716045
3,FONDO DE INVERSION COLETIVA INTERES,111505324,"(FI) AVVILLAS Cta No,059028852",1609904260,2550611640
3,FONDO DE INVERSION COLETIVA INTERES,111505325,"(FI) SUDAMERIS Cta No,100004951",36544566,11053516
3,FONDO DE INVERSION COLETIVA INTERES,111505326,"(FI) BANCOLOMBIA Cta No,03100026963",6949596097,1990472586
3,FONDO DE INVERSION COLETIVA INTERES,111505147,"(FI) AV VILLAS Cta No,065035214","61665687,12","60841302,72"
3,FONDO DE INVERSION COLETIVA INTERES,111505148,"(FI) JP MORGAN Cta, 2600000083",1200813911,7859707507
3,FONDO DE INVERSION COLETIVA INTERES,111505150,"(FI) CORPBANCA Cta No,051006755","6942809,45","7210955,08"
3,FONDO DE INVERSION COLETIVA INTERES,111505155,"(FI) BBVA COLOMBIA S,A, Cta No,401003090","13317200,39","12683635,39"
3,FONDO DE INVERSION COLETIVA INTERES,111505159,CUSTODIO BANCO REPUBLICA,0,0
3,FONDO DE INVERSION COLETIVA INTERES,111505160,"BCO REPUBLICA CTA NO,62250063",0,0
3,FONDO DE INVERSION COLETIVA INTERES,111505196,"(FI) DAVIVIENDA Cta No,005070366637",41226482425,37700907000
3,FONDO DE INVERSION COLETIVA INTERES,111505197,"(FI)BBVA Cta No,895000586",30522137635,23241524586
3,FONDO DE INVERSION COLETIVA INTERES,111505198,"(FI)BBVA Cta No,895000636","21016503,18","14612173,18"
3,FONDO DE INVERSION COLETIVA INTERES,111505202,"(FI) Colpatria Cta Cte No,4521024785","861693323,5","183717773,7"
3,FONDO DE INVERSION COLETIVA INTERES,111505203,"(FI) Colpatria Cta Cte No,4521024793","133020188,3","150318585,1"
3,FONDO DE INVERSION COLETIVA INTERES,111505204,"(FI) Bogotá Cta Cte No,049292014",1125261542,1051111562
3,FONDO DE INVERSION COLETIVA INTERES,111505210,"(FI) CAJA SOCIAL Cta No,24009362523","26124833,79","25936978,93"
3,FONDO DE INVERSION COLETIVA INTERES,111505216,"(FI) AGRARIO Cta Cte No, 308200006572","14064576,4","14064576,4"
3,FONDO DE INVERSION COLETIVA INTERES,111505323,"(FI) ITAU CORPBANCA Cta No,007463540","34085020,93","46249750,48"
3,FONDO DE INVERSION COLETIVA INTERES,111505622,"(FI) DAVIVIENDA Cta No, 005069994324","226617150,5","347933571,5"
3,FONDO DE INVERSION COLETIVA INTERES,111505631,"(FI) AGRARIO Cta No, 408203013514","717158,61","4445347,61"
3,FONDO DE INVERSION COLETIVA INTERES,111505846,"(FI) BOGOTA Cta No, 049265010","21358020,47","21358020,47"
3,FONDO DE INVERSION COLETIVA INTERES,111505847,"(FI) BANCO FALABELLA Cta No,156060093761","461338324,2","474870944,2"
3,FONDO DE INVERSION COLETIVA INTERES,111505848,"(FI) BANCOLOMBIA Cta No,03193322764","459072,02","396437,87"
3,FONDO DE INVERSION COLETIVA INTERES,111505885,"(FI) AGRARIO Cta No,308200007539",245056269,"171768950,9"
3,FONDO DE INVERSION COLETIVA INTERES,111505887,"(FI) BANCO W Cta No, AHO 900064598200002",999997384,999997384
3,FONDO DE INVERSION COLETIVA INTERES,111510001,(FI) Davivienda Panamá CTA:10001016616,0,"16979222,94"
3,FONDO DE INVERSION COLETIVA INTERES,111595010,"(FI) CORFICOLOMBIANA Cta No,2111618",1590664028,2146777770
3,FONDO DE INVERSION COLETIVA INTERES,130115115,OTROS EMISORES NACIONALES,2039855704100,1997426167677
3,FONDO DE INVERSION COLETIVA INTERES,130905105,TÍTULOS DE TESORERÍA -TES,0,0
3,FONDO DE INVERSION COLETIVA INTERES,135105010,DERECHO DE COMPRA SOBRE DIVISAS,0,0
3,FONDO DE INVERSION COLETIVA INTERES,135110010,DERECHO DE VENTA SOBRE DIVISAS,0,0
3,FONDO DE INVERSION COLETIVA INTERES,135135010,OBLIGACIÓN DE VENTA SOBRE DIVISAS,0,0
3,FONDO DE INVERSION COLETIVA INTERES,135305010,DERECHO DE MONEDAS,0,0
3,FONDO DE INVERSION COLETIVA INTERES,135305015,OBLIGACION MONEDAS,0,0
3,FONDO DE INVERSION COLETIVA INTERES,161695001,"(FI) GNB SUDAMERIS Cta No,06000061",0,0
3,FONDO DE INVERSION COLETIVA INTERES,161695010,GMF POR COBRAR,0,8280000
3,FONDO DE INVERSION COLETIVA INTERES,161695011,GASTOS CHEQUES DE GERENCIA,0,0
3,FONDO DE INVERSION COLETIVA INTERES,161695012,"(FI) OCCIDENTE Cau No,288810997","3629734,64","9377256,64"
3,FONDO DE INVERSION COLETIVA INTERES,111505327,"(FI) OCCIDENTE Cta No,288860729","311104850,9","200092601,9"
3,FONDO DE INVERSION COLETIVA INTERES,111505328,"(FI) BBVA Cta No, 895001808","185367883,4","185367883,4"
3,FONDO DE INVERSION COLETIVA INTERES,111505329,"(FI) POPULAR Cta No, 110066127499","596089912,9","440741526,8"
3,FONDO DE INVERSION COLETIVA INTERES,111505395,"(FI) REPUBLICA Cta No,62255468","9944130,8","9749430,78"
3,FONDO DE INVERSION COLETIVA INTERES,111505471,"(FI) POPULAR Cta No,066122755",9682400,0
3,FONDO DE INVERSION COLETIVA INTERES,111505617,"(FI) CITIBANK Cta No,5060135012","77386768,54","82051559,61"
3,FONDO DE INVERSION COLETIVA INTERES,111505621,"(FI) BANCOOMEVA Cta No,050301555601","3357497,98","1323566,97"
3,FONDO DE INVERSION COLETIVA INTERES,111505623,"(FI) BANCOLOMBIA Cta No, 03141946140","153059988,1","222470388,7"
3,FONDO DE INVERSION COLETIVA INTERES,111505624,"(FI) BANCOLOMBIA Cta No, 03147542506","487671,68","482816,1"
3,FONDO DE INVERSION COLETIVA INTERES,111505632,"(FI) CAJA SOCIAL cta No, 21003295006","65899768,53","65899768,53"
3,FONDO DE INVERSION COLETIVA INTERES,111505888,"(FI) BANCO W Cta No,AHO 900064598200001","555723974,3","581431746,9"
3,FONDO DE INVERSION COLETIVA INTERES,122005010,"COMP DE TRANSF DE INV EN OP, SIM",407325380115,700367353728
3,FONDO DE INVERSION COLETIVA INTERES,130105105,TÍTULOS DE TESORERÍA -TES,229441490149,322924752000
3,FONDO DE INVERSION COLETIVA INTERES,135130010,OBLIGACIÓN DE COMPRA SOBRE DIVISAS,0,0
3,FONDO DE INVERSION COLETIVA INTERES,160560001,DEPÓSITOS DE CONTRACCIÓN MONETARIA,0,"34981,21"
3,FONDO DE INVERSION COLETIVA INTERES,161695002,"(FI) Davivienda Panamá Cta, 10001016616",0,"74088,34"
3,FONDO DE INVERSION COLETIVA INTERES,161695004,"(LD) BCO DAVIVIENDA cta No,482800025215","186751,62","181681,49"
3,FONDO DE INVERSION COLETIVA INTERES,161695009,"(FI) BOGOTA Cau No,049216468","1564579,61","60966,82"
3,FONDO DE INVERSION COLETIVA INTERES,161695014,"(FI) CORFICOLOMBIANA Cta No,21110090","306884,85","306884,85"
3,FONDO DE INVERSION COLETIVA INTERES,161695017,"(FI) DAVIVIENDA Cau No,005000219997","1775505,84","378941,25"
3,FONDO DE INVERSION COLETIVA INTERES,161695026,"(FI) SERFINANZA Cta No, 212001051872","55942,54","31696194,45"
3,FONDO DE INVERSION COLETIVA INTERES,161695028,"(FI) BANCOLDEX Cta No, 0000046973","1819299,53","1179004,6"
3,FONDO DE INVERSION COLETIVA INTERES,161695029,"(FI) BCO FINANDINA Cta No, 9990023042","334681,61","327478,8"
3,FONDO DE INVERSION COLETIVA INTERES,161695031,"(FI) BCO DAVIVIENDA Cta No, 482800035982","54348005,26","19255236,36"
3,FONDO DE INVERSION COLETIVA INTERES,161695032,"(FI) BCO BOGOTA Cta No, 049335037","325469605,5","341781490,8"
3,FONDO DE INVERSION COLETIVA INTERES,161695034,"(FI) BCO SANTANDER Cta No, 100010895","24276379,21","25316431,94"
3,FONDO DE INVERSION COLETIVA INTERES,161695036,"(FI) BANCO COOPCENTRA Cta No, 419009626","15727409,15","10805449,54"
3,FONDO DE INVERSION COLETIVA INTERES,161695038,"(FI) COLPATRIA Cau No,0132160767","17080685,26","613732,24"
3,FONDO DE INVERSION COLETIVA INTERES,161695041,"(FI) BNP PARIBAS Cau No,500100018800173","125429,14","171376,1"
3,FONDO DE INVERSION COLETIVA INTERES,161695046,"(FI) BANCOOMEVA Cta No, 050302983001","29097532,8","11885100,39"
3,FONDO DE INVERSION COLETIVA INTERES,161695047,(FI) BNP PARIBAS Cta No 0500100018800367,"87,2","16179,69"
3,FONDO DE INVERSION COLETIVA INTERES,161695048,"(FI) BANCO AV VILLAS Cta No, 059040204","70630466,89","199640744,2"
3,FONDO DE INVERSION COLETIVA INTERES,161695049,"(FI) BCO SERFINANZA Cta No, 212001545415","12167052,44",25378549
3,FONDO DE INVERSION COLETIVA INTERES,161695052,"(FI) BANCO POPULAR Cta No, 500805563532","11340540,38","12205664,95"
3,FONDO DE INVERSION COLETIVA INTERES,161695015,GASTOS VARIOS DE ADMON,"23192008,25","30424120,21"
3,FONDO DE INVERSION COLETIVA INTERES,161695018,"(FI) IRIS FINANCIERA Cta No,100607692719","14535423,57","889163,53"
3,FONDO DE INVERSION COLETIVA INTERES,161695020,"(FI) BCO OCCIDENTE Cta No, 219885878","106091615,6","167467042,4"
3,FONDO DE INVERSION COLETIVA INTERES,161695022,"(FI) COOPCENTRAL Cta No, 419009424","1117409,13","1098779,26"
3,FONDO DE INVERSION COLETIVA INTERES,161695025,"(FI) IRIS FINANCIERA Cta No, 10017352055","101664765,9","139178858,3"
3,FONDO DE INVERSION COLETIVA INTERES,161695030,"(FI) BCO FINANDINA Cta No, 9990023051","66037120,94","67312176,67"
3,FONDO DE INVERSION COLETIVA INTERES,161695039,"(FI) BANCO W Cta No, 0000100064598200003","92697872,63","69516351,55"
3,FONDO DE INVERSION COLETIVA INTERES,161695040,"(FI) BCO CAJA SOCIAL Cta No,24132212302","30269848,77","18397708,65"
3,FONDO DE INVERSION COLETIVA INTERES,161695043,"(FI) BCO SANTANDER Cau No, 100000326","3995811,65","3993547,65"
3,FONDO DE INVERSION COLETIVA INTERES,161695044,"(FI) BCO SUDAMERIS Cta No, 91000023480","237871152,1","335069580,5"
3,FONDO DE INVERSION COLETIVA INTERES,161695045,CUENTA CORRIENTE,0,0
3,FONDO DE INVERSION COLETIVA INTERES,161695050,"(FI) BANCO ITAU Cta No, 007075634","104427,44","31199150,32"
3,FONDO DE INVERSION COLETIVA INTERES,161695058,"(FI) BCO FALABELLA Cta No,159920000166","1827945,54","1195720,8"
3,FONDO DE INVERSION COLETIVA INTERES,161695059,"(FI) BCO AGRARIO Cta No,408203020911","3047718,68","14814421,81"
3,FONDO DE INVERSION COLETIVA INTERES,161695060,"(FI) BANCO CITIBANK Cta No,5060135055","58789859,07","39267784,15"
3,FONDO DE INVERSION COLETIVA INTERES,161695071,"(FI) HELM BANK S A Cau No,007302011","4019,49","10446,81"
3,FONDO DE INVERSION COLETIVA INTERES,161695081,"(FI) POPULAR Cau No,066720632","3276847,57","3287811,51"
3,FONDO DE INVERSION COLETIVA INTERES,161695101,"(FI) GNB SUDAMERIS Cau No,90060000070","754838,87","8217165,36"
3,FONDO DE INVERSION COLETIVA INTERES,161695196,"(FI) DAVIVIENDA Cta Cau No,005070366637","16863591,2","9610810,63"
3,FONDO DE INVERSION COLETIVA INTERES,161695197,"(FI)BBVA Cta Cau No,895000586","1659614,74","631868,86"
3,FONDO DE INVERSION COLETIVA INTERES,161695200,CUENTA CONTROL TRANSFERENCIAS,0,0
3,FONDO DE INVERSION COLETIVA INTERES,161695209,"(FI) CAJA SOCIAL Cau No,24009362523","88231,45","104202,8"
3,FONDO DE INVERSION COLETIVA INTERES,161695618,"(FI) CITIBANK Cau No,5060135012","16020,95","3063823,53"
3,FONDO DE INVERSION COLETIVA INTERES,161695621,"(FI) BANCOOMEVA Cau No, 050301555601","77204,85","76119,25"
3,FONDO DE INVERSION COLETIVA INTERES,161695847,"(FI) FALABELLA Cau No, 156060093761","6642141,1","6840495,41"
3,FONDO DE INVERSION COLETIVA INTERES,161695887,"(FI) BANCO W  Cta Cau No,900064598200001","69068129,76","114943799,3"
3,FONDO DE INVERSION COLETIVA INTERES,161695888,"(FI) BANCO W  Cta Cau No,900064598200001","3850383,54","4684247,18"
3,FONDO DE INVERSION COLETIVA INTERES,161695999,Proveedores,0,0
3,FONDO DE INVERSION COLETIVA INTERES,161695999,Proveedores,0,0
3,FONDO DE INVERSION COLETIVA INTERES,192595001,CALIFICADORA DE VALORES,0,0
3,FONDO DE INVERSION COLETIVA INTERES,249005010,SOBREGIROS,0,0
3,FONDO DE INVERSION COLETIVA INTERES,250110010,COMISION CUSTODIA FIJA,0,0
3,FONDO DE INVERSION COLETIVA INTERES,250110033,COMISION CUSTODIO,"-35830294,18","-31412533,2"
3,FONDO DE INVERSION COLETIVA INTERES,250225018,REINTEGROS GASTOS CUENTA DE RECAUDO,0,0
3,FONDO DE INVERSION COLETIVA INTERES,250295034,MERCADO ELECTRONICO COLOMBIANO (MEC),0,0
3,FONDO DE INVERSION COLETIVA INTERES,250295038,COMISION SAE CUSTODIO,0,0
3,FONDO DE INVERSION COLETIVA INTERES,250295050,OTROS PROVEEDORES,0,0
3,FONDO DE INVERSION COLETIVA INTERES,250305020,RTE FTE PROVEEDORES,0,0
3,FONDO DE INVERSION COLETIVA INTERES,253105003,CUENTA CORRIENTE IBA,0,0
3,FONDO DE INVERSION COLETIVA INTERES,253105110,CUENTA COMPENSACION,-18640900283,-10618432238
3,FONDO DE INVERSION COLETIVA INTERES,253105220,CUENTA DE COMPENSACION DIVISAS,0,0
3,FONDO DE INVERSION COLETIVA INTERES,352510010,PARTICIPACIONES POR IDENTIFICAR,-22954331313,-24248896290
3,FONDO DE INVERSION COLETIVA INTERES,410595001,DEPÓSITOS DE CONTRACCIÓN MONETARIA,0,-1812921981
3,FONDO DE INVERSION COLETIVA INTERES,410705115,OTROS EMISORES NACIONALES,0,-31664792376
3,FONDO DE INVERSION COLETIVA INTERES,411405015,INGRESO POR OP REPO,0,"-803079521,4"
3,FONDO DE INVERSION COLETIVA INTERES,411495004,"(FI) PICHINCHA Cau No, 410216321",0,"-1090982,63"
3,FONDO DE INVERSION COLETIVA INTERES,411495009,"(FI) BOGOTA Cau No,049216468",0,"-8129973,21"
3,FONDO DE INVERSION COLETIVA INTERES,411495013,"(FI) Davivienda Panamá Cta, 10001016616",0,"-19605670,96"
3,FONDO DE INVERSION COLETIVA INTERES,411495017,"(FI) DAVIVIENDA Cau No,005000219997",0,"-157537374,5"
3,FONDO DE INVERSION COLETIVA INTERES,411495019,"(FI) IRIS FINANCIERA Cta No,100607692719",0,"-26444644,56"
3,FONDO DE INVERSION COLETIVA INTERES,411495025,"(FI) IRIS FINANCIERA Cta No, 10017352055",0,"-660810641,6"
3,FONDO DE INVERSION COLETIVA INTERES,411495026,"(FI) SERFINANZA Cta No, 212001051872",0,"-32020882,58"
3,FONDO DE INVERSION COLETIVA INTERES,411495028,"(FI) BANCOLDEX Cta No, 0000046973",0,"-74090825,98"
3,FONDO DE INVERSION COLETIVA INTERES,411495029,"(FI) BCO FINANDINA Cta No, 9990023042",0,"-14071,06"
3,FONDO DE INVERSION COLETIVA INTERES,411495030,"(FI) BCO FINANDINA Cta No, 9990023051",0,"-108896729,4"
3,FONDO DE INVERSION COLETIVA INTERES,411495034,"(FI) BCO SANTANDER Cta No, 100010895",0,"-773901702,6"
3,FONDO DE INVERSION COLETIVA INTERES,411495038,"(FI) COLPATRIA Cau No,0132160767",0,"-18094113,03"
3,FONDO DE INVERSION COLETIVA INTERES,411495039,"(FI) BANCO W Cta No, 0000100064598200003",0,"-626533133,2"
3,FONDO DE INVERSION COLETIVA INTERES,411495040,"(FI) BCO CAJA SOCIAL Cta No,24132212302",0,"-127945286,8"
3,FONDO DE INVERSION COLETIVA INTERES,411495043,(FI) BCO SANTANDER Cau 100000326,0,"-504653,42"
3,FONDO DE INVERSION COLETIVA INTERES,411495044,"(FI) BCO SUDAMERIS Cta No, 91000023480",0,-2740536254
3,FONDO DE INVERSION COLETIVA INTERES,411495046,"(FI) BANCOOMEVA Cta No, 050302983001",0,-1815864945
3,FONDO DE INVERSION COLETIVA INTERES,411495047,(FI) BNP PARIBAS Cta No 0500100018800367,0,"-22109,11"
3,FONDO DE INVERSION COLETIVA INTERES,411495048,"(FI) BANCO AV VILLAS Cta No, 059040204",0,-1277563254
3,FONDO DE INVERSION COLETIVA INTERES,411495049,"(FI) BCO SERFINANZA Cta No, 212001545415",0,"-199703597,1"
3,FONDO DE INVERSION COLETIVA INTERES,411495050,"(FI) BANCO ITAU Cta No, 007075634",0,"-329224429,5"
3,FONDO DE INVERSION COLETIVA INTERES,411495054,"(FI) ITAU HELM BANK Cta No, 007075999",0,"-512399625,9"
3,FONDO DE INVERSION COLETIVA INTERES,411495055,"(FI) BCO PICHINCHA Cta No,411285380",0,"-51445298,45"
3,FONDO DE INVERSION COLETIVA INTERES,161695053,"(FI) BANCOLOMBIA Cta No, 69000008134","30700562,86","19582481,66"
3,FONDO DE INVERSION COLETIVA INTERES,161695054,"(FI) ITAU HELM BANK Cta No, 007075999","2069718,94","2478965,6"
3,FONDO DE INVERSION COLETIVA INTERES,161695055,"(FI) BCO PICHINCHA Cta No,411285380",11111458,"9768450,64"
3,FONDO DE INVERSION COLETIVA INTERES,161695056,"(FI) AV VILLAS Cau No,065035206","-65873855,56","-65987224,27"
3,FONDO DE INVERSION COLETIVA INTERES,161695057,"(FI) BCO COLPATRIA Cta No,0072967709","86316252,23","123669713,7"
3,FONDO DE INVERSION COLETIVA INTERES,161695090,"(FI) JP MORGAN Cau No, 2600000083","536840,18","2111287,69"
3,FONDO DE INVERSION COLETIVA INTERES,161695151,"(FI) CORPBANCA Cau No,051006755","950274,29","954487,07"
3,FONDO DE INVERSION COLETIVA INTERES,161695153,"(FI) MULTIBANK Cau No,200230315804",90000,90000
3,FONDO DE INVERSION COLETIVA INTERES,161695321,"(FI) BANCOLOMBIA Cau No,04882033479","226325,8","105631,58"
3,FONDO DE INVERSION COLETIVA INTERES,161695382,"(FI) CORFICOLOMBIANA Cau No,2111618","2206427,74","4137859,5"
3,FONDO DE INVERSION COLETIVA INTERES,161695619,"(FI)BNP PARIBAS Cau No, 0500100018800270","23790,97","23790,97"
3,FONDO DE INVERSION COLETIVA INTERES,161695631,"(FI) AGRARIO Cau No, 408203013514","132483,86","132540,79"
3,FONDO DE INVERSION COLETIVA INTERES,161695883,"(FI) BANCO W  Cta Cau No, 6900490021","12595803,66","12595803,66"
3,FONDO DE INVERSION COLETIVA INTERES,161695884,"(FI) BANCO W  Cta Cau No, 6900490078",677384,677384
3,FONDO DE INVERSION COLETIVA INTERES,161795020,OTROS,0,10044000
3,FONDO DE INVERSION COLETIVA INTERES,162825010,EN GARANTIA,20585045058,30616045058
3,FONDO DE INVERSION COLETIVA INTERES,192595002,CUENTAS DE DEPOSITO (CUD),0,0
3,FONDO DE INVERSION COLETIVA INTERES,192595003,REVISORIA FISCAL,0,0
3,FONDO DE INVERSION COLETIVA INTERES,250105035,REVISORIA FISCAL,0,0
3,FONDO DE INVERSION COLETIVA INTERES,250105040,CALIFICADORA DE VALORES,0,"-1358089,79"
3,FONDO DE INVERSION COLETIVA INTERES,250110015,COMISION DE ADMINISTRACION,"-255064390,7","-133980702,1"
3,FONDO DE INVERSION COLETIVA INTERES,250295050,OTROS PROVEEDORES,0,0
3,FONDO DE INVERSION COLETIVA INTERES,250305011,RENDIMIENTOS FINANCIEROS CAPITALIZADOS,-15892385,-54351214
3,FONDO DE INVERSION COLETIVA INTERES,250305020,RTE FTE PROVEEDORES,0,0
3,FONDO DE INVERSION COLETIVA INTERES,253105135,DERIVADOS,0,0
3,FONDO DE INVERSION COLETIVA INTERES,352505010,PARTICIPACIONES EN FDO DE INVERSIÓN COLE,-3538552857328,-3703607445031
3,FONDO DE INVERSION COLETIVA INTERES,410355010,REND X COMPROMISOS DE TRANSF OP SIM,0,-35887772571
3,FONDO DE INVERSION COLETIVA INTERES,410705105,TÍTULOS DE TESORERÍA -TES,0,-8695197025
3,FONDO DE INVERSION COLETIVA INTERES,411495012,"(FI) OCCIDENTE Cau No,288810997",0,"-346805740,9"
3,FONDO DE INVERSION COLETIVA INTERES,411495020,"(FI) BCO OCCIDENTE Cta No, 219885878",0,-4309530375
3,FONDO DE INVERSION COLETIVA INTERES,411495022,"(FI) COOPCENTRAL Cta No, 419009424",0,"-3134210,13"
3,FONDO DE INVERSION COLETIVA INTERES,411495031,"(FI) BCO DAVIVIENDA Cta No, 482800035982",0,-4636998756
3,FONDO DE INVERSION COLETIVA INTERES,411495032,"(FI) BCO BOGOTA Cta No, 049335037",0,-1744227121
3,FONDO DE INVERSION COLETIVA INTERES,411495036,"(FI) BANCO COOPCENTRA Cta No, 419009626",0,"-60459557,39"
3,FONDO DE INVERSION COLETIVA INTERES,411495057,"(FI) BCO COLPATRIA Cta No,0072967709",0,"-637474556,4"
3,FONDO DE INVERSION COLETIVA INTERES,411495059,"(FI) BCO AGRARIO Cta No,408203020911",0,"-548947952,1"
3,FONDO DE INVERSION COLETIVA INTERES,411495081,"(FI) POPULAR Cau No,066720632",0,"-737958,36"
3,FONDO DE INVERSION COLETIVA INTERES,411495196,"(FI) DAVIVIENDA Cta Cau No,005070366637",0,-1832069304
3,FONDO DE INVERSION COLETIVA INTERES,411495225,"(FI) CAJA SOCIAL Cau No,24009362523",0,"-578393,49"
3,FONDO DE INVERSION COLETIVA INTERES,411495300,INTERESES TÍTULOS,0,-75208178272
3,FONDO DE INVERSION COLETIVA INTERES,411495382,"(FI) CORFICOLOMBIANA Cau No,2111618",0,"-558135173,8"
3,FONDO DE INVERSION COLETIVA INTERES,411495618,"(FI) CITIBANK Cau No,5060135012",0,-8348498
3,FONDO DE INVERSION COLETIVA INTERES,411495847,"(FI) FALABELLA Cau No, 156060093761",0,"-13730974,31"
3,FONDO DE INVERSION COLETIVA INTERES,412917010,FUTUROS DE MONEDAS,0,0
3,FONDO DE INVERSION COLETIVA INTERES,413515015,UT/PER REEXPRESIÓN OTROS ACTIVOS (DER CO,0,0
3,FONDO DE INVERSION COLETIVA INTERES,413535015,UT/PER REEXPRESIÓN OTROS PASIVOS (OBL VE,0,0
3,FONDO DE INVERSION COLETIVA INTERES,510440010,COMPDE TRANSFERENCIA EN OPER REPO,0,35104500
3,FONDO DE INVERSION COLETIVA INTERES,511325010,COMISION CUSTODIA FIJA,0,"331489385,1"
3,FONDO DE INVERSION COLETIVA INTERES,511512010,GASTOS BANCARIOS,0,"751981136,4"
3,FONDO DE INVERSION COLETIVA INTERES,511548010,"COMISION DE ADMINISTRACION R,F,",0,23721622272
3,FONDO DE INVERSION COLETIVA INTERES,511595010,COMISION BURSATILES,0,"1175874,7"
3,FONDO DE INVERSION COLETIVA INTERES,512505115,OTROS EMISORES NACIONALES,0,2673857375
3,FONDO DE INVERSION COLETIVA INTERES,512917010,PERDIDA FUTUROS DE MONEDAS,0,0
3,FONDO DE INVERSION COLETIVA INTERES,513095010,CALIFICADORA DE VALORES,0,"17036782,47"
3,FONDO DE INVERSION COLETIVA INTERES,513535010,DIFERENCIA EN CAMBIO,0,"367905040,4"
3,FONDO DE INVERSION COLETIVA INTERES,514005010,IMPUESTO A LOS MOVIMIENTOS FINANCIEROS,0,"20844755,75"
3,FONDO DE INVERSION COLETIVA INTERES,514005011,IMPOVENTAS,0,"2287288,69"
3,FONDO DE INVERSION COLETIVA INTERES,519095004,MERCADO ELECTRONICO COLOMBIANO (MEC),0,"4619539,92"
3,FONDO DE INVERSION COLETIVA INTERES,519095999,OTROS,0,"1336,49"
3,FONDO DE INVERSION COLETIVA INTERES,590505020,UTILIDAD/PERDIDA PAGADA EN REDENCIONES,0,141638341545
3,FONDO DE INVERSION COLETIVA INTERES,810505115,OTROS EMISORES NACIONALES,2039855704100,1997426167677
3,FONDO DE INVERSION COLETIVA INTERES,821510010,EN OTROS INSTRUMENTOS FINANCIEROS,0,0
3,FONDO DE INVERSION COLETIVA INTERES,840505010,ACREEDORAS POR CONTRA,402932389025,703067120690
6,FONDO DE INVERSION COLECTIVA ACCIONES GLOBALES,111505001,"(FA) Colpatria Cta No, 0062513018","2547615,38","2617174,69"
6,FONDO DE INVERSION COLECTIVA ACCIONES GLOBALES,111505012,"(FA) BANCO BBVA Cta Ah No, 895000111",82251,82251
6,FONDO DE INVERSION COLECTIVA ACCIONES GLOBALES,111505194,"(FA) DAVIVIENDA Cta No,005070366652","139084246,9","11846796,66"
6,FONDO DE INVERSION COLECTIVA ACCIONES GLOBALES,111505385,"(FA) REPUBLICA Cta No,62255443","1,11","136329,33"
6,FONDO DE INVERSION COLECTIVA ACCIONES GLOBALES,111505492,"(FA) DAVIVIENDA Cta No,005070350797","18868841,44","153595900,2"
3,FONDO DE INVERSION COLETIVA INTERES,411495041,"(FI) BNP PARIBAS Cau No,0500100018800173",0,"-3036295,95"
3,FONDO DE INVERSION COLETIVA INTERES,411495052,"(FI) BANCO POPULAR Cta No, 500805563532",0,-1192166716
3,FONDO DE INVERSION COLETIVA INTERES,411495053,"(FI) BANCOLOMBIA Cta No, 69000008134",0,-1510179598
3,FONDO DE INVERSION COLETIVA INTERES,411495056,"(FI) AV VILLAS Cau No,065035206",0,-1020109
3,FONDO DE INVERSION COLETIVA INTERES,411495058,"(FI) BCO FALABELLA Cta No,159920000166",0,"-348566678,2"
3,FONDO DE INVERSION COLETIVA INTERES,411495060,"(FI) BANCO CITIBANK Cta No,5060135055",0,-260848640
3,FONDO DE INVERSION COLETIVA INTERES,411495071,"(FI) HELM BANK S,A, Cau No,007302011",0,"-432826,71"
3,FONDO DE INVERSION COLETIVA INTERES,411495090,(FI) JP MORGAN Cau 2600000083,0,"-960925543,6"
3,FONDO DE INVERSION COLETIVA INTERES,411495101,"(FI) GNB SUDAMERIS Cau No,90060000070",0,"-12223317,93"
3,FONDO DE INVERSION COLETIVA INTERES,411495151,"(FI) CORPBANCA Cta No,051006755",0,"-272358,28"
3,FONDO DE INVERSION COLETIVA INTERES,411495197,"(FI)BBVA Cta Cau No,895000586",0,-126606425
3,FONDO DE INVERSION COLETIVA INTERES,411495321,"(FI) BANCOLOMBIA Cau No,04882033479",0,-65956292
3,FONDO DE INVERSION COLETIVA INTERES,411495621,"(FI) BANCOOMEVA Cau No, 050301555601",0,"-89879,39"
3,FONDO DE INVERSION COLETIVA INTERES,411495631,"(FI) AGRARIO Cta No, 408203013514",0,"-35086,93"
3,FONDO DE INVERSION COLETIVA INTERES,411495887,"(FI) BANCO W  Cta Cau No,900064598200002",0,"-45875669,58"
3,FONDO DE INVERSION COLETIVA INTERES,411495888,"(FI) BANCO W  Cta Cau No,900064598200001",0,"-26541636,26"
3,FONDO DE INVERSION COLETIVA INTERES,412505105,TÍTULOS DE TESORERÍA -TES,0,-5797107768
3,FONDO DE INVERSION COLETIVA INTERES,412505115,OTROS EMISORES NACIONALES,0,-2598684900
3,FONDO DE INVERSION COLETIVA INTERES,412917020,UTILIDAD DERIVADOS DE MONEDA,0,-103830
3,FONDO DE INVERSION COLETIVA INTERES,413515010,DIFERENCIA EN CAMBIO,0,"-549688877,5"
3,FONDO DE INVERSION COLETIVA INTERES,413535010,REEXPRESION OTROS PASIVOS,0,0
3,FONDO DE INVERSION COLETIVA INTERES,419595030,OTROS,0,"-221922995,5"
3,FONDO DE INVERSION COLETIVA INTERES,510605115,OTROS EMISORES NACIONALES,0,4501579700
3,FONDO DE INVERSION COLETIVA INTERES,512505105,TÍTULOS DE TESORERÍA -TES,0,0
3,FONDO DE INVERSION COLETIVA INTERES,512905010,FORWARDS DE COMPRA DE MONEDAS PESO/DÓLAR,0,62289000
3,FONDO DE INVERSION COLETIVA INTERES,513015003,REVISORIA FISCAL,0,"12429441,91"
3,FONDO DE INVERSION COLETIVA INTERES,519095006,CUENTAS DE DEPOSITO (CUD),0,"2051655,7"
3,FONDO DE INVERSION COLETIVA INTERES,519095007,COMISION SAE CUSTODIO,0,"4543811,33"
3,FONDO DE INVERSION COLETIVA INTERES,590505010,CANCELACION DE INGRESOS RF,0,17908622517
3,FONDO DE INVERSION COLETIVA INTERES,590505015,CANCELACION DE INGRESOS RV,0,"3001,07"
3,FONDO DE INVERSION COLETIVA INTERES,810505105,TÍTULOS DE TESORERÍA -TES,229441490149,322924752000
3,FONDO DE INVERSION COLETIVA INTERES,821505010,EN TITULOS DE TESORERIA - TES,-402932389025,-703067120690
3,FONDO DE INVERSION COLETIVA INTERES,830505010,DEUDORAS POR CONTRA,-2269297194249,-2320350919677
6,FONDO DE INVERSION COLECTIVA ACCIONES GLOBALES,111505003,"(FA) BANCOLOMBIA Cta No, 04882034297","5221475,26","16299782,23"
6,FONDO DE INVERSION COLECTIVA ACCIONES GLOBALES,111505005,"(FA) DAVIVIENDA Cta No,005069993078","3333367,19","3330674,06"
6,FONDO DE INVERSION COLECTIVA ACCIONES GLOBALES,111510156,BCO BOGOTA MIAMI CTA: 90829,"18916897,8","23604093,8"
6,FONDO DE INVERSION COLECTIVA ACCIONES GLOBALES,122005010,"COMP DE TRANSF DE INV EN OP, SIM",0,0
6,FONDO DE INVERSION COLECTIVA ACCIONES GLOBALES,130210200,EMISORES EXTRANJEROS,17047558138,18435808518
6,FONDO DE INVERSION COLECTIVA ACCIONES GLOBALES,135115200,DERECHO DE COMPRA TITULOS,2244156046,0
6,FONDO DE INVERSION COLECTIVA ACCIONES GLOBALES,135115300,DERECHO DE COMPRA TITULOS,0,0
6,FONDO DE INVERSION COLECTIVA ACCIONES GLOBALES,135120300,DERECHO DE VENTA TITULOS,2593240,2593240
6,FONDO DE INVERSION COLECTIVA ACCIONES GLOBALES,135135010,OBLIGACIÓN DE VENTA SOBRE DIVISAS,0,0
6,FONDO DE INVERSION COLECTIVA ACCIONES GLOBALES,135140300,OBLIGACION DE COMPRA TITULOS,5646560,5646560
6,FONDO DE INVERSION COLECTIVA ACCIONES GLOBALES,135145200,OBLIGACION DE VENTA SOBRE TÍTULOS,"-462812518,4",0
6,FONDO DE INVERSION COLECTIVA ACCIONES GLOBALES,135145300,OBLIGACION VENTA TITULOS,0,0
6,FONDO DE INVERSION COLECTIVA ACCIONES GLOBALES,161695004,"(LD) BCO DAVIVIENDA cta No,482800025215","774304,68","777030,67"
6,FONDO DE INVERSION COLECTIVA ACCIONES GLOBALES,161695010,"(FA) BCO OCCIDENTE Cta No, 219886793","391590,69","167026,66"
6,FONDO DE INVERSION COLECTIVA ACCIONES GLOBALES,161695012,"(AA) Davivienda Panam Ah Cta,10001015157","-1102,19","44316,21"
6,FONDO DE INVERSION COLECTIVA ACCIONES GLOBALES,161695034,"(FA) BOGOTA Cau No,049216492","471857,5","204487,21"
6,FONDO DE INVERSION COLECTIVA ACCIONES GLOBALES,161695130,"(FA) ALL FUNDS Cau No, 1110500576003","6921710,23","6238010,13"
6,FONDO DE INVERSION COLECTIVA ACCIONES GLOBALES,161695160,"(FA) OCCIDENTAL BANK Cau No, 509078","1350673,18","1309756,24"
6,FONDO DE INVERSION COLECTIVA ACCIONES GLOBALES,161695194,"(FA) DAVIVIENDA Cta Cau No,005070366652","60416,4","6544,36"
6,FONDO DE INVERSION COLECTIVA ACCIONES GLOBALES,161695494,"(FA) DAVIVIENDA Cau No, 005069994274","582,21","582,21"
6,FONDO DE INVERSION COLECTIVA ACCIONES GLOBALES,161795020,OTROS,0,0
6,FONDO DE INVERSION COLECTIVA ACCIONES GLOBALES,162825010,EN GARANTIA,25224444,164443889
6,FONDO DE INVERSION COLECTIVA ACCIONES GLOBALES,192595002,CUENTAS DE DEPOSITO (CUD),0,"11090,17"
6,FONDO DE INVERSION COLECTIVA ACCIONES GLOBALES,192595003,REVISORIA FISCAL,0,0
6,FONDO DE INVERSION COLECTIVA ACCIONES GLOBALES,225015011,DERECHO COMPRA SOBRE TITULOS,0,0
6,FONDO DE INVERSION COLECTIVA ACCIONES GLOBALES,225020300,DERECHO VENTA TITULOS,0,0
6,FONDO DE INVERSION COLECTIVA ACCIONES GLOBALES,225045300,OBLIGACION VENTA TITULOS,0,0
6,FONDO DE INVERSION COLECTIVA ACCIONES GLOBALES,250105035,Revisoria Fiscal,0,0
6,FONDO DE INVERSION COLECTIVA ACCIONES GLOBALES,250110015,COMISION DE ADMINISTRACION,"-1697482,3","-797288,18"
6,FONDO DE INVERSION COLECTIVA ACCIONES GLOBALES,250295037,CUENTAS DE DEPOSITO (CUD),0,0
6,FONDO DE INVERSION COLECTIVA ACCIONES GLOBALES,250295038,COMISION SAE CUSTODIO,0,0
6,FONDO DE INVERSION COLECTIVA ACCIONES GLOBALES,250295050,OTROS PROVEEDORES,0,0
6,FONDO DE INVERSION COLECTIVA ACCIONES GLOBALES,253105110,CUENTA COMPENSACION,"-380822292,8","-380822292,8"
6,FONDO DE INVERSION COLECTIVA ACCIONES GLOBALES,253105220,CUENTA DE COMPENSACION DIVISAS,0,0
6,FONDO DE INVERSION COLECTIVA ACCIONES GLOBALES,352505010,PARTICIPACIONES EN FDO DE INVERSIÓN COLE,-21505217306,-20222173386
6,FONDO DE INVERSION COLECTIVA ACCIONES GLOBALES,111505006,"(FA) BCO BOGOTÁ Cta No,049335045","52627887,61","4403996,61"
6,FONDO DE INVERSION COLECTIVA ACCIONES GLOBALES,111505007,"(FA) BANCOLOMBIA Cta No,69000008135","234280671,5","43375908,49"
6,FONDO DE INVERSION COLECTIVA ACCIONES GLOBALES,111505008,"(FA) BANCO COLPATRIA Cta No,0072967710","112224409,1","8424710,7"
6,FONDO DE INVERSION COLECTIVA ACCIONES GLOBALES,111505010,"(FA) BCO OCCIDENTE Cta No, 219886793","611769570,7","126042624,3"
6,FONDO DE INVERSION COLECTIVA ACCIONES GLOBALES,111505033,"(FA) BOGOTA Cta No,049216492","69355284,5","21863055,5"
6,FONDO DE INVERSION COLECTIVA ACCIONES GLOBALES,111505035,"(FA) OCCIDENTE Cta No,288821390","27145426,13","25639225,73"
6,FONDO DE INVERSION COLECTIVA ACCIONES GLOBALES,111505106,"(FA) BANCOLOMBIA Cta No,17854125032","5807226,48","4141,74"
6,FONDO DE INVERSION COLECTIVA ACCIONES GLOBALES,111505159,CUSTODIO BANCO REPUBLICA,0,0
6,FONDO DE INVERSION COLECTIVA ACCIONES GLOBALES,111510001,(AA) Davivienda Panam Ah Cta:10001015157,21800607,"20223099,89"
6,FONDO DE INVERSION COLECTIVA ACCIONES GLOBALES,111510130,ALL FUNDS CTA: 1110500576003,"5476470,1","3595804,92"
6,FONDO DE INVERSION COLECTIVA ACCIONES GLOBALES,111510154,CITIBANK NEW YORK CTA: 27075100,2585916598,"50497242,59"
6,FONDO DE INVERSION COLECTIVA ACCIONES GLOBALES,111510155,BANCOLOMBIA PANAMA CTA: 80100008440,"22205883,21","20367167,4"
6,FONDO DE INVERSION COLECTIVA ACCIONES GLOBALES,111510160,OCCIDENTAL BANK BARBADOS CTA: 509078,"22519186,11","20623646,9"
6,FONDO DE INVERSION COLECTIVA ACCIONES GLOBALES,111510999,OCCIDENTAL COLOMBIA CTA PUENTE,0,0
6,FONDO DE INVERSION COLECTIVA ACCIONES GLOBALES,130205300,EMISORES  NACIONALES,-388079955,"169091707,9"
6,FONDO DE INVERSION COLECTIVA ACCIONES GLOBALES,130205300,EMISORES  NACIONALES,880278915,880278915
6,FONDO DE INVERSION COLECTIVA ACCIONES GLOBALES,135105010,DERECHO DE COMPRA SOBRE DIVISAS,0,0
6,FONDO DE INVERSION COLECTIVA ACCIONES GLOBALES,135110010,DERECHO DE VENTA SOBRE DIVISAS,0,0
6,FONDO DE INVERSION COLECTIVA ACCIONES GLOBALES,135120200,DERECHO DE VENTA SOBRE TÍTULOS,"464327748,8",0
6,FONDO DE INVERSION COLECTIVA ACCIONES GLOBALES,135120300,DERECHO DE VENTA TITULOS,-2593240,-2593240
6,FONDO DE INVERSION COLECTIVA ACCIONES GLOBALES,135130010,OBLIGACIÓN DE COMPRA SOBRE DIVISAS,0,0
6,FONDO DE INVERSION COLECTIVA ACCIONES GLOBALES,135140200,OBLIGACION DE COMPRA TITULOS,-2241207076,0
6,FONDO DE INVERSION COLECTIVA ACCIONES GLOBALES,135140300,OBLIGACION DE COMPRA TITULOS,-5646560,-5646560
6,FONDO DE INVERSION COLECTIVA ACCIONES GLOBALES,135305010,DERECHO DE MONEDAS,3050452000,1731248000
6,FONDO DE INVERSION COLECTIVA ACCIONES GLOBALES,135305015,OBLIGACION MONEDAS,-3050452000,-1731248000
6,FONDO DE INVERSION COLECTIVA ACCIONES GLOBALES,161695002,"(FA) BANCOLOMBIA Cta No,69000008135","61317,06","116711,33"
6,FONDO DE INVERSION COLECTIVA ACCIONES GLOBALES,161695005,"(FA) DAVIVIENDA Cta No, 482800035990","95214,27","95214,27"
6,FONDO DE INVERSION COLECTIVA ACCIONES GLOBALES,161695007,"(FA) BCO BOGOTÁ Cta No,049335045","343894,53","34494,93"
6,FONDO DE INVERSION COLECTIVA ACCIONES GLOBALES,161695008,"(FA) BANCO COLPATRIA Cta No,0072967710","724512,33","59596,27"
6,FONDO DE INVERSION COLECTIVA ACCIONES GLOBALES,161695015,GASTOS VARIOS DE ADMON,0,"-137838,4"
6,FONDO DE INVERSION COLECTIVA ACCIONES GLOBALES,161695018,"(FA) Colpatria Cta Cau No, 0062513018","27589,12","29253,41"
6,FONDO DE INVERSION COLECTIVA ACCIONES GLOBALES,161695036,"(FA) OCCIDENTE Cau No,288821390","406102,67","423520,8"
6,FONDO DE INVERSION COLECTIVA ACCIONES GLOBALES,161695045,CUENTA CORRIENTE,"3950107,77","85958310,12"
6,FONDO DE INVERSION COLECTIVA ACCIONES GLOBALES,352510010,PARTICIPACIONES POR IDENTIFICAR,"-231885,82","-233805,11"
6,FONDO DE INVERSION COLECTIVA ACCIONES GLOBALES,410355010,REND X COMPROMISOS DE TRANSF OP SIM,0,"-3255089,86"
6,FONDO DE INVERSION COLECTIVA ACCIONES GLOBALES,410805300,EMISORES NACIONALES,0,"-110244388,9"
6,FONDO DE INVERSION COLECTIVA ACCIONES GLOBALES,411495007,"(FA) BCO BOGOTÁ Cta No,049335045",0,"-1466709,4"
6,FONDO DE INVERSION COLECTIVA ACCIONES GLOBALES,411495008,"(FA) BANCO COLPATRIA Cta No,0072967710",0,"-2072094,55"
6,FONDO DE INVERSION COLECTIVA ACCIONES GLOBALES,411495010,"(FA) BCO OCCIDENTE Cta No, 219886793",0,"-9275109,72"
6,FONDO DE INVERSION COLECTIVA ACCIONES GLOBALES,411495012,"(AA) Davivienda Panam Ah Cta,10001015157",0,"-321206,67"
6,FONDO DE INVERSION COLECTIVA ACCIONES GLOBALES,411495036,"(FA) OCCIDENTE Cau No,288821390",0,"-2527748,19"
6,FONDO DE INVERSION COLECTIVA ACCIONES GLOBALES,411495130,"(FA) ALL FUNDS Cau No, 1110500576003",0,"-23574,8"
6,FONDO DE INVERSION COLECTIVA ACCIONES GLOBALES,411495492,"(FA) DAVIVIENDA Cta No,5070350797",0,"-1444714,55"
6,FONDO DE INVERSION COLECTIVA ACCIONES GLOBALES,412917010,FUTUROS DE MONEDAS,0,-91178000
6,FONDO DE INVERSION COLECTIVA ACCIONES GLOBALES,412917020,UTILIDAD DERIVADOS DE MONEDA,0,"-208414020,6"
6,FONDO DE INVERSION COLECTIVA ACCIONES GLOBALES,413515010,REEXPRESION DE ACTIVOS,0,"-110295001,1"
6,FONDO DE INVERSION COLECTIVA ACCIONES GLOBALES,413535010,REEXPRESION OTROS PASIVOS,0,0
6,FONDO DE INVERSION COLECTIVA ACCIONES GLOBALES,419595999,OTROS,0,"-3,96"
6,FONDO DE INVERSION COLECTIVA ACCIONES GLOBALES,510805200,EMISORES EXTRANJEROS,0,1396444712
6,FONDO DE INVERSION COLECTIVA ACCIONES GLOBALES,511325002,COMISION CUSTODIA VARIABLE,0,"8004571,05"
6,FONDO DE INVERSION COLECTIVA ACCIONES GLOBALES,511325010,COMISION CUSTODIA FIJA,0,"1149064,49"
6,FONDO DE INVERSION COLECTIVA ACCIONES GLOBALES,511595070,COMISIONES OP DEL EXTERIOR,0,"4877653,98"
6,FONDO DE INVERSION COLECTIVA ACCIONES GLOBALES,513015003,REVISORIA FISCAL,0,"13093593,08"
6,FONDO DE INVERSION COLECTIVA ACCIONES GLOBALES,513535010,REEXPRESION ACTIVOS,0,"116670200,6"
6,FONDO DE INVERSION COLECTIVA ACCIONES GLOBALES,514005010,IMPUESTO A LOS MOVIMIENTOS FINANCIEROS,0,"63247,61"
6,FONDO DE INVERSION COLECTIVA ACCIONES GLOBALES,519095006,CUENTAS DE DEPOSITO (CUD),0,"2054812,75"
6,FONDO DE INVERSION COLECTIVA ACCIONES GLOBALES,590505015,CANCELACION DE INGRESOS RV,0,"20864928,29"
6,FONDO DE INVERSION COLECTIVA ACCIONES GLOBALES,821505010,EN TITULOS DE TESORERIA - TES,0,0
10,FIC DIVERSIFICADO MODERADO,111505004,"(DM) OCCIDENTE Cta No, 219885894",1769607608,"844860769,3"
10,FIC DIVERSIFICADO MODERADO,111505006,"(DM) BANCO COLPATRIA Cta No, 0072967712","53107350,39","55002435,44"
10,FIC DIVERSIFICADO MODERADO,111505147,"(FR) DAVIVIENDA Cta No, 005069993326",2001000,2382176
10,FIC DIVERSIFICADO MODERADO,111505193,"(BA) BCO BOGOTA Cta Ah No, 049280159",6238289,6510736
10,FIC DIVERSIFICADO MODERADO,111505196,"(EA) DAVIVIENDA Cta Cte, No 005069993052","89155543,4","49142077,73"
10,FIC DIVERSIFICADO MODERADO,111510130,ALL FUNDS CTA: 1160500576000,"13271922,61","3523444,3"
10,FIC DIVERSIFICADO MODERADO,111510666,"OCCIDENTAL CTA, TRANSITO COLOMBIA",0,0
10,FIC DIVERSIFICADO MODERADO,130115115,OTROS EMISORES NACIONALES,14671966750,8503222800
10,FIC DIVERSIFICADO MODERADO,130205300,EMISORES  NACIONALES,5000067239,5117515395
6,FONDO DE INVERSION COLECTIVA ACCIONES GLOBALES,161695197,"(FA) BBVA Cau No, 895000610","31341,5","31341,5"
6,FONDO DE INVERSION COLECTIVA ACCIONES GLOBALES,161695255,"(FA) Bancol pan Cau No, 80100008440","18367,84","16557,6"
6,FONDO DE INVERSION COLECTIVA ACCIONES GLOBALES,161695491,"(FA) POPULAR Cau No,220063102297","36,57","36,57"
6,FONDO DE INVERSION COLECTIVA ACCIONES GLOBALES,161695492,"(FA) DAVIVIENDA Cau No,5070350797","18896,63","50333,43"
6,FONDO DE INVERSION COLECTIVA ACCIONES GLOBALES,161695999,PROVEEDORES,0,0
6,FONDO DE INVERSION COLECTIVA ACCIONES GLOBALES,225040011,OBLIGACION DE COMPRA SOBRE TITULOS,0,0
6,FONDO DE INVERSION COLECTIVA ACCIONES GLOBALES,250110010,COMISION CUSTODIA FIJA,0,0
6,FONDO DE INVERSION COLECTIVA ACCIONES GLOBALES,250110033,COMISION CUSTODIO,-85000,-195000
6,FONDO DE INVERSION COLECTIVA ACCIONES GLOBALES,250295034,MERCADO ELECTRONICO COLOMBIANO (MEC),0,0
6,FONDO DE INVERSION COLECTIVA ACCIONES GLOBALES,250305011,RENDIMIENTOS FINANCIEROS CAPITALIZADOS,-3726,0
6,FONDO DE INVERSION COLECTIVA ACCIONES GLOBALES,250305020,RTE FTE PROVEEDORES,0,0
6,FONDO DE INVERSION COLECTIVA ACCIONES GLOBALES,253105003,CUENTA CORRIENTE IBA,0,0
6,FONDO DE INVERSION COLECTIVA ACCIONES GLOBALES,253105110,CUENTA COMPENSACION,"364381621,5","304912239,9"
6,FONDO DE INVERSION COLECTIVA ACCIONES GLOBALES,253105135,CUMPLIMIENTO DERIVADOS,-20601000,-2323500
6,FONDO DE INVERSION COLECTIVA ACCIONES GLOBALES,410805200,EMISORES EXTRANJEROS,0,-1331054101
6,FONDO DE INVERSION COLECTIVA ACCIONES GLOBALES,411405015,INGRESO POR OP REPO,0,"-2590772,81"
6,FONDO DE INVERSION COLECTIVA ACCIONES GLOBALES,411415020,DIVIDENDOS,0,-3749830
6,FONDO DE INVERSION COLECTIVA ACCIONES GLOBALES,411495002,"(FA) BANCOLOMBIA Cta No,69000008135",0,"-1397460,75"
6,FONDO DE INVERSION COLECTIVA ACCIONES GLOBALES,411495004,"(FA) BANCOLOMBIA Cau No,04882034297",0,"-179457,62"
6,FONDO DE INVERSION COLECTIVA ACCIONES GLOBALES,411495018,"(FA) Colpatria Cta No, 0062513018",0,"-97920,06"
6,FONDO DE INVERSION COLECTIVA ACCIONES GLOBALES,411495034,"(FA) BOGOTA Cau No,049216492",0,"-2240590,71"
6,FONDO DE INVERSION COLECTIVA ACCIONES GLOBALES,411495160,"(FA) OCCIDENTAL BANK Cau No, 509078",0,"-80573,78"
6,FONDO DE INVERSION COLECTIVA ACCIONES GLOBALES,411495194,"(FA) DAVIVIENDA Cta Cau No,005070366652",0,"-4942298,23"
6,FONDO DE INVERSION COLECTIVA ACCIONES GLOBALES,411495255,CAUS  BANCOLOMBIA PANAMA 80100008440 AHO,0,"-34986,12"
6,FONDO DE INVERSION COLECTIVA ACCIONES GLOBALES,411495999,OTROS,0,"-2,66"
6,FONDO DE INVERSION COLECTIVA ACCIONES GLOBALES,412510200,EMISORES EXTRANJEROS,0,"-465676075,7"
6,FONDO DE INVERSION COLECTIVA ACCIONES GLOBALES,413515015,UT/PER REEXPRESIÓN OTROS ACTIVOS (DER CO,0,-717600
6,FONDO DE INVERSION COLECTIVA ACCIONES GLOBALES,413535015,UT/PER REEXPRESIÓN OTROS PASIVOS (OBL VE,0,-1210100
6,FONDO DE INVERSION COLECTIVA ACCIONES GLOBALES,419595025,PENALIZACIONES,0,"-81314,93"
6,FONDO DE INVERSION COLECTIVA ACCIONES GLOBALES,511512010,GASTOS BANCARIOS,0,"5449128,97"
6,FONDO DE INVERSION COLECTIVA ACCIONES GLOBALES,511548010,"COMISION DE ADMINISTRACION R,F,",0,"152643136,5"
6,FONDO DE INVERSION COLECTIVA ACCIONES GLOBALES,512510200,EMISORES EXTRANJEROS,0,219329374
6,FONDO DE INVERSION COLECTIVA ACCIONES GLOBALES,512917010,PERDIDA FUTUROS DE MONEDAS,0,"52270499,77"
6,FONDO DE INVERSION COLECTIVA ACCIONES GLOBALES,512917020,VALORACION FUTUROS DE MONEDAS,0,"183850500,1"
6,FONDO DE INVERSION COLECTIVA ACCIONES GLOBALES,513535015,UT/PER REEXPRESIÓN OTROS PASIVOS (OBL VE,0,554280
6,FONDO DE INVERSION COLECTIVA ACCIONES GLOBALES,514005011,IMPOVENTAS,0,"2585963,28"
6,FONDO DE INVERSION COLECTIVA ACCIONES GLOBALES,519095004,MERCADO ELECTRONICO COLOMBIANO (MEC),0,"246896,67"
6,FONDO DE INVERSION COLECTIVA ACCIONES GLOBALES,519095007,SAE CUSTODIO,0,"111072,46"
6,FONDO DE INVERSION COLECTIVA ACCIONES GLOBALES,519095999,OTROS,0,"6,16"
6,FONDO DE INVERSION COLECTIVA ACCIONES GLOBALES,590505010,CANCELACION DE INGRESOS RF,0,"150279559,9"
6,FONDO DE INVERSION COLECTIVA ACCIONES GLOBALES,590505020,UTILIDAD/PERDIDA PAGADA EN REDENCIONES,0,"24027545,54"
6,FONDO DE INVERSION COLECTIVA ACCIONES GLOBALES,810505205,EMISORES NACIONALES,492198960,1049370623
6,FONDO DE INVERSION COLECTIVA ACCIONES GLOBALES,810505210,EMISORES EXTRANJEROS,17047558138,18435808518
6,FONDO DE INVERSION COLECTIVA ACCIONES GLOBALES,830505010,DEUDORAS POR CONTRA,-17539757098,-19485179141
6,FONDO DE INVERSION COLECTIVA ACCIONES GLOBALES,840505010,ACREEDORAS POR CONTRA,0,0
10,FIC DIVERSIFICADO MODERADO,111505001,"(DM) DAVIVIENDA Cta No,482800036014","46444395,81",1810456621
10,FIC DIVERSIFICADO MODERADO,111505002,"(DM) BCO BOGOTA Cta No,049335060","308267204,2","97984450,49"
10,FIC DIVERSIFICADO MODERADO,111505005,"(DM) BANCOLOMBIA Cta No, 69000008137","221966541,9","733629555,3"
10,FIC DIVERSIFICADO MODERADO,111505087,"(FR) BANCOLOMBIA Cta No,04882034670","22118161,24","36300878,88"
10,FIC DIVERSIFICADO MODERADO,111505115,"(BA) BANCO COLPATRIA Cta No,0062513021","6337783,65","6337783,65"
10,FIC DIVERSIFICADO MODERADO,111505140,"(FR) BANCOLOMBIA Cta No,17854124724","129637571,1","26851939,46"
10,FIC DIVERSIFICADO MODERADO,111505142,"(FR) OCCIDENTE Cta No, 288854078","2641823,64","313210329,3"
10,FIC DIVERSIFICADO MODERADO,111505144,"(BA) DAVIVIENDA Cta No, 5070361620","15723275,64",206248004
10,FIC DIVERSIFICADO MODERADO,111505192,"(BA) DAVIVIENDA Cta No,005070366645","6704040,04","8494023,46"
10,FIC DIVERSIFICADO MODERADO,111505390,"(FR) REPUBLICA Cta No,62255450","188019,66","188019,69"
10,FIC DIVERSIFICADO MODERADO,111510001,Davivienda Panama AH CTA: 10001015160,"168216907,6","149572467,3"
10,FIC DIVERSIFICADO MODERADO,111510125,CITIBANK NEW YORK CTA: 27075300,"54987758,76","521569028,6"
10,FIC DIVERSIFICADO MODERADO,111510140,BANCOLOMBIA PANAMA CTA: 80100007240,"21788058,44",16656370
10,FIC DIVERSIFICADO MODERADO,111510145,BANCO DE BOGOTA MIAMI CTA: 79681,"24251951,4","25135263,15"
10,FIC DIVERSIFICADO MODERADO,111510150,OCCIDENTAL BANK BARBADOS CTA: 509086,"23820638,54","28611189,5"
10,FIC DIVERSIFICADO MODERADO,122005010,"COMP DE TRANSF DE INV EN OP, SIM",0,0
10,FIC DIVERSIFICADO MODERADO,130105105,TÍTULOS DE TESORERÍA -TES,22627499645,17701764450
10,FIC DIVERSIFICADO MODERADO,130210200,EMISORES EXTRANJEROS,18677845883,15548348626
10,FIC DIVERSIFICADO MODERADO,135105010,DERECHO DE COMPRA SOBRE DIVISAS,0,0
10,FIC DIVERSIFICADO MODERADO,135115300,DERECHO DE COMPRA TITULOS,0,91640000
10,FIC DIVERSIFICADO MODERADO,135120200,DERECHO DE VENTA SOBRE TÍTULOS,0,0
10,FIC DIVERSIFICADO MODERADO,135120300,DERECHO DE VENTA TITULOS,0,0
10,FIC DIVERSIFICADO MODERADO,135135010,OBLIGACIÓN DE VENTA SOBRE DIVISAS,0,0
10,FIC DIVERSIFICADO MODERADO,130210300,EMISORES EXTRANJEROS,0,0
10,FIC DIVERSIFICADO MODERADO,135110010,DERECHO DE VENTA SOBRE DIVISAS,0,0
10,FIC DIVERSIFICADO MODERADO,135115200,DERECHO DE COMPRA TITULOS,0,0
10,FIC DIVERSIFICADO MODERADO,135130010,OBLIGACIÓN DE COMPRA SOBRE DIVISAS,0,0
10,FIC DIVERSIFICADO MODERADO,135305010,DERECHO DE MONEDAS,5128484000,3639898000
10,FIC DIVERSIFICADO MODERADO,135305015,OBLIGACION DE MONEDAS,-5128484000,-3639898000
10,FIC DIVERSIFICADO MODERADO,161695001,"(DM) DAVIVIENDA Cta No,482800036014","49834,28","492362,5"
10,FIC DIVERSIFICADO MODERADO,161695002,"(DM) BCO BOGOTA Cta No,049335060","2014355,64","767454,54"
10,FIC DIVERSIFICADO MODERADO,161695005,"(DM) BANCOLOMBIA Cta No, 69000008137","57275,69","302374,44"
10,FIC DIVERSIFICADO MODERADO,161695007,"(DM) Davivienda Panama CTA, 10001015160",0,"337378,12"
10,FIC DIVERSIFICADO MODERADO,161695015,GASTOS VARIOS DE ADMON,0,0
10,FIC DIVERSIFICADO MODERADO,161695025,Retención en la fuente,0,"290733,52"
10,FIC DIVERSIFICADO MODERADO,161695045,CUENTA CORRIENTE,0,"3081745,64"
10,FIC DIVERSIFICADO MODERADO,161695124,"(EA) Bco Popular cau No, 220066149154","152,29","152,29"
10,FIC DIVERSIFICADO MODERADO,161695130,"ALL FUNDS Cau, 1160500576000 CTE","13304362,32","12212191,41"
10,FIC DIVERSIFICADO MODERADO,161695143,"(FR) BBVA Cau No, 870002821","1574,28","1574,28"
10,FIC DIVERSIFICADO MODERADO,161695149,"(EA) Bco Citibank Cau No, 5082432118","146468,28","146468,28"
10,FIC DIVERSIFICADO MODERADO,161695192,"(BA) DAVIVIENDA Cta Cau No,005070366645","24420,16","23843,2"
10,FIC DIVERSIFICADO MODERADO,161695193,"(BA) BCO BOGOTA Cau No, 049280159","281366,21","291595,61"
10,FIC DIVERSIFICADO MODERADO,161695197,"(BA) BBVA Cta Cau No,895000594","1120,84","1120,84"
10,FIC DIVERSIFICADO MODERADO,225040011,OBLIGACION DE COMPRA SOBRE TITULOS,-645967500,0
10,FIC DIVERSIFICADO MODERADO,250110033,COMISION CUSTODIO,"-1555511,58","-1516133,61"
10,FIC DIVERSIFICADO MODERADO,250110037,COMISION CUENTA (CUD,0,0
10,FIC DIVERSIFICADO MODERADO,250295034,MERCADO ELECTRONICO COLOMBIANO (MEC),0,0
10,FIC DIVERSIFICADO MODERADO,250305011,RENDIMIENTOS FINANCIEROS CAPITALIZADOS,0,-199
10,FIC DIVERSIFICADO MODERADO,253105003,CUENTA CORRIENTE IBA,0,0
10,FIC DIVERSIFICADO MODERADO,253105024,COMPENSACION DERIVADOS,0,0
10,FIC DIVERSIFICADO MODERADO,253105110,CUENTA COMPENSACION,"-71314266,62","-133355397,3"
10,FIC DIVERSIFICADO MODERADO,410705115,OTROS EMISORES NACIONALES,0,-211351900
10,FIC DIVERSIFICADO MODERADO,410805200,EMISORES EXTRANJEROS,0,"-97125932,84"
10,FIC DIVERSIFICADO MODERADO,411405015,INGRESO POR OP REPO,0,"-8434395,99"
10,FIC DIVERSIFICADO MODERADO,411415020,DIVIDENDOS,0,"-51390274,48"
10,FIC DIVERSIFICADO MODERADO,411495002,"(DM) BCO BOGOTA Cta No,049335060",0,"-10028370,9"
10,FIC DIVERSIFICADO MODERADO,411495005,"(DM) BANCOLOMBIA Cta No, 69000008137",0,"-4142404,18"
10,FIC DIVERSIFICADO MODERADO,411495006,"(DM) BANCO COLPATRIA Cta No, 0072967712",0,"-2324366,8"
10,FIC DIVERSIFICADO MODERADO,411495015,RENDIMIENTOS INVERSIONES EN FICS,0,"-40439349,49"
10,FIC DIVERSIFICADO MODERADO,411495040,"(EA) Bancolombia cau No, 80100007240",0,"-26471,98"
10,FIC DIVERSIFICADO MODERADO,411495088,"(FR) BANCOLOMBIA Cau No,04882034670",0,"-478384,37"
10,FIC DIVERSIFICADO MODERADO,411495115,"(BA) BANCO COLPATRIA Cau No,0062513021",0,"-238990,59"
10,FIC DIVERSIFICADO MODERADO,411495142,"(FR) OCCIDENTES Cau No, 288854078",0,"-46129945,72"
10,FIC DIVERSIFICADO MODERADO,411495300,INTERESES TÍTULOS,0,-1236336479
10,FIC DIVERSIFICADO MODERADO,411495999,OTROS,0,"-132869,53"
10,FIC DIVERSIFICADO MODERADO,412505115,OTROS EMISORES NACIONALES,0,-465000
10,FIC DIVERSIFICADO MODERADO,412510200,EMISORES EXTRANJEROS,0,-348016652
10,FIC DIVERSIFICADO MODERADO,413515010,POR REEXPRESION DE OTROS ACTIVOS,0,"-218121160,3"
10,FIC DIVERSIFICADO MODERADO,413515015,UT/PER REEXPRESIÓN OTROS ACTIVOS (DER CO,0,-559850
10,FIC DIVERSIFICADO MODERADO,413535010,REEXPRESIÓN OTROS PASIVOS (OBL VENTA DIV,0,0
10,FIC DIVERSIFICADO MODERADO,413535015,UT/PER REEXPRESIÓN OTROS PASIVOS (OBL VE,0,-1946250
10,FIC DIVERSIFICADO MODERADO,419595025,PENALIZACIONES,0,0
10,FIC DIVERSIFICADO MODERADO,510605105,TÍTULOS DE TESORERÍA -TES,0,"989143063,2"
10,FIC DIVERSIFICADO MODERADO,511512010,GASTOS BANCARIOS,0,"10996731,92"
10,FIC DIVERSIFICADO MODERADO,511548010,"COMISION DE ADMINISTRACION R,F,",0,"480225354,3"
10,FIC DIVERSIFICADO MODERADO,512505105,TÍTULOS DE TESORERÍA -TES,0,"2466817,73"
10,FIC DIVERSIFICADO MODERADO,512505115,OTROS EMISORES NACIONALES,0,3263850
10,FIC DIVERSIFICADO MODERADO,512510200,EMISORES EXTRANJEROS,0,"223838782,3"
10,FIC DIVERSIFICADO MODERADO,512917010,PERDIDA FUTUROS DE MONEDAS,0,152889500
10,FIC DIVERSIFICADO MODERADO,512917020,VALORACION FUTUROS DE MONEDAS,0,301465000
10,FIC DIVERSIFICADO MODERADO,514005011,IMPOVENTAS,0,"1448806,8"
10,FIC DIVERSIFICADO MODERADO,519095004,MERCADO ELECTRONICO COLOMBIANO (MEC),0,"3476825,38"
10,FIC DIVERSIFICADO MODERADO,519095006,CUENTA DE DEPOSITO (CUD),0,"2051655,7"
10,FIC DIVERSIFICADO MODERADO,519095007,SAE CUSTODIO,0,"131965,29"
10,FIC DIVERSIFICADO MODERADO,519095999,OTROS,0,"114,38"
10,FIC DIVERSIFICADO MODERADO,590505010,CANCELACION DE INGRESOS RF,0,1032020898
10,FIC DIVERSIFICADO MODERADO,590505020,UTILIDAD/PERDIDA PAGADA EN REDENCIONES,0,2047417554
10,FIC DIVERSIFICADO MODERADO,810505205,OTROS,3015928563,3119030653
10,FIC DIVERSIFICADO MODERADO,810505210,EMISORES EXTRANJEROS,18677845883,15548348626
10,FIC DIVERSIFICADO MODERADO,830505010,DEUDORAS POR CONTRA,-58993240841,-44872366529
10,FIC DIVERSIFICADO MODERADO,840505010,ACREEDORAS POR CONTRA,0,0
133,FCP CORREDORES CAPITAL  I,111505130,"(CP) BANCOLOMBIA Cta No,69000001707","804,13","818,26"
133,FCP CORREDORES CAPITAL  I,130205300,EMISORES  NACIONALES,451771145671,460297071629
133,FCP CORREDORES CAPITAL  I,161695015,GASTOS VARIOS DE ADMON,0,"13,11"
133,FCP CORREDORES CAPITAL  I,161695123,"(CK) BANCOLOMBIA Cau No,04872908752","153379,1","762496,11"
133,FCP CORREDORES CAPITAL  I,161695999,PROVEEDORES,0,0
10,FIC DIVERSIFICADO MODERADO,135140200,OBLIGACION DE COMPRA TITULOS,0,0
10,FIC DIVERSIFICADO MODERADO,135140300,OBLIGACION DE COMPRA TITULOS,0,-90440000
10,FIC DIVERSIFICADO MODERADO,135145200,OBLIGACION DE VENTA SOBRE TÍTULOS,0,0
10,FIC DIVERSIFICADO MODERADO,135145300,OBLIGACION VENTA TITULOS,0,0
10,FIC DIVERSIFICADO MODERADO,161695004,"(LD) BCO DAVIVIENDA cta No,482800025215","1132716,54","966152,5"
10,FIC DIVERSIFICADO MODERADO,161695006,"(DM) BANCO COLPATRIA Cta No, 0072967712","364985,03","360935,05"
10,FIC DIVERSIFICADO MODERADO,161695016,"(EA) BANCOLOMBIA PMÁ Cau No, 80100001434","47705,03","47705,03"
10,FIC DIVERSIFICADO MODERADO,161695040,"(EA) Bancolombia Cta Cau No, 80100007240","168986,6","165485,51"
10,FIC DIVERSIFICADO MODERADO,161695088,"(FR) BANCOLOMBIA Cau No,04882034670","55555,53","88222,26"
10,FIC DIVERSIFICADO MODERADO,161695115,"(BA) BANCO COLPATRIA Cau No,0062513021","90980,29","329970,88"
10,FIC DIVERSIFICADO MODERADO,161695142,"(FR) OCCIDENTE Cau No, 288854078","19590,26","437628,99"
10,FIC DIVERSIFICADO MODERADO,161695144,"(FR) DAVIVIENDACau No, 005070361620","-9802,97","36342,73"
10,FIC DIVERSIFICADO MODERADO,161695150,OCCIDENTAL BANK BARBADOS LTD 509086 CTE,"1951082,2","1973406,81"
10,FIC DIVERSIFICADO MODERADO,161695200,compensacion divisas,0,0
10,FIC DIVERSIFICADO MODERADO,161795020,OTROS,13313500,2352000
10,FIC DIVERSIFICADO MODERADO,162825010,EN GARANTIA,162646111,450803611
10,FIC DIVERSIFICADO MODERADO,192595002,CUENTAS DE DEPOSITO (CUD),0,"11090,17"
10,FIC DIVERSIFICADO MODERADO,192595003,REVISORIA FISCAL,0,0
10,FIC DIVERSIFICADO MODERADO,225015011,DERECHO COMPRA SOBRE TITULOS,645000000,0
10,FIC DIVERSIFICADO MODERADO,225020300,DERECHO VENTA TITULOS,0,90560000
10,FIC DIVERSIFICADO MODERADO,225045300,OBLIGACION VENTA TITULOS,0,-91640000
10,FIC DIVERSIFICADO MODERADO,250105035,REVISORIA FISCAL,0,0
10,FIC DIVERSIFICADO MODERADO,250110010,COMISION CUSTODIA FIJA - DCV,0,0
10,FIC DIVERSIFICADO MODERADO,250110015,COMISION DE ADMINISTRACION,"-6086070,23","-2471198,74"
10,FIC DIVERSIFICADO MODERADO,250295037,CUENTAS DE DEPOSITO (CUD),0,0
10,FIC DIVERSIFICADO MODERADO,250295038,COMISION SAE CUSTODIO,0,0
10,FIC DIVERSIFICADO MODERADO,253105135,LIQUIDACION DERIVADOS,0,0
10,FIC DIVERSIFICADO MODERADO,253105220,CUENTA COMPENSACION DIVISAS,0,0
10,FIC DIVERSIFICADO MODERADO,352505010,PARTICIPACIONES EN FDO DE INVERSIÓN COLE,-64078809293,-52150701474
10,FIC DIVERSIFICADO MODERADO,352510010,PARTICIPACIONES POR IDENTIFICAR,"-785059,87","-1115976,92"
10,FIC DIVERSIFICADO MODERADO,410355010,REND X COMPROMISOS DE TRANSF OP SIM,0,-52718921
10,FIC DIVERSIFICADO MODERADO,410705105,TÍTULOS DE TESORERÍA -TES,0,-1912611050
10,FIC DIVERSIFICADO MODERADO,410805300,EMISORES NACIONALES,0,"-574641948,3"
10,FIC DIVERSIFICADO MODERADO,411495001,"(DM) DAVIVIENDA Cta No,482800036014",0,"-17234798,46"
10,FIC DIVERSIFICADO MODERADO,411495004,"(DM) OCCIDENTE Cta No, 219885894",0,"-65864244,37"
10,FIC DIVERSIFICADO MODERADO,411495007,"(DM) Davivienda Panama CTA, 10001015160",0,"-3202512,95"
133,FCP CORREDORES CAPITAL  I,192595015,COMISION ADMINISTRACION,"58349441,26",0
133,FCP CORREDORES CAPITAL  I,192595030,AMORTIZACION COMISION DE ADMON,0,"58349441,12"
133,FCP CORREDORES CAPITAL  I,250110015,COMISION DE ADMINISTRACION,0,0
133,FCP CORREDORES CAPITAL  I,250295050,OTROS PROVEEDORES,0,0
133,FCP CORREDORES CAPITAL  I,250305011,RENDIMIENTOS FINANCIEROS CAPITALIZADOS,0,0
133,FCP CORREDORES CAPITAL  I,250305020,RETENCION PROVEEDORES,0,0
133,FCP CORREDORES CAPITAL  I,352505010,PARTICIPACIONES EN FDO DE INVERSIÓN COLE,-452460995393,-461402346881
133,FCP CORREDORES CAPITAL  I,410805300,EMISORES NACIONALES,0,-8525925957
133,FCP CORREDORES CAPITAL  I,411495130,"(CP) BANCOLOMBIA Cta cau No,69000001707",0,"-14,51"
133,FCP CORREDORES CAPITAL  I,510805010,POR DISMINUCION EN EL VALOR DE MERCADO,0,0
133,FCP CORREDORES CAPITAL  I,513015003,REVISORIA FISCAL,0,7566750
133,FCP CORREDORES CAPITAL  I,514005011,IMPOVENTAS,0,"7301366,7"
133,FCP CORREDORES CAPITAL  I,514005020,IMPUESTOS ASUMIDOS,0,0
133,FCP CORREDORES CAPITAL  I,519095999,OTROS,0,"0,06"
133,FCP CORREDORES CAPITAL  I,590505010,CANCELACION DE INGRESOS RF,0,"426495728,8"
133,FCP CORREDORES CAPITAL  I,590505015,CANCELACION DE INGRESOS RV,0,8514855759
133,FCP CORREDORES CAPITAL  I,590505020,UTILIDAD/PERDIDA PAGADA EN REDENCIÓN,0,27537089630
133,FCP CORREDORES CAPITAL  I,829595998,OTRAS CUENTAS DE ORDEN ACREEDORAS PESOS,"-5983604,82","-5983604,82"
133,FCP CORREDORES CAPITAL  I,830505010,DEUDORAS POR CONTRA,-451771145671,-460297071629
139,FCP TEKA COLOMBIA I - COMPARTIMENTO GP,111505027,"(TK) BANCOLOMBIA Cta No,04872907942",0,0
139,FCP TEKA COLOMBIA I - COMPARTIMENTO GP,161695526,"(TK) BANCOLOMBIA Cau No,04872907349","4597,08","9456,42"
139,FCP TEKA COLOMBIA I - COMPARTIMENTO GP,250110015,COMISION DE ADMINISTRACION,0,0
139,FCP TEKA COLOMBIA I - COMPARTIMENTO GP,250110025,OTRAS COMISIONES,0,0
139,FCP TEKA COLOMBIA I - COMPARTIMENTO GP,352505010,PARTICIPACIONES EN FDO DE INVERSIÓN COLE,"-38898474,85","-39071842,72"
139,FCP TEKA COLOMBIA I - COMPARTIMENTO GP,410805300,EMISORES NACIONALES,0,"-2118405,18"
139,FCP TEKA COLOMBIA I - COMPARTIMENTO GP,411495526,"(TK) BANCOLOMBIA Cau No,04872907349",0,"-293569,38"
139,FCP TEKA COLOMBIA I - COMPARTIMENTO GP,511325010,COMISION CUSTODIA FIJA,0,"201545,07"
139,FCP TEKA COLOMBIA I - COMPARTIMENTO GP,513015003,REVISORIA FISCAL,0,76151
139,FCP TEKA COLOMBIA I - COMPARTIMENTO GP,513095090,OTROS HONORARIOS,0,"157585,86"
139,FCP TEKA COLOMBIA I - COMPARTIMENTO GP,514005010,IMPUESTO A LOS MOVIMIENTOS FINANCIEROS,0,"20310,72"
139,FCP TEKA COLOMBIA I - COMPARTIMENTO GP,515525010,SEGUROS DE RESPONSABILIDAD CIVIL,0,"364465,25"
139,FCP TEKA COLOMBIA I - COMPARTIMENTO GP,590505010,UTILIDAD DEL EJERCICIO,0,"-1270244,69"
139,FCP TEKA COLOMBIA I - COMPARTIMENTO GP,590505015,CANCELACION DE INGRESOS RV,0,"1443612,56"
139,FCP TEKA COLOMBIA I - COMPARTIMENTO GP,810505205,EMISORES NACIONALES,"19968990,53","16067473,48"
139,FCP TEKA COLOMBIA I - COMPARTIMENTO GP,829595998,OTRAS CUENTAS DE ORDEN ACREEDORAS PESOS,-175921770,-175921770
10,FIC DIVERSIFICADO MODERADO,411495130,"ALL FUNDS Cau, 1160500576000 CTE",0,"-28212,05"
10,FIC DIVERSIFICADO MODERADO,411495144,"(FR) DAVIVIENDACau No, 005070361620",0,"-17661708,72"
10,FIC DIVERSIFICADO MODERADO,411495150,OCCIDENTAL BANK BARBADOS LTD 509086 CTE,0,"-200113,2"
10,FIC DIVERSIFICADO MODERADO,411495192,"(BA) DAVIVIENDA Cta Cau No,005070366645",0,"-1851265,11"
10,FIC DIVERSIFICADO MODERADO,411495193,"(BA) BCO BOGOTA Cau No, 049280159",0,"-283056,4"
10,FIC DIVERSIFICADO MODERADO,412505105,TÍTULOS DE TESORERÍA -TES,0,-366000
10,FIC DIVERSIFICADO MODERADO,412917010,FUTUROS DE MONEDAS,0,-343061250
10,FIC DIVERSIFICADO MODERADO,412917020,UTILIDAD DERIVADOS DE MONEDA,0,"-316438374,7"
10,FIC DIVERSIFICADO MODERADO,510440010,COMP DE TRANSFERENCIA EN OPER REPO,0,"97317,75"
10,FIC DIVERSIFICADO MODERADO,510605115,OTROS EMISORES NACIONALES,0,295477000
10,FIC DIVERSIFICADO MODERADO,510805200,EMISORES EXTRANJEROS,0,1201825317
10,FIC DIVERSIFICADO MODERADO,511325010,COMISION CUSTODIA FIJA,0,"231835,81"
10,FIC DIVERSIFICADO MODERADO,511595070,COMISIONES OP DEL EXTERIOR,0,"3483879,04"
10,FIC DIVERSIFICADO MODERADO,513015003,REVISORIA FISCAL,0,"7625299,69"
10,FIC DIVERSIFICADO MODERADO,513535010,POR REEXPRESION DE OTROS ACTIVOS,0,309355075
10,FIC DIVERSIFICADO MODERADO,514005010,IMPUESTO A LOS MOVIMIENTOS FINANCIEROS,0,"211292,74"
10,FIC DIVERSIFICADO MODERADO,514005015,IMPUESTO DE INDUSTRIA Y COMERCIO,0,"16744,2"
10,FIC DIVERSIFICADO MODERADO,514005020,RETENCION TRASLADABLE,0,14039
10,FIC DIVERSIFICADO MODERADO,519095030,DESVALORIZACION FONDOS ABIERTOS,0,"26093283,08"
10,FIC DIVERSIFICADO MODERADO,590505015,CANCELACION DE INGRESOS RV,0,-1511415499
10,FIC DIVERSIFICADO MODERADO,810505105,TÍTULOS DE TESORERÍA -TES,22627499645,17701764450
10,FIC DIVERSIFICADO MODERADO,810505115,OTROS EMISORES NACIONALES,14671966750,8503222800
10,FIC DIVERSIFICADO MODERADO,821505010,EN TITULOS DE TESORERIA - TES,0,0
133,FCP CORREDORES CAPITAL  I,111505122,(CK) BANCOLOMBIA CTA CTE 04872908752,"631346095,6",1046160156
133,FCP CORREDORES CAPITAL  I,161695045,CUENTA CORRIENTE,0,"2324,86"
133,FCP CORREDORES CAPITAL  I,161695130,"(CP) BANCOLOMBIA Cta cau No,69000001707","2,15","2,1"
133,FCP CORREDORES CAPITAL  I,161695999,PROVEEDORES,0,0
133,FCP CORREDORES CAPITAL  I,250105010,HONORARIOS,0,0
133,FCP CORREDORES CAPITAL  I,250110010,COMISION CUSTODIA FIJA,0,0
133,FCP CORREDORES CAPITAL  I,250295050,OTROS PROVEEDORES,0,0
133,FCP CORREDORES CAPITAL  I,250305020,RETENCION PROVEEDORES,0,0
133,FCP CORREDORES CAPITAL  I,253105003,CUENTA CORRIENTE IBA,0,0
133,FCP CORREDORES CAPITAL  I,253105107,CUENTA DE COMPENSACION,0,0
133,FCP CORREDORES CAPITAL  I,253105110,CUENTA COMPENSACION,"-0,49",0
133,FCP CORREDORES CAPITAL  I,411415010,DIVIDENDOS,0,-28337282924
133,FCP CORREDORES CAPITAL  I,411495123,"(CK) BANCOLOMBIA Cau No,04872908752",0,"-11246494,9"
141,FCP TEKA COLOMBIA I - COMPARTIMIENTO LP,130205300,EMISORES  NACIONALES,"484886053,3","687469233,7"
141,FCP TEKA COLOMBIA I - COMPARTIMIENTO LP,161695028,"(TK) BANCOLOMBIA Cau No,04872907942","606128,79","884820,16"
141,FCP TEKA COLOMBIA I - COMPARTIMIENTO LP,192595015,COMISION DE GESTIÓN,0,0
141,FCP TEKA COLOMBIA I - COMPARTIMIENTO LP,192595025,COMISION ADMINISTRACION,0,0
141,FCP TEKA COLOMBIA I - COMPARTIMIENTO LP,192595030,AMORTIZACION COMISION DE ADMON,0,0
141,FCP TEKA COLOMBIA I - COMPARTIMIENTO LP,250110015,COMISION DE ADMINISTRACION,0,0
141,FCP TEKA COLOMBIA I - COMPARTIMIENTO LP,250195010,COMISION GESTOR PROFESIONAL,0,0
141,FCP TEKA COLOMBIA I - COMPARTIMIENTO LP,250305011,RENDIMIENTOS FINANCIEROS CAPITALIZADOS,0,0
141,FCP TEKA COLOMBIA I - COMPARTIMIENTO LP,352505010,PARTICIPACIONES EN FDO DE INVERSIÓN COLE,-4492777734,-3764236434
141,FCP TEKA COLOMBIA I - COMPARTIMIENTO LP,410805300,EMISORES NACIONALES,0,"-211834424,8"
141,FCP TEKA COLOMBIA I - COMPARTIMIENTO LP,513015003,REVISORIA FISCAL,0,7615099
141,FCP TEKA COLOMBIA I - COMPARTIMIENTO LP,515525010,SEGUROS DE RESPONSABILIDAD CIVIL,0,"36446524,54"
141,FCP TEKA COLOMBIA I - COMPARTIMIENTO LP,590505010,CANCELACION DE INGRESOS RF,0,"-463872259,9"
141,FCP TEKA COLOMBIA I - COMPARTIMIENTO LP,590505015,CANCELACION DE INGRESOS RV,0,"-264669040,3"
141,FCP TEKA COLOMBIA I - COMPARTIMIENTO LP,829595998,OTRAS CUENTAS DE ORDEN ACREEDORAS PESOS,-252616065,-252616065
141,FCP TEKA COLOMBIA I - COMPARTIMIENTO LP,830505010,DEUDORAS POR CONTRA,-1996867409,-1606692238
152,FCP INVERSOR COMPARTIMIENTO A,111505001,"(IN) BANCOLOMBIA Cta No,04872908426","220124428,2","767276506,9"
152,FCP INVERSOR COMPARTIMIENTO A,111505002,"(IN) DAVIVIENDA Cta No,482800051880","79175063,92","67260890,45"
152,FCP INVERSOR COMPARTIMIENTO A,130205300,EMISORES  NACIONALES,6897624143,4880551832
152,FCP INVERSOR COMPARTIMIENTO A,136000300,INVERSIONES DERECHOS FIDUCIARIOS,19058245995,18461921456
152,FCP INVERSOR COMPARTIMIENTO A,161695002,"(IN) DAVIVIENDA Cta No,482800051880","564147,45","2404430,3"
152,FCP INVERSOR COMPARTIMIENTO A,161695015,GASTOS VARIOS DE ADMON,0,0
152,FCP INVERSOR COMPARTIMIENTO A,161695045,CUENTA CORRIENTE,"278811566,2","48634,81"
152,FCP INVERSOR COMPARTIMIENTO A,161695999,Proveedores,0,0
152,FCP INVERSOR COMPARTIMIENTO A,192595030,COMISION ADMINISTRACION,0,0
152,FCP INVERSOR COMPARTIMIENTO A,250105010,HONORARIOS,0,0
152,FCP INVERSOR COMPARTIMIENTO A,250110010,COMISION CUSTODIA FIJA,0,0
152,FCP INVERSOR COMPARTIMIENTO A,250110015,COMISION DE ADMISTRACION,0,0
152,FCP INVERSOR COMPARTIMIENTO A,250305011,RENDIMIENTOS FINANCIEROS CAPITALIZADOS,0,0
152,FCP INVERSOR COMPARTIMIENTO A,253105003,CUENTA CORRIENTE IBA,0,0
152,FCP INVERSOR COMPARTIMIENTO A,253105110,CUENTA COMPENSACION,"-4602,96",0
152,FCP INVERSOR COMPARTIMIENTO A,410395010,OTROS RENDIMIENTOS FINANCIEROS,0,-688959090
152,FCP INVERSOR COMPARTIMIENTO A,411495002,"(IN) DAVIVIENDA Cta No,482800051880",0,"-5025879,79"
152,FCP INVERSOR COMPARTIMIENTO A,411495015,RENDIMIENTOS INVERSIONES EN FICS,0,"-6,45"
152,FCP INVERSOR COMPARTIMIENTO A,411495999,OTROS,0,"-4601,57"
133,FCP CORREDORES CAPITAL  I,411495999,OTROS,0,"-9,32"
133,FCP CORREDORES CAPITAL  I,511325010,COMISION CUSTODIA FIJA,0,20356050
133,FCP CORREDORES CAPITAL  I,511512010,GASTOS BANCARIOS,0,"5120,8"
133,FCP CORREDORES CAPITAL  I,511548010,"COMISION DE ADMINISTRACION R,F,",0,"350096646,8"
133,FCP CORREDORES CAPITAL  I,513095090,OTROS HONORARIOS,0,10505430
133,FCP CORREDORES CAPITAL  I,514005010,IMPUESTO A LOS MOVIMIENTOS FINANCIEROS,0,"182918,39"
133,FCP CORREDORES CAPITAL  I,810505205,EMISORES NACIONALES,451771145671,460297071629
133,FCP CORREDORES CAPITAL  I,840505998,ACREEDORAS POR CONTRA PESOS,"5983604,82","5983604,82"
139,FCP TEKA COLOMBIA I - COMPARTIMENTO GP,111505525,"(TK) BANCOLOMBIA Cta No,04872907349","18924858,06","23359176,57"
139,FCP TEKA COLOMBIA I - COMPARTIMENTO GP,130205300,EMISORES  NACIONALES,"4849249,23","6875243,43"
139,FCP TEKA COLOMBIA I - COMPARTIMENTO GP,136000300,INVERSIONES DERECHOS FIDUCIARIOS,"15119741,3","9192230,05"
139,FCP TEKA COLOMBIA I - COMPARTIMENTO GP,161695045,CUENTA CORRIENTE,"29,18",0
139,FCP TEKA COLOMBIA I - COMPARTIMENTO GP,192595030,AMORTIZACION COMISION DE ADMON,0,0
139,FCP TEKA COLOMBIA I - COMPARTIMENTO GP,250105010,HONORARIOS,0,0
139,FCP TEKA COLOMBIA I - COMPARTIMENTO GP,250110010,COMISION CUSTODIA FIJA,0,0
139,FCP TEKA COLOMBIA I - COMPARTIMENTO GP,253105003,CUENTA CORRIENTE IBA,0,0
139,FCP TEKA COLOMBIA I - COMPARTIMENTO GP,253105110,CUENTA COMPENSACION,0,"-364263,75"
139,FCP TEKA COLOMBIA I - COMPARTIMENTO GP,510805010,POR DISMINUCION EN EL VALOR RAZONABLE,0,0
139,FCP TEKA COLOMBIA I - COMPARTIMENTO GP,511548010,"COMISION DE ADMINISTRACION R,F,",0,"1050294,99"
139,FCP TEKA COLOMBIA I - COMPARTIMENTO GP,511595015,OTRAS COMISIONES,0,"302185,54"
139,FCP TEKA COLOMBIA I - COMPARTIMENTO GP,514005011,IMPOVENTAS,0,"66068,26"
139,FCP TEKA COLOMBIA I - COMPARTIMENTO GP,830505010,"OTRAS TIT, VENDIDOS POR ENTREGAR","-19968990,53","-16067473,48"
139,FCP TEKA COLOMBIA I - COMPARTIMENTO GP,840505998,ACREEDORAS POR CONTRA PESOS,175921770,175921770
141,FCP TEKA COLOMBIA I - COMPARTIMIENTO LP,111505027,"(TK) BANCOLOMBIA Cta No,04872907942",2494984542,2155973069
141,FCP TEKA COLOMBIA I - COMPARTIMIENTO LP,136000300,INVERSIONES DERECHOS FIDUCIARIOS,1511981356,"919223004,7"
141,FCP TEKA COLOMBIA I - COMPARTIMIENTO LP,161695015,GASTOS VARIOS DE ADMON,0,0
141,FCP TEKA COLOMBIA I - COMPARTIMIENTO LP,161695045,CUENTA CORRIENTE,"319654,37","686306,11"
141,FCP TEKA COLOMBIA I - COMPARTIMIENTO LP,250105010,HONORARIOS,0,0
141,FCP TEKA COLOMBIA I - COMPARTIMIENTO LP,250110010,COMISION CUSTODIA FIJA,0,0
141,FCP TEKA COLOMBIA I - COMPARTIMIENTO LP,250110025,OTRAS COMISIONES,0,0
141,FCP TEKA COLOMBIA I - COMPARTIMIENTO LP,253105003,CUENTA CORRIENTE IBA,0,0
141,FCP TEKA COLOMBIA I - COMPARTIMIENTO LP,253105110,CUENTA COMPENSACION,0,0
141,FCP TEKA COLOMBIA I - COMPARTIMIENTO LP,411495028,"(TK) BANCOLOMBIA Cau No,04872907942",0,"-31126698,94"
141,FCP TEKA COLOMBIA I - COMPARTIMIENTO LP,510805010,POR DISMINUCION EN EL VALOR RAZONABLE,0,0
141,FCP TEKA COLOMBIA I - COMPARTIMIENTO LP,511325010,COMISION CUSTODIA FIJA,0,"20154504,93"
152,FCP INVERSOR COMPARTIMIENTO A,511512010,GASTOS BANCARIOS,0,"9071,42"
152,FCP INVERSOR COMPARTIMIENTO A,511548010,"COMISION DE ADMINISTRACION R,F,",0,"59078214,9"
152,FCP INVERSOR COMPARTIMIENTO A,511595011,COMISION GESTOR PROFESIONAL,0,"222258082,2"
152,FCP INVERSOR COMPARTIMIENTO A,514005011,IMPOVENTAS,0,"1854257,37"
152,FCP INVERSOR COMPARTIMIENTO A,514005015,IVA COMISION GESTOR PROFESIONAL,0,"42229035,6"
152,FCP INVERSOR COMPARTIMIENTO A,519095045,OTROS GTOS OPERACIONALES,0,"99377393,19"
152,FCP INVERSOR COMPARTIMIENTO A,519095999,OTROS,0,0
152,FCP INVERSOR COMPARTIMIENTO A,590505010,CANCELACION DE INGRESOS RF,0,"-374526897,1"
152,FCP INVERSOR COMPARTIMIENTO A,830505010,DEUDORAS POR CONTRA,-25955870010,-23342473154
152,FCP INVERSOR COMPARTIMIENTO A,840505998,ACREEDORAS POR CONTRA PESOS,1475736284,1475736284
165,FCP INVERSOR COMPARTIMENTO B,111505427,"(IB) BANCOLOMBIA Cta No,69000001709","10219,22","10369,92"
165,FCP INVERSOR COMPARTIMENTO B,161695003,"(IN) DAVIVIENDA Cta No, 482800051898","2231,62","319,1"
165,FCP INVERSOR COMPARTIMENTO B,161695015,GASTOS VARIOS DE ADMINISTRACION,0,0
165,FCP INVERSOR COMPARTIMENTO B,161695426,"(IN) BANCOLOMBIA Cau No,04872908574","2063,71","180337,24"
165,FCP INVERSOR COMPARTIMENTO B,192595015,COMISION DE GESTION,0,0
165,FCP INVERSOR COMPARTIMENTO B,250110010,COMISION CUSTODIO FIJA,0,0
165,FCP INVERSOR COMPARTIMENTO B,250110015,COMISION DE ADMISTRACION,0,0
165,FCP INVERSOR COMPARTIMENTO B,250110025,OTRAS COMISIONES,0,0
165,FCP INVERSOR COMPARTIMENTO B,253105003,Cuenta corriente 4*1000,0,0
165,FCP INVERSOR COMPARTIMENTO B,352505010,PARTICIPACIONES EN FDO DE INVERSIÓN COLE,-1092794727,-1121048751
165,FCP INVERSOR COMPARTIMENTO B,410805300,EMISORES NACIONALES,0,0
165,FCP INVERSOR COMPARTIMENTO B,411495426,"(IN) BANCOLOMBIA Cau No,04872908574",0,"-438330,52"
165,FCP INVERSOR COMPARTIMENTO B,510805010,POR DISMINUCION SOBRE EL VALOR RAZONABLE,0,"33756132,58"
165,FCP INVERSOR COMPARTIMENTO B,511325010,COMISION CUSTODIA FIJA,0,"241937,6"
165,FCP INVERSOR COMPARTIMENTO B,513015003,REVISORIA FISCAL,0,"411292,36"
165,FCP INVERSOR COMPARTIMENTO B,514005010,IMPUESTO A LOS MOVIMIENTOS FINANCIEROS,0,"73922,36"
165,FCP INVERSOR COMPARTIMENTO B,590505010,CANCELACION DE INGRESOS RF,0,"-18233937,42"
165,FCP INVERSOR COMPARTIMENTO B,590505015,CANCELACION DE INGRESOS RV,0,"1487961,71"
165,FCP INVERSOR COMPARTIMENTO B,829595998,OTRAS CUENTAS DE ORDEN ACREEDORAS PESOS,-933500000,-933500000
167,"FDO DE CAPITAL PRIVADO ENERGETICO ANDINO-COMPART, A",111505072,"(EA) BANCOLOMBIA Cta No,04872907098","454990824,2",0
167,"FDO DE CAPITAL PRIVADO ENERGETICO ANDINO-COMPART, A",111505173,"(EA) BANCOLOMBIA Cta No,69000001702",0,0
167,"FDO DE CAPITAL PRIVADO ENERGETICO ANDINO-COMPART, A",161695015,GASTOS VARIOS DE ADMON,0,0
167,"FDO DE CAPITAL PRIVADO ENERGETICO ANDINO-COMPART, A",161695073,"(EA) BANCOLOMBIA Cau No,04872907098","110533,23",0
167,"FDO DE CAPITAL PRIVADO ENERGETICO ANDINO-COMPART, A",161695999,PROVEEDORES,0,0
167,"FDO DE CAPITAL PRIVADO ENERGETICO ANDINO-COMPART, A",250305011,RENDIMIENTOS FINANCIEROS CAPITALIZADOS,0,0
167,"FDO DE CAPITAL PRIVADO ENERGETICO ANDINO-COMPART, A",253105110,CUENTA COMPENSACION,0,0
167,"FDO DE CAPITAL PRIVADO ENERGETICO ANDINO-COMPART, A",411495073,"(EA) BANCOLOMBIA Cau No,04872907098",0,0
167,"FDO DE CAPITAL PRIVADO ENERGETICO ANDINO-COMPART, A",513015003,REVISORIA FISCAL,0,0
167,"FDO DE CAPITAL PRIVADO ENERGETICO ANDINO-COMPART, A",514005011,IMPOVENTAS,0,0
167,"FDO DE CAPITAL PRIVADO ENERGETICO ANDINO-COMPART, A",519095999,OTROS,0,0
167,"FDO DE CAPITAL PRIVADO ENERGETICO ANDINO-COMPART, A",590505010,CANCELACION DE INGRESOS RF,0,0
167,"FDO DE CAPITAL PRIVADO ENERGETICO ANDINO-COMPART, A",590505015,CANCELACION DE INGRESOS RV,0,0
167,"FDO DE CAPITAL PRIVADO ENERGETICO ANDINO-COMPART, A",590505020,UTILIDAD/PERDIDA PAGADA EN REDENCIONES,0,0
173,FONDO DE CAPITAL PRIVADO ALTRA II,111505525,"(ALTII) BANCOLOMBIA Cta No,17891607288","81884247,35","34556461,25"
173,FONDO DE CAPITAL PRIVADO ALTRA II,161695001,"(ALTII) BANCOLOMBIA Cta No, 80100008101","97933,6","97933,6"
173,FONDO DE CAPITAL PRIVADO ALTRA II,161695526,"(ALII) BANCOLOMBIA Cau No,17891607288","-77882,2","-75387,42"
173,FONDO DE CAPITAL PRIVADO ALTRA II,161695527,"(AII) BANCOLOMBIA Cau No,69000001710","2402,24","2439,82"
173,FONDO DE CAPITAL PRIVADO ALTRA II,192595015,COMISION DE GESTION,0,0
173,FONDO DE CAPITAL PRIVADO ALTRA II,250110015,COMISION DE ADMINISTRACION,0,0
173,FONDO DE CAPITAL PRIVADO ALTRA II,250295050,OTROS PROVEEDORES,0,0
173,FONDO DE CAPITAL PRIVADO ALTRA II,352505010,PARTICIPACIONES EN FDO DE INVERSIÓN COLE,-7955860604,-8089452853
173,FONDO DE CAPITAL PRIVADO ALTRA II,410805210,EMISORES EXTRANJEROS,0,"-269167525,8"
173,FONDO DE CAPITAL PRIVADO ALTRA II,410805300,EMISORES NACIONALES,0,0
173,FONDO DE CAPITAL PRIVADO ALTRA II,411495526,"(ALTII) BANCOLOMBIA Cta No,17891607288",0,"-702501,26"
173,FONDO DE CAPITAL PRIVADO ALTRA II,411495527,"(AII) BANCOLOMBIA Cau No,69000001710",0,"-15601,64"
173,FONDO DE CAPITAL PRIVADO ALTRA II,510805010,POR DISMINUCION EN EL VALOR DE MERCADO,0,0
173,FONDO DE CAPITAL PRIVADO ALTRA II,511325010,COMISION CUSTODIA FIJA,0,20356050
173,FONDO DE CAPITAL PRIVADO ALTRA II,513015003,REVISORIA FISCAL,0,3786751
173,FONDO DE CAPITAL PRIVADO ALTRA II,513095090,OTROS HONORARIOS,0,7003620
173,FONDO DE CAPITAL PRIVADO ALTRA II,514005010,IMPUESTO A LOS MOVIMIENTOS FINANCIEROS,0,"184147,45"
173,FONDO DE CAPITAL PRIVADO ALTRA II,590505015,CANCELACION DE INGRESOS RV,0,"132889567,5"
175,FCP TC LATAM COMPARTIMENTO A,111505001,"(LT) BANCOLOMBIA Cta No,69000002514","1402974,85","1428968,53"
175,FCP TC LATAM COMPARTIMENTO A,111505003,(LT) BANCOLOMBIA Cta Inactiva,0,0
175,FCP TC LATAM COMPARTIMENTO A,130205300,EMISORES  NACIONALES,"226577823,4","0,02"
175,FCP TC LATAM COMPARTIMENTO A,130210300,EMISORES EXTRANJEROS,4013136726,2348062066
175,FCP TC LATAM COMPARTIMENTO A,161695002,"(LA) BANCOLOMBIA PANAMA CTA,80100001881","77782,69","205412,11"
175,FCP TC LATAM COMPARTIMENTO A,161695015,GASTOS VARIOS DE ADMON,0,"158,46"
175,FCP TC LATAM COMPARTIMENTO A,161695436,"(TA) BANCOLOMBIA Cau No,03141537163","25790,94","272370,9"
175,FCP TC LATAM COMPARTIMENTO A,161695999,PROVEEDORES,0,0
141,FCP TEKA COLOMBIA I - COMPARTIMIENTO LP,511512010,GASTOS BANCARIOS,0,"16874,51"
141,FCP TEKA COLOMBIA I - COMPARTIMIENTO LP,511548010,"COMISION DE ADMINISTRACION R,F,",0,105029542
141,FCP TEKA COLOMBIA I - COMPARTIMIENTO LP,511595011,COMISION GESTOR PROFESIONAL,0,"744717522,5"
141,FCP TEKA COLOMBIA I - COMPARTIMIENTO LP,511595015,OTRAS COMISIONES,0,"30218554,95"
141,FCP TEKA COLOMBIA I - COMPARTIMIENTO LP,513095090,OTROS HONORARIOS,0,"15688570,14"
141,FCP TEKA COLOMBIA I - COMPARTIMIENTO LP,514005010,IMPUESTO A LOS MOVIMIENTOS FINANCIEROS,0,"5021625,68"
141,FCP TEKA COLOMBIA I - COMPARTIMIENTO LP,514005011,IMPOVENTAS,0,"6593605,74"
141,FCP TEKA COLOMBIA I - COMPARTIMIENTO LP,514005015,IVA COMISION GESTOR PROFESIONAL,0,0
141,FCP TEKA COLOMBIA I - COMPARTIMIENTO LP,810505205,EMISORES NACIONALES,1996867409,1606692238
141,FCP TEKA COLOMBIA I - COMPARTIMIENTO LP,840505998,ACREEDORAS POR CONTRA PESOS,252616065,252616065
152,FCP INVERSOR COMPARTIMIENTO A,111505005,"(IA) BANCOLOMBIA Cta No,69000001708","10231,04","10381,99"
152,FCP INVERSOR COMPARTIMIENTO A,161695005,"(IA) BANCOLOMBIA Cta cau No,69000001708","24,9","25,2"
152,FCP INVERSOR COMPARTIMIENTO A,192595015,COMISION DE GESTION,0,0
152,FCP INVERSOR COMPARTIMIENTO A,250110025,OTRAS COMISIONES,0,0
152,FCP INVERSOR COMPARTIMIENTO A,250295050,OTROS PROVEEDORES,0,0
152,FCP INVERSOR COMPARTIMIENTO A,250305020,RETENCION PROVEEDORES,0,0
152,FCP INVERSOR COMPARTIMIENTO A,352505010,PARTICIPACIONES EN FDO DE INVERSIÓN COLE,-26534550996,-24179474158
152,FCP INVERSOR COMPARTIMIENTO A,410805300,EMISORES NACIONALES,0,0
152,FCP INVERSOR COMPARTIMIENTO A,411495005,"(IA) BANCOLOMBIA Cta cau No,69000001708",0,"-151,25"
152,FCP INVERSOR COMPARTIMIENTO A,510805010,POR DISMINUCION EN EL VALOR DE MERCADO,0,2613396855
152,FCP INVERSOR COMPARTIMIENTO A,511325010,COMISION CUSTODIA FIJA,0,"3614547,4"
152,FCP INVERSOR COMPARTIMIENTO A,513015003,REVISORIA FISCAL,0,"6144707,64"
152,FCP INVERSOR COMPARTIMIENTO A,514005010,IMPUESTO A LOS MOVIMIENTOS FINANCIEROS,0,"1104402,05"
152,FCP INVERSOR COMPARTIMIENTO A,590505015,CANCELACION DE INGRESOS RV,0,-1980549941
152,FCP INVERSOR COMPARTIMIENTO A,810505205,EMISORES NACIONALES,25955870010,23342473154
152,FCP INVERSOR COMPARTIMIENTO A,829595998,OTRAS CUENTAS DE ORDEN ACREEDORAS PESOS,-1475736284,-1475736284
165,FCP INVERSOR COMPARTIMENTO B,111505003,"(IN) DAVIVIENDA Cta No, 482800051898","5455661,16","1560195,31"
165,FCP INVERSOR COMPARTIMENTO B,111505425,"(IN) BANCOLOMBIA Cta No,04872908574","8494732,98","74272434,8"
165,FCP INVERSOR COMPARTIMENTO B,136000300,INVERSIONES DERECHOS FIDUCIARIOS,1078829793,1045073661
165,FCP INVERSOR COMPARTIMENTO B,161695045,CUENTA CORRIENTE,0,0
165,FCP INVERSOR COMPARTIMENTO B,161695427,"(IB) BANCOLOMBIA Cta cau No,69000001709","25,73","25,2"
165,FCP INVERSOR COMPARTIMENTO B,192595030,COMISION ADMINISTRACION,0,0
165,FCP INVERSOR COMPARTIMENTO B,250105010,HONORARIOS,0,0
165,FCP INVERSOR COMPARTIMENTO B,253105110,CUENTA COMPENSACION,"-1,23","-48591,51"
165,FCP INVERSOR COMPARTIMENTO B,410395010,OTROS RENDIMIENTOS FINANCIEROS,0,-38999895
175,FCP TC LATAM COMPARTIMENTO A,161695999,PROVEEDORES,0,0
175,FCP TC LATAM COMPARTIMENTO A,161695999,PROVEEDORES,0,0
175,FCP TC LATAM COMPARTIMENTO A,161695999,PROVEEDORES,0,0
175,FCP TC LATAM COMPARTIMENTO A,163035010,IVA DESCONTABLE 19%,"117222,4","61204,1"
175,FCP TC LATAM COMPARTIMENTO A,250110015,COMISION DE ADMINISTRACION,0,0
175,FCP TC LATAM COMPARTIMENTO A,250295050,OTROS PROVEEDORES,0,0
175,FCP TC LATAM COMPARTIMENTO A,250305011,RENDIMIENTOS FINANCIEROS CAPITALIZADOS,0,0
175,FCP TC LATAM COMPARTIMENTO A,250305020,RTE FTE PROVEEDORES,0,0
175,FCP TC LATAM COMPARTIMENTO A,253105220,CUENTA COMPENSACION DIVISAS,0,0
175,FCP TC LATAM COMPARTIMENTO A,410705115,OTROS EMISORES NACIONALES,0,0
175,FCP TC LATAM COMPARTIMENTO A,410805300,EMISORES NACIONALES,0,0
175,FCP TC LATAM COMPARTIMENTO A,411495001,"(LT) BANCOLOMBIA Cta No,69000002514",0,"-26170,22"
175,FCP TC LATAM COMPARTIMENTO A,411495436,"(TA) BANCOLOMBIA Cau No,03141537163",0,"-5475644,68"
175,FCP TC LATAM COMPARTIMENTO A,511595015,OTRAS COMISIONES,0,"560065,3"
175,FCP TC LATAM COMPARTIMENTO A,512505120,EMISORES EXTRANJEROS,0,"15257333,38"
175,FCP TC LATAM COMPARTIMENTO A,513015003,REVISORIA FISCAL,0,"6297739,87"
175,FCP TC LATAM COMPARTIMENTO A,513535010,POR REEXPRESION DE  OTROS ACTIVOS,0,"284462015,6"
175,FCP TC LATAM COMPARTIMENTO A,514005011,IMPOVENTAS,0,"2229550,99"
175,FCP TC LATAM COMPARTIMENTO A,517040010,DE INVERSIONES,0,"259622283,2"
175,FCP TC LATAM COMPARTIMENTO A,590505010,CANCELACION DE INGRESOS RF,0,"-307013265,4"
175,FCP TC LATAM COMPARTIMENTO A,590505015,CANCELACION DE INGRESOS RV,0,-1826866883
175,FCP TC LATAM COMPARTIMENTO A,810505120,EMISORES EXTRANJEROS,4965969061,2348062066
175,FCP TC LATAM COMPARTIMENTO A,830505010,DEUDORAS POR CONTRA,-5430342238,-2719831336
176,FCP TC LATAM - COMPARTIMENTO B,111505529,"(TB) BANCOLOMBIA Cta No,03141537287","38948428,61","80421258,95"
176,FCP TC LATAM - COMPARTIMENTO B,111510004,(LB) BANCOLOMBIA PANAMA CTA: 80100001882,"17565137,97",192581982
176,FCP TC LATAM - COMPARTIMENTO B,130120120,EMISORES EXTRANJEROS,"274476854,1",0
176,FCP TC LATAM - COMPARTIMENTO B,130205300,EMISORES  NACIONALES,"64735501,96","0,01"
176,FCP TC LATAM - COMPARTIMENTO B,130210300,EMISORES EXTRANJEROS,1146722883,"670990134,1"
176,FCP TC LATAM - COMPARTIMENTO B,136000300,INVERSIONES DERECHOS FIDUCIARIOS,"67941529,6","67941529,6"
176,FCP TC LATAM - COMPARTIMENTO B,161695004,"(LD) BCO DAVIVIENDA cta No,482800025215","8183,1","45688,11"
176,FCP TC LATAM - COMPARTIMENTO B,161695015,GASTOS VARIOS DE ADMON,0,"4,09"
176,FCP TC LATAM - COMPARTIMENTO B,161695045,CUENTA CORRIENTE,"38120686,6","285546620,1"
176,FCP TC LATAM - COMPARTIMENTO B,163035010,IVA DESCONTABLE 19%,"33489,2","17486,9"
176,FCP TC LATAM - COMPARTIMENTO B,169895010,DETERIORO OTRAS CUENTAS POR COBRAR,0,"-76522565,94"
176,FCP TC LATAM - COMPARTIMENTO B,253105003,CUENTA CORRIENTE IBA,0,0
176,FCP TC LATAM - COMPARTIMENTO B,253105110,CUENTA COMPENSACION,"-42635568,91","-262206906,4"
165,FCP INVERSOR COMPARTIMENTO B,411495003,"(IN) DAVIVIENDA Cta No, 482800051898",0,"-83065,27"
165,FCP INVERSOR COMPARTIMENTO B,411495427,"(IB) BANCOLOMBIA Cta No,69000001709",0,"-150,17"
165,FCP INVERSOR COMPARTIMENTO B,411495999,OTROS,0,"-0,02"
165,FCP INVERSOR COMPARTIMENTO B,511512010,GASTOS BANCARIOS,0,"2365,36"
165,FCP INVERSOR COMPARTIMENTO B,511548010,"COMISION DE ADMINISTRACION R,F,",0,"3954365,1"
165,FCP INVERSOR COMPARTIMENTO B,511595011,COMISION GESTOR PROFESIONAL,0,"14876712,36"
165,FCP INVERSOR COMPARTIMENTO B,514005011,IMPOVENTAS,0,"124113,63"
165,FCP INVERSOR COMPARTIMENTO B,514005015,IVA COMISION GESTOR PROFESIONAL,0,"2826575,34"
165,FCP INVERSOR COMPARTIMENTO B,519095999,OTROS,0,0
165,FCP INVERSOR COMPARTIMENTO B,810505205,EMISORES NACIONALES,1078829793,1045073661
165,FCP INVERSOR COMPARTIMENTO B,830505010,DEUDORAS POR CONTRA,-1078829793,-1045073661
165,FCP INVERSOR COMPARTIMENTO B,840505998,ACREEDORAS POR CONTRA PESOS,933500000,933500000
167,"FDO DE CAPITAL PRIVADO ENERGETICO ANDINO-COMPART, A",161695045,CUENTA CORRIENTE,"92,67",0
167,"FDO DE CAPITAL PRIVADO ENERGETICO ANDINO-COMPART, A",250110010,COMISION CUSTODIA FIJA,0,0
167,"FDO DE CAPITAL PRIVADO ENERGETICO ANDINO-COMPART, A",250295050,OTROS PROVEEDORES,0,0
167,"FDO DE CAPITAL PRIVADO ENERGETICO ANDINO-COMPART, A",250305020,RTE FTE PROVEEDORES,0,0
167,"FDO DE CAPITAL PRIVADO ENERGETICO ANDINO-COMPART, A",253105003,CUENTA CORRIENTE IBA,0,0
167,"FDO DE CAPITAL PRIVADO ENERGETICO ANDINO-COMPART, A",352505010,PARTICIPACIONES EN FDO DE INVERSIÓN COLE,"-455101450,1",0
167,"FDO DE CAPITAL PRIVADO ENERGETICO ANDINO-COMPART, A",511325010,COMISION CUSTODIA FIJA,0,0
167,"FDO DE CAPITAL PRIVADO ENERGETICO ANDINO-COMPART, A",511512010,GASTOS BANCARIOS,0,0
167,"FDO DE CAPITAL PRIVADO ENERGETICO ANDINO-COMPART, A",514005010,IMPUESTO A LOS MOVIMIENTOS FINANCIEROS,0,0
173,FONDO DE CAPITAL PRIVADO ALTRA II,111505527,"(AII) BANCOLOMBIA Cta No,69000001710","1048282,98","1063847,04"
173,FONDO DE CAPITAL PRIVADO ALTRA II,130210300,EMISORES EXTRANJEROS,7944075977,8185041243
173,FONDO DE CAPITAL PRIVADO ALTRA II,161695015,GASTOS VARIOS DE ADMON,0,"13,56"
173,FONDO DE CAPITAL PRIVADO ALTRA II,161695045,CUENTA CORRIENTE,0,0
173,FONDO DE CAPITAL PRIVADO ALTRA II,161695999,PROVEEDORES,0,0
173,FONDO DE CAPITAL PRIVADO ALTRA II,192595030,AMORTIZACION COMISION DE ADMON,0,0
173,FONDO DE CAPITAL PRIVADO ALTRA II,250105010,HONORARIOS,0,0
173,FONDO DE CAPITAL PRIVADO ALTRA II,250110010,COMISION CUSTODIA FIJA,0,0
173,FONDO DE CAPITAL PRIVADO ALTRA II,250195010,COMISION DE GESTION,"-58564453,35","-127064753,6"
173,FONDO DE CAPITAL PRIVADO ALTRA II,250305011,RENDIMIENTOS FINANCIEROS CAPITALIZADOS,0,0
173,FONDO DE CAPITAL PRIVADO ALTRA II,250305020,RTE FTE PROVEEDORES,0,0
173,FONDO DE CAPITAL PRIVADO ALTRA II,253105003,CUENTA CORRIENTE IBA,0,0
173,FONDO DE CAPITAL PRIVADO ALTRA II,253105110,CUENTA COMPENSACION,"-12605903,01","-4168943,81"
176,FCP TC LATAM - COMPARTIMENTO B,410705115,OTROS EMISORES NACIONALES,0,0
176,FCP TC LATAM - COMPARTIMENTO B,410705120,EMISORES EXTRANJEROS,0,"-15260152,36"
176,FCP TC LATAM - COMPARTIMENTO B,411495004,"(LB) BANCOLOMBIA PANAMA CTA,80100001882",0,"-268347,44"
176,FCP TC LATAM - COMPARTIMENTO B,411495529,"(TB) BANCOLOMBIA Cau No,03141537287",0,"-815528,53"
176,FCP TC LATAM - COMPARTIMENTO B,411495999,OTROS,0,"-50247593,65"
176,FCP TC LATAM - COMPARTIMENTO B,414515010,ARRENDAMIENTO INMUEBLES IVA 19%,0,"-2469667,74"
176,FCP TC LATAM - COMPARTIMENTO B,510605120,EMISORES EXTRANJEROS,0,0
176,FCP TC LATAM - COMPARTIMENTO B,511548010,"COMISION DE ADMINISTRACION R,F,",0,"4323785,44"
176,FCP TC LATAM - COMPARTIMENTO B,511595015,OTRAS COMISIONES,0,"160018,8"
176,FCP TC LATAM - COMPARTIMENTO B,512505120,EMISORES EXTRANJEROS,0,"4395091,47"
176,FCP TC LATAM - COMPARTIMENTO B,514005011,IMPOVENTAS,0,"637014,55"
176,FCP TC LATAM - COMPARTIMENTO B,519095999,OTROS,0,0
176,FCP TC LATAM - COMPARTIMENTO B,590505010,CANCELACION DE INGRESOS RF,0,"-83659227,23"
176,FCP TC LATAM - COMPARTIMENTO B,590505015,CANCELACION DE INGRESOS RV,0,"-525139900,4"
176,FCP TC LATAM - COMPARTIMENTO B,810505120,EMISORES EXTRANJEROS,1421199738,"670990134,1"
176,FCP TC LATAM - COMPARTIMENTO B,830505010,DEUDORAS POR CONTRA,-1553876769,"-777052350,3"
178,FIC RENTA FIJA MEDIANO PLAZO MULTIESCALA,111505002,"(FE) BCO BOGOTA Cta No,049335052","65374770,89","21953910,04"
178,FIC RENTA FIJA MEDIANO PLAZO MULTIESCALA,111505007,"(FE) BANCO BBVA Cta No, 895000075","194970780,6","35685844,52"
178,FIC RENTA FIJA MEDIANO PLAZO MULTIESCALA,111505103,"(60) BANCOLOMBIA Cta No,17854124126","29133302,5","29130054,48"
178,FIC RENTA FIJA MEDIANO PLAZO MULTIESCALA,111505159,REPUBLICA OTROS,0,0
178,FIC RENTA FIJA MEDIANO PLAZO MULTIESCALA,111505197,"(60) DAVIVIENDA Cta No,005070366660","63262299,33",645991621
178,FIC RENTA FIJA MEDIANO PLAZO MULTIESCALA,111505207,"(60) DAVIVIENDA Cta No,005070350045","3453480,6","159323395,8"
178,FIC RENTA FIJA MEDIANO PLAZO MULTIESCALA,111505208,"(60) DAVIVIENDA Cta No,005069994357",56600000,56600000
178,FIC RENTA FIJA MEDIANO PLAZO MULTIESCALA,111505400,"(60) REPUBLICA Cta No,62255476","1000,19","1000,39"
178,FIC RENTA FIJA MEDIANO PLAZO MULTIESCALA,122005010,"COMP DE TRANSF DE INV EN OP SIM,",0,0
178,FIC RENTA FIJA MEDIANO PLAZO MULTIESCALA,130115115,OTROS EMISORES NACIONALES,243761725450,141501711100
178,FIC RENTA FIJA MEDIANO PLAZO MULTIESCALA,161695003,"(FE) OCCIDENTE Cta No, 219885886","562005,68","126843,06"
178,FIC RENTA FIJA MEDIANO PLAZO MULTIESCALA,161695005,"(FE) BANCO COLPATRIA Cta No, 0072967711","-8196382,09","-8504641,2"
178,FIC RENTA FIJA MEDIANO PLAZO MULTIESCALA,161695015,GASTOS VARIOS DE ADMON,0,"11874,09"
178,FIC RENTA FIJA MEDIANO PLAZO MULTIESCALA,161695016,"60) CORFICOLOMBIANA Cau No,2111600","432636,76","432636,76"
178,FIC RENTA FIJA MEDIANO PLAZO MULTIESCALA,161695045,CUENTA CORRIENTE,0,"153984,78"
178,FIC RENTA FIJA MEDIANO PLAZO MULTIESCALA,161695072,"(60) CITIBANK Cta Cau No,5082432029","135140,85","135140,85"
178,FIC RENTA FIJA MEDIANO PLAZO MULTIESCALA,161695083,"(60) OCCIDENTE Cau No,288839293","2835,4","11937841,54"
178,FIC RENTA FIJA MEDIANO PLAZO MULTIESCALA,161695197,"(60) DAVIVIENDA Cta Cau No,005070366660","25877,28","164677,82"
178,FIC RENTA FIJA MEDIANO PLAZO MULTIESCALA,161695350,"(60) BANCOLOMBIA Cta Cau No,0132098160","7155,52","9112,8"
173,FONDO DE CAPITAL PRIVADO ALTRA II,410805805,POR INCREMENTO EN EL VALOR DE MERCADO,0,0
173,FONDO DE CAPITAL PRIVADO ALTRA II,411495999,OTROS,0,"-0,15"
173,FONDO DE CAPITAL PRIVADO ALTRA II,511512010,GASTOS BANCARIOS,0,"10824,07"
173,FONDO DE CAPITAL PRIVADO ALTRA II,511548010,"COMISION DE ADMINISTRACION R,F,",0,30000000
173,FONDO DE CAPITAL PRIVADO ALTRA II,511595011,COMISION GESTOR PROFESIONAL,0,"58890898,68"
173,FONDO DE CAPITAL PRIVADO ALTRA II,514005011,IMPOVENTAS,0,"5917819,8"
173,FONDO DE CAPITAL PRIVADO ALTRA II,514005015,IVA COMISION GESTOR PROFESIONAL,0,"9465245,47"
173,FONDO DE CAPITAL PRIVADO ALTRA II,515525010,RESPONSABILIDAD CIVIL,0,"678023,33"
173,FONDO DE CAPITAL PRIVADO ALTRA II,519095999,OTROS,0,"0,15"
173,FONDO DE CAPITAL PRIVADO ALTRA II,590505010,CANCELACION DE INGRESOS RF,0,"702681,37"
173,FONDO DE CAPITAL PRIVADO ALTRA II,810505210,EMISORES EXTRANJEROS,7944075977,8185041243
173,FONDO DE CAPITAL PRIVADO ALTRA II,830505010,EMISORES EXTRANJEROS,-7944075977,-8185041243
175,FCP TC LATAM COMPARTIMENTO A,111505436,"(TA) BANCOLOMBIA Cta No, 03141537163","159226557,7","309966945,6"
175,FCP TC LATAM COMPARTIMENTO A,111510002,(LA) BANCOLOMBIA PANAMA CTA: 80100001881,"279445674,2","876027954,7"
175,FCP TC LATAM COMPARTIMENTO A,130115115,OTROS EMISORES NACIONALES,0,"133973916,2"
175,FCP TC LATAM COMPARTIMENTO A,130120120,EMISORES EXTRANJEROS,"952832335,6",0
175,FCP TC LATAM COMPARTIMENTO A,136000300,INVERSIONES DERECHOS FIDUCIARIOS,"237795353,6","237795353,6"
175,FCP TC LATAM COMPARTIMENTO A,161205010,ARRENDAMIENTOS DE BIENES PROPIOS,0,0
175,FCP TC LATAM COMPARTIMENTO A,161695001,"(LT) BANCOLOMBIA Cta No,69000002514","-938,58","-762,04"
175,FCP TC LATAM COMPARTIMENTO A,161695045,CUENTA CORRIENTE,"133973916,2",1046854836
175,FCP TC LATAM COMPARTIMENTO A,169895010,DETERIORO OTRAS CUENTAS POR COBRAR,0,"-259622283,2"
175,FCP TC LATAM COMPARTIMENTO A,182705010,PROPIEDADES DE INVERSION,"530105628,2","530105628,2"
175,FCP TC LATAM COMPARTIMENTO A,192595030,AMORTIZACIÓN COMISIÓN DE ADMÓN,0,0
175,FCP TC LATAM COMPARTIMENTO A,250110010,COMISION CUSTODIA FIJA,0,0
175,FCP TC LATAM COMPARTIMENTO A,250295050,OTROS PROVEEDORES,0,0
175,FCP TC LATAM COMPARTIMENTO A,250295050,OTROS PROVEEDORES,0,0
175,FCP TC LATAM COMPARTIMENTO A,250295050,OTROS PROVEEDORES,0,0
175,FCP TC LATAM COMPARTIMENTO A,250305020,RTE FTE PROVEEDORES,0,0
175,FCP TC LATAM COMPARTIMENTO A,250305020,RTE FTE PROVEEDORES,0,0
175,FCP TC LATAM COMPARTIMENTO A,250305020,RTE FTE PROVEEDORES,0,0
175,FCP TC LATAM COMPARTIMENTO A,250340010,SOBRE LAS VENTAS POR PAGAR 19%,"-1082889,2","-560247,7"
175,FCP TC LATAM COMPARTIMENTO A,253105003,CUENTA CORRIENTE IBA,0,0
175,FCP TC LATAM COMPARTIMENTO A,253105110,CUENTA COMPENSACION,"-149228473,9","-974046186,8"
175,FCP TC LATAM COMPARTIMENTO A,352505010,PARTICIPACIONES EN FDO DE INVERSIÓN COLE,-6384405484,-4250525335
175,FCP TC LATAM COMPARTIMENTO A,410705120,EMISORES EXTRANJEROS,0,"-52974814,12"
178,FIC RENTA FIJA MEDIANO PLAZO MULTIESCALA,161695999,PROVEEDORES,0,0
178,FIC RENTA FIJA MEDIANO PLAZO MULTIESCALA,161695999,PROVEEDORES,0,0
178,FIC RENTA FIJA MEDIANO PLAZO MULTIESCALA,192595001,CALIFICADORA DE VALORES,0,0
178,FIC RENTA FIJA MEDIANO PLAZO MULTIESCALA,250105040,CALIFICADORA,0,"-1569989,31"
178,FIC RENTA FIJA MEDIANO PLAZO MULTIESCALA,250110010,COMISION CUSTODIA FIJA,0,0
178,FIC RENTA FIJA MEDIANO PLAZO MULTIESCALA,250110033,COMISION CUSTODIO,"-6767299,82","-3002316,27"
178,FIC RENTA FIJA MEDIANO PLAZO MULTIESCALA,250295034,MERCADO ELECTRONICO COLOMBIANO (MEC),0,0
178,FIC RENTA FIJA MEDIANO PLAZO MULTIESCALA,250295038,COMISION SAE CUSTODIO,0,0
178,FIC RENTA FIJA MEDIANO PLAZO MULTIESCALA,250295050,OTROS PROVEEDORES,0,0
178,FIC RENTA FIJA MEDIANO PLAZO MULTIESCALA,250305020,RETENCION PROVEEDORES,0,0
178,FIC RENTA FIJA MEDIANO PLAZO MULTIESCALA,253105003,CUENTA CORRIENTE IBA,0,0
178,FIC RENTA FIJA MEDIANO PLAZO MULTIESCALA,253105110,CUENTA COMPENSACION,-1001487572,"-254042582,6"
178,FIC RENTA FIJA MEDIANO PLAZO MULTIESCALA,352510010,PARTICIPACIONES POR IDENTIFICAR,"-109724916,5","-116093417,3"
178,FIC RENTA FIJA MEDIANO PLAZO MULTIESCALA,410705115,OTROS EMISORES NACIONALES,0,-3690187950
178,FIC RENTA FIJA MEDIANO PLAZO MULTIESCALA,411495002,"(FE) BCO BOGOTA Cta No,049335052",0,"-852817,43"
178,FIC RENTA FIJA MEDIANO PLAZO MULTIESCALA,411495004,"(FE) BANCOLOMBIA Cta No, 69000008136",0,"-47992232,21"
178,FIC RENTA FIJA MEDIANO PLAZO MULTIESCALA,411495007,"(FE) BANCO BBVA Cta No, 895000075",0,"-545646,81"
178,FIC RENTA FIJA MEDIANO PLAZO MULTIESCALA,411495083,"(60) OCCIDENTE Cta No,288839293",0,-510394274
178,FIC RENTA FIJA MEDIANO PLAZO MULTIESCALA,411495196,"(60) BANCOLOMBIA Cau No,17823311257",0,"-1188368,05"
178,FIC RENTA FIJA MEDIANO PLAZO MULTIESCALA,411495300,INTERESES TÍTULOS,0,-14801218315
178,FIC RENTA FIJA MEDIANO PLAZO MULTIESCALA,411495999,OTROS,0,"-56578,79"
178,FIC RENTA FIJA MEDIANO PLAZO MULTIESCALA,419595025,PENALIZACIONES,0,"-11585117,14"
178,FIC RENTA FIJA MEDIANO PLAZO MULTIESCALA,510440010,COMPDE TRANSFERENCIA EN OPER REPO,0,282360
178,FIC RENTA FIJA MEDIANO PLAZO MULTIESCALA,510605105,TÍTULOS DE TESORERÍA -TES,0,8261169171
178,FIC RENTA FIJA MEDIANO PLAZO MULTIESCALA,511325010,COMISION CUSTODIA FIJA,0,"34935891,04"
178,FIC RENTA FIJA MEDIANO PLAZO MULTIESCALA,511512010,GASTOS BANCARIOS,0,"50565583,6"
178,FIC RENTA FIJA MEDIANO PLAZO MULTIESCALA,511548010,"COMISION DE ADMINISTRACION R,F,",0,1907387560
178,FIC RENTA FIJA MEDIANO PLAZO MULTIESCALA,512505115,OTROS EMISORES NACIONALES,0,1666182750
178,FIC RENTA FIJA MEDIANO PLAZO MULTIESCALA,514005011,IMPOVENTAS,0,"1427225,82"
178,FIC RENTA FIJA MEDIANO PLAZO MULTIESCALA,519095004,MERCADO ELECTRONICO COLOMBIA (MEC),0,"298534,16"
178,FIC RENTA FIJA MEDIANO PLAZO MULTIESCALA,519095007,SAE CUSTODIO,0,"893286,18"
178,FIC RENTA FIJA MEDIANO PLAZO MULTIESCALA,519095999,OTROS,0,"3,25"
178,FIC RENTA FIJA MEDIANO PLAZO MULTIESCALA,590505020,UTILIDAD/PERDIDA PAGADA EN REDENCIONES,0,12828937270
178,FIC RENTA FIJA MEDIANO PLAZO MULTIESCALA,840505010,ACREEDORAS POR CONTRA,0,0
175,FCP TC LATAM COMPARTIMENTO A,411495002,"(LA) BANCOLOMBIA PANAMA CTA,80100001881",0,"-1432739,9"
175,FCP TC LATAM COMPARTIMENTO A,411495999,OTROS,0,"-175881049,4"
175,FCP TC LATAM COMPARTIMENTO A,413515010,DIFERENCIA EN CAMBIO,0,"-219538614,1"
175,FCP TC LATAM COMPARTIMENTO A,414515010,ARRENDAMIENTO INMUEBLES IVA 19%,0,"-8643837,04"
175,FCP TC LATAM COMPARTIMENTO A,510605120,EMISORES EXTRANJEROS,0,0
175,FCP TC LATAM COMPARTIMENTO A,510805010,POR DISMINUCION EN EL VALOR RAZONABLE,0,1891652483
175,FCP TC LATAM COMPARTIMENTO A,511325010,COMISION CUSTODIA FIJA,0,"2421649,31"
175,FCP TC LATAM COMPARTIMENTO A,511512010,GASTOS BANCARIOS,0,"655616,77"
175,FCP TC LATAM COMPARTIMENTO A,511548010,"COMISION DE ADMINISTRACION R,F,",0,"12494695,56"
175,FCP TC LATAM COMPARTIMENTO A,513095090,OTROS HONORARIOS,0,"6270081,12"
175,FCP TC LATAM COMPARTIMENTO A,514005010,IMPUESTO A LOS MOVIMIENTOS FINANCIEROS,0,"413850,53"
175,FCP TC LATAM COMPARTIMENTO A,519095010,ADMINISTRACION DE ARRENDAMIENTOS,0,"947134,05"
175,FCP TC LATAM COMPARTIMENTO A,519095050,GASTOS REEMBOLSABLES,0,"114568519,4"
175,FCP TC LATAM COMPARTIMENTO A,810505115,OTROS EMISORES NACIONALES,0,"133973916,2"
175,FCP TC LATAM COMPARTIMENTO A,810505205,EMISORES NACIONALES,464373177,"237795353,6"
175,FCP TC LATAM COMPARTIMENTO A,829595999,OTRAS CUENTAS DE ORDEN ACREEDORAS USD,-1523995181,-1395713782
175,FCP TC LATAM COMPARTIMENTO A,840505999,OTRAS CUENTAS DE ORDEN ACREEDORAS USD,1523995181,1395713782
176,FCP TC LATAM - COMPARTIMENTO B,130115115,OTROS EMISORES NACIONALES,0,"38120686,6"
176,FCP TC LATAM - COMPARTIMENTO B,161205010,ARRENDAMIENTOS DE BIENES PROPIOS,0,0
176,FCP TC LATAM - COMPARTIMENTO B,161695529,"(TB) BANCOLOMBIA Cau No,03141537287","3153,19","35932,26"
176,FCP TC LATAM - COMPARTIMENTO B,182705010,PROPIEDADES DE INVERSION,"151446349,9","151446349,9"
176,FCP TC LATAM - COMPARTIMENTO B,192595030,AMORTIZACIÓN COMISIÓN DE ADMÓN,0,0
176,FCP TC LATAM - COMPARTIMENTO B,250105010,HONORARIOS,0,0
176,FCP TC LATAM - COMPARTIMENTO B,250110010,COMISION CUSTODIA FIJA,0,0
176,FCP TC LATAM - COMPARTIMENTO B,250110015,COMISION DE ADMINISTRACION,0,0
176,FCP TC LATAM - COMPARTIMENTO B,250340010,SOBRE LAS VENTAS POR PAGAR 19%,"-309371,6","-160070,7"
176,FCP TC LATAM - COMPARTIMENTO B,253105220,CUENTA COMPENSACION DIVISAS,0,0
176,FCP TC LATAM - COMPARTIMENTO B,352505010,PARTICIPACIONES EN FDO DE INVERSIÓN COLE,-1757057257,-1148258130
176,FCP TC LATAM - COMPARTIMENTO B,410805300,EMISORES NACIONALES,0,0
176,FCP TC LATAM - COMPARTIMENTO B,413515010,DIFERENCIA EN CAMBIO,0,"-46033032,84"
176,FCP TC LATAM - COMPARTIMENTO B,510805010,POR DISMINUCION EN EL VALOR RAZONABLE,0,"540468251,3"
176,FCP TC LATAM - COMPARTIMENTO B,511325010,COMISION CUSTODIA FIJA,0,"691899,8"
176,FCP TC LATAM - COMPARTIMENTO B,511512010,GASTOS BANCARIOS,0,"542870,99"
176,FCP TC LATAM - COMPARTIMENTO B,513015003,REVISORIA FISCAL,0,"1799354,22"
176,FCP TC LATAM - COMPARTIMENTO B,513095090,OTROS HONORARIOS,0,"1791451,76"
176,FCP TC LATAM - COMPARTIMENTO B,513535010,POR REEXPRESION DE OTROS ACTIVOS,0,"59457680,21"
186,FCP TC LATAM COMPARTIMENTO C,111505522,"(TC) BANCOLOMBIA Cta No,03141537601",1610694713,2808361157
186,FCP TC LATAM COMPARTIMENTO C,130115115,OTROS EMISORES NACIONALES,0,1477771290
186,FCP TC LATAM COMPARTIMENTO C,136000300,INVERSIONES DERECHOS FIDUCIARIOS,2267548550,2267548550
186,FCP TC LATAM COMPARTIMENTO C,161205010,ARRENDAMIENTOS DE BIENES PROPIOS,0,0
186,FCP TC LATAM COMPARTIMENTO C,161695003,"(LC) BANCOLOMBIA Cta No, 69000002515","2559,36","3362,7"
186,FCP TC LATAM COMPARTIMENTO C,161695015,GASTOS VARIOS DE ADMON,0,0
186,FCP TC LATAM COMPARTIMENTO C,161695045,CUENTA CORRIENTE,1477771290,"1410739,78"
186,FCP TC LATAM COMPARTIMENTO C,161695522,"(TC) BANCOLOMBIA Cau No,03141537601","260889,46","1366061,75"
186,FCP TC LATAM COMPARTIMENTO C,163035010,IVA DESCONTABLE 19%,"1116832,4","583625,3"
186,FCP TC LATAM COMPARTIMENTO C,192595030,AMORTIZACIÓN COMISIÓN DE ADMÓN,0,0
186,FCP TC LATAM COMPARTIMENTO C,250105010,HONORARIOS,0,0
186,FCP TC LATAM COMPARTIMENTO C,250110010,COMISION CUSTODIA FIJA,0,0
186,FCP TC LATAM COMPARTIMENTO C,253105003,CUENTA CORRIENTE IBA,0,0
186,FCP TC LATAM COMPARTIMENTO C,253105110,CUENTA COMPENSACION,-1422598590,-3584659237
186,FCP TC LATAM COMPARTIMENTO C,411495522,"(TC) BANCOLOMBIA Cau No,03141537601",0,"-26689470,98"
186,FCP TC LATAM COMPARTIMENTO C,411495999,OTROS,0,"-0,06"
186,FCP TC LATAM COMPARTIMENTO C,414515010,ARRENDAMIENTO INMUEBLES IVA 19%,0,"-82425160,3"
186,FCP TC LATAM COMPARTIMENTO C,510805010,POR DISMINUCIÓN EN VALOR RAZONABLE,0,0
186,FCP TC LATAM COMPARTIMENTO C,511512010,GASTOS BANCARIOS,0,"802727,96"
186,FCP TC LATAM COMPARTIMENTO C,511548010,"COMISION DE ADMINISTRACION R,F,",0,"6521192,64"
186,FCP TC LATAM COMPARTIMENTO C,511595015,OTRAS COMISIONES,0,"5340624,6"
186,FCP TC LATAM COMPARTIMENTO C,514005011,IMPOVENTAS,0,"1528834,94"
186,FCP TC LATAM COMPARTIMENTO C,519095010,ADMINISTRACION DE ARRENDAMIENTOS,0,"9031599,66"
186,FCP TC LATAM COMPARTIMENTO C,519095999,OTROS,0,0
186,FCP TC LATAM COMPARTIMENTO C,810505205,EMISORES NACIONALES,2267548550,2267548550
187,FCP TC LATAM COMPARTIMENTO D,111505431,"(TED) BANCOLOMBIA Cta No,03141537767","166827959,9",220138972
187,FCP TC LATAM COMPARTIMENTO D,130115115,OTROS EMISORES NACIONALES,0,"61246769,12"
187,FCP TC LATAM COMPARTIMENTO D,130120120,EMISORES EXTRANJEROS,"316948547,9",0
187,FCP TC LATAM COMPARTIMENTO D,136000300,INVERSIONES DERECHOS FIDUCIARIOS,"83865325,6","83865325,6"
187,FCP TC LATAM COMPARTIMENTO D,161205010,ARRENDAMIENTOS DE BIENES PROPIOS,0,0
187,FCP TC LATAM COMPARTIMENTO D,161695015,GASTOS VARIOS DE ADMON,0,"4,09"
187,FCP TC LATAM COMPARTIMENTO D,161695045,CUENTA CORRIENTE,"61246769,12","330553594,6"
187,FCP TC LATAM COMPARTIMENTO D,169895010,DETERIORO OTRAS CUENTAS POR COBRAR,0,"-72569251,1"
187,FCP TC LATAM COMPARTIMENTO D,182705010,PROPIEDADES DE INVERSION,"186335426,2","186335426,2"
187,FCP TC LATAM COMPARTIMENTO D,192595030,AMORTIZACIÓN COMISIÓN DE ADMÓN,0,0
187,FCP TC LATAM COMPARTIMENTO D,250105010,HONORARIOS,0,0
176,FCP TC LATAM - COMPARTIMENTO B,514005010,IMPUESTO A LOS MOVIMIENTOS FINANCIEROS,0,"99231,19"
176,FCP TC LATAM - COMPARTIMENTO B,517040010,DE INVERSIONES,0,"76522565,94"
176,FCP TC LATAM - COMPARTIMENTO B,519095010,ADMINISTRACION DE ARRENDAMIENTOS,0,"270609,72"
176,FCP TC LATAM - COMPARTIMENTO B,519095050,GASTOS REEMBOLSABLES,0,"32733624,76"
176,FCP TC LATAM - COMPARTIMENTO B,810505115,OTROS EMISORES NACIONALES,0,"38120686,6"
176,FCP TC LATAM - COMPARTIMENTO B,810505205,EMISORES NACIONALES,"132677031,6","67941529,61"
176,FCP TC LATAM - COMPARTIMENTO B,829595999,OTRAS CUENTAS DE ORDEN ACREEDORAS USD,"-284506310,7","-260558159,3"
176,FCP TC LATAM - COMPARTIMENTO B,840505999,OTRAS CUENTAS DE ORDEN ACREEDORAS USD,"284506310,7","260558159,3"
178,FIC RENTA FIJA MEDIANO PLAZO MULTIESCALA,111505001,"(FE) DAVIVIENDA Cta No,482800036006",3942248564,"173077811,5"
178,FIC RENTA FIJA MEDIANO PLAZO MULTIESCALA,111505003,"(FE) OCCIDENTE Cta No, 219885886","878003462,5","94460214,84"
178,FIC RENTA FIJA MEDIANO PLAZO MULTIESCALA,111505004,"(FE) BANCOLOMBIA Cta No, 69000008136","235989770,6",2631773827
178,FIC RENTA FIJA MEDIANO PLAZO MULTIESCALA,111505005,"(FE) BANCO COLPATRIA Cta No, 0072967711","71810646,4",105959209
178,FIC RENTA FIJA MEDIANO PLAZO MULTIESCALA,111505082,"(60) OCCIDENTE Cta No,288839293","4390580,37",21598465482
178,FIC RENTA FIJA MEDIANO PLAZO MULTIESCALA,111505192,"DAVIVIENDA CTA NO, 005069993060","8982641,82","198727869,3"
178,FIC RENTA FIJA MEDIANO PLAZO MULTIESCALA,111505195,"(60) BANCOLOMBIA Cta No,17823311257","17556662,57","16286164,69"
178,FIC RENTA FIJA MEDIANO PLAZO MULTIESCALA,111505350,"(60) COLPATRIA Cta No, 0132098160","8251195,11","8536662,75"
178,FIC RENTA FIJA MEDIANO PLAZO MULTIESCALA,130105105,TÍTULOS DE TESORERÍA -TES,128861557192,79199014695
178,FIC RENTA FIJA MEDIANO PLAZO MULTIESCALA,161695001,"(FE) DAVIVIENDA Cta No,482800036006","1612567,08","44121,43"
178,FIC RENTA FIJA MEDIANO PLAZO MULTIESCALA,161695002,"(FE) BCO BOGOTA Cta No,049335052","427236,89","119261,32"
178,FIC RENTA FIJA MEDIANO PLAZO MULTIESCALA,161695004,"(LD) BCO DAVIVIENDA cta No,482800025215","96838,1","730103,11"
178,FIC RENTA FIJA MEDIANO PLAZO MULTIESCALA,161695007,"(FE) BANCO BBVA Cta No, 895000075","138,88","12,71"
178,FIC RENTA FIJA MEDIANO PLAZO MULTIESCALA,161695025,RETENCION EN LA FUENTE,10584560,10584560
178,FIC RENTA FIJA MEDIANO PLAZO MULTIESCALA,161695196,"(60) BANCOLOMBIA Cau No,17823311257","4252,89","6351,16"
178,FIC RENTA FIJA MEDIANO PLAZO MULTIESCALA,161695198,"(60) BBVA Cta cau No,895000602","470734,51","470734,51"
178,FIC RENTA FIJA MEDIANO PLAZO MULTIESCALA,161695206,"(60) BOGOTA Cau No,049126758","765019,26","765019,26"
178,FIC RENTA FIJA MEDIANO PLAZO MULTIESCALA,161695207,"(60) DAVIVIENDA Cau No,005070350045","1412,64","40615,12"
178,FIC RENTA FIJA MEDIANO PLAZO MULTIESCALA,162825010,EN GARANTIA,1063153724,1063153724
178,FIC RENTA FIJA MEDIANO PLAZO MULTIESCALA,192595002,CUENTAS DE DEPOSITO (CUD),0,0
178,FIC RENTA FIJA MEDIANO PLAZO MULTIESCALA,192595003,REVISORIA FISCAL,0,0
178,FIC RENTA FIJA MEDIANO PLAZO MULTIESCALA,250105035,REVISORIA FISCAL,0,0
178,FIC RENTA FIJA MEDIANO PLAZO MULTIESCALA,250110015,COMISION DE ADMINISTRACION,"-28228873,63","-8834253,01"
178,FIC RENTA FIJA MEDIANO PLAZO MULTIESCALA,250295050,OTROS PROVEEDORES,0,0
178,FIC RENTA FIJA MEDIANO PLAZO MULTIESCALA,250305011,RENDIMIENTOS FINANCIEROS CAPITALIZADOS,0,-2175359
178,FIC RENTA FIJA MEDIANO PLAZO MULTIESCALA,250305020,RETENCION PROVEEDORES,0,0
178,FIC RENTA FIJA MEDIANO PLAZO MULTIESCALA,352505010,PARTICIPACIONES EN FDO DE INVERSIÓN COLE,-378127188890,-247171362918
178,FIC RENTA FIJA MEDIANO PLAZO MULTIESCALA,410355010,REND X COMPROMISOS DE TRANSF OP SIM,0,-689679041
178,FIC RENTA FIJA MEDIANO PLAZO MULTIESCALA,410705105,TÍTULOS DE TESORERÍA -TES,0,-8627581513
178,FIC RENTA FIJA MEDIANO PLAZO MULTIESCALA,411405015,INGRESO OP REPO,0,"-31685408,71"
178,FIC RENTA FIJA MEDIANO PLAZO MULTIESCALA,411495001,"(FE) DAVIVIENDA Cta No,482800036006",0,"-85515103,12"
178,FIC RENTA FIJA MEDIANO PLAZO MULTIESCALA,411495003,"(FE) OCCIDENTE Cta No, 219885886",0,"-134347192,7"
178,FIC RENTA FIJA MEDIANO PLAZO MULTIESCALA,411495005,"(FE) BANCO COLPATRIA Cta No, 0072967711",0,"-5939838,27"
178,FIC RENTA FIJA MEDIANO PLAZO MULTIESCALA,411495197,"(60) DAVIVIENDA Cta Cau No,005070366660",0,"-45506122,17"
178,FIC RENTA FIJA MEDIANO PLAZO MULTIESCALA,411495207,"(60) DAVIVIENDA Cau No,005070350045",0,"-53582220,66"
178,FIC RENTA FIJA MEDIANO PLAZO MULTIESCALA,411495350,"(60) BANCOLOMBIA Cta Cau No,0132098160",0,"-315121,38"
178,FIC RENTA FIJA MEDIANO PLAZO MULTIESCALA,412505105,TÍTULOS DE TESORERÍA -TES,0,"-625716550,2"
178,FIC RENTA FIJA MEDIANO PLAZO MULTIESCALA,412505115,OTROS EMISORES NACIONALES,0,-234098900
178,FIC RENTA FIJA MEDIANO PLAZO MULTIESCALA,510605115,OTROS EMISORES NACIONALES,0,3239078450
178,FIC RENTA FIJA MEDIANO PLAZO MULTIESCALA,512505105,TÍTULOS DE TESORERÍA -TES,0,"137477964,6"
178,FIC RENTA FIJA MEDIANO PLAZO MULTIESCALA,513015003,REVISORIA FISCAL,0,"7511715,58"
178,FIC RENTA FIJA MEDIANO PLAZO MULTIESCALA,513095010,CALIFICADORA,0,"19695024,49"
178,FIC RENTA FIJA MEDIANO PLAZO MULTIESCALA,514005010,IMPUESTO A LOS MOVIMIENTOS FINANCIEROS,0,"2038688,83"
178,FIC RENTA FIJA MEDIANO PLAZO MULTIESCALA,519095006,CUENTAS DE DEPOSITO (CUD),0,"2051655,7"
178,FIC RENTA FIJA MEDIANO PLAZO MULTIESCALA,590505010,CANCELACION DE INGRESOS RF,0,1438055176
178,FIC RENTA FIJA MEDIANO PLAZO MULTIESCALA,810505105,TÍTULOS DE TESORERÍA -TES,128861557192,79199014695
178,FIC RENTA FIJA MEDIANO PLAZO MULTIESCALA,810505115,OTROS EMISORES NACIONALES,243761725450,141501711100
178,FIC RENTA FIJA MEDIANO PLAZO MULTIESCALA,821505010,EN TITULOS DE TESORERIA - TES,0,0
178,FIC RENTA FIJA MEDIANO PLAZO MULTIESCALA,821510010,VALORES RECIBIDOS EN OP SIM ACTIVAS DB,0,0
178,FIC RENTA FIJA MEDIANO PLAZO MULTIESCALA,830505010,DEUDORAS POR CONTRA,-372623282642,-220700725795
186,FCP TC LATAM COMPARTIMENTO C,111505003,"(LC) BANCOLOMBIA Cta No, 69000002515","1019421,15","1384056,13"
186,FCP TC LATAM COMPARTIMENTO C,182705010,PROPIEDADES DE INVERSION,5050562393,5050562393
186,FCP TC LATAM COMPARTIMENTO C,250110015,COMISION DE ADMINISTRACION,0,0
186,FCP TC LATAM COMPARTIMENTO C,250340010,SOBRE LAS VENTAS POR PAGAR 19%,"-10317132,8","-5342361,6"
186,FCP TC LATAM COMPARTIMENTO C,352505010,PARTICIPACIONES EN FDO DE INVERSIÓN COLE,-8976060926,-8018989637
186,FCP TC LATAM COMPARTIMENTO C,410805300,EMISORES NACIONALES,0,0
186,FCP TC LATAM COMPARTIMENTO C,411495003,"(LT) BANCOLOMBIA Cta No,69000002515",0,"-398425,12"
186,FCP TC LATAM COMPARTIMENTO C,419595020,OTROS INGRESOS OPERACIONALES,0,0
186,FCP TC LATAM COMPARTIMENTO C,511325010,COMISION CUSTODIA FIJA,0,"1660559,54"
186,FCP TC LATAM COMPARTIMENTO C,513015003,REVISORIA FISCAL,0,"4318450,19"
187,FCP TC LATAM COMPARTIMENTO D,250110010,COMISION CUSTODIA FIJA,0,0
187,FCP TC LATAM COMPARTIMENTO D,250340010,SOBRE LAS VENTAS POR PAGAR 19%,"-380642,4","-197587,3"
187,FCP TC LATAM COMPARTIMENTO D,253105110,CUENTA COMPENSACION,"-52572631,87","-323824443,9"
187,FCP TC LATAM COMPARTIMENTO D,410705120,EMISORES EXTRANJEROS,0,"-17621452,98"
187,FCP TC LATAM COMPARTIMENTO D,411495005,"(LD) BANCOLOMBIA PANAMA CTA,80100001883",0,"-741903,96"
187,FCP TC LATAM COMPARTIMENTO D,411495999,OTROS,0,"-61823290,05"
187,FCP TC LATAM COMPARTIMENTO D,414515010,ARRENDAMIENTO INMUEBLES IVA 19%,0,"-3048496,07"
187,FCP TC LATAM COMPARTIMENTO D,510605120,EMISORES EXTRANJEROS,0,0
187,FCP TC LATAM COMPARTIMENTO D,510805010,POR DISMINUCION EN EL VALOR RAZONABLE,0,"664762001,5"
187,FCP TC LATAM COMPARTIMENTO D,511325010,COMISION CUSTODIA FIJA,0,"851036,77"
187,FCP TC LATAM COMPARTIMENTO D,511512010,GASTOS BANCARIOS,0,"542870,99"
187,FCP TC LATAM COMPARTIMENTO D,511548010,"COMISION DE ADMINISTRACION R,F,",0,"5456970,86"
187,FCP TC LATAM COMPARTIMENTO D,511595015,OTRAS COMISIONES,0,197523
187,FCP TC LATAM COMPARTIMENTO D,513095090,OTROS HONORARIOS,0,"2203785,52"
187,FCP TC LATAM COMPARTIMENTO D,513535010,POR REEXPRESION DE OTROS ACTIVOS,0,"154772798,5"
187,FCP TC LATAM COMPARTIMENTO D,514005010,IMPUESTO A LOS MOVIMIENTOS FINANCIEROS,0,"115277,96"
187,FCP TC LATAM COMPARTIMENTO D,514005011,IMPOVENTAS,0,"783527,91"
187,FCP TC LATAM COMPARTIMENTO D,519095010,ADMINISTRACION DE ARRENDAMIENTOS,0,"334033,89"
187,FCP TC LATAM COMPARTIMENTO D,519095999,OTROS,0,0
187,FCP TC LATAM COMPARTIMENTO D,810505115,OTROS EMISORES NACIONALES,0,"61246769,12"
187,FCP TC LATAM COMPARTIMENTO D,810505205,EMISORES NACIONALES,"163496651,2","83865325,61"
200,FCP ENERGETICO ANDINO COMPARTIMENTO C,111505085,"(EAC) BANCOLOMBIA Cta No,03130741559","339397408,8",0
200,FCP ENERGETICO ANDINO COMPARTIMENTO C,161695015,GASTOS VARIOS DE ADMON,0,0
200,FCP ENERGETICO ANDINO COMPARTIMENTO C,161695045,CUENTA COMPENSACION,0,0
200,FCP ENERGETICO ANDINO COMPARTIMENTO C,250305011,RENDIMIENTOS FINANCIEROS CAPITALIZADOS,0,0
200,FCP ENERGETICO ANDINO COMPARTIMENTO C,411495085,"(EAC) BANCOLOMBIA Cau No,03130741559",0,0
200,FCP ENERGETICO ANDINO COMPARTIMENTO C,513015003,REVISORIA FISCAL,0,0
200,FCP ENERGETICO ANDINO COMPARTIMENTO C,514005011,IMPOVENTAS,0,0
200,FCP ENERGETICO ANDINO COMPARTIMENTO C,519095999,OTROS,0,0
200,FCP ENERGETICO ANDINO COMPARTIMENTO C,590505010,CANCELACION DE INGRESOS RF,0,0
200,FCP ENERGETICO ANDINO COMPARTIMENTO C,590505020,UTILIDAD/PERDIDA PAGADA EN REDENCIONES,0,0
240,FCP TC LATAM - COMPARTIMENTO E,130205300,EMISORES  NACIONALES,2480984398,1999464968
240,FCP TC LATAM - COMPARTIMENTO E,192595015,COMISION DE GESTION,0,0
240,FCP TC LATAM - COMPARTIMENTO E,192595030,AMORTIZACIÓN COMISIÓN DE ADMÓN,0,0
240,FCP TC LATAM - COMPARTIMENTO E,250110010,COMISION CUSTODIO FIJA,0,0
240,FCP TC LATAM - COMPARTIMENTO E,250110015,COMISION DE ADMINISTRACION,0,0
186,FCP TC LATAM COMPARTIMENTO C,513095090,OTROS HONORARIOS,0,"6422634,6"
186,FCP TC LATAM COMPARTIMENTO C,514005010,IMPUESTO A LOS MOVIMIENTOS FINANCIEROS,0,"637808,63"
186,FCP TC LATAM COMPARTIMENTO C,519095050,GASTOS REEMBOLSABLES,0,"44319911,98"
186,FCP TC LATAM COMPARTIMENTO C,590505010,CANCELACION DE INGRESOS RF,0,"28928711,72"
186,FCP TC LATAM COMPARTIMENTO C,590505015,CANCELACION DE INGRESOS RV,0,0
186,FCP TC LATAM COMPARTIMENTO C,810505115,OTROS EMISORES NACIONALES,0,1477771290
186,FCP TC LATAM COMPARTIMENTO C,829595999,OTRAS CUENTAS DE ORDEN ACREEDORAS USD,"-100171755,4","-91739856,77"
186,FCP TC LATAM COMPARTIMENTO C,830505010,DEUDORAS POR CONTRA,-2267548550,-3745319840
186,FCP TC LATAM COMPARTIMENTO C,840505999,OTRAS CUENTAS DE ORDEN ACREEDORAS USD,"100171755,4","91739856,77"
187,FCP TC LATAM COMPARTIMENTO D,111510005,(LD) BANCOLOMBIA PANAMA CTA: 80100001883,"255886528,4",452053940
187,FCP TC LATAM COMPARTIMENTO D,130205300,EMISORES  NACIONALES,"79631325,64","0,01"
187,FCP TC LATAM COMPARTIMENTO D,130210300,EMISORES EXTRANJEROS,1410187517,"825056841,5"
187,FCP TC LATAM COMPARTIMENTO D,161695005,"(LD) BANCOLOMBIA PANAMA CTA,80100001883","63077,4","103364,37"
187,FCP TC LATAM COMPARTIMENTO D,161695431,"(TD) BANCOLOMBIA Cau No,03141537767","27022,1","106979,78"
187,FCP TC LATAM COMPARTIMENTO D,163035010,IVA DESCONTABLE 19%,"41204,4","21585,4"
187,FCP TC LATAM COMPARTIMENTO D,250110015,COMISION DE ADMINISTRACION,0,0
187,FCP TC LATAM COMPARTIMENTO D,253105003,RENDIMIENTOS FINANCIEROS,0,0
187,FCP TC LATAM COMPARTIMENTO D,253105220,CUENTA COMPENSACION DIVISAS,0,0
187,FCP TC LATAM COMPARTIMENTO D,352505010,PARTICIPACIONES EN FDO DE INVERSIÓN COLE,-2508107430,-1762891520
187,FCP TC LATAM COMPARTIMENTO D,410705115,OTROS EMISORES NACIONALES,0,0
187,FCP TC LATAM COMPARTIMENTO D,410805300,EMISORES NACIONALES,0,0
187,FCP TC LATAM COMPARTIMENTO D,411495431,"(TD) BANCOLOMBIA Cau No,03141537767",0,"-3197642,43"
187,FCP TC LATAM COMPARTIMENTO D,413515010,DIFERENCIA EN CAMBIO,0,"-118495630,9"
187,FCP TC LATAM COMPARTIMENTO D,512505120,EMISORES EXTRANJEROS,0,"5075172,54"
187,FCP TC LATAM COMPARTIMENTO D,513015003,REVISORIA FISCAL,0,"2213205,71"
187,FCP TC LATAM COMPARTIMENTO D,517040010,DE INVERSIONES,0,"72569251,1"
187,FCP TC LATAM COMPARTIMENTO D,519095050,GASTOS REEMBOLSADOS,0,"40266869,46"
187,FCP TC LATAM COMPARTIMENTO D,590505010,CANCELACION DE INGRESOS RF,0,"-105463547,4"
187,FCP TC LATAM COMPARTIMENTO D,590505015,CANCELACION DE INGRESOS RV,0,-639752362
187,FCP TC LATAM COMPARTIMENTO D,810505120,EMISORES EXTRANJEROS,1727136065,"825056841,5"
187,FCP TC LATAM COMPARTIMENTO D,829595999,OTRAS CUENTAS DE ORDEN ACREEDORAS USD,-1742377485,-1595713884
187,FCP TC LATAM COMPARTIMENTO D,830505010,DEUDORAS POR CONTRA,-1890632717,"-970168936,2"
187,FCP TC LATAM COMPARTIMENTO D,840505999,OTRAS CUENTAS DE ORDEN ACREEDORAS USD,1742377485,1595713884
200,FCP ENERGETICO ANDINO COMPARTIMENTO C,111505086,"(EC) BANCOLOMBIA Cta No,69000001704","35009,56",0
200,FCP ENERGETICO ANDINO COMPARTIMENTO C,161695085,"(EAC) BANCOLOMBIA Cau No,03130741559",0,0
200,FCP ENERGETICO ANDINO COMPARTIMENTO C,161695086,"(EC) BANCOLOMBIA Cta No,69000001704","88,02",0
200,FCP ENERGETICO ANDINO COMPARTIMENTO C,250110010,COMISION CUSTODIA FIJA,0,0
200,FCP ENERGETICO ANDINO COMPARTIMENTO C,253105003,CUENTA CORRIENTE IBA,0,0
200,FCP ENERGETICO ANDINO COMPARTIMENTO C,253105110,CUENTA COMPENSACION,"-89,37",0
200,FCP ENERGETICO ANDINO COMPARTIMENTO C,352505010,PARTICIPACIONES EN FDO DE INVERSION COLE,-339432417,0
200,FCP ENERGETICO ANDINO COMPARTIMENTO C,411495086,"(EC) BANCOLOMBIA Cta Cau No,69000001704",0,0
200,FCP ENERGETICO ANDINO COMPARTIMENTO C,411495999,OTROS,0,0
200,FCP ENERGETICO ANDINO COMPARTIMENTO C,511325010,COMISION CUSTODIA FIJA,0,0
200,FCP ENERGETICO ANDINO COMPARTIMENTO C,511512010,GASTOS BANCARIOS,0,0
200,FCP ENERGETICO ANDINO COMPARTIMENTO C,514005010,IMPUESTO A LOS MOVIMIENTOS FINANCIEROS,0,0
240,FCP TC LATAM - COMPARTIMENTO E,111505005,"(LT) BANCOLOMBIA Cta No,69000002518",0,0
240,FCP TC LATAM - COMPARTIMENTO E,111505531,"(TE) BANCOLOMBIA Cta, 03141537881",2273250342,"676688120,9"
240,FCP TC LATAM - COMPARTIMENTO E,111510006,(LE) BANCOLOMBIA PANAMA CTA: 80100005498,2360536883,"736212717,9"
240,FCP TC LATAM - COMPARTIMENTO E,130120120,EMISORES EXTRANJEROS,5255276396,0
240,FCP TC LATAM - COMPARTIMENTO E,130210300,EMISORES EXTRANJEROS,39794975422,24495384582
240,FCP TC LATAM - COMPARTIMENTO E,136000300,INVERSIONES DERECHOS FIDUCIARIOS,127824271,28939321084
240,FCP TC LATAM - COMPARTIMENTO E,136005010,INVERSIONES DERECHOS FIDUCIARIOS,31999832174,0
240,FCP TC LATAM - COMPARTIMENTO E,161695005,"(LT) BANCOLOMBIA Cta No,69000002518","0,48","0,48"
240,FCP TC LATAM - COMPARTIMENTO E,161695006,"(LE) BANCOLOMBIA PANAMA CTA,80100005498","610732,73","639230,47"
240,FCP TC LATAM - COMPARTIMENTO E,161695015,GASTOS VARIOS DE ADMON,0,"4,09"
240,FCP TC LATAM - COMPARTIMENTO E,161695045,CUENTA CORRIENTE,0,5551812474
240,FCP TC LATAM - COMPARTIMENTO E,161695531,"(TE) BANCOLOMBIA Cau No,03141537881","552269,23","1441880,19"
240,FCP TC LATAM - COMPARTIMENTO E,161695999,PROVEEDORES,0,0
240,FCP TC LATAM - COMPARTIMENTO E,161695999,PROVEEDORES,0,0
240,FCP TC LATAM - COMPARTIMENTO E,161695999,PROVEEDORES,0,0
240,FCP TC LATAM - COMPARTIMENTO E,161695999,PROVEEDORES,0,0
240,FCP TC LATAM - COMPARTIMENTO E,250105010,HONORARIOS,0,0
240,FCP TC LATAM - COMPARTIMENTO E,250295050,OTROS PROVEEDORES,0,0
240,FCP TC LATAM - COMPARTIMENTO E,250305011,RENDIMIENTOS FINANCIEROS CAPITALIZADOS,0,0
240,FCP TC LATAM - COMPARTIMENTO E,250305020,RTE FTE PROVEEDORES,0,0
240,FCP TC LATAM - COMPARTIMENTO E,250305020,RTE FTE PROVEEDORES,0,0
240,FCP TC LATAM - COMPARTIMENTO E,250305020,RTE FTE PROVEEDORES,0,0
240,FCP TC LATAM - COMPARTIMENTO E,253105003,CUENTA CORRIENTE IBA,0,0
240,FCP TC LATAM - COMPARTIMENTO E,253105110,CUENTA COMPENSACION,-2694852709,-2890922551
240,FCP TC LATAM - COMPARTIMENTO E,410705120,EMISORES EXTRANJEROS,0,"-156243570,3"
240,FCP TC LATAM - COMPARTIMENTO E,411495006,"(LE) BANCOLOMBIA PANAMA CTA,80100005498",0,"-2212547,87"
240,FCP TC LATAM - COMPARTIMENTO E,250295050,OTROS PROVEEDORES,0,0
240,FCP TC LATAM - COMPARTIMENTO E,250295050,OTROS PROVEEDORES,0,0
240,FCP TC LATAM - COMPARTIMENTO E,250295050,OTROS PROVEEDORES,0,0
240,FCP TC LATAM - COMPARTIMENTO E,250305020,RTE FTE PROVEEDORES,0,0
240,FCP TC LATAM - COMPARTIMENTO E,253105220,CUENTA COMPENSACION DIVISAS,0,"-650626887,3"
240,FCP TC LATAM - COMPARTIMENTO E,352505010,PARTICIPACIONES EN FDO DE INVERSIÓN COLE,-81598990179,-58859415624
240,FCP TC LATAM - COMPARTIMENTO E,410805300,EMISORES NACIONALES,0,0
240,FCP TC LATAM - COMPARTIMENTO E,413515010,POR REEXPRESIÓN DE OTROS ACTIVOS,0,"-266446471,9"
240,FCP TC LATAM - COMPARTIMENTO E,511325010,COMISION CUSTODIA FIJA,0,"4635728,66"
240,FCP TC LATAM - COMPARTIMENTO E,513015003,REVISORIA FISCAL,0,4199001
240,FCP TC LATAM - COMPARTIMENTO E,513095090,OTROS HONORARIOS,0,"14007240,01"
240,FCP TC LATAM - COMPARTIMENTO E,513535010,POR REEXPRESION DE OTROS ACTIVOS,0,"327059876,3"
240,FCP TC LATAM - COMPARTIMENTO E,514005010,IMPUESTO A LOS MOVIMIENTOS FINANCIEROS,0,"2014744,73"
240,FCP TC LATAM - COMPARTIMENTO E,519095050,GASTOS REEMBOLSADOS,0,225134666
240,FCP TC LATAM - COMPARTIMENTO E,590505015,CANCELACION DE INGRESOS RV,0,-16882623459
240,FCP TC LATAM - COMPARTIMENTO E,810505120,EMISORES EXTRANJEROS,45050251817,24495384582
240,FCP TC LATAM - COMPARTIMENTO E,829595999,OTRAS CUENTAS DE ORDEN ACREEDORAS USD,-25492349258,-23346545748
240,FCP TC LATAM - COMPARTIMENTO E,840505999,OTRAS CUENTAS DE ORDEN ACREEDORAS USD,25492349258,23346545748
257,FIC INMOBILIARIO DE RENTA DAVIVIENDA CORREDORES,110505110,CAJA GENERAL,0,0
257,FIC INMOBILIARIO DE RENTA DAVIVIENDA CORREDORES,111505003,"(FIR) DAVIVIENDA Cta No, 005069993474","660086,92","684072,62"
257,FIC INMOBILIARIO DE RENTA DAVIVIENDA CORREDORES,111505004,(FIR) Bancolombia CTA AH 03151159060,4721123288,1015166501
257,FIC INMOBILIARIO DE RENTA DAVIVIENDA CORREDORES,111505005,(FIR) Bancolombia CTA CTE 03164963055,"101529712,9","101910865,9"
257,FIC INMOBILIARIO DE RENTA DAVIVIENDA CORREDORES,111505006,(FIR) Bancolombia CTA CTE 03164961182,100000,100000
257,FIC INMOBILIARIO DE RENTA DAVIVIENDA CORREDORES,111505008,(FIR) Occidente CTA AH 288857402,"9088572,61","5437466,52"
257,FIC INMOBILIARIO DE RENTA DAVIVIENDA CORREDORES,111505014,"(FIR) Banco Popular Cta, 500804743994","8271539,8","8275671,47"
257,FIC INMOBILIARIO DE RENTA DAVIVIENDA CORREDORES,111505017,(FIR) GNB SUDAMERIS CTA AH 91000023490,14771499343,"518956779,6"
257,FIC INMOBILIARIO DE RENTA DAVIVIENDA CORREDORES,111505018,"(FIR) BANCO POPULAR CTA No, 500805563596","5752206,34","6013826,81"
257,FIC INMOBILIARIO DE RENTA DAVIVIENDA CORREDORES,111505019,"(FIR) BANCOLOMBIA CTA No, 69000008139","2298642,44","1103064,17"
257,FIC INMOBILIARIO DE RENTA DAVIVIENDA CORREDORES,130205300,EMISORES  NACIONALES,0,17368223608
257,FIC INMOBILIARIO DE RENTA DAVIVIENDA CORREDORES,161695001,"(FIR) DAVIVIENDA Cta Cau No,005000311323","1217913,28","1219136,19"
257,FIC INMOBILIARIO DE RENTA DAVIVIENDA CORREDORES,161695004,"(LD) BCO DAVIVIENDA cta No,482800025215","740844,13","192655,55"
257,FIC INMOBILIARIO DE RENTA DAVIVIENDA CORREDORES,161695008,(FIR) Occidente CTA CAU AH 288857402,"-1431830,76","-1430347,34"
257,FIC INMOBILIARIO DE RENTA DAVIVIENDA CORREDORES,161695012,"(FIR) Bco de Bogota Cta, Aho 049316169","21252,65","27572,03"
257,FIC INMOBILIARIO DE RENTA DAVIVIENDA CORREDORES,161695017,(FIR) Davivienda CTA AH 482800036030,"740,04","10000,59"
240,FCP TC LATAM - COMPARTIMENTO E,411495300,INTERESES TITULOS,0,"-53586982,56"
240,FCP TC LATAM - COMPARTIMENTO E,411495531,(TE) BANCOLOMBIA CAU 03141537881,0,"-53174163,37"
240,FCP TC LATAM - COMPARTIMENTO E,411495999,OTROS,0,"-9269,25"
240,FCP TC LATAM - COMPARTIMENTO E,510605120,EMISORES EXTRANJEROS,0,0
240,FCP TC LATAM - COMPARTIMENTO E,510805010,POR DISMINUCION EN EL VALOR RAZONABLE,0,16154404445
240,FCP TC LATAM - COMPARTIMENTO E,511512010,GASTOS BANCARIOS,0,"1598646,2"
240,FCP TC LATAM - COMPARTIMENTO E,511548010,"COMISION DE ADMINISTRACION R,F,",0,"82489121,08"
240,FCP TC LATAM - COMPARTIMENTO E,511595011,COMISION DE GESTION,0,379541328
240,FCP TC LATAM - COMPARTIMENTO E,511595015,OTRAS COMISIONES,0,1040622
240,FCP TC LATAM - COMPARTIMENTO E,512505120,EMISORES EXTRANJEROS,0,0
240,FCP TC LATAM - COMPARTIMENTO E,514005011,IMPOVENTAS,0,"3009286,25"
240,FCP TC LATAM - COMPARTIMENTO E,514005015,IVA COMISION GESTOR PROFESIONAL,0,"72112852,02"
240,FCP TC LATAM - COMPARTIMENTO E,519095999,OTROS,0,"3,09"
240,FCP TC LATAM - COMPARTIMENTO E,590505010,CANCELACION DE INGRESOS RF,0,"143048903,8"
240,FCP TC LATAM - COMPARTIMENTO E,810505205,EMISORES NACIONALES,34608640843,30938786052
240,FCP TC LATAM - COMPARTIMENTO E,830505010,DEUDORAS POR CONTRA,-79658892661,-55434170633
257,FIC INMOBILIARIO DE RENTA DAVIVIENDA CORREDORES,111505001,(FIR) Davivienda CTA AH 005000311323,"969720,51","6353169,11"
257,FIC INMOBILIARIO DE RENTA DAVIVIENDA CORREDORES,111505010,(FIR) Occidente CTA CTE 288857493,"16774864,33","67082891,12"
257,FIC INMOBILIARIO DE RENTA DAVIVIENDA CORREDORES,111505012,"(FIR) Bco de Bogota Cta, Aho 049316169",3360086,3610013
257,FIC INMOBILIARIO DE RENTA DAVIVIENDA CORREDORES,111505013,"(FIR) Bco de Bogota Cta, cte 049316151","32522398,56","43710254,26"
257,FIC INMOBILIARIO DE RENTA DAVIVIENDA CORREDORES,111505015,(FIR) Davivienda CTA AH 482800036030,"9566993,47","114375708,4"
257,FIC INMOBILIARIO DE RENTA DAVIVIENDA CORREDORES,111505016,(FIR) Occidente CTA AH 219885902,0,"1839078,31"
257,FIC INMOBILIARIO DE RENTA DAVIVIENDA CORREDORES,111505160,"BCO REPUBLICA CTA NO,62250063",0,0
257,FIC INMOBILIARIO DE RENTA DAVIVIENDA CORREDORES,136000300,INVERSIONES DERECHOS FIDUCIARIOS,697616530839,717665984256
257,FIC INMOBILIARIO DE RENTA DAVIVIENDA CORREDORES,161205010,ARRENDAMIENTOS DE BIENES PROPIOS,"350849798,7",1133311107
257,FIC INMOBILIARIO DE RENTA DAVIVIENDA CORREDORES,161695005,(FIR) Occidente CTA AH 219885902,0,"2469,82"
257,FIC INMOBILIARIO DE RENTA DAVIVIENDA CORREDORES,161695006,(FIR) BANCO SUDAMERIS CTA AH 91000023490,"137289687,5","105249966,4"
257,FIC INMOBILIARIO DE RENTA DAVIVIENDA CORREDORES,161695011,(FIR) Sudameris Cta Aho 91000017850,"-190829,26","-190829,26"
257,FIC INMOBILIARIO DE RENTA DAVIVIENDA CORREDORES,161695014,"(FIR) Banco Popular Cta, 500804743994","7426,09","13142,66"
257,FIC INMOBILIARIO DE RENTA DAVIVIENDA CORREDORES,161695015,GASTOS VARIOS DE ADMON,"23163,9","4066424,47"
257,FIC INMOBILIARIO DE RENTA DAVIVIENDA CORREDORES,161695019,"(FIR) BANCOLOMBIA CTA No, 69000008139","691,82","775,35"
257,FIC INMOBILIARIO DE RENTA DAVIVIENDA CORREDORES,161695045,CUENTA CORRIENTE,172875636,4040352116
257,FIC INMOBILIARIO DE RENTA DAVIVIENDA CORREDORES,161695050,"SERV, PUBLICOS","65869973,77","43971105,92"
257,FIC INMOBILIARIO DE RENTA DAVIVIENDA CORREDORES,161695999,PROVEEDORES,2847000,2847000
257,FIC INMOBILIARIO DE RENTA DAVIVIENDA CORREDORES,161695018,"(FIR) BANCO POPULAR CTA No, 500805563596","1274,95","5220,5"
257,FIC INMOBILIARIO DE RENTA DAVIVIENDA CORREDORES,161695030,Proveedores,0,0
257,FIC INMOBILIARIO DE RENTA DAVIVIENDA CORREDORES,161695999,PROVEEDORES,2847000,2847000
257,FIC INMOBILIARIO DE RENTA DAVIVIENDA CORREDORES,161695999,PROVEEDORES,0,0
257,FIC INMOBILIARIO DE RENTA DAVIVIENDA CORREDORES,161695999,PROVEEDORES,0,0
257,FIC INMOBILIARIO DE RENTA DAVIVIENDA CORREDORES,161695999,PROVEEDORES,0,0
257,FIC INMOBILIARIO DE RENTA DAVIVIENDA CORREDORES,161695999,PROVEEDORES,0,0
257,FIC INMOBILIARIO DE RENTA DAVIVIENDA CORREDORES,161695999,PROVEEDORES,11499942,11499211
257,FIC INMOBILIARIO DE RENTA DAVIVIENDA CORREDORES,161695999,PROVEEDORES,0,0
257,FIC INMOBILIARIO DE RENTA DAVIVIENDA CORREDORES,161695999,PROVEEDORES,0,0
257,FIC INMOBILIARIO DE RENTA DAVIVIENDA CORREDORES,161695999,PROVEEDORES,0,0
257,FIC INMOBILIARIO DE RENTA DAVIVIENDA CORREDORES,161695999,PROVEEDORES,0,0
257,FIC INMOBILIARIO DE RENTA DAVIVIENDA CORREDORES,161695999,PROVEEDORES,3326700,3326700
257,FIC INMOBILIARIO DE RENTA DAVIVIENDA CORREDORES,161695999,PROVEEDORES,-87121436,-87121436
257,FIC INMOBILIARIO DE RENTA DAVIVIENDA CORREDORES,161695999,PROVEEDORES,0,0
257,FIC INMOBILIARIO DE RENTA DAVIVIENDA CORREDORES,161695999,PROVEEDORES,16413072,16413072
257,FIC INMOBILIARIO DE RENTA DAVIVIENDA CORREDORES,161695999,PROVEEDORES,0,0
257,FIC INMOBILIARIO DE RENTA DAVIVIENDA CORREDORES,161695999,PROVEEDORES,0,0
257,FIC INMOBILIARIO DE RENTA DAVIVIENDA CORREDORES,161695999,PROVEEDORES,0,0
257,FIC INMOBILIARIO DE RENTA DAVIVIENDA CORREDORES,161695999,PROVEEDORES,"316666,66","316666,66"
257,FIC INMOBILIARIO DE RENTA DAVIVIENDA CORREDORES,161695999,PROVEEDORES,2847000,2847000
257,FIC INMOBILIARIO DE RENTA DAVIVIENDA CORREDORES,161695999,PROVEEDORES,0,0
257,FIC INMOBILIARIO DE RENTA DAVIVIENDA CORREDORES,161695999,PROVEEDORES,290000,290000
257,FIC INMOBILIARIO DE RENTA DAVIVIENDA CORREDORES,161695999,PROVEEDORES,0,0
257,FIC INMOBILIARIO DE RENTA DAVIVIENDA CORREDORES,161695999,PROVEEDORES,"0,06","0,06"
257,FIC INMOBILIARIO DE RENTA DAVIVIENDA CORREDORES,161695999,PROVEEDORES,0,0
257,FIC INMOBILIARIO DE RENTA DAVIVIENDA CORREDORES,161695999,PROVEEDORES,0,0
257,FIC INMOBILIARIO DE RENTA DAVIVIENDA CORREDORES,161695999,PROVEEDORES,0,0
257,FIC INMOBILIARIO DE RENTA DAVIVIENDA CORREDORES,161695999,PROVEEDORES,0,0
257,FIC INMOBILIARIO DE RENTA DAVIVIENDA CORREDORES,161695999,PROVEEDORES,0,0
257,FIC INMOBILIARIO DE RENTA DAVIVIENDA CORREDORES,161695999,PROVEEDORES,620000,620000
257,FIC INMOBILIARIO DE RENTA DAVIVIENDA CORREDORES,161695999,PROVEEDORES,58,58
257,FIC INMOBILIARIO DE RENTA DAVIVIENDA CORREDORES,161695999,PROVEEDORES,0,0
257,FIC INMOBILIARIO DE RENTA DAVIVIENDA CORREDORES,161695999,PROVEEDORES,0,0
257,FIC INMOBILIARIO DE RENTA DAVIVIENDA CORREDORES,161695999,PROVEEDORES,0,0
257,FIC INMOBILIARIO DE RENTA DAVIVIENDA CORREDORES,161695999,PROVEEDORES,0,0
257,FIC INMOBILIARIO DE RENTA DAVIVIENDA CORREDORES,161695999,PROVEEDORES,0,0
257,FIC INMOBILIARIO DE RENTA DAVIVIENDA CORREDORES,161695999,PROVEEDORES,647448,647448
257,FIC INMOBILIARIO DE RENTA DAVIVIENDA CORREDORES,161695999,PROVEEDORES,11213597,11213597
257,FIC INMOBILIARIO DE RENTA DAVIVIENDA CORREDORES,161695999,PROVEEDORES,0,0
257,FIC INMOBILIARIO DE RENTA DAVIVIENDA CORREDORES,161695999,PROVEEDORES,"2036960,22","2036960,44"
257,FIC INMOBILIARIO DE RENTA DAVIVIENDA CORREDORES,161695999,PROVEEDORES,14012000,"14011499,78"
257,FIC INMOBILIARIO DE RENTA DAVIVIENDA CORREDORES,161695999,PROVEEDORES,0,0
257,FIC INMOBILIARIO DE RENTA DAVIVIENDA CORREDORES,161695999,PROVEEDORES,0,0
257,FIC INMOBILIARIO DE RENTA DAVIVIENDA CORREDORES,161695999,PROVEEDORES,0,0
257,FIC INMOBILIARIO DE RENTA DAVIVIENDA CORREDORES,161695999,PROVEEDORES,0,0
257,FIC INMOBILIARIO DE RENTA DAVIVIENDA CORREDORES,161695999,PROVEEDORES,0,0
257,FIC INMOBILIARIO DE RENTA DAVIVIENDA CORREDORES,161695999,PROVEEDORES,0,0
257,FIC INMOBILIARIO DE RENTA DAVIVIENDA CORREDORES,161695999,PROVEEDORES,297788,297788
257,FIC INMOBILIARIO DE RENTA DAVIVIENDA CORREDORES,161695999,PROVEEDORES,0,0
257,FIC INMOBILIARIO DE RENTA DAVIVIENDA CORREDORES,161695999,PROVEEDORES,3069898,3069898
257,FIC INMOBILIARIO DE RENTA DAVIVIENDA CORREDORES,161695999,PROVEEDORES,4203000,4203731
257,FIC INMOBILIARIO DE RENTA DAVIVIENDA CORREDORES,161695999,PROVEEDORES,0,0
257,FIC INMOBILIARIO DE RENTA DAVIVIENDA CORREDORES,161695999,PROVEEDORES,4270500,4270500
257,FIC INMOBILIARIO DE RENTA DAVIVIENDA CORREDORES,161695999,PROVEEDORES,900000,900000
257,FIC INMOBILIARIO DE RENTA DAVIVIENDA CORREDORES,161695999,PROVEEDORES,0,0
257,FIC INMOBILIARIO DE RENTA DAVIVIENDA CORREDORES,161695999,PROVEEDORES,0,0
257,FIC INMOBILIARIO DE RENTA DAVIVIENDA CORREDORES,161695999,PROVEEDORES,4008960,4008960
257,FIC INMOBILIARIO DE RENTA DAVIVIENDA CORREDORES,161695999,PROVEEDORES,0,0
257,FIC INMOBILIARIO DE RENTA DAVIVIENDA CORREDORES,161695999,PROVEEDORES,0,0
257,FIC INMOBILIARIO DE RENTA DAVIVIENDA CORREDORES,161695999,PROVEEDORES,"0,06","500,06"
257,FIC INMOBILIARIO DE RENTA DAVIVIENDA CORREDORES,161695999,PROVEEDORES,0,0
257,FIC INMOBILIARIO DE RENTA DAVIVIENDA CORREDORES,161695999,PROVEEDORES,0,0
257,FIC INMOBILIARIO DE RENTA DAVIVIENDA CORREDORES,161695999,PROVEEDORES,1453846,1453846
257,FIC INMOBILIARIO DE RENTA DAVIVIENDA CORREDORES,161695999,PROVEEDORES,0,0
257,FIC INMOBILIARIO DE RENTA DAVIVIENDA CORREDORES,161695999,PROVEEDORES,0,0
257,FIC INMOBILIARIO DE RENTA DAVIVIENDA CORREDORES,161695999,PROVEEDORES,0,0
257,FIC INMOBILIARIO DE RENTA DAVIVIENDA CORREDORES,163035020,IVA DESCONTABLE 19%,540930,540930
257,FIC INMOBILIARIO DE RENTA DAVIVIENDA CORREDORES,163035020,IVA DESCONTABLE 19%,"2523560,62","4784298,8"
257,FIC INMOBILIARIO DE RENTA DAVIVIENDA CORREDORES,163035020,IVA DESCONTABLE 19%,0,155610
257,FIC INMOBILIARIO DE RENTA DAVIVIENDA CORREDORES,163035020,IVA DESCONTABLE 19%,0,3762000
257,FIC INMOBILIARIO DE RENTA DAVIVIENDA CORREDORES,163035020,IVA DESCONTABLE 19%,"14914103,01","30732428,37"
257,FIC INMOBILIARIO DE RENTA DAVIVIENDA CORREDORES,163035020,IVA DESCONTABLE 19%,13250600,34948600
257,FIC INMOBILIARIO DE RENTA DAVIVIENDA CORREDORES,163035020,IVA DESCONTABLE 19%,"5792694,54","6596109,54"
257,FIC INMOBILIARIO DE RENTA DAVIVIENDA CORREDORES,163035020,IVA DESCONTABLE 19%,1311000,1311000
257,FIC INMOBILIARIO DE RENTA DAVIVIENDA CORREDORES,163035020,IVA DESCONTABLE 19%,255360,255360
257,FIC INMOBILIARIO DE RENTA DAVIVIENDA CORREDORES,163035020,IVA DESCONTABLE 19%,"868062,69","868062,69"
257,FIC INMOBILIARIO DE RENTA DAVIVIENDA CORREDORES,163035020,IVA DESCONTABLE 19%,"19098494,67","28986695,07"
257,FIC INMOBILIARIO DE RENTA DAVIVIENDA CORREDORES,163035020,IVA DESCONTABLE 19%,12342400,20056400
257,FIC INMOBILIARIO DE RENTA DAVIVIENDA CORREDORES,163035020,IVA DESCONTABLE 19%,0,"1499890,02"
257,FIC INMOBILIARIO DE RENTA DAVIVIENDA CORREDORES,163035020,IVA DESCONTABLE 19%,"74858,1","470207,06"
257,FIC INMOBILIARIO DE RENTA DAVIVIENDA CORREDORES,163035020,IVA DESCONTABLE 19%,3961500,5158500
257,FIC INMOBILIARIO DE RENTA DAVIVIENDA CORREDORES,163035020,IVA DESCONTABLE 19%,0,"210641,6"
257,FIC INMOBILIARIO DE RENTA DAVIVIENDA CORREDORES,163035020,IVA DESCONTABLE 19%,"509217,48","989537,48"
257,FIC INMOBILIARIO DE RENTA DAVIVIENDA CORREDORES,163035020,IVA DESCONTABLE 19%,3005268,4049698
257,FIC INMOBILIARIO DE RENTA DAVIVIENDA CORREDORES,163035020,IVA DESCONTABLE 19%,0,5605000
257,FIC INMOBILIARIO DE RENTA DAVIVIENDA CORREDORES,163035020,IVA DESCONTABLE 19%,"3850566,6","5567340,1"
257,FIC INMOBILIARIO DE RENTA DAVIVIENDA CORREDORES,163035020,IVA DESCONTABLE 19%,798000,798000
257,FIC INMOBILIARIO DE RENTA DAVIVIENDA CORREDORES,163035020,IVA DESCONTABLE 19%,"14284253,01","14284253,01"
257,FIC INMOBILIARIO DE RENTA DAVIVIENDA CORREDORES,163035020,IVA DESCONTABLE 19%,1997565,"3555377,85"
257,FIC INMOBILIARIO DE RENTA DAVIVIENDA CORREDORES,163035020,IVA DESCONTABLE 19%,281200,281200
257,FIC INMOBILIARIO DE RENTA DAVIVIENDA CORREDORES,163035020,IVA DESCONTABLE 19%,8156700,9063000
257,FIC INMOBILIARIO DE RENTA DAVIVIENDA CORREDORES,163035020,IVA DESCONTABLE 19%,0,698915
257,FIC INMOBILIARIO DE RENTA DAVIVIENDA CORREDORES,163035020,IVA DESCONTABLE 19%,"494393,3","1842633,3"
257,FIC INMOBILIARIO DE RENTA DAVIVIENDA CORREDORES,163035020,IVA DESCONTABLE 19%,"201974,75","201974,75"
257,FIC INMOBILIARIO DE RENTA DAVIVIENDA CORREDORES,163035020,IVA DESCONTABLE 19%,"3293390,65","3592640,65"
257,FIC INMOBILIARIO DE RENTA DAVIVIENDA CORREDORES,163035020,IVA DESCONTABLE 19%,101650,101650
257,FIC INMOBILIARIO DE RENTA DAVIVIENDA CORREDORES,163035020,IVA DESCONTABLE 19%,117800,117800
257,FIC INMOBILIARIO DE RENTA DAVIVIENDA CORREDORES,163020010,IMPUESTO A LAS VENTAS RETENIDO SOBRE 19%,"111022626,7","87877687,12"
257,FIC INMOBILIARIO DE RENTA DAVIVIENDA CORREDORES,163035010,IVA DESCONTABLE 19%,"71171474,39","21030822,75"
257,FIC INMOBILIARIO DE RENTA DAVIVIENDA CORREDORES,163035020,IVA DESCONTABLE 19%,2470000,3230000
257,FIC INMOBILIARIO DE RENTA DAVIVIENDA CORREDORES,163035020,IVA DESCONTABLE 19%,"16304081,26","29486271,19"
257,FIC INMOBILIARIO DE RENTA DAVIVIENDA CORREDORES,163035020,IVA DESCONTABLE 19%,"-300764370,5","-693001069,4"
257,FIC INMOBILIARIO DE RENTA DAVIVIENDA CORREDORES,163035020,IVA DESCONTABLE 19%,4275000,4275000
257,FIC INMOBILIARIO DE RENTA DAVIVIENDA CORREDORES,163035020,IVA DESCONTABLE 19%,"16815548,53","17128078,77"
257,FIC INMOBILIARIO DE RENTA DAVIVIENDA CORREDORES,163035020,IVA DESCONTABLE 19%,"37922134,58","46662134,58"
257,FIC INMOBILIARIO DE RENTA DAVIVIENDA CORREDORES,163035020,IVA DESCONTABLE 19%,602300,765700
257,FIC INMOBILIARIO DE RENTA DAVIVIENDA CORREDORES,163035020,IVA DESCONTABLE 19%,"96460038,66","189962201,8"
257,FIC INMOBILIARIO DE RENTA DAVIVIENDA CORREDORES,163035020,IVA DESCONTABLE 19%,"2161376,73","3977808,46"
257,FIC INMOBILIARIO DE RENTA DAVIVIENDA CORREDORES,163035020,IVA DESCONTABLE 19%,"5101327,75","8931872,87"
257,FIC INMOBILIARIO DE RENTA DAVIVIENDA CORREDORES,163035020,IVA DESCONTABLE 19%,4435132,6354018
257,FIC INMOBILIARIO DE RENTA DAVIVIENDA CORREDORES,163035020,IVA DESCONTABLE 19%,10081875,10081875
257,FIC INMOBILIARIO DE RENTA DAVIVIENDA CORREDORES,163035020,IVA DESCONTABLE 19%,699200,874000
257,FIC INMOBILIARIO DE RENTA DAVIVIENDA CORREDORES,163035020,IVA DESCONTABLE 19%,5054000,5054000
257,FIC INMOBILIARIO DE RENTA DAVIVIENDA CORREDORES,163035020,IVA DESCONTABLE 19%,0,558600
257,FIC INMOBILIARIO DE RENTA DAVIVIENDA CORREDORES,163035020,IVA DESCONTABLE 19%,2731250,2731250
257,FIC INMOBILIARIO DE RENTA DAVIVIENDA CORREDORES,163035020,IVA DESCONTABLE 19%,"38554558,7","50391106,31"
257,FIC INMOBILIARIO DE RENTA DAVIVIENDA CORREDORES,163035020,IVA DESCONTABLE 19%,"13539715,78","13539715,78"
257,FIC INMOBILIARIO DE RENTA DAVIVIENDA CORREDORES,163035020,IVA DESCONTABLE 19%,"26346130,74","47194854,3"
257,FIC INMOBILIARIO DE RENTA DAVIVIENDA CORREDORES,163035020,IVA DESCONTABLE 19%,1708936,1708936
257,FIC INMOBILIARIO DE RENTA DAVIVIENDA CORREDORES,163035020,IVA DESCONTABLE 19%,0,"24567464,17"
257,FIC INMOBILIARIO DE RENTA DAVIVIENDA CORREDORES,163035020,IVA DESCONTABLE 19%,52250,65550
257,FIC INMOBILIARIO DE RENTA DAVIVIENDA CORREDORES,163035020,IVA DESCONTABLE 19%,1699740,"3449231,5"
257,FIC INMOBILIARIO DE RENTA DAVIVIENDA CORREDORES,163035020,IVA DESCONTABLE 19%,"1158401,12","2352180,05"
257,FIC INMOBILIARIO DE RENTA DAVIVIENDA CORREDORES,163035020,IVA DESCONTABLE 19%,3175185,"4173200,85"
257,FIC INMOBILIARIO DE RENTA DAVIVIENDA CORREDORES,163035020,IVA DESCONTABLE 19%,513000,513000
257,FIC INMOBILIARIO DE RENTA DAVIVIENDA CORREDORES,163035020,IVA DESCONTABLE 19%,4550975,"8543038,4"
257,FIC INMOBILIARIO DE RENTA DAVIVIENDA CORREDORES,163035020,IVA DESCONTABLE 19%,303373,303373
257,FIC INMOBILIARIO DE RENTA DAVIVIENDA CORREDORES,163035020,IVA DESCONTABLE 19%,23241940,23241940
257,FIC INMOBILIARIO DE RENTA DAVIVIENDA CORREDORES,163035020,IVA DESCONTABLE 19%,665000,1984550
257,FIC INMOBILIARIO DE RENTA DAVIVIENDA CORREDORES,163035020,IVA DESCONTABLE 19%,"1669182,3","1669182,3"
257,FIC INMOBILIARIO DE RENTA DAVIVIENDA CORREDORES,163035020,IVA DESCONTABLE 19%,1176100,1176100
257,FIC INMOBILIARIO DE RENTA DAVIVIENDA CORREDORES,163035020,IVA DESCONTABLE 19%,1410750,1410750
257,FIC INMOBILIARIO DE RENTA DAVIVIENDA CORREDORES,163035020,IVA DESCONTABLE 19%,0,"1094477,52"
257,FIC INMOBILIARIO DE RENTA DAVIVIENDA CORREDORES,163035020,IVA DESCONTABLE 19%,944262,1679030
257,FIC INMOBILIARIO DE RENTA DAVIVIENDA CORREDORES,163035020,IVA DESCONTABLE 19%,256500,256500
257,FIC INMOBILIARIO DE RENTA DAVIVIENDA CORREDORES,163035020,IVA DESCONTABLE 19%,"2657953,32","4150081,27"
257,FIC INMOBILIARIO DE RENTA DAVIVIENDA CORREDORES,163035020,IVA DESCONTABLE 19%,4100200,4100200
257,FIC INMOBILIARIO DE RENTA DAVIVIENDA CORREDORES,163035020,IVA DESCONTABLE 19%,"2755470,06","8269111,41"
257,FIC INMOBILIARIO DE RENTA DAVIVIENDA CORREDORES,163035020,IVA DESCONTABLE 19%,148200,148200
257,FIC INMOBILIARIO DE RENTA DAVIVIENDA CORREDORES,163035020,IVA DESCONTABLE 19%,20653000,20653000
257,FIC INMOBILIARIO DE RENTA DAVIVIENDA CORREDORES,163035020,IVA DESCONTABLE 19%,157700,157700
257,FIC INMOBILIARIO DE RENTA DAVIVIENDA CORREDORES,163035020,IVA DESCONTABLE 19%,1045000,1045000
257,FIC INMOBILIARIO DE RENTA DAVIVIENDA CORREDORES,182705010,PROPIEDADES DE INVERSION,379312306870,376333902935
257,FIC INMOBILIARIO DE RENTA DAVIVIENDA CORREDORES,250110015,COMISION DE ADMINISTRACION,"-91079843,87","-47251945,89"
257,FIC INMOBILIARIO DE RENTA DAVIVIENDA CORREDORES,250295050,OTROS - PROVEEDORES,-3074760,-3074760
257,FIC INMOBILIARIO DE RENTA DAVIVIENDA CORREDORES,250295050,OTROS - PROVEEDORES,0,0
257,FIC INMOBILIARIO DE RENTA DAVIVIENDA CORREDORES,250295050,OTROS - PROVEEDORES,0,0
257,FIC INMOBILIARIO DE RENTA DAVIVIENDA CORREDORES,250295050,OTROS - PROVEEDORES,0,0
257,FIC INMOBILIARIO DE RENTA DAVIVIENDA CORREDORES,250295050,OTROS - PROVEEDORES,0,0
257,FIC INMOBILIARIO DE RENTA DAVIVIENDA CORREDORES,250295050,OTROS - PROVEEDORES,0,0
257,FIC INMOBILIARIO DE RENTA DAVIVIENDA CORREDORES,250295050,OTROS - PROVEEDORES,"-12895652,67","-12895652,97"
257,FIC INMOBILIARIO DE RENTA DAVIVIENDA CORREDORES,250295050,OTROS - PROVEEDORES,0,0
257,FIC INMOBILIARIO DE RENTA DAVIVIENDA CORREDORES,250295050,OTROS - PROVEEDORES,0,"-0,01"
257,FIC INMOBILIARIO DE RENTA DAVIVIENDA CORREDORES,250295050,OTROS - PROVEEDORES,-3825705,-3825705
257,FIC INMOBILIARIO DE RENTA DAVIVIENDA CORREDORES,250295050,OTROS - PROVEEDORES,0,0
257,FIC INMOBILIARIO DE RENTA DAVIVIENDA CORREDORES,250295050,OTROS - PROVEEDORES,0,0
257,FIC INMOBILIARIO DE RENTA DAVIVIENDA CORREDORES,250295050,OTROS - PROVEEDORES,"-0,1","-0,1"
257,FIC INMOBILIARIO DE RENTA DAVIVIENDA CORREDORES,250295050,OTROS - PROVEEDORES,0,0
257,FIC INMOBILIARIO DE RENTA DAVIVIENDA CORREDORES,250295050,OTROS - PROVEEDORES,0,0
257,FIC INMOBILIARIO DE RENTA DAVIVIENDA CORREDORES,250295050,OTROS - PROVEEDORES,"-342456,2","-342456,2"
257,FIC INMOBILIARIO DE RENTA DAVIVIENDA CORREDORES,250295050,OTROS - PROVEEDORES,0,0
257,FIC INMOBILIARIO DE RENTA DAVIVIENDA CORREDORES,163035020,IVA DESCONTABLE 19%,0,494000
257,FIC INMOBILIARIO DE RENTA DAVIVIENDA CORREDORES,163035020,IVA DESCONTABLE 19%,738796,738796
257,FIC INMOBILIARIO DE RENTA DAVIVIENDA CORREDORES,163035020,IVA DESCONTABLE 19%,2869000,2869000
257,FIC INMOBILIARIO DE RENTA DAVIVIENDA CORREDORES,163035020,IVA DESCONTABLE 19%,"15187558,68","15187558,68"
257,FIC INMOBILIARIO DE RENTA DAVIVIENDA CORREDORES,163035020,IVA DESCONTABLE 19%,"761702,4","761702,4"
257,FIC INMOBILIARIO DE RENTA DAVIVIENDA CORREDORES,163035020,IVA DESCONTABLE 19%,0,760000
257,FIC INMOBILIARIO DE RENTA DAVIVIENDA CORREDORES,163035020,IVA DESCONTABLE 19%,"556428,49","763992,01"
257,FIC INMOBILIARIO DE RENTA DAVIVIENDA CORREDORES,163035020,IVA DESCONTABLE 19%,1116630,"2311511,5"
257,FIC INMOBILIARIO DE RENTA DAVIVIENDA CORREDORES,163035020,IVA DESCONTABLE 19%,357200,357200
257,FIC INMOBILIARIO DE RENTA DAVIVIENDA CORREDORES,163035020,IVA DESCONTABLE 19%,695685,758955
257,FIC INMOBILIARIO DE RENTA DAVIVIENDA CORREDORES,163035020,IVA DESCONTABLE 19%,539600,539600
257,FIC INMOBILIARIO DE RENTA DAVIVIENDA CORREDORES,163035020,IVA DESCONTABLE 19%,"348648,48","348648,48"
257,FIC INMOBILIARIO DE RENTA DAVIVIENDA CORREDORES,163035020,IVA DESCONTABLE 19%,"1908919,36","2337677,73"
257,FIC INMOBILIARIO DE RENTA DAVIVIENDA CORREDORES,163035020,IVA DESCONTABLE 19%,238184,238184
257,FIC INMOBILIARIO DE RENTA DAVIVIENDA CORREDORES,163035020,IVA DESCONTABLE 19%,0,380000
257,FIC INMOBILIARIO DE RENTA DAVIVIENDA CORREDORES,163035020,IVA DESCONTABLE 19%,"3101201,28","3604701,28"
257,FIC INMOBILIARIO DE RENTA DAVIVIENDA CORREDORES,163035020,IVA DESCONTABLE 19%,0,3489540
257,FIC INMOBILIARIO DE RENTA DAVIVIENDA CORREDORES,182715010,VALORACION DE PROPIEDADES DE INVERSION,128366666021,145579037744
257,FIC INMOBILIARIO DE RENTA DAVIVIENDA CORREDORES,192595005,IMPUESTO PREDIAL,0,1903763749
257,FIC INMOBILIARIO DE RENTA DAVIVIENDA CORREDORES,243505010,CRÉDITOS,-102077305524,-102543171934
257,FIC INMOBILIARIO DE RENTA DAVIVIENDA CORREDORES,250110010,COMISION CUSTODIA FIJA,0,0
257,FIC INMOBILIARIO DE RENTA DAVIVIENDA CORREDORES,250225010,GASTOS FINANCIEROS,"-716032644,4","-5358898,97"
257,FIC INMOBILIARIO DE RENTA DAVIVIENDA CORREDORES,250295050,OTROS - PROVEEDORES,-2562300,-2562300
257,FIC INMOBILIARIO DE RENTA DAVIVIENDA CORREDORES,250295050,OTROS - PROVEEDORES,0,0
257,FIC INMOBILIARIO DE RENTA DAVIVIENDA CORREDORES,250295050,OTROS - PROVEEDORES,0,0
257,FIC INMOBILIARIO DE RENTA DAVIVIENDA CORREDORES,250295050,OTROS - PROVEEDORES,"-0,55",0
257,FIC INMOBILIARIO DE RENTA DAVIVIENDA CORREDORES,250295050,OTROS - PROVEEDORES,"-770463,12","-770463,12"
257,FIC INMOBILIARIO DE RENTA DAVIVIENDA CORREDORES,250295050,OTROS - PROVEEDORES,"-12419984,21","-12419983,07"
257,FIC INMOBILIARIO DE RENTA DAVIVIENDA CORREDORES,250295050,OTROS - PROVEEDORES,0,0
257,FIC INMOBILIARIO DE RENTA DAVIVIENDA CORREDORES,250295050,OTROS - PROVEEDORES,0,0
257,FIC INMOBILIARIO DE RENTA DAVIVIENDA CORREDORES,250295050,OTROS - PROVEEDORES,"-0,36","-1,18"
257,FIC INMOBILIARIO DE RENTA DAVIVIENDA CORREDORES,250295050,OTROS - PROVEEDORES,"-2423983,58","-2423984,03"
257,FIC INMOBILIARIO DE RENTA DAVIVIENDA CORREDORES,250295050,OTROS - PROVEEDORES,-15132960,"-15132959,21"
257,FIC INMOBILIARIO DE RENTA DAVIVIENDA CORREDORES,250295050,OTROS - PROVEEDORES,"-3066828,1","-3066828,1"
257,FIC INMOBILIARIO DE RENTA DAVIVIENDA CORREDORES,250295050,OTROS - PROVEEDORES,-4833450,-4833450
257,FIC INMOBILIARIO DE RENTA DAVIVIENDA CORREDORES,250295050,OTROS - PROVEEDORES,0,0
257,FIC INMOBILIARIO DE RENTA DAVIVIENDA CORREDORES,250295050,OTROS - PROVEEDORES,-4612140,-4612140
257,FIC INMOBILIARIO DE RENTA DAVIVIENDA CORREDORES,250295050,OTROS - PROVEEDORES,-1071000,-1071000
257,FIC INMOBILIARIO DE RENTA DAVIVIENDA CORREDORES,250295050,OTROS - PROVEEDORES,"-333498,3","-333498,3"
257,FIC INMOBILIARIO DE RENTA DAVIVIENDA CORREDORES,250295050,OTROS - PROVEEDORES,0,0
257,FIC INMOBILIARIO DE RENTA DAVIVIENDA CORREDORES,250295050,OTROS - PROVEEDORES,0,0
257,FIC INMOBILIARIO DE RENTA DAVIVIENDA CORREDORES,250295050,OTROS - PROVEEDORES,0,0
257,FIC INMOBILIARIO DE RENTA DAVIVIENDA CORREDORES,250295050,OTROS - PROVEEDORES,0,0
257,FIC INMOBILIARIO DE RENTA DAVIVIENDA CORREDORES,250295050,OTROS - PROVEEDORES,0,0
257,FIC INMOBILIARIO DE RENTA DAVIVIENDA CORREDORES,250295050,OTROS - PROVEEDORES,0,0
257,FIC INMOBILIARIO DE RENTA DAVIVIENDA CORREDORES,250295050,OTROS - PROVEEDORES,0,"-0,2"
257,FIC INMOBILIARIO DE RENTA DAVIVIENDA CORREDORES,250295050,OTROS - PROVEEDORES,0,0
257,FIC INMOBILIARIO DE RENTA DAVIVIENDA CORREDORES,250295050,OTROS - PROVEEDORES,"-0,01","-0,01"
257,FIC INMOBILIARIO DE RENTA DAVIVIENDA CORREDORES,250305020,RETENCIÓN PROVEEDORES,-284700,-284700
257,FIC INMOBILIARIO DE RENTA DAVIVIENDA CORREDORES,250305020,RETENCIÓN PROVEEDORES,0,0
257,FIC INMOBILIARIO DE RENTA DAVIVIENDA CORREDORES,250305020,RETENCIÓN PROVEEDORES,0,0
257,FIC INMOBILIARIO DE RENTA DAVIVIENDA CORREDORES,250305020,RETENCIÓN PROVEEDORES,0,0
257,FIC INMOBILIARIO DE RENTA DAVIVIENDA CORREDORES,250305020,RETENCIÓN PROVEEDORES,"-1261396,12","-1261395,92"
257,FIC INMOBILIARIO DE RENTA DAVIVIENDA CORREDORES,250305020,RETENCIÓN PROVEEDORES,"-448547,76","-448547,76"
257,FIC INMOBILIARIO DE RENTA DAVIVIENDA CORREDORES,250305020,RETENCIÓN PROVEEDORES,0,-40
257,FIC INMOBILIARIO DE RENTA DAVIVIENDA CORREDORES,250305020,RETENCIÓN PROVEEDORES,0,0
257,FIC INMOBILIARIO DE RENTA DAVIVIENDA CORREDORES,250305020,RETENCIÓN PROVEEDORES,-1541320,-1541280
257,FIC INMOBILIARIO DE RENTA DAVIVIENDA CORREDORES,250305020,RETENCIÓN PROVEEDORES,0,0
257,FIC INMOBILIARIO DE RENTA DAVIVIENDA CORREDORES,250305020,RETENCIÓN PROVEEDORES,0,0
257,FIC INMOBILIARIO DE RENTA DAVIVIENDA CORREDORES,250305020,RETENCIÓN PROVEEDORES,0,0
257,FIC INMOBILIARIO DE RENTA DAVIVIENDA CORREDORES,250305020,RETENCIÓN PROVEEDORES,0,0
257,FIC INMOBILIARIO DE RENTA DAVIVIENDA CORREDORES,250305020,RETENCIÓN PROVEEDORES,"-11911,52","-11911,52"
257,FIC INMOBILIARIO DE RENTA DAVIVIENDA CORREDORES,250305020,RETENCIÓN PROVEEDORES,0,0
257,FIC INMOBILIARIO DE RENTA DAVIVIENDA CORREDORES,250305020,RETENCIÓN PROVEEDORES,0,0
257,FIC INMOBILIARIO DE RENTA DAVIVIENDA CORREDORES,250305020,RETENCIÓN PROVEEDORES,"-3069,9","-3069,9"
257,FIC INMOBILIARIO DE RENTA DAVIVIENDA CORREDORES,250295050,OTROS - PROVEEDORES,97653361,97653361
257,FIC INMOBILIARIO DE RENTA DAVIVIENDA CORREDORES,250295050,OTROS - PROVEEDORES,0,0
257,FIC INMOBILIARIO DE RENTA DAVIVIENDA CORREDORES,250295050,OTROS - PROVEEDORES,0,0
257,FIC INMOBILIARIO DE RENTA DAVIVIENDA CORREDORES,250295050,OTROS - PROVEEDORES,"-19531555,93","-19531555,93"
257,FIC INMOBILIARIO DE RENTA DAVIVIENDA CORREDORES,250295050,OTROS - PROVEEDORES,"-0,36","-0,36"
257,FIC INMOBILIARIO DE RENTA DAVIVIENDA CORREDORES,250295050,OTROS - PROVEEDORES,0,0
257,FIC INMOBILIARIO DE RENTA DAVIVIENDA CORREDORES,250295050,OTROS - PROVEEDORES,0,0
257,FIC INMOBILIARIO DE RENTA DAVIVIENDA CORREDORES,250295050,OTROS - PROVEEDORES,"-364166,16","-364166,16"
257,FIC INMOBILIARIO DE RENTA DAVIVIENDA CORREDORES,250295050,OTROS - PROVEEDORES,"-3387929,28","-3387929,49"
257,FIC INMOBILIARIO DE RENTA DAVIVIENDA CORREDORES,250295050,OTROS - PROVEEDORES,"-0,1","-0,1"
257,FIC INMOBILIARIO DE RENTA DAVIVIENDA CORREDORES,250295050,OTROS - PROVEEDORES,-4610304,-4610304
257,FIC INMOBILIARIO DE RENTA DAVIVIENDA CORREDORES,250295050,OTROS - PROVEEDORES,0,"-0,49"
257,FIC INMOBILIARIO DE RENTA DAVIVIENDA CORREDORES,250295050,OTROS - PROVEEDORES,0,0
257,FIC INMOBILIARIO DE RENTA DAVIVIENDA CORREDORES,250295050,OTROS - PROVEEDORES,0,0
257,FIC INMOBILIARIO DE RENTA DAVIVIENDA CORREDORES,250295050,OTROS - PROVEEDORES,0,0
257,FIC INMOBILIARIO DE RENTA DAVIVIENDA CORREDORES,250295050,OTROS - PROVEEDORES,-722300,-722300
257,FIC INMOBILIARIO DE RENTA DAVIVIENDA CORREDORES,250295050,OTROS - PROVEEDORES,"-0,07","-0,07"
257,FIC INMOBILIARIO DE RENTA DAVIVIENDA CORREDORES,250295050,OTROS - PROVEEDORES,0,0
257,FIC INMOBILIARIO DE RENTA DAVIVIENDA CORREDORES,250295050,OTROS - PROVEEDORES,"-1671922,9","-1671922,9"
257,FIC INMOBILIARIO DE RENTA DAVIVIENDA CORREDORES,250295050,OTROS - PROVEEDORES,0,0
257,FIC INMOBILIARIO DE RENTA DAVIVIENDA CORREDORES,250295050,OTROS - PROVEEDORES,0,0
257,FIC INMOBILIARIO DE RENTA DAVIVIENDA CORREDORES,250305011,RENDIMIENTOS FINANCIEROS CAPITALIZADOS,0,0
257,FIC INMOBILIARIO DE RENTA DAVIVIENDA CORREDORES,250305020,RETENCIÓN PROVEEDORES,-313170,-313170
257,FIC INMOBILIARIO DE RENTA DAVIVIENDA CORREDORES,250305020,RETENCIÓN PROVEEDORES,0,0
257,FIC INMOBILIARIO DE RENTA DAVIVIENDA CORREDORES,250305020,RETENCIÓN PROVEEDORES,0,0
257,FIC INMOBILIARIO DE RENTA DAVIVIENDA CORREDORES,250305020,RETENCIÓN PROVEEDORES,0,0
257,FIC INMOBILIARIO DE RENTA DAVIVIENDA CORREDORES,250305020,RETENCIÓN PROVEEDORES,-133068,-133068
257,FIC INMOBILIARIO DE RENTA DAVIVIENDA CORREDORES,250305020,RETENCIÓN PROVEEDORES,"4896937,22","4896937,22"
257,FIC INMOBILIARIO DE RENTA DAVIVIENDA CORREDORES,250305020,RETENCIÓN PROVEEDORES,0,0
257,FIC INMOBILIARIO DE RENTA DAVIVIENDA CORREDORES,250305020,RETENCIÓN PROVEEDORES,0,0
257,FIC INMOBILIARIO DE RENTA DAVIVIENDA CORREDORES,250305020,RETENCIÓN PROVEEDORES,"-12663,68","-12663,68"
257,FIC INMOBILIARIO DE RENTA DAVIVIENDA CORREDORES,250305020,RETENCIÓN PROVEEDORES,"-160358,4","-160358,4"
257,FIC INMOBILIARIO DE RENTA DAVIVIENDA CORREDORES,250305020,RETENCIÓN PROVEEDORES,-168120,-168120
257,FIC INMOBILIARIO DE RENTA DAVIVIENDA CORREDORES,250305020,RETENCIÓN PROVEEDORES,0,0
257,FIC INMOBILIARIO DE RENTA DAVIVIENDA CORREDORES,250305020,RETENCIÓN PROVEEDORES,-469755,-469755
257,FIC INMOBILIARIO DE RENTA DAVIVIENDA CORREDORES,250305020,RETENCIÓN PROVEEDORES,-3603,-3603
257,FIC INMOBILIARIO DE RENTA DAVIVIENDA CORREDORES,250305020,RETENCIÓN PROVEEDORES,-11600,"-11600,2"
257,FIC INMOBILIARIO DE RENTA DAVIVIENDA CORREDORES,250305020,RETENCIÓN PROVEEDORES,0,0
257,FIC INMOBILIARIO DE RENTA DAVIVIENDA CORREDORES,250305020,RETENCIÓN PROVEEDORES,0,0
257,FIC INMOBILIARIO DE RENTA DAVIVIENDA CORREDORES,250305020,RETENCIÓN PROVEEDORES,0,0
257,FIC INMOBILIARIO DE RENTA DAVIVIENDA CORREDORES,250305020,RETENCIÓN PROVEEDORES,0,0
257,FIC INMOBILIARIO DE RENTA DAVIVIENDA CORREDORES,250305020,RETENCIÓN PROVEEDORES,-15500,-15500
257,FIC INMOBILIARIO DE RENTA DAVIVIENDA CORREDORES,250305020,RETENCIÓN PROVEEDORES,0,0
257,FIC INMOBILIARIO DE RENTA DAVIVIENDA CORREDORES,250305020,RETENCIÓN PROVEEDORES,0,0
257,FIC INMOBILIARIO DE RENTA DAVIVIENDA CORREDORES,250305020,RETENCIÓN PROVEEDORES,"-58153,84","-58153,84"
257,FIC INMOBILIARIO DE RENTA DAVIVIENDA CORREDORES,250305020,RETENCIÓN PROVEEDORES,0,0
257,FIC INMOBILIARIO DE RENTA DAVIVIENDA CORREDORES,250340010,SOBRE LAS VENTAS POR PAGAR 19%,-1346988892,-1319863680
257,FIC INMOBILIARIO DE RENTA DAVIVIENDA CORREDORES,253105005,IMPUESTO PREDIAL,0,0
257,FIC INMOBILIARIO DE RENTA DAVIVIENDA CORREDORES,352505010,PARTICIPACIONES EN FDO DE INVERSIÓN COLE,-1116525320815,-1158569303492
257,FIC INMOBILIARIO DE RENTA DAVIVIENDA CORREDORES,410805300,EMISORES NACIONALES,0,-46693704058
257,FIC INMOBILIARIO DE RENTA DAVIVIENDA CORREDORES,411495001,(FIR) Davivienda CTA AH 005000311323,0,"-2395994,02"
257,FIC INMOBILIARIO DE RENTA DAVIVIENDA CORREDORES,411495012,"(FIR) Bco de Bogota Cta, Aho 049316169",0,"-156246,38"
257,FIC INMOBILIARIO DE RENTA DAVIVIENDA CORREDORES,411495014,"(FIR) Banco Popular Cta, 500804743994",0,"-9848,24"
257,FIC INMOBILIARIO DE RENTA DAVIVIENDA CORREDORES,411495017,(FIR) Davivienda CTA AH 482800036030,0,"-2038983,68"
257,FIC INMOBILIARIO DE RENTA DAVIVIENDA CORREDORES,411495018,"(FIR) BANCO POPULAR CTA No, 500805563596",0,"-265566,02"
257,FIC INMOBILIARIO DE RENTA DAVIVIENDA CORREDORES,419595120,INGRESO PARQUEADEROS OXO 69,0,-102592337
257,FIC INMOBILIARIO DE RENTA DAVIVIENDA CORREDORES,419595705,VALORACION PROPIEDADES DE INVERSION,0,-18771167303
257,FIC INMOBILIARIO DE RENTA DAVIVIENDA CORREDORES,511325010,COMISION CUSTODIA FIJA,0,104219759
257,FIC INMOBILIARIO DE RENTA DAVIVIENDA CORREDORES,511595015,COMISION ADMON FIDEICOMISOS,0,"287422987,3"
257,FIC INMOBILIARIO DE RENTA DAVIVIENDA CORREDORES,511805010,NOTARIALES,0,"38342594,77"
257,FIC INMOBILIARIO DE RENTA DAVIVIENDA CORREDORES,513015003,REVISORIA FISCAL,0,"12078979,64"
257,FIC INMOBILIARIO DE RENTA DAVIVIENDA CORREDORES,513025010,ASESORIAS LEGALES Y/O JURIDICAS,0,56779827
257,FIC INMOBILIARIO DE RENTA DAVIVIENDA CORREDORES,514005010,IMPUESTO A LOS MOVIMIENTOS FINANCIEROS,0,"88026231,14"
257,FIC INMOBILIARIO DE RENTA DAVIVIENDA CORREDORES,514005020,IMPUESTOS PREDIAL,0,1925356319
257,FIC INMOBILIARIO DE RENTA DAVIVIENDA CORREDORES,519025010,SERVICIOS PÚBLICOS,0,"66130146,06"
257,FIC INMOBILIARIO DE RENTA DAVIVIENDA CORREDORES,250305020,RETENCIÓN PROVEEDORES,0,0
257,FIC INMOBILIARIO DE RENTA DAVIVIENDA CORREDORES,250305020,RETENCIÓN PROVEEDORES,0,0
257,FIC INMOBILIARIO DE RENTA DAVIVIENDA CORREDORES,250305020,RETENCIÓN PROVEEDORES,0,0
257,FIC INMOBILIARIO DE RENTA DAVIVIENDA CORREDORES,250305020,RETENCIÓN PROVEEDORES,0,0
257,FIC INMOBILIARIO DE RENTA DAVIVIENDA CORREDORES,250305020,RETENCIÓN PROVEEDORES,0,0
257,FIC INMOBILIARIO DE RENTA DAVIVIENDA CORREDORES,250305020,RETENCIÓN PROVEEDORES,0,0
257,FIC INMOBILIARIO DE RENTA DAVIVIENDA CORREDORES,250305020,RETENCIÓN PROVEEDORES,0,0
257,FIC INMOBILIARIO DE RENTA DAVIVIENDA CORREDORES,250305020,RETENCIÓN PROVEEDORES,0,0
257,FIC INMOBILIARIO DE RENTA DAVIVIENDA CORREDORES,253105003,CUENTA CORRIENTE IBA,0,0
257,FIC INMOBILIARIO DE RENTA DAVIVIENDA CORREDORES,253105110,CUENTA COMPENSACION,-5329040824,-3788226764
257,FIC INMOBILIARIO DE RENTA DAVIVIENDA CORREDORES,290715010,ARRENDAMIENTOS,0,0
257,FIC INMOBILIARIO DE RENTA DAVIVIENDA CORREDORES,290795010,ADMINISTRACION INMUEBLES,0,0
257,FIC INMOBILIARIO DE RENTA DAVIVIENDA CORREDORES,411495004,"(FIR) BANCOLOMBIA Cau No,03151159060",0,"-110305686,7"
257,FIC INMOBILIARIO DE RENTA DAVIVIENDA CORREDORES,411495005,(FIR) Occidente CTA AH 219885902,0,"-23280,13"
257,FIC INMOBILIARIO DE RENTA DAVIVIENDA CORREDORES,411495006,(FIR) BANCO SUDAMERIS CTA AH 91000023490,0,"-635617715,4"
257,FIC INMOBILIARIO DE RENTA DAVIVIENDA CORREDORES,411495008,"(FIR) OCCIDENTE Cau No,288857402",0,"-350377,33"
257,FIC INMOBILIARIO DE RENTA DAVIVIENDA CORREDORES,411495015,RENDIMIENTOS INVERSIONES EN FICS,0,"-286415431,5"
257,FIC INMOBILIARIO DE RENTA DAVIVIENDA CORREDORES,411495019,"(FIR) BANCOLOMBIA CTA No, 69000008139",0,"-6504606,8"
257,FIC INMOBILIARIO DE RENTA DAVIVIENDA CORREDORES,411495999,OTROS,0,"-37,46"
257,FIC INMOBILIARIO DE RENTA DAVIVIENDA CORREDORES,414515010,ARRENDAMIENTO INMUEBLES IVA 19%,0,-20397903687
257,FIC INMOBILIARIO DE RENTA DAVIVIENDA CORREDORES,414515020,ARRENDAMIENTO INMUEBLES NO GRAVADOS,0,-1912194492
257,FIC INMOBILIARIO DE RENTA DAVIVIENDA CORREDORES,419595110,ADMINISTRACION PH,0,"-608983922,3"
257,FIC INMOBILIARIO DE RENTA DAVIVIENDA CORREDORES,510310010,CRÉDITOS BANCOS,0,4887234336
257,FIC INMOBILIARIO DE RENTA DAVIVIENDA CORREDORES,511512010,GASTOS BANCARIOS,0,"9439339,01"
257,FIC INMOBILIARIO DE RENTA DAVIVIENDA CORREDORES,511548010,COMISION DE ADMINISTRACION,0,8419910035
257,FIC INMOBILIARIO DE RENTA DAVIVIENDA CORREDORES,513095010,HONORARIOS MTS,0,520308070
257,FIC INMOBILIARIO DE RENTA DAVIVIENDA CORREDORES,513095090,OTROS,0,1518714714
257,FIC INMOBILIARIO DE RENTA DAVIVIENDA CORREDORES,515525010,SEGURO DE RESPONSABILIDAD CIVIL,0,269239985
257,FIC INMOBILIARIO DE RENTA DAVIVIENDA CORREDORES,516070010,PROPIEDADES DE INVERSIÓN,0,2671343152
257,FIC INMOBILIARIO DE RENTA DAVIVIENDA CORREDORES,519095045,OTROS GTOS OPERACIONALES,0,17741906
257,FIC INMOBILIARIO DE RENTA DAVIVIENDA CORREDORES,519095999,OTROS,0,"647089,21"
257,FIC INMOBILIARIO DE RENTA DAVIVIENDA CORREDORES,810505205,EMISORES NACIONALES,697616530839,717665984256
273,FCP INMOBILIARIO GRUPO PEGASUS COLOMBIA FONDO I - COMPARTIMENTO I,111505010,"(PG) Bancolombia Cta No, 03183436880",6041414006,"25751744,76"
257,FIC INMOBILIARIO DE RENTA DAVIVIENDA CORREDORES,519095070,GASTOS PARQUEADEROS OXO 69,0,54409851
257,FIC INMOBILIARIO DE RENTA DAVIVIENDA CORREDORES,519095080,SERVICIO DE VIGILANCIA,0,"379734868,8"
257,FIC INMOBILIARIO DE RENTA DAVIVIENDA CORREDORES,590505010,CANCELACION DE INGRESOS RF,0,"-638947881,5"
257,FIC INMOBILIARIO DE RENTA DAVIVIENDA CORREDORES,590505015,CANCELACION DE INGRESOS RV,0,42682930559
257,FIC INMOBILIARIO DE RENTA DAVIVIENDA CORREDORES,590505020,UTILIDAD/PERDIDA PAGADA EN REDENCIÓN,0,26159566705
257,FIC INMOBILIARIO DE RENTA DAVIVIENDA CORREDORES,830505010,DEUDORAS POR CONTRA,-697616530839,-717665984256
273,FCP INMOBILIARIO GRUPO PEGASUS COLOMBIA FONDO I - COMPARTIMENTO I,161695012,"(PG) BANCOLOMBIA Cau No,69000001717",498,"1084,56"
273,FCP INMOBILIARIO GRUPO PEGASUS COLOMBIA FONDO I - COMPARTIMENTO I,161695999,PROVEEDORES,0,0
273,FCP INMOBILIARIO GRUPO PEGASUS COLOMBIA FONDO I - COMPARTIMENTO I,161695999,PROVEEDORES,0,0
273,FCP INMOBILIARIO GRUPO PEGASUS COLOMBIA FONDO I - COMPARTIMENTO I,161695999,PROVEEDORES,0,0
273,FCP INMOBILIARIO GRUPO PEGASUS COLOMBIA FONDO I - COMPARTIMENTO I,161695999,PROVEEDORES,0,0
273,FCP INMOBILIARIO GRUPO PEGASUS COLOMBIA FONDO I - COMPARTIMENTO I,161695999,PROVEEDORES,0,0
273,FCP INMOBILIARIO GRUPO PEGASUS COLOMBIA FONDO I - COMPARTIMENTO I,163205010,ANTICIPO A CONTRATOS Y PROVEEDORES,0,200000000
273,FCP INMOBILIARIO GRUPO PEGASUS COLOMBIA FONDO I - COMPARTIMENTO I,192595015,COMISION DE GESTION,0,0
273,FCP INMOBILIARIO GRUPO PEGASUS COLOMBIA FONDO I - COMPARTIMENTO I,192595025,COMISION ADMINISTRACION,0,0
273,FCP INMOBILIARIO GRUPO PEGASUS COLOMBIA FONDO I - COMPARTIMENTO I,250110015,COMISION DE ADMINISTRACION,0,0
273,FCP INMOBILIARIO GRUPO PEGASUS COLOMBIA FONDO I - COMPARTIMENTO I,250295010,OTROS COSTOS POR PAGAR,0,0
273,FCP INMOBILIARIO GRUPO PEGASUS COLOMBIA FONDO I - COMPARTIMENTO I,250295010,OTROS COSTOS POR PAGAR,0,0
273,FCP INMOBILIARIO GRUPO PEGASUS COLOMBIA FONDO I - COMPARTIMENTO I,250295010,OTROS COSTOS POR PAGAR,0,0
273,FCP INMOBILIARIO GRUPO PEGASUS COLOMBIA FONDO I - COMPARTIMENTO I,250295050,OTROS PROVEEDORES,0,0
273,FCP INMOBILIARIO GRUPO PEGASUS COLOMBIA FONDO I - COMPARTIMENTO I,250295050,OTROS PROVEEDORES,0,0
273,FCP INMOBILIARIO GRUPO PEGASUS COLOMBIA FONDO I - COMPARTIMENTO I,250295050,OTROS PROVEEDORES,0,0
273,FCP INMOBILIARIO GRUPO PEGASUS COLOMBIA FONDO I - COMPARTIMENTO I,250295050,OTROS PROVEEDORES,0,0
273,FCP INMOBILIARIO GRUPO PEGASUS COLOMBIA FONDO I - COMPARTIMENTO I,250295050,OTROS PROVEEDORES,0,0
273,FCP INMOBILIARIO GRUPO PEGASUS COLOMBIA FONDO I - COMPARTIMENTO I,250295050,OTROS PROVEEDORES,0,0
273,FCP INMOBILIARIO GRUPO PEGASUS COLOMBIA FONDO I - COMPARTIMENTO I,250305020,RTE FTE PROVEEDORES,0,0
273,FCP INMOBILIARIO GRUPO PEGASUS COLOMBIA FONDO I - COMPARTIMENTO I,250305020,RTE FTE PROVEEDORES,0,0
273,FCP INMOBILIARIO GRUPO PEGASUS COLOMBIA FONDO I - COMPARTIMENTO I,250305020,RTE FTE PROVEEDORES,0,0
273,FCP INMOBILIARIO GRUPO PEGASUS COLOMBIA FONDO I - COMPARTIMENTO I,250305020,RTE FTE PROVEEDORES,0,0
273,FCP INMOBILIARIO GRUPO PEGASUS COLOMBIA FONDO I - COMPARTIMENTO I,250305020,RTE FTE PROVEEDORES,0,0
273,FCP INMOBILIARIO GRUPO PEGASUS COLOMBIA FONDO I - COMPARTIMENTO I,250305020,RTE FTE PROVEEDORES,0,0
273,FCP INMOBILIARIO GRUPO PEGASUS COLOMBIA FONDO I - COMPARTIMENTO I,111505012,"(PG) BANCOLOMBIA Cta No,69000001717","409972,94","446482,18"
273,FCP INMOBILIARIO GRUPO PEGASUS COLOMBIA FONDO I - COMPARTIMENTO I,130205300,EMISORES  NACIONALES,105967688921,123815684634
273,FCP INMOBILIARIO GRUPO PEGASUS COLOMBIA FONDO I - COMPARTIMENTO I,136000300,INVERSIONES DERECHOS FIDUCIARIOS,163555987326,40510008393
273,FCP INMOBILIARIO GRUPO PEGASUS COLOMBIA FONDO I - COMPARTIMENTO I,161695011,"(PG) Bancolombia Cau No, 03183436880","5000018,64","12513,32"
273,FCP INMOBILIARIO GRUPO PEGASUS COLOMBIA FONDO I - COMPARTIMENTO I,161695015,GASTOS VARIOS DE ADMON,0,0
273,FCP INMOBILIARIO GRUPO PEGASUS COLOMBIA FONDO I - COMPARTIMENTO I,161695045,CUENTA CORRIENTE,"166571499,1",64735663769
273,FCP INMOBILIARIO GRUPO PEGASUS COLOMBIA FONDO I - COMPARTIMENTO I,161695999,PROVEEDORES,0,0
273,FCP INMOBILIARIO GRUPO PEGASUS COLOMBIA FONDO I - COMPARTIMENTO I,161695999,PROVEEDORES,0,0
273,FCP INMOBILIARIO GRUPO PEGASUS COLOMBIA FONDO I - COMPARTIMENTO I,161695999,PROVEEDORES,0,0
273,FCP INMOBILIARIO GRUPO PEGASUS COLOMBIA FONDO I - COMPARTIMENTO I,161695999,PROVEEDORES,0,0
273,FCP INMOBILIARIO GRUPO PEGASUS COLOMBIA FONDO I - COMPARTIMENTO I,161695999,PROVEEDORES,0,0
273,FCP INMOBILIARIO GRUPO PEGASUS COLOMBIA FONDO I - COMPARTIMENTO I,192595030,AMORTIZACION COMISION DE ADMON,0,0
273,FCP INMOBILIARIO GRUPO PEGASUS COLOMBIA FONDO I - COMPARTIMENTO I,192595040,ARRENDAMIENTOS,0,"22499916,67"
273,FCP INMOBILIARIO GRUPO PEGASUS COLOMBIA FONDO I - COMPARTIMENTO I,250105010,HONORARIOS,0,0
273,FCP INMOBILIARIO GRUPO PEGASUS COLOMBIA FONDO I - COMPARTIMENTO I,250110010,COMISION CUSTODIA FIJA,0,0
273,FCP INMOBILIARIO GRUPO PEGASUS COLOMBIA FONDO I - COMPARTIMENTO I,250295010,OTROS COSTOS POR PAGAR,0,0
273,FCP INMOBILIARIO GRUPO PEGASUS COLOMBIA FONDO I - COMPARTIMENTO I,250305011,RENDIMIENTOS FINANCIEROS CAPITALIZADOS,0,0
273,FCP INMOBILIARIO GRUPO PEGASUS COLOMBIA FONDO I - COMPARTIMENTO I,250305020,RTE FTE PROVEEDORES,0,0
273,FCP INMOBILIARIO GRUPO PEGASUS COLOMBIA FONDO I - COMPARTIMENTO I,250305020,RTE FTE PROVEEDORES,0,0
273,FCP INMOBILIARIO GRUPO PEGASUS COLOMBIA FONDO I - COMPARTIMENTO I,253105003,CUENTA CORRIENTE IBA,0,0
273,FCP INMOBILIARIO GRUPO PEGASUS COLOMBIA FONDO I - COMPARTIMENTO I,253105110,CUENTA COMPENSACION,-55902839235,-352378
273,FCP INMOBILIARIO GRUPO PEGASUS COLOMBIA FONDO I - COMPARTIMENTO I,411495011,"(PG) Bancolombia Cau No, 03183436880",0,"-15232732,67"
273,FCP INMOBILIARIO GRUPO PEGASUS COLOMBIA FONDO I - COMPARTIMENTO I,411495015,RENDIMIENTOS INVERSIONES EN FICS,0,"-168556824,7"
273,FCP INMOBILIARIO GRUPO PEGASUS COLOMBIA FONDO I - COMPARTIMENTO I,411495999,OTROS,0,0
273,FCP INMOBILIARIO GRUPO PEGASUS COLOMBIA FONDO I - COMPARTIMENTO I,510495011,"(PG) Bancolombia Cau No, 03183436880",0,"504985,46"
273,FCP INMOBILIARIO GRUPO PEGASUS COLOMBIA FONDO I - COMPARTIMENTO I,510805010,POR DISMINUCION EN EL VALOR RAZONABLE,0,1947398946
273,FCP INMOBILIARIO GRUPO PEGASUS COLOMBIA FONDO I - COMPARTIMENTO I,511512010,GASTOS BANCARIOS,0,"32351,29"
273,FCP INMOBILIARIO GRUPO PEGASUS COLOMBIA FONDO I - COMPARTIMENTO I,511548010,"COMISION DE ADMINISTRACION R,F,",0,"93812547,96"
273,FCP INMOBILIARIO GRUPO PEGASUS COLOMBIA FONDO I - COMPARTIMENTO I,511595011,COMISION GESTOR PROFESIONAL,0,592425281
273,FCP INMOBILIARIO GRUPO PEGASUS COLOMBIA FONDO I - COMPARTIMENTO I,514005011,IMPOVENTAS,0,47971518
273,FCP INMOBILIARIO GRUPO PEGASUS COLOMBIA FONDO I - COMPARTIMENTO I,514005015,IVA COMISION GESTOR PROFESIONAL,0,"112560803,4"
273,FCP INMOBILIARIO GRUPO PEGASUS COLOMBIA FONDO I - COMPARTIMENTO I,250305020,RTE FTE PROVEEDORES,0,0
273,FCP INMOBILIARIO GRUPO PEGASUS COLOMBIA FONDO I - COMPARTIMENTO I,250305020,RTE FTE PROVEEDORES,0,0
273,FCP INMOBILIARIO GRUPO PEGASUS COLOMBIA FONDO I - COMPARTIMENTO I,352505010,PARTICIPACIONES EN FDO DE INVERSIÓN COLE,-219834233006,-229309716160
273,FCP INMOBILIARIO GRUPO PEGASUS COLOMBIA FONDO I - COMPARTIMENTO I,410805205,EMISORES NACIONALES,0,0
273,FCP INMOBILIARIO GRUPO PEGASUS COLOMBIA FONDO I - COMPARTIMENTO I,410805300,EMISORES NACIONALES,0,-6227681705
273,FCP INMOBILIARIO GRUPO PEGASUS COLOMBIA FONDO I - COMPARTIMENTO I,411495012,"(PG) BANCOLOMBIA Cau No,69000001717",0,"-8397,8"
273,FCP INMOBILIARIO GRUPO PEGASUS COLOMBIA FONDO I - COMPARTIMENTO I,510605115,EMISORES NACIONALES,0,0
273,FCP INMOBILIARIO GRUPO PEGASUS COLOMBIA FONDO I - COMPARTIMENTO I,511325010,COMISION CUSTODIA FIJA,0,20356050
273,FCP INMOBILIARIO GRUPO PEGASUS COLOMBIA FONDO I - COMPARTIMENTO I,513015003,REVISORIA FISCAL,0,8322000
273,FCP INMOBILIARIO GRUPO PEGASUS COLOMBIA FONDO I - COMPARTIMENTO I,513025010,ASESORIAS LEGALES Y/O JURIDICAS,0,81353725
273,FCP INMOBILIARIO GRUPO PEGASUS COLOMBIA FONDO I - COMPARTIMENTO I,513095090,OTROS HONORARIOS,0,374002677
273,FCP INMOBILIARIO GRUPO PEGASUS COLOMBIA FONDO I - COMPARTIMENTO I,514005010,IMPUESTO A LOS MOVIMIENTOS FINANCIEROS,0,"19383488,18"
273,FCP INMOBILIARIO GRUPO PEGASUS COLOMBIA FONDO I - COMPARTIMENTO I,514595015,ARRENDAMIENTO LOTE,0,"4499983,33"
273,FCP INMOBILIARIO GRUPO PEGASUS COLOMBIA FONDO I - COMPARTIMENTO I,519095050,GASTOS REEMBOLSABLES,0,14035999
273,FCP INMOBILIARIO GRUPO PEGASUS COLOMBIA FONDO I - COMPARTIMENTO I,590505015,CANCELACION DE INGRESOS RV,0,3172682943
273,FCP INMOBILIARIO GRUPO PEGASUS COLOMBIA FONDO I - COMPARTIMENTO I,810505115,EMISORES NACIONALES,105178863300,121368096107
273,FCP INMOBILIARIO GRUPO PEGASUS COLOMBIA FONDO I - COMPARTIMENTO I,810505205,EMISORES NACIONALES,163555987326,40510008393
282,FCP TC LATAM - COMPARTIMENTO G,111510007,(LG) BANCOLOMBIA PANAMÁ CTA: 80100009221,"99327051,11","50785859,42"
282,FCP TC LATAM - COMPARTIMENTO G,130205300,EMISORES  NACIONALES,17441710858,14056553463
282,FCP TC LATAM - COMPARTIMENTO G,161695007,"(LG) BANCOLOMBIA PANAMÁ CTA,80100009221","209902,48",197572
282,FCP TC LATAM - COMPARTIMENTO G,161695012,"(TG) BANCOLOMBIA Cau No,03173150724","1500843,87","1682100,61"
282,FCP TC LATAM - COMPARTIMENTO G,250110015,COMISION DE ADMINISTRACION,0,0
282,FCP TC LATAM - COMPARTIMENTO G,250295050,OTROS PROVEEDORES,0,0
282,FCP TC LATAM - COMPARTIMENTO G,253105220,CUENTA COMPENSACION DIVISAS,0,0
282,FCP TC LATAM - COMPARTIMENTO G,352505010,PARTICIPACIONES EN FDO DE INVERSIÓN COLE,-140655696940,-117264623755
282,FCP TC LATAM - COMPARTIMENTO G,410805300,EMISORES NACIONALES,0,0
282,FCP TC LATAM - COMPARTIMENTO G,411495007,"(LG) BANCOLOMBIA PANAMÁ CTA,80100009221",0,"-320755,51"
282,FCP TC LATAM - COMPARTIMENTO G,413515010,DIFERENCIA EN CAMBIO,0,"-842339,94"
282,FCP TC LATAM - COMPARTIMENTO G,511325010,COMISION CUSTODIA FIJA,0,"6203239,55"
282,FCP TC LATAM - COMPARTIMENTO G,513015003,REVISORIA FISCAL,0,4199001
282,FCP TC LATAM - COMPARTIMENTO G,513095090,OTROS HONORARIOS,0,1000000
282,FCP TC LATAM - COMPARTIMENTO G,513535010,POR REEXPRESION DE  OTROS ACTIVOS,0,"49256739,16"
282,FCP TC LATAM - COMPARTIMENTO G,514005010,IMPUESTO A LOS MOVIMIENTOS FINANCIEROS,0,"10454488,8"
282,FCP TC LATAM - COMPARTIMENTO G,590505010,CANCELACION DE INGRESOS RF,0,-3608293330
282,FCP TC LATAM - COMPARTIMENTO G,590505015,CANCELACION DE INGRESOS RV,0,-19782779854
282,FCP TC LATAM - COMPARTIMENTO G,590505020,UTILIDAD/PERDIDA PAGADA EN REDENCIÓN,0,10721462031
282,FCP TC LATAM - COMPARTIMENTO G,829595999,OTRAS CUENTAS DE ORDEN ACREEDORAS USD,-191090005691,-175005116814
282,FCP TC LATAM - COMPARTIMENTO G,830505010,DEUDORAS POR CONTRA,-136245377511,-117110351677
282,FCP TC LATAM - COMPARTIMENTO G,840505999,OTRAS CUENTAS DE ORDEN ACREEDORAS USD,191090005691,175005116814
284,FCP MALLPLAZA COMPARTIMENTO UNO,111505005,"(M1) BANCOLOMBIA Cta, No,03191346156","206295771,6","38203648,95"
284,FCP MALLPLAZA COMPARTIMENTO UNO,111505006,"(MUN) BANCOLOMBIA Cta No,69000001718",0,0
284,FCP MALLPLAZA COMPARTIMENTO UNO,130205300,EMISORES  NACIONALES,109999123415,82552056559
284,FCP MALLPLAZA COMPARTIMENTO UNO,161695001,"(M1) SCOTIABANK Cta No,92097629","18632931,01","2365070,48"
284,FCP MALLPLAZA COMPARTIMENTO UNO,161695005,"(M1) BANCOLOMBIA Cau No,03191346156","100888,94","913979,29"
284,FCP MALLPLAZA COMPARTIMENTO UNO,161695015,GASTOS VARIOS DE ADMON,0,"157,16"
284,FCP MALLPLAZA COMPARTIMENTO UNO,161695999,PROVEEDORES,0,0
284,FCP MALLPLAZA COMPARTIMENTO UNO,161695999,PROVEEDORES,0,0
284,FCP MALLPLAZA COMPARTIMENTO UNO,161695999,PROVEEDORES,0,0
284,FCP MALLPLAZA COMPARTIMENTO UNO,192595030,COMISION ADMINISTRACION,0,0
284,FCP MALLPLAZA COMPARTIMENTO UNO,243505010,CREDITOS,-394860000000,-390360000000
284,FCP MALLPLAZA COMPARTIMENTO UNO,250110015,COMISION DE ADMINISTRACION,-105400968,"-113097209,8"
284,FCP MALLPLAZA COMPARTIMENTO UNO,250295050,OTROS PROVEEDORES,0,0
284,FCP MALLPLAZA COMPARTIMENTO UNO,250305011,RENDIMIENTOS FINANCIEROS CAPITALIZADOS,0,0
284,FCP MALLPLAZA COMPARTIMENTO UNO,250305020,RTE FTE PROVEEDORES,0,0
284,FCP MALLPLAZA COMPARTIMENTO UNO,253105110,CUENTA COMPENSACION,-5415000000,-5890801643
284,FCP MALLPLAZA COMPARTIMENTO UNO,410805300,EMISORES NACIONALES,0,-330429576128
284,FCP MALLPLAZA COMPARTIMENTO UNO,411495999,OTROS,0,"-0,68"
284,FCP MALLPLAZA COMPARTIMENTO UNO,513015003,REVISORIA FISCAL,0,5733749
284,FCP MALLPLAZA COMPARTIMENTO UNO,514005011,IMPOVENTAS,0,"113025847,9"
284,FCP MALLPLAZA COMPARTIMENTO UNO,519095999,OTROS,0,"0,11"
284,FCP MALLPLAZA COMPARTIMENTO UNO,590505010,CANCELACION DE INGRESOS RF,0,-5018087049
284,FCP MALLPLAZA COMPARTIMENTO UNO,590505015,CANCELACION DE INGRESOS RV,0,334462571668
284,FCP MALLPLAZA COMPARTIMENTO UNO,829595998,OTRAS CUENTAS DE ORDEN ACREEDORAS PESOS,-33074067271,-33074067271
284,FCP MALLPLAZA COMPARTIMENTO UNO,830505010,DEUDORAS POR CONTRA,-1832280085205,-2108992411304
285,FCP MALLPLAZA COMPARTIMENTO FARO INMOBILIARIO,111505008,"(MFI) BANCOLOMBIA Cta No,03191346172","8623172,57","116566617,9"
285,FCP MALLPLAZA COMPARTIMENTO FARO INMOBILIARIO,111505009,"(MFA) BANCOLOMBIA Cta No,69000001720","41302,61","41914,96"
285,FCP MALLPLAZA COMPARTIMENTO FARO INMOBILIARIO,136000300,INVERSIONES DERECHOS FIDUCIARIOS,20062107722,30451396019
285,FCP MALLPLAZA COMPARTIMENTO FARO INMOBILIARIO,161695008,"(MFI) BANCOLOMBIA Cau No,03191346172","6144,02","120433,24"
273,FCP INMOBILIARIO GRUPO PEGASUS COLOMBIA FONDO I - COMPARTIMENTO I,519095030,VALORIZACION FONDOS ABIERTOS,0,0
273,FCP INMOBILIARIO GRUPO PEGASUS COLOMBIA FONDO I - COMPARTIMENTO I,519095999,OTROS,0,"0,04"
273,FCP INMOBILIARIO GRUPO PEGASUS COLOMBIA FONDO I - COMPARTIMENTO I,590505010,CANCELACION DE INGRESOS RF,0,"-77863638,17"
273,FCP INMOBILIARIO GRUPO PEGASUS COLOMBIA FONDO I - COMPARTIMENTO I,830505010,DEUDORAS POR CONTRA,-268734850626,-161878104500
282,FCP TC LATAM - COMPARTIMENTO G,111505012,"(TG) BANCOLOMBIA Cta No,03173150724",6177773153,2106894873
282,FCP TC LATAM - COMPARTIMENTO G,136000300,INVERSIONES DERECHOS FIDUCIARIOS,895899884,103053798214
282,FCP TC LATAM - COMPARTIMENTO G,136005010,INVERSIONES DERECHOS FIDUCIARIOS,117907766769,0
282,FCP TC LATAM - COMPARTIMENTO G,161695011,GASTOS CHEQUES DE GERENCIA,0,0
282,FCP TC LATAM - COMPARTIMENTO G,161695015,GASTOS VARIOS DE ADMON,0,0
282,FCP TC LATAM - COMPARTIMENTO G,161695045,CUENTA CORRIENTE,0,6552823094
282,FCP TC LATAM - COMPARTIMENTO G,161695999,PROVEEDORES,0,0
282,FCP TC LATAM - COMPARTIMENTO G,192595030,AMORTIZACIÓN COMISIÓN DE ADMÓN,0,0
282,FCP TC LATAM - COMPARTIMENTO G,250105010,HONORARIOS,0,0
282,FCP TC LATAM - COMPARTIMENTO G,250110010,COMISION CUSTODIA FIJA,0,0
282,FCP TC LATAM - COMPARTIMENTO G,250305011,RENDIMIENTOS FINANCIEROS CAPITALIZADOS,0,0
282,FCP TC LATAM - COMPARTIMENTO G,250305020,RTE FTE PROVEEDORES,0,0
282,FCP TC LATAM - COMPARTIMENTO G,253105003,CUENTA CORRIENTE IBA,0,0
282,FCP TC LATAM - COMPARTIMENTO G,253105110,CUENTA COMPENSACION,-1868491522,-8558111421
282,FCP TC LATAM - COMPARTIMENTO G,411495012,"(TG) BANCOLOMBIA Cau No,03173150724",0,"-41652380,74"
282,FCP TC LATAM - COMPARTIMENTO G,411495999,OTROS,0,"-807946,21"
282,FCP TC LATAM - COMPARTIMENTO G,510805010,POR DISMINUCION EN EL VALOR RAZONABLE,0,12565169123
282,FCP TC LATAM - COMPARTIMENTO G,511512010,GASTOS BANCARIOS,0,"199837,73"
282,FCP TC LATAM - COMPARTIMENTO G,511548010,"COMISION DE ADMINISTRACION R,F,",0,"67482035,66"
282,FCP TC LATAM - COMPARTIMENTO G,511595015,OTRAS COMISIONES,0,7293686
282,FCP TC LATAM - COMPARTIMENTO G,514005011,IMPOVENTAS,0,"1976425,53"
282,FCP TC LATAM - COMPARTIMENTO G,519095999,OTROS,0,0
282,FCP TC LATAM - COMPARTIMENTO G,810505205,EMISORES NACIONALES,136245377511,117110351677
284,FCP MALLPLAZA COMPARTIMENTO UNO,111505001,"(M1) SCOTIABANK Cta No,92097629","654630770,7","274718555,6"
284,FCP MALLPLAZA COMPARTIMENTO UNO,130115115,OTROS EMISORES NACIONALES,105171825831,105171825831
284,FCP MALLPLAZA COMPARTIMENTO UNO,136000300,INVERSIONES DERECHOS FIDUCIARIOS,1727108259374,2003820585473
284,FCP MALLPLAZA COMPARTIMENTO UNO,161620010,INTERESES,2568646073,2602028286
284,FCP MALLPLAZA COMPARTIMENTO UNO,161695045,CUENTA CORRIENTE,0,0
284,FCP MALLPLAZA COMPARTIMENTO UNO,161695999,PROVEEDORES,0,0
284,FCP MALLPLAZA COMPARTIMENTO UNO,163205010,ANTICIPOS A CONTRATOS Y PROVEEDORES,99805440000,99798240000
284,FCP MALLPLAZA COMPARTIMENTO UNO,250110010,COMISION CUSTODIA FIJA,0,0
285,FCP MALLPLAZA COMPARTIMENTO FARO INMOBILIARIO,161695009,"(MFA) BANCOLOMBIA Cau No,69000001720","2683,15","2681,31"
285,FCP MALLPLAZA COMPARTIMENTO FARO INMOBILIARIO,161695015,GASTOS VARIOS DE ADMON,0,"4,09"
285,FCP MALLPLAZA COMPARTIMENTO FARO INMOBILIARIO,161695045,CUENTA CORRIENTE,"0,25",0
285,FCP MALLPLAZA COMPARTIMENTO FARO INMOBILIARIO,161695999,PROVEEDORES,0,0
285,FCP MALLPLAZA COMPARTIMENTO FARO INMOBILIARIO,192595030,COMISION ADMINISTRACION,0,0
285,FCP MALLPLAZA COMPARTIMENTO FARO INMOBILIARIO,250110010,COMISION CUSTODIA FIJA,0,0
285,FCP MALLPLAZA COMPARTIMENTO FARO INMOBILIARIO,250305011,RENDIMIENTOS FINANCIEROS CAPITALIZADOS,0,0
285,FCP MALLPLAZA COMPARTIMENTO FARO INMOBILIARIO,253105003,CUENTA CORRIENTE IBA,0,0
285,FCP MALLPLAZA COMPARTIMENTO FARO INMOBILIARIO,253105110,CUENTA COMPENSACION,0,"-294,57"
285,FCP MALLPLAZA COMPARTIMENTO FARO INMOBILIARIO,411495999,OTROS,0,"-0,42"
285,FCP MALLPLAZA COMPARTIMENTO FARO INMOBILIARIO,511548010,"COMISION DE ADMINISTRACION R,F,",0,"4601894,21"
285,FCP MALLPLAZA COMPARTIMENTO FARO INMOBILIARIO,514005011,IMPOVENTAS,0,"1265418,4"
285,FCP MALLPLAZA COMPARTIMENTO FARO INMOBILIARIO,519095045,OTROS GTOS OPERACIONALES,0,"1816,67"
285,FCP MALLPLAZA COMPARTIMENTO FARO INMOBILIARIO,519095999,OTROS,0,"0,27"
285,FCP MALLPLAZA COMPARTIMENTO FARO INMOBILIARIO,590505010,CANCELACION DE INGRESOS RF,0,"-9501452,43"
285,FCP MALLPLAZA COMPARTIMENTO FARO INMOBILIARIO,590505015,CANCELACION DE INGRESOS RV,0,10506770861
285,FCP MALLPLAZA COMPARTIMENTO FARO INMOBILIARIO,829595998,OTRAS CUENTAS DE ORDEN ACREEDORAS PESOS,-3395241898,-3395241898
285,FCP MALLPLAZA COMPARTIMENTO FARO INMOBILIARIO,830505010,DEUDORAS POR CONTRA,-20062107722,-30451396019
285,FCP MALLPLAZA COMPARTIMENTO FARO INMOBILIARIO,840505998,ACREEDORAS POR CONTRA PESOS,3395241898,3395241898
286,FCP MALLPLAZA COMPARTIMENTO AS CONSTRUCCIONES,136000300,INVERSIONES DERECHOS FIDUCIARIOS,131563922480,146639438080
286,FCP MALLPLAZA COMPARTIMENTO AS CONSTRUCCIONES,161695015,GASTOS VARIOS DE ADMON,0,"16,36"
286,FCP MALLPLAZA COMPARTIMENTO AS CONSTRUCCIONES,161695999,PROVEEDORES,0,0
286,FCP MALLPLAZA COMPARTIMENTO AS CONSTRUCCIONES,192595030,COMISION ADMINISTRACION,0,0
286,FCP MALLPLAZA COMPARTIMENTO AS CONSTRUCCIONES,243505010,CREDITOS,-63205689636,-59491709166
286,FCP MALLPLAZA COMPARTIMENTO AS CONSTRUCCIONES,250110010,COMISION CUSTODIA FIJA,0,0
286,FCP MALLPLAZA COMPARTIMENTO AS CONSTRUCCIONES,250225010,GASTOS FINANCIEROS,0,0
286,FCP MALLPLAZA COMPARTIMENTO AS CONSTRUCCIONES,250305011,RENDIMIENTOS FINANCIEROS CAPITALIZADOS,0,0
286,FCP MALLPLAZA COMPARTIMENTO AS CONSTRUCCIONES,250305020,RTE FTE PROVEEDORES,0,0
286,FCP MALLPLAZA COMPARTIMENTO AS CONSTRUCCIONES,253105003,CUENTA CORRIENTE IBA,0,0
286,FCP MALLPLAZA COMPARTIMENTO AS CONSTRUCCIONES,253105110,CUENTA COMPENSACION,-1178609757,-1239700991
286,FCP MALLPLAZA COMPARTIMENTO AS CONSTRUCCIONES,511512010,GASTOS BANCARIOS,0,"8193,28"
286,FCP MALLPLAZA COMPARTIMENTO AS CONSTRUCCIONES,511548010,"COMISION DE ADMINISTRACION R,F,",0,"13866053,75"
286,FCP MALLPLAZA COMPARTIMENTO AS CONSTRUCCIONES,514005011,IMPOVENTAS,0,"3472531,75"
284,FCP MALLPLAZA COMPARTIMENTO UNO,250225010,GASTOS FINANCIEROS,0,0
284,FCP MALLPLAZA COMPARTIMENTO UNO,250295050,OTROS PROVEEDORES,0,0
284,FCP MALLPLAZA COMPARTIMENTO UNO,250295050,OTROS PROVEEDORES,0,0
284,FCP MALLPLAZA COMPARTIMENTO UNO,250295050,OTROS PROVEEDORES,0,0
284,FCP MALLPLAZA COMPARTIMENTO UNO,250305020,RTE FTE PROVEEDORES,0,0
284,FCP MALLPLAZA COMPARTIMENTO UNO,250305020,RTE FTE PROVEEDORES,0,0
284,FCP MALLPLAZA COMPARTIMENTO UNO,250305020,RTE FTE PROVEEDORES,0,0
284,FCP MALLPLAZA COMPARTIMENTO UNO,253105003,CUENTA CORRIENTE IBA,0,0
284,FCP MALLPLAZA COMPARTIMENTO UNO,352505010,PARTICIPACIONES EN FDO DE INVERSIÓN COLE,-1645152554087,-1897897038706
284,FCP MALLPLAZA COMPARTIMENTO UNO,410395010,OTROS INTERESES,0,-5992617418
284,FCP MALLPLAZA COMPARTIMENTO UNO,411495001,"(M1) SCOTIABANK Cta No,92097629",0,"-3819924,44"
284,FCP MALLPLAZA COMPARTIMENTO UNO,411495005,"(M1) BANCOLOMBIA Cau No,03191346156",0,"-36633005,04"
284,FCP MALLPLAZA COMPARTIMENTO UNO,411495015,RENDIMIENTOS INVERSIONES EN FICS,0,-4902933143
284,FCP MALLPLAZA COMPARTIMENTO UNO,510310010,CREDITOS BANCOS,0,10543765713
284,FCP MALLPLAZA COMPARTIMENTO UNO,510805010,POR DISMINUCION EN EL VALOR RAZONABLE,0,"28,96"
284,FCP MALLPLAZA COMPARTIMENTO UNO,511325010,COMISION CUSTODIA FIJA,0,"157963937,5"
284,FCP MALLPLAZA COMPARTIMENTO UNO,511512010,GASTOS BANCARIOS,0,"34723,23"
284,FCP MALLPLAZA COMPARTIMENTO UNO,511548010,"COMISION DE ADMINISTRACION R,F,",0,"319371539,8"
284,FCP MALLPLAZA COMPARTIMENTO UNO,513025010,ASESORIAS LEGALES Y/O JURIDICAS,0,270000000
284,FCP MALLPLAZA COMPARTIMENTO UNO,513095090,OTROS HONORARIOS,0,168178795
284,FCP MALLPLAZA COMPARTIMENTO UNO,514005010,IMPUESTO A LOS MOVIMIENTOS FINANCIEROS,0,"343020664,9"
284,FCP MALLPLAZA COMPARTIMENTO UNO,810505115,OTROS EMISORES NACIONALES,105171825831,105171825831
284,FCP MALLPLAZA COMPARTIMENTO UNO,810505205,EMISORES NACIONALES,1727108259374,2003820585473
284,FCP MALLPLAZA COMPARTIMENTO UNO,840505998,ACREEDORAS POR CONTRA PESOS,33074067271,33074067271
285,FCP MALLPLAZA COMPARTIMENTO FARO INMOBILIARIO,250110015,COMISION DE ADMINISTRACION,"-1303707,64","-1380649,95"
285,FCP MALLPLAZA COMPARTIMENTO FARO INMOBILIARIO,250295050,OTROS PROVEEDORES,0,0
285,FCP MALLPLAZA COMPARTIMENTO FARO INMOBILIARIO,250305020,RTE FTE PROVEEDORES,0,0
285,FCP MALLPLAZA COMPARTIMENTO FARO INMOBILIARIO,352505010,PARTICIPACIONES EN FDO DE INVERSIÓN COLE,-20069477317,-30566746726
285,FCP MALLPLAZA COMPARTIMENTO FARO INMOBILIARIO,410805300,EMISORES NACIONALES,0,-10509288299
285,FCP MALLPLAZA COMPARTIMENTO FARO INMOBILIARIO,411495008,"(MFI) BANCOLOMBIA Cau No,03191346172",0,"-543478,76"
285,FCP MALLPLAZA COMPARTIMENTO FARO INMOBILIARIO,411495009,"(MFA) BANCOLOMBIA Cau No,69000001720",0,"-610,51"
285,FCP MALLPLAZA COMPARTIMENTO FARO INMOBILIARIO,510805010,POR DISMINUCION EN EL VALOR RAZONABLE,0,"1,77"
285,FCP MALLPLAZA COMPARTIMENTO FARO INMOBILIARIO,511325010,COMISION CUSTODIA FIJA,0,"2461096,76"
285,FCP MALLPLAZA COMPARTIMENTO FARO INMOBILIARIO,511512010,GASTOS BANCARIOS,0,"2048,32"
286,FCP MALLPLAZA COMPARTIMENTO AS CONSTRUCCIONES,590505010,CANCELACION DE INGRESOS RF,0,-3186376416
286,FCP MALLPLAZA COMPARTIMENTO AS CONSTRUCCIONES,810505205,EMISORES NACIONALES,131563922480,146639438080
286,FCP MALLPLAZA COMPARTIMENTO AS CONSTRUCCIONES,830505010,DEUDORAS POR CONTRA,-131563922480,-146639438080
286,FCP MALLPLAZA COMPARTIMENTO AS CONSTRUCCIONES,840505998,ACREEDORAS POR CONTRA PESOS,1356697841,1356697841
292,FCP PALADIN REALTY COLOMBIA - COMPARTIMENTO A,130205300,EMISORES  NACIONALES,"165580817,5","132323884,8"
292,FCP PALADIN REALTY COLOMBIA - COMPARTIMENTO A,130210300,EMISORES EXTRANJEROS,3427210401,2963563246
292,FCP PALADIN REALTY COLOMBIA - COMPARTIMENTO A,161695005,"BANCOLOMBIA Cau No,03183435387","74068,32","464521,13"
292,FCP PALADIN REALTY COLOMBIA - COMPARTIMENTO A,161695015,GASTOS VARIOS DE ADMON,"0,01",0
292,FCP PALADIN REALTY COLOMBIA - COMPARTIMENTO A,161695999,PROVEEDORES,0,0
292,FCP PALADIN REALTY COLOMBIA - COMPARTIMENTO A,161695999,PROVEEDORES,0,0
292,FCP PALADIN REALTY COLOMBIA - COMPARTIMENTO A,192595025,COMISION ADMINISTRACION,0,0
292,FCP PALADIN REALTY COLOMBIA - COMPARTIMENTO A,192595030,AMORTIZACION COMISION DE ADMON,0,0
292,FCP PALADIN REALTY COLOMBIA - COMPARTIMENTO A,250110015,COMISION DE ADMINISTRACION,0,0
292,FCP PALADIN REALTY COLOMBIA - COMPARTIMENTO A,250295050,OTROS-PROVEEDORES,0,0
292,FCP PALADIN REALTY COLOMBIA - COMPARTIMENTO A,250305011,RENDIMIENTOS FINANCIEROS CAPITALIZADOS,0,0
292,FCP PALADIN REALTY COLOMBIA - COMPARTIMENTO A,250305020,RTE FTE PROVEEDORES,0,0
292,FCP PALADIN REALTY COLOMBIA - COMPARTIMENTO A,250305020,RTE FTE PROVEEDORES,0,0
292,FCP PALADIN REALTY COLOMBIA - COMPARTIMENTO A,410805300,EMISORES NACIONALES,0,0
292,FCP PALADIN REALTY COLOMBIA - COMPARTIMENTO A,411495005,"BANCOLOMBIA Cau No,03183435387",0,"-11718480,24"
292,FCP PALADIN REALTY COLOMBIA - COMPARTIMENTO A,419595030,OTROS,0,0
292,FCP PALADIN REALTY COLOMBIA - COMPARTIMENTO A,511595015,OTRAS COMISIONES,0,"564079,8"
292,FCP PALADIN REALTY COLOMBIA - COMPARTIMENTO A,513015003,REVISORIA FISCAL,0,"593145,44"
292,FCP PALADIN REALTY COLOMBIA - COMPARTIMENTO A,514005011,IMPOVENTAS,0,"606372,01"
292,FCP PALADIN REALTY COLOMBIA - COMPARTIMENTO A,519095999,OTROS,0,"5521,55"
292,FCP PALADIN REALTY COLOMBIA - COMPARTIMENTO A,590505010,CANCELACION DE INGRESOS RF,0,"-11343871,43"
292,FCP PALADIN REALTY COLOMBIA - COMPARTIMENTO A,590505015,CANCELACION DE INGRESOS RV,0,"-791980029,3"
292,FCP PALADIN REALTY COLOMBIA - COMPARTIMENTO A,810505210,EMISORES EXTRANJEROS,3427210401,2963563246
292,FCP PALADIN REALTY COLOMBIA - COMPARTIMENTO A,830505010,DEUDORAS POR CONTRA,-5483364924,-4901093960
293,FCP PALADIN REALTY COLOMBIA - COMPARTIMENTO B,130205300,EMISORES  NACIONALES,8692992918,6947003953
293,FCP PALADIN REALTY COLOMBIA - COMPARTIMENTO B,136000300,INVERSIONES DERECHOS FIDUCIARIOS,66697602497,62536539834
293,FCP PALADIN REALTY COLOMBIA - COMPARTIMENTO B,161695006,"BANCOLOMBIA Cta No,03183435808","244453,89","1009157,41"
293,FCP PALADIN REALTY COLOMBIA - COMPARTIMENTO B,161695015,GASTOS VARIOS DE ADMON,0,0
293,FCP PALADIN REALTY COLOMBIA - COMPARTIMENTO B,161695999,PROVEEDORES,0,0
293,FCP PALADIN REALTY COLOMBIA - COMPARTIMENTO B,192595030,AMORTIZACION COMISION DE ADMON,0,0
285,FCP MALLPLAZA COMPARTIMENTO FARO INMOBILIARIO,513015003,REVISORIA FISCAL,0,4199001
285,FCP MALLPLAZA COMPARTIMENTO FARO INMOBILIARIO,514005010,IMPUESTO A LOS MOVIMIENTOS FINANCIEROS,0,"31702,06"
285,FCP MALLPLAZA COMPARTIMENTO FARO INMOBILIARIO,810505205,EMISORES NACIONALES,20062107722,30451396019
286,FCP MALLPLAZA COMPARTIMENTO AS CONSTRUCCIONES,111505006,"(MAC) BANCOLOMBIA Cta No,03191346199","5793008,82",234513928
286,FCP MALLPLAZA COMPARTIMENTO AS CONSTRUCCIONES,161695006,"(MAC) BANCOLOMBIA Cau No,03191346199","275202,05","237807,75"
286,FCP MALLPLAZA COMPARTIMENTO AS CONSTRUCCIONES,250110015,COMISION DE ADMINISTRACION,"-4295324,38","-4617717,81"
286,FCP MALLPLAZA COMPARTIMENTO AS CONSTRUCCIONES,250295050,OTROS PROVEEDORES,0,0
286,FCP MALLPLAZA COMPARTIMENTO AS CONSTRUCCIONES,352505010,PARTICIPACIONES EN FDO DE INVERSIÓN COLE,-67181395973,-86138161957
286,FCP MALLPLAZA COMPARTIMENTO AS CONSTRUCCIONES,410805300,EMISORES NACIONALES,0,-22151393804
286,FCP MALLPLAZA COMPARTIMENTO AS CONSTRUCCIONES,411495006,"(MAC) BANCOLOMBIA Cau No,03191346199",0,"-2970801,98"
286,FCP MALLPLAZA COMPARTIMENTO AS CONSTRUCCIONES,510310010,CREDITOS BANCOS,0,3134054303
286,FCP MALLPLAZA COMPARTIMENTO AS CONSTRUCCIONES,511325010,COMISION CUSTODIA FIJA,0,"7073861,74"
286,FCP MALLPLAZA COMPARTIMENTO AS CONSTRUCCIONES,513015003,REVISORIA FISCAL,0,4199001
286,FCP MALLPLAZA COMPARTIMENTO AS CONSTRUCCIONES,513095090,OTROS HONORARIOS,0,7003620
286,FCP MALLPLAZA COMPARTIMENTO AS CONSTRUCCIONES,514005010,IMPUESTO A LOS MOVIMIENTOS FINANCIEROS,0,"27921057,38"
286,FCP MALLPLAZA COMPARTIMENTO AS CONSTRUCCIONES,590505015,CANCELACION DE INGRESOS RV,0,22143142400
286,FCP MALLPLAZA COMPARTIMENTO AS CONSTRUCCIONES,829595998,OTRAS CUENTAS DE ORDEN ACREEDORAS PESOS,-1356697841,-1356697841
292,FCP PALADIN REALTY COLOMBIA - COMPARTIMENTO A,111505005,"BANCOLOMBIA Cta, No,03183435387","304891109,7","819156102,8"
292,FCP PALADIN REALTY COLOMBIA - COMPARTIMENTO A,111505160,"BCO REPUBLICA CTA NO,62250063",0,0
292,FCP PALADIN REALTY COLOMBIA - COMPARTIMENTO A,130115115,OTROS EMISORES NACIONALES,"10490438,67","10490438,67"
292,FCP PALADIN REALTY COLOMBIA - COMPARTIMENTO A,136000300,INVERSIONES DERECHOS FIDUCIARIOS,1880083267,1794716391
292,FCP PALADIN REALTY COLOMBIA - COMPARTIMENTO A,161695045,CUENTA CORRIENTE,428162471,"443790741,1"
292,FCP PALADIN REALTY COLOMBIA - COMPARTIMENTO A,161695999,PROVEEDORES,0,0
292,FCP PALADIN REALTY COLOMBIA - COMPARTIMENTO A,161695999,PROVEEDORES,0,0
292,FCP PALADIN REALTY COLOMBIA - COMPARTIMENTO A,161695999,PROVEEDORES,0,0
292,FCP PALADIN REALTY COLOMBIA - COMPARTIMENTO A,192595015,COMISION DE GESTION,0,0
292,FCP PALADIN REALTY COLOMBIA - COMPARTIMENTO A,250105010,HONORARIOS,0,0
292,FCP PALADIN REALTY COLOMBIA - COMPARTIMENTO A,250110010,COMISION CUSTODIA FIJA,0,0
292,FCP PALADIN REALTY COLOMBIA - COMPARTIMENTO A,250295050,OTROS-PROVEEDORES,0,0
292,FCP PALADIN REALTY COLOMBIA - COMPARTIMENTO A,250295050,OTROS-PROVEEDORES,0,0
292,FCP PALADIN REALTY COLOMBIA - COMPARTIMENTO A,250295050,OTROS-PROVEEDORES,0,0
292,FCP PALADIN REALTY COLOMBIA - COMPARTIMENTO A,250295050,OTROS-PROVEEDORES,0,0
292,FCP PALADIN REALTY COLOMBIA - COMPARTIMENTO A,250305020,RTE FTE PROVEEDORES,0,0
293,FCP PALADIN REALTY COLOMBIA - COMPARTIMENTO B,250305011,RENDIMIENTOS FINANCIEROS CAPITALIZADOS,0,0
293,FCP PALADIN REALTY COLOMBIA - COMPARTIMENTO B,250305020,RTE FTE PROVEEDORES,0,0
293,FCP PALADIN REALTY COLOMBIA - COMPARTIMENTO B,253105003,CUENTA CORRIENTE IBA,0,0
293,FCP PALADIN REALTY COLOMBIA - COMPARTIMENTO B,253105110,CUENTA COMPENSACION,-10799058809,-10343289664
293,FCP PALADIN REALTY COLOMBIA - COMPARTIMENTO B,411495999,OTROS,0,0
293,FCP PALADIN REALTY COLOMBIA - COMPARTIMENTO B,511548010,"COMISION DE ADMINISTRACION R,F,",0,"132883098,8"
293,FCP PALADIN REALTY COLOMBIA - COMPARTIMENTO B,511595011,COMISION GESTOR PROFESIONAL,0,993480948
293,FCP PALADIN REALTY COLOMBIA - COMPARTIMENTO B,511595015,OTRAS COMISIONES,0,"8858873,42"
293,FCP PALADIN REALTY COLOMBIA - COMPARTIMENTO B,514005011,IMPOVENTAS,0,"9519692,89"
293,FCP PALADIN REALTY COLOMBIA - COMPARTIMENTO B,519095999,OTROS,0,"289882,46"
293,FCP PALADIN REALTY COLOMBIA - COMPARTIMENTO B,590505010,CANCELACION DE INGRESOS RF,0,"-507616744,7"
293,FCP PALADIN REALTY COLOMBIA - COMPARTIMENTO B,590505015,CANCELACION DE INGRESOS RV,0,-3556536960
293,FCP PALADIN REALTY COLOMBIA - COMPARTIMENTO B,829595998,OTRAS CUENTAS DE ORDEN ACREEDORAS USD,-22144162043,-20280190223
293,FCP PALADIN REALTY COLOMBIA - COMPARTIMENTO B,830505010,DEUDORAS POR CONTRA,-75941343445,-70034291817
294,FCP PALADIN REALTY COLOMBIA - COMPARTIMENTO C,130115115,OTROS EMISORES NACIONALES,"20131298,71","20131298,71"
294,FCP PALADIN REALTY COLOMBIA - COMPARTIMENTO C,130205300,EMISORES  NACIONALES,"317751906,9","253931387,5"
294,FCP PALADIN REALTY COLOMBIA - COMPARTIMENTO C,130210300,EMISORES EXTRANJEROS,6576864740,5687119359
294,FCP PALADIN REALTY COLOMBIA - COMPARTIMENTO C,136000300,INVERSIONES DERECHOS FIDUCIARIOS,3608119010,3444298772
294,FCP PALADIN REALTY COLOMBIA - COMPARTIMENTO C,161695015,GASTOS VARIOS DE ADMON,0,0
294,FCP PALADIN REALTY COLOMBIA - COMPARTIMENTO C,161695045,CUENTA CORRIENTE,821649776,"833147618,7"
294,FCP PALADIN REALTY COLOMBIA - COMPARTIMENTO C,161695999,PROVEEDORES,0,0
294,FCP PALADIN REALTY COLOMBIA - COMPARTIMENTO C,192595030,AMORTIZACION COMISION DE ADMON,0,0
294,FCP PALADIN REALTY COLOMBIA - COMPARTIMENTO C,250105010,HONORARIOS,0,0
294,FCP PALADIN REALTY COLOMBIA - COMPARTIMENTO C,250110010,COMISION CUSTODIA FIJA,0,0
294,FCP PALADIN REALTY COLOMBIA - COMPARTIMENTO C,250305011,RENDIMIENTOS FINANCIEROS CAPITALIZADOS,0,0
294,FCP PALADIN REALTY COLOMBIA - COMPARTIMENTO C,250305020,RTE FTE PROVEEDORES,0,0
294,FCP PALADIN REALTY COLOMBIA - COMPARTIMENTO C,253105003,CUENTA CORRIENTE IBA,0,0
294,FCP PALADIN REALTY COLOMBIA - COMPARTIMENTO C,253105110,CUENTA COMPENSACION,"-394976433,2",-374532260
294,FCP PALADIN REALTY COLOMBIA - COMPARTIMENTO C,410395010,OTROS RENDIMIENTOS FINANCIEROS,0,"-1303454,9"
294,FCP PALADIN REALTY COLOMBIA - COMPARTIMENTO C,411495012,"BANCOLOMBIA Cta No, 03198020221",0,"-26928747,58"
294,FCP PALADIN REALTY COLOMBIA - COMPARTIMENTO C,419595030,OTROS,0,0
294,FCP PALADIN REALTY COLOMBIA - COMPARTIMENTO C,510805010,POR DISMINUCION EN EL VALOR RAZONABLE,0,1584038272
294,FCP PALADIN REALTY COLOMBIA - COMPARTIMENTO C,511512010,GASTOS BANCARIOS,0,"4584,59"
292,FCP PALADIN REALTY COLOMBIA - COMPARTIMENTO A,250305020,RTE FTE PROVEEDORES,0,0
292,FCP PALADIN REALTY COLOMBIA - COMPARTIMENTO A,250305020,RTE FTE PROVEEDORES,0,0
292,FCP PALADIN REALTY COLOMBIA - COMPARTIMENTO A,253105003,CUENTA CORRIENTE IBA,0,0
292,FCP PALADIN REALTY COLOMBIA - COMPARTIMENTO A,253105110,CUENTA COMPENSACION,"-205529288,9","-204512342,6"
292,FCP PALADIN REALTY COLOMBIA - COMPARTIMENTO A,352505010,PARTICIPACIONES EN FDO DE INVERSIÓN COLE,-6010963284,-5959992983
292,FCP PALADIN REALTY COLOMBIA - COMPARTIMENTO A,410395010,OTROS RENDIMIENTOS FINANCIEROS,0,"-679231,57"
292,FCP PALADIN REALTY COLOMBIA - COMPARTIMENTO A,411495999,OTROS,0,"-0,2"
292,FCP PALADIN REALTY COLOMBIA - COMPARTIMENTO A,510805010,POR DISMINUCION EN EL VALOR RAZONABLE,0,731692700
292,FCP PALADIN REALTY COLOMBIA - COMPARTIMENTO A,511325010,COMISION CUSTODIA FIJA,0,"1093000,16"
292,FCP PALADIN REALTY COLOMBIA - COMPARTIMENTO A,511512010,GASTOS BANCARIOS,0,"53751,13"
292,FCP PALADIN REALTY COLOMBIA - COMPARTIMENTO A,511548010,"COMISION DE ADMINISTRACION R,F,",0,8461197
292,FCP PALADIN REALTY COLOMBIA - COMPARTIMENTO A,511595011,COMISION GESTOR PROFESIONAL,0,55903722
292,FCP PALADIN REALTY COLOMBIA - COMPARTIMENTO A,513095090,OTROS HONORARIOS,0,"3330658,2"
292,FCP PALADIN REALTY COLOMBIA - COMPARTIMENTO A,514005010,IMPUESTO A LOS MOVIMIENTOS FINANCIEROS,0,"1284472,72"
292,FCP PALADIN REALTY COLOMBIA - COMPARTIMENTO A,514005015,IVA COMISION GESTOR PROFESIONAL,0,"10621707,18"
292,FCP PALADIN REALTY COLOMBIA - COMPARTIMENTO A,519095050,GASTOS REEMBOLSABLES,0,"1511285,57"
292,FCP PALADIN REALTY COLOMBIA - COMPARTIMENTO A,810505115,OTROS EMISORES NACIONALES,"10490438,67","10490438,67"
292,FCP PALADIN REALTY COLOMBIA - COMPARTIMENTO A,810505205,EMISORES NACIONALES,2045664085,1927040276
292,FCP PALADIN REALTY COLOMBIA - COMPARTIMENTO A,829595998,OTRAS CUENTAS DE ORDEN ACREEDORAS USD,-174399070,"-159719130,8"
292,FCP PALADIN REALTY COLOMBIA - COMPARTIMENTO A,840505999,OTRAS CUENTAS DE ORDEN ACREEDORAS USD,174399070,"159719130,8"
293,FCP PALADIN REALTY COLOMBIA - COMPARTIMENTO B,111505006,"BANCOLOMBIA Cta No,03183435808",1006234937,1130056038
293,FCP PALADIN REALTY COLOMBIA - COMPARTIMENTO B,130115115,OTROS EMISORES NACIONALES,"550748030,1","550748030,1"
293,FCP PALADIN REALTY COLOMBIA - COMPARTIMENTO B,192595015,COMISION DE GESTION,0,0
293,FCP PALADIN REALTY COLOMBIA - COMPARTIMENTO B,192595025,COMISION ADMINISTRACION,0,0
293,FCP PALADIN REALTY COLOMBIA - COMPARTIMENTO B,250105010,HONORARIOS,0,0
293,FCP PALADIN REALTY COLOMBIA - COMPARTIMENTO B,250110010,COMISION CUSTODIA FIJA,0,0
293,FCP PALADIN REALTY COLOMBIA - COMPARTIMENTO B,250110015,COMISION DE ADMINISTRACION,0,0
293,FCP PALADIN REALTY COLOMBIA - COMPARTIMENTO B,250110025,OTRAS COMISIONES,-1849200739,"-586657765,6"
293,FCP PALADIN REALTY COLOMBIA - COMPARTIMENTO B,250295050,OTROS PROVEEDORES,0,0
293,FCP PALADIN REALTY COLOMBIA - COMPARTIMENTO B,352505010,PARTICIPACIONES EN FDO DE INVERSIÓN COLE,-64299563288,-60235409583
293,FCP PALADIN REALTY COLOMBIA - COMPARTIMENTO B,410395010,OTROS RENDIMIENTOS FINANCIEROS,0,"-35659657,52"
293,FCP PALADIN REALTY COLOMBIA - COMPARTIMENTO B,410805300,EMISORES NACIONALES,0,0
293,FCP PALADIN REALTY COLOMBIA - COMPARTIMENTO B,411495006,"BANCOLOMBIA Cta No,03183435808",0,"-20540258,86"
294,FCP PALADIN REALTY COLOMBIA - COMPARTIMENTO C,511548010,"COMISION DE ADMINISTRACION R,F,",0,"16237154,16"
294,FCP PALADIN REALTY COLOMBIA - COMPARTIMENTO C,511595011,COMISION GESTOR PROFESIONAL,0,"88076614,98"
294,FCP PALADIN REALTY COLOMBIA - COMPARTIMENTO C,511595015,OTRAS COMISIONES,0,"1082476,78"
294,FCP PALADIN REALTY COLOMBIA - COMPARTIMENTO C,514005011,IMPOVENTAS,0,"1163217,84"
294,FCP PALADIN REALTY COLOMBIA - COMPARTIMENTO C,514005015,IVA COMISION GESTOR PROFESIONAL,0,"16734556,83"
294,FCP PALADIN REALTY COLOMBIA - COMPARTIMENTO C,519095999,OTROS,0,"10595,92"
294,FCP PALADIN REALTY COLOMBIA - COMPARTIMENTO C,590505010,CANCELACION DE INGRESOS RF,0,"-13130787,03"
294,FCP PALADIN REALTY COLOMBIA - COMPARTIMENTO C,810505210,EMISORES EXTRANJEROS,6576864740,5687119358
294,FCP PALADIN REALTY COLOMBIA - COMPARTIMENTO C,829595998,OTRAS CUENTAS DE ORDEN ACREEDORAS USD,"-592071587,2","-542234309,7"
294,FCP PALADIN REALTY COLOMBIA - COMPARTIMENTO C,830505010,DEUDORAS POR CONTRA,-10522866955,-9405480817
302,FIC DIVERSIFICADO INTERNACIONAL,111505009,(BG) Bco República cta cte No 62257266,"987702,75","1129210,97"
302,FIC DIVERSIFICADO INTERNACIONAL,111505011,(DI) Davivienda cta aho No 482800036048,"56103018,54","106079027,5"
302,FIC DIVERSIFICADO INTERNACIONAL,111505013,(DI) Bco Occidente cta aho No 219885910,556788716,"98488522,9"
302,FIC DIVERSIFICADO INTERNACIONAL,111505015,(BG) Bancolombia cta cte No 03100017334,"7564848,97","26688805,18"
302,FIC DIVERSIFICADO INTERNACIONAL,111505159,OTROS,0,0
302,FIC DIVERSIFICADO INTERNACIONAL,111510140,BANCO DE BOGOTA MIAMI CTA: 79673,"25491787,8","26270737,05"
302,FIC DIVERSIFICADO INTERNACIONAL,130205300,EMISORES  NACIONALES,"574708490,9","924358841,4"
302,FIC DIVERSIFICADO INTERNACIONAL,135110010,DERECHO DE VENTA SOBRE DIVISAS,0,0
302,FIC DIVERSIFICADO INTERNACIONAL,135115200,DERECHO DE COMPRA TITULOS,"509756886,3",0
302,FIC DIVERSIFICADO INTERNACIONAL,135130010,OBLIGACIÓN DE COMPRA SOBRE DIVISAS,0,0
302,FIC DIVERSIFICADO INTERNACIONAL,135305015,OBLIGACION DERIVADOS DE MONEDAS,-7867509500,-5752713000
302,FIC DIVERSIFICADO INTERNACIONAL,161695002,"(BG) Bancolombia Cta cau No, 03196256902","166621,48","40930,09"
302,FIC DIVERSIFICADO INTERNACIONAL,161695006,(DI) Bco Occidente cta aho No 219885910,"356397,7","132252,35"
302,FIC DIVERSIFICADO INTERNACIONAL,161695007,"(BG) Occidente cta cau No, 288859887","740881,37","913859,12"
302,FIC DIVERSIFICADO INTERNACIONAL,161695009,(DI) Davivienda cta ah No 482800043101,0,"81657,14"
302,FIC DIVERSIFICADO INTERNACIONAL,161695012,(DI) Davivienda cta aho No 482800036048,"22948,8","27271,71"
302,FIC DIVERSIFICADO INTERNACIONAL,161695014,"(DI) Bancolombia cta Ah No, 69000008141","68836,78","52073,33"
302,FIC DIVERSIFICADO INTERNACIONAL,161695015,GASTOS VARIOS DE ADMON,0,0
302,FIC DIVERSIFICADO INTERNACIONAL,161695025,Retención en la fuente,0,"106772,53"
302,FIC DIVERSIFICADO INTERNACIONAL,161695045,CUENTA CORRIENTE,0,"2051263,38"
302,FIC DIVERSIFICADO INTERNACIONAL,161695130,"ALL FUNDS Cau, 1150500576002 CTE","25013717,48","22942432,42"
302,FIC DIVERSIFICADO INTERNACIONAL,161695201,"(BG) BCOLOMBIA CTA No, 80100007496","126781,79","123289,9"
302,FIC DIVERSIFICADO INTERNACIONAL,161695999,PROVEEDORES,0,0
302,FIC DIVERSIFICADO INTERNACIONAL,192595003,REVISORIA FISCAL,0,0
302,FIC DIVERSIFICADO INTERNACIONAL,225010010,DERECHOS DE VENTA SOBRE DIVISAS,0,0
293,FCP PALADIN REALTY COLOMBIA - COMPARTIMENTO B,510805010,POR DISMINUCION EN EL VALOR RAZONABLE,0,2700836147
293,FCP PALADIN REALTY COLOMBIA - COMPARTIMENTO B,511325010,COMISION CUSTODIA FIJA,0,"17165567,75"
293,FCP PALADIN REALTY COLOMBIA - COMPARTIMENTO B,511512010,GASTOS BANCARIOS,0,"7120,86"
293,FCP PALADIN REALTY COLOMBIA - COMPARTIMENTO B,513015003,REVISORIA FISCAL,0,"9315349,4"
293,FCP PALADIN REALTY COLOMBIA - COMPARTIMENTO B,513095090,OTROS HONORARIOS,0,"52290389,68"
293,FCP PALADIN REALTY COLOMBIA - COMPARTIMENTO B,514005010,IMPUESTO A LOS MOVIMIENTOS FINANCIEROS,0,"6945170,9"
293,FCP PALADIN REALTY COLOMBIA - COMPARTIMENTO B,514005015,IVA COMISION GESTOR PROFESIONAL,0,"188761380,1"
293,FCP PALADIN REALTY COLOMBIA - COMPARTIMENTO B,810505115,OTROS EMISORES NACIONALES,"550748030,1","550748030,1"
293,FCP PALADIN REALTY COLOMBIA - COMPARTIMENTO B,810505205,EMISORES NACIONALES,75390595415,69483543787
293,FCP PALADIN REALTY COLOMBIA - COMPARTIMENTO B,840505999,OTRAS CUENTAS DE ORDEN ACREEDORAS USD,22144162043,20280190223
294,FCP PALADIN REALTY COLOMBIA - COMPARTIMENTO C,111505012,"BANCOLOMBIA Cta No, 03198020221","654592225,9",1917935551
294,FCP PALADIN REALTY COLOMBIA - COMPARTIMENTO C,161695012,"BANCOLOMBIA Cta No, 03198020221","159008,21","1242965,44"
294,FCP PALADIN REALTY COLOMBIA - COMPARTIMENTO C,192595015,COMISION DE GESTION,0,0
294,FCP PALADIN REALTY COLOMBIA - COMPARTIMENTO C,192595025,COMISION ADMINISTRACION,0,0
294,FCP PALADIN REALTY COLOMBIA - COMPARTIMENTO C,250110015,COMISION DE ADMINISTRACION,0,0
294,FCP PALADIN REALTY COLOMBIA - COMPARTIMENTO C,250295050,OTROS PROVEEDORES,0,0
294,FCP PALADIN REALTY COLOMBIA - COMPARTIMENTO C,352505010,PARTICIPACIONES EN FDO DE INVERSIÓN COLE,-11604291532,-11783274692
294,FCP PALADIN REALTY COLOMBIA - COMPARTIMENTO C,410805300,EMISORES NACIONALES,0,"-179909722,1"
294,FCP PALADIN REALTY COLOMBIA - COMPARTIMENTO C,511325010,COMISION CUSTODIA FIJA,0,"2097482,09"
294,FCP PALADIN REALTY COLOMBIA - COMPARTIMENTO C,513015003,REVISORIA FISCAL,0,"1138254,12"
294,FCP PALADIN REALTY COLOMBIA - COMPARTIMENTO C,513095090,OTROS HONORARIOS,0,"6389416,13"
294,FCP PALADIN REALTY COLOMBIA - COMPARTIMENTO C,514005010,IMPUESTO A LOS MOVIMIENTOS FINANCIEROS,0,"2373503,12"
294,FCP PALADIN REALTY COLOMBIA - COMPARTIMENTO C,519095050,GASTOS REEMBOLSABLES,0,"2900177,43"
294,FCP PALADIN REALTY COLOMBIA - COMPARTIMENTO C,590505015,CANCELACION DE INGRESOS RV,0,-1500973594
294,FCP PALADIN REALTY COLOMBIA - COMPARTIMENTO C,810505115,OTROS EMISORES NACIONALES,"20131298,71","20131298,71"
294,FCP PALADIN REALTY COLOMBIA - COMPARTIMENTO C,810505205,EMISORES NACIONALES,3925870917,3698230160
294,FCP PALADIN REALTY COLOMBIA - COMPARTIMENTO C,840505999,OTRAS CUENTAS DE ORDEN ACREEDORAS USD,"592071587,2","542234309,7"
302,FIC DIVERSIFICADO INTERNACIONAL,110505110,CAJA GENERAL,0,0
302,FIC DIVERSIFICADO INTERNACIONAL,111505002,"(BG) Bancolombia cta Ah No, 03196256902","60663276,93","10951767,91"
302,FIC DIVERSIFICADO INTERNACIONAL,111505007,(BG) Occidente cta Aho No 288859887,209165864,"752662319,3"
302,FIC DIVERSIFICADO INTERNACIONAL,111505010,(BG) Bogotá cta aho No 049285885,452550,472092
302,FIC DIVERSIFICADO INTERNACIONAL,111505012,(DI) Bco Bogotá cta aho No 049335086,"142697441,1","63891912,08"
302,FIC DIVERSIFICADO INTERNACIONAL,111505014,"(DI) Bancolombia cta Ah No, 69000008141","282974989,2","185404287,1"
302,FIC DIVERSIFICADO INTERNACIONAL,225040011,OBLIGACION DE COMPRA SOBRE TITULOS,0,0
302,FIC DIVERSIFICADO INTERNACIONAL,249005010,SOBREGIROS,0,0
302,FIC DIVERSIFICADO INTERNACIONAL,250110033,COMISION CUSTODIO,"-145296,61","-329782,94"
302,FIC DIVERSIFICADO INTERNACIONAL,250295050,PROVEEDORES,0,0
302,FIC DIVERSIFICADO INTERNACIONAL,250305011,RENDIMIENTOS FINANCIEROS CAPITALIZADOS,0,0
302,FIC DIVERSIFICADO INTERNACIONAL,253105003,IMPUESTOS,0,0
302,FIC DIVERSIFICADO INTERNACIONAL,253105110,CUENTA COMPENSACION,"-223779954,6","-59957874,1"
302,FIC DIVERSIFICADO INTERNACIONAL,253105124,CUENTA DE COMPENSACION,0,0
302,FIC DIVERSIFICADO INTERNACIONAL,410355010,RENDIMIENTOS EN OPE SIMULTANEAS ACTIVAS,0,"-8572573,93"
302,FIC DIVERSIFICADO INTERNACIONAL,410805200,EMISORES EXTRANJEROS,0,0
302,FIC DIVERSIFICADO INTERNACIONAL,411415020,DIVIDENDOS,0,"-10047687,99"
302,FIC DIVERSIFICADO INTERNACIONAL,411495006,(DI) Bco Occidente cta aho No 219885910,0,"-7969353,89"
302,FIC DIVERSIFICADO INTERNACIONAL,411495007,(BG) Occidente cta cau No 288859887,0,"-8535846,48"
302,FIC DIVERSIFICADO INTERNACIONAL,411495010,(BG) Bogotá cta aho No 049285885,0,"-20532,81"
302,FIC DIVERSIFICADO INTERNACIONAL,411495012,(DI) Davivienda cta aho No 482800036048,0,"-3508624,03"
302,FIC DIVERSIFICADO INTERNACIONAL,411495015,RENDIMIENTOS INVERSIONES EN FICS,0,"-1316699,55"
302,FIC DIVERSIFICADO INTERNACIONAL,411495145,"OCCIDENTAL BANK BARBADOS Cau, 509060 CTE",0,"-153319,91"
302,FIC DIVERSIFICADO INTERNACIONAL,411495201,CAUS  BANCOLOMBIA PANAMA 80100007496 AHO,0,"-36972,73"
302,FIC DIVERSIFICADO INTERNACIONAL,411495999,OTROS,0,"-0,37"
302,FIC DIVERSIFICADO INTERNACIONAL,412510200,EMISORES EXTRANJEROS,0,"-244180976,5"
302,FIC DIVERSIFICADO INTERNACIONAL,412917020,UTILIDAD DERIVADOS DE MONEDA,0,"-384387773,3"
302,FIC DIVERSIFICADO INTERNACIONAL,413515010,POR REEXPRESION DE OTROS ACTIVOS,0,"-9984500,97"
302,FIC DIVERSIFICADO INTERNACIONAL,413515015,UT/PER REEXPRESIÓN OTROS ACTIVOS (DER CO,0,0
302,FIC DIVERSIFICADO INTERNACIONAL,510605105,TES,0,0
302,FIC DIVERSIFICADO INTERNACIONAL,510805010,POR DISMINUCUION EN EL VALOR DE MERCADO,0,"124157175,3"
302,FIC DIVERSIFICADO INTERNACIONAL,511548010,"COMISION DE ADMINISTRACION R,F,",0,"153050553,1"
302,FIC DIVERSIFICADO INTERNACIONAL,512510200,EMISORES EXTRANJEROS,0,196646816
302,FIC DIVERSIFICADO INTERNACIONAL,512917010,PERDIDA FUTUROS DE MONEDAS,0,0
302,FIC DIVERSIFICADO INTERNACIONAL,512917020,VALORACION FUTUROS DE MONEDAS,0,0
302,FIC DIVERSIFICADO INTERNACIONAL,513535015,UT/PER REEXPRESIÓN OTROS ACTIVOS (DER CO,0,10348400
302,FIC DIVERSIFICADO INTERNACIONAL,514005011,IMPOVENTAS,0,"716340,62"
302,FIC DIVERSIFICADO INTERNACIONAL,519095030,VALORIZACION FONDOS,0,0
302,FIC DIVERSIFICADO INTERNACIONAL,519095999,OTROS,0,0
302,FIC DIVERSIFICADO INTERNACIONAL,590505010,CANCELACION DE INGRESOS RF,0,"568111399,2"
302,FIC DIVERSIFICADO INTERNACIONAL,590505020,UTILIDAD/PERDIDA PAGADA EN REDENCIONES,0,"388122906,4"
302,FIC DIVERSIFICADO INTERNACIONAL,810505105,TÍTULOS DE TESORERÍA -TES,0,524731250
302,FIC DIVERSIFICADO INTERNACIONAL,111505017,(DI) Davivienda cta ah No 482800043101,0,320321399
302,FIC DIVERSIFICADO INTERNACIONAL,111505018,BG) Davivienda cta ah No 482800017147,"1339171,26","1398366,98"
302,FIC DIVERSIFICADO INTERNACIONAL,111510002,(DI) Davivienda Panamá Cta: 10001015161,"52068808,15","48534180,26"
302,FIC DIVERSIFICADO INTERNACIONAL,111510101,BANCOLOMBIA PANAMA CTA: 80100007496,"22734917,65","17317353,31"
302,FIC DIVERSIFICADO INTERNACIONAL,111510130,ALL FUNDS CTA: 1150500576002,"4300278,58","4620105,67"
302,FIC DIVERSIFICADO INTERNACIONAL,111510135,CITIBANK NEW YORK CTA: 27075000,"828878799,2","64573437,26"
302,FIC DIVERSIFICADO INTERNACIONAL,111510145,OCCIDENTAL BANK BARBADOS CTA: 509060,"23674525,76","18068864,99"
302,FIC DIVERSIFICADO INTERNACIONAL,111510444,BANCOLOMBIA COLOMBIA CTA PTE,0,0
302,FIC DIVERSIFICADO INTERNACIONAL,111510777,OCCIDENTAL COLOMBIA,0,0
302,FIC DIVERSIFICADO INTERNACIONAL,122005010,"COMP DE TRANSF DE INV EN OP, SIM",0,0
302,FIC DIVERSIFICADO INTERNACIONAL,130105105,TÍTULOS DE TESORERÍA -TES,0,524731250
302,FIC DIVERSIFICADO INTERNACIONAL,130210200,EMISORES EXTRANJEROS,16520684399,14213591831
302,FIC DIVERSIFICADO INTERNACIONAL,135105010,DERECHO DE COMPRA SOBRE DIVISAS,0,0
302,FIC DIVERSIFICADO INTERNACIONAL,135115300,DERECHO DE COMPRA TITULOS,0,0
302,FIC DIVERSIFICADO INTERNACIONAL,135120200,DERECHO DE VENTA SOBRE TÍTULOS,0,0
302,FIC DIVERSIFICADO INTERNACIONAL,135120300,DERECHO DE VENTA TITULOS,0,0
302,FIC DIVERSIFICADO INTERNACIONAL,135135010,OBLIGACIÓN DE VENTA SOBRE DIVISAS,0,0
302,FIC DIVERSIFICADO INTERNACIONAL,135140200,OBLIGACION DE COMPRA TITULOS,"-509310376,6",0
302,FIC DIVERSIFICADO INTERNACIONAL,135140300,OBLIGACION DE COMPRA TITULOS,0,0
302,FIC DIVERSIFICADO INTERNACIONAL,135145200,OBLIGACION DE VENTA SOBRE TÍTULOS,0,0
302,FIC DIVERSIFICADO INTERNACIONAL,135145300,OBLIGACION VENTA TITULOS,0,0
302,FIC DIVERSIFICADO INTERNACIONAL,135305010,DERECHO DERIVADOS DE MONEDAS,7867509500,5752713000
302,FIC DIVERSIFICADO INTERNACIONAL,161695004,"(LD) BCO DAVIVIENDA cta No,482800025215","16098,53","16098,53"
302,FIC DIVERSIFICADO INTERNACIONAL,161695008,"(DI) Davivienda Panamá Cta, 10001015161","-22962,36","107539,78"
302,FIC DIVERSIFICADO INTERNACIONAL,161695010,"(BG) Bogotá cta aho Cau No, 049285885","27,24","3577,73"
302,FIC DIVERSIFICADO INTERNACIONAL,161695013,(DI) Bco Bogotá cta aho No 049335086,"932259,19","326684,36"
302,FIC DIVERSIFICADO INTERNACIONAL,161695018,BG) Davivienda cta ah No 482800017147,"196181,52","195990,22"
302,FIC DIVERSIFICADO INTERNACIONAL,161695145,"OCCIDENTAL BANK BARBADOS Cau, 509060 CTE","1500969,49","1517496,2"
302,FIC DIVERSIFICADO INTERNACIONAL,161695300,CUENTA CONTROL TRANSFERENCIAS,0,0
302,FIC DIVERSIFICADO INTERNACIONAL,161795020,OTROS,0,4990500
302,FIC DIVERSIFICADO INTERNACIONAL,162825010,EN GARANTIA,429364444,429364444
302,FIC DIVERSIFICADO INTERNACIONAL,225005010,DERECHO DE COMPRA DE DIVISAS,0,0
302,FIC DIVERSIFICADO INTERNACIONAL,225015011,DERECHO COMPRA SOBRE TITULOS,0,0
302,FIC DIVERSIFICADO INTERNACIONAL,225020300,DERECHO VENTA TITULOS,1729001265,0
302,FIC DIVERSIFICADO INTERNACIONAL,225030010,OBLIGACION DE COMPRA SOBRE DIVISAS,0,0
302,FIC DIVERSIFICADO INTERNACIONAL,810505205,OTROS,392601810,740935461
302,FIC DIVERSIFICADO INTERNACIONAL,810505210,EMISORES EXTRANJEROS,16520684399,14213591831
302,FIC DIVERSIFICADO INTERNACIONAL,830505010,DEUDORAS POR CONTRA,-16913286209,-15479258542
302,FIC DIVERSIFICADO INTERNACIONAL,840505010,ACREEDORAS POR CONTRA,0,0
305,FCP TC LATAM - COMPARTIMENTO F,130115115,OTROS EMISORES NACIONALES,0,"175577729,3"
305,FCP TC LATAM - COMPARTIMENTO F,136000300,INVERSIONES DERECHOS FIDUCIARIOS,2650781241,2650781241
305,FCP TC LATAM - COMPARTIMENTO F,161205010,ARRENDAMIENTOS DE BIENES PROPIOS,0,0
305,FCP TC LATAM - COMPARTIMENTO F,161695006,"(LT) BANCOLOMBIA Cta No,69000002519","9,84","9,52"
305,FCP TC LATAM - COMPARTIMENTO F,161695045,CUENTA CORRIENTE,"175577729,3",1730363727
305,FCP TC LATAM - COMPARTIMENTO F,182705010,PROPIEDADES DE INVERSION,5905440203,5905440203
305,FCP TC LATAM - COMPARTIMENTO F,192595030,AMORTIZACIÓN COMISIÓN DE ADMÓN,0,0
305,FCP TC LATAM - COMPARTIMENTO F,250105010,HONORARIOS,0,0
305,FCP TC LATAM - COMPARTIMENTO F,250110010,COMISION CUSTODIA FIJA,0,0
305,FCP TC LATAM - COMPARTIMENTO F,250295050,OTROS PROVEEDORES,0,0
305,FCP TC LATAM - COMPARTIMENTO F,250305020,RTE FTE PROVEEDORES,0,0
305,FCP TC LATAM - COMPARTIMENTO F,250340010,SOBRE LAS VENTAS POR PAGAR 19%,"-12063513,3","-6245260,7"
305,FCP TC LATAM - COMPARTIMENTO F,253105003,CUENTA CORRIENTE IBA,0,0
305,FCP TC LATAM - COMPARTIMENTO F,352505010,PARTICIPACIONES EN FDO DE INVERSIÓN COLE,-9112955633,-6241618776
305,FCP TC LATAM - COMPARTIMENTO F,411495006,"(LT) BANCOLOMBIA Cta No,69000002519",0,"-71,52"
305,FCP TC LATAM - COMPARTIMENTO F,411495009,"(LF) BANCOLOMBIA Cta No,03173150449",0,"-21986718,97"
305,FCP TC LATAM - COMPARTIMENTO F,511325010,COMISION CUSTODIA FIJA,0,"3891936,37"
305,FCP TC LATAM - COMPARTIMENTO F,511512010,GASTOS BANCARIOS,0,"128423,89"
305,FCP TC LATAM - COMPARTIMENTO F,513095090,OTROS HONORARIOS,0,3674287
305,FCP TC LATAM - COMPARTIMENTO F,514005010,IMPUESTO A LOS MOVIMIENTOS FINANCIEROS,0,"695317,24"
305,FCP TC LATAM - COMPARTIMENTO F,519095010,ADMINISTRACION DE ARRENDAMIENTOS,0,"10558007,65"
305,FCP TC LATAM - COMPARTIMENTO F,519095050,GASTOS REEMBOLSABLES,0,27164712
305,FCP TC LATAM - COMPARTIMENTO F,810505115,OTROS EMISORES NACIONALES,0,"175577729,3"
305,FCP TC LATAM - COMPARTIMENTO F,810505205,EMISORES NACIONALES,2650781241,2650781241
305,FCP TC LATAM - COMPARTIMENTO F,840505999,OTRAS CUENTAS DE ORDEN ACREEDORAS USD,22623873081,20719521866
313,FONDO DE INVERSION COLECTIVA RENTA FIJA LARGO PLAZO,111505003,"(RF) BANCOLOMBIA Cta No, 03100010541","27304781,4","43633346,15"
313,FONDO DE INVERSION COLECTIVA RENTA FIJA LARGO PLAZO,111505006,"(RF) DAVIVIENDA Cta No, 482869993451",9000000,10700000
313,FONDO DE INVERSION COLECTIVA RENTA FIJA LARGO PLAZO,111505007,"(RF) REPUBLICA Cta No, 62257274","3648830,46",0
313,FONDO DE INVERSION COLECTIVA RENTA FIJA LARGO PLAZO,111505010,"(RF) OCCIDENTE Cta No, 288860091","32536905,08",6853955701
313,FONDO DE INVERSION COLECTIVA RENTA FIJA LARGO PLAZO,111505012,"(RF)  BANCOLOMBIA Cta No, 3100017680","578099599,8","578097543,3"
313,FONDO DE INVERSION COLECTIVA RENTA FIJA LARGO PLAZO,111505016,"(LP) DAVIVIENDA Cta No,482800017154","253638149,9","8615679,39"
302,FIC DIVERSIFICADO INTERNACIONAL,225035010,OBLIGACION DE VENTA SOBRE DIVISAS,0,0
302,FIC DIVERSIFICADO INTERNACIONAL,225045300,OBLIGACION VENTA TITULOS,-1733428759,0
302,FIC DIVERSIFICADO INTERNACIONAL,250105035,REVISORIA FISCAL,0,0
302,FIC DIVERSIFICADO INTERNACIONAL,250110015,COMISION DE ADMINISTRACION,"-1843767,21","-840119,39"
302,FIC DIVERSIFICADO INTERNACIONAL,250305020,RTE FTE PROVEEDORES,0,0
302,FIC DIVERSIFICADO INTERNACIONAL,253105135,LIQUIDACION DERIVADOS,-106573000,0
302,FIC DIVERSIFICADO INTERNACIONAL,253105220,CUENTA COMPENSACION DIVISAS,0,0
302,FIC DIVERSIFICADO INTERNACIONAL,352505010,PARTICIPACIONES EN FDO DE INVERSIÓN COLE,-19306012705,-17810978358
302,FIC DIVERSIFICADO INTERNACIONAL,352510010,PARTICIPACIONES POR IDENTIFICAR,"-187427082,2",-442310
302,FIC DIVERSIFICADO INTERNACIONAL,410705105,TÍTULOS DE TESORERÍA -TES,0,-42106750
302,FIC DIVERSIFICADO INTERNACIONAL,410805300,EMISORES NACIONALES,0,0
302,FIC DIVERSIFICADO INTERNACIONAL,411405015,INGRESO POR OP REPO,0,"-12904836,86"
302,FIC DIVERSIFICADO INTERNACIONAL,411495002,"(BG) Bancolombia cta Ah No, 03196256902",0,"-727929,59"
302,FIC DIVERSIFICADO INTERNACIONAL,411495008,"(DI) Davivienda Panamá Cta, 10001015161",0,"-1215240,38"
302,FIC DIVERSIFICADO INTERNACIONAL,411495009,(DI) Davivienda cta ah No 482800043101,0,"-4063181,93"
302,FIC DIVERSIFICADO INTERNACIONAL,411495013,(DI) Bco Bogotá cta aho No 049335086,0,"-4420547,75"
302,FIC DIVERSIFICADO INTERNACIONAL,411495014,"(DI) Bancolombia cta Ah No, 69000008141",0,"-1773907,48"
302,FIC DIVERSIFICADO INTERNACIONAL,411495018,BG) Davivienda cta ah No 482800017147,0,"-59004,42"
302,FIC DIVERSIFICADO INTERNACIONAL,411495130,"ALL FUNDS Cau, 1150500576002 CTE",0,"-30616,27"
302,FIC DIVERSIFICADO INTERNACIONAL,412917010,FUTUROS DE MONEDAS,0,-364870000
302,FIC DIVERSIFICADO INTERNACIONAL,413535010,DIFERENCIA EN CAMBIO,0,-3693150
302,FIC DIVERSIFICADO INTERNACIONAL,413535015,UT/PER REEXPRESIÓN OTROS PASIVOS (OBL VE,0,-5473150
302,FIC DIVERSIFICADO INTERNACIONAL,510440010,COMP DE TRANSFERENCIA EN OPER REPO,0,600
302,FIC DIVERSIFICADO INTERNACIONAL,510805200,EMISORES EXTRANJEROS,0,"210853029,2"
302,FIC DIVERSIFICADO INTERNACIONAL,511325002,COMISION CUSTODIA VARIABLE,0,"7469628,67"
302,FIC DIVERSIFICADO INTERNACIONAL,511325010,COMISION CUSTODIA FIJA,0,"1079327,47"
302,FIC DIVERSIFICADO INTERNACIONAL,511512010,GASTOS BANCARIOS,0,"6755633,41"
302,FIC DIVERSIFICADO INTERNACIONAL,511595070,COMISIONES OP DEL EXTERIOR,0,"3492636,07"
302,FIC DIVERSIFICADO INTERNACIONAL,513015003,REVISORIA FISCAL,0,"3528869,56"
302,FIC DIVERSIFICADO INTERNACIONAL,513535010,POR REEXPRESION DE OTROS ACTIVOS,0,0
302,FIC DIVERSIFICADO INTERNACIONAL,514005010,IMPUESTO A LOS MOVIMIENTOS FINANCIEROS,0,"61022,35"
302,FIC DIVERSIFICADO INTERNACIONAL,590505015,CANCELACION DE INGRESOS RV,0,"-554341160,2"
302,FIC DIVERSIFICADO INTERNACIONAL,821505010,VALORES RECIBIDOS EN OP SIMULTANEAS TES,0,0
305,FCP TC LATAM - COMPARTIMENTO F,111505006,"(LT) BANCOLOMBIA Cta No,69000002519","3927,88","3999,72"
305,FCP TC LATAM - COMPARTIMENTO F,111505009,"(LF) BANCOLOMBIA Cta No,03173150449",2029816908,1560320266
313,FONDO DE INVERSION COLECTIVA RENTA FIJA LARGO PLAZO,111505019,"(LP) OCCIDENTE Cta No, 219886801",10278329746,"152216408,6"
313,FONDO DE INVERSION COLECTIVA RENTA FIJA LARGO PLAZO,111505159,CUSTODIO BANCO REPUBLICA,0,0
313,FONDO DE INVERSION COLECTIVA RENTA FIJA LARGO PLAZO,130115115,OTROS EMISORES NACIONALES,63988031604,56075042800
313,FONDO DE INVERSION COLECTIVA RENTA FIJA LARGO PLAZO,161695005,"(RF) DAVIVIENDA Cta cau No, 482800007171","239,62","70898,42"
313,FONDO DE INVERSION COLECTIVA RENTA FIJA LARGO PLAZO,161695013,"(LP) BANCOLOMBIA Cta No, 69000008142","52304,85","208008,38"
313,FONDO DE INVERSION COLECTIVA RENTA FIJA LARGO PLAZO,161695014,"(RF) COLPATRIA Cta cau No, 0062513022","23782518,7","23782518,7"
313,FONDO DE INVERSION COLECTIVA RENTA FIJA LARGO PLAZO,161695016,"(LP) DAVIVIENDA Cta No,482800017154","323712,23","220747,89"
313,FONDO DE INVERSION COLECTIVA RENTA FIJA LARGO PLAZO,161695020,"(LP) BANCO COLPATRIA Cta No,0072967713","17191064,89","14356441,02"
313,FONDO DE INVERSION COLECTIVA RENTA FIJA LARGO PLAZO,161695045,CUENTA CORRIENTE,"64,18","3651679,98"
313,FONDO DE INVERSION COLECTIVA RENTA FIJA LARGO PLAZO,162825010,EN GARANTIA,150000000,150000000
313,FONDO DE INVERSION COLECTIVA RENTA FIJA LARGO PLAZO,250105035,REVISORIA FISCAL,0,0
313,FONDO DE INVERSION COLECTIVA RENTA FIJA LARGO PLAZO,250110033,COMISION CUSTODIO,"-119230,18","-1659126,28"
313,FONDO DE INVERSION COLECTIVA RENTA FIJA LARGO PLAZO,250295050,PROVEEDORES,0,0
313,FONDO DE INVERSION COLECTIVA RENTA FIJA LARGO PLAZO,250305020,RTE FTE PROVEEDORES,0,0
313,FONDO DE INVERSION COLECTIVA RENTA FIJA LARGO PLAZO,253105003,CUENTA CORRIENTE IBA,-1120,0
313,FONDO DE INVERSION COLECTIVA RENTA FIJA LARGO PLAZO,352505010,PARTICIPACIONES EN FDO DE INVERSIÓN COLE,-119321119818,-91171516006
313,FONDO DE INVERSION COLECTIVA RENTA FIJA LARGO PLAZO,352510010,PARTICIPACIONES POR IDENTIFICAR,"-450736,85","-4365586,48"
313,FONDO DE INVERSION COLECTIVA RENTA FIJA LARGO PLAZO,411405015,INGRESO POR OP REPO,0,"-4429046,74"
313,FONDO DE INVERSION COLECTIVA RENTA FIJA LARGO PLAZO,411495005,"(RF) DAVIVIENDA Cta No, 482800007171",0,"-55115113,98"
313,FONDO DE INVERSION COLECTIVA RENTA FIJA LARGO PLAZO,411495010,"(RF) OCCIDENTE Cta No, 288860091",0,"-125558488,1"
313,FONDO DE INVERSION COLECTIVA RENTA FIJA LARGO PLAZO,411495017,"(LP) DAVIVIENDA Cta No, 482800036055",0,"-36652316,76"
313,FONDO DE INVERSION COLECTIVA RENTA FIJA LARGO PLAZO,411495300,INTERESES TÍTULOS,0,-5316784904
313,FONDO DE INVERSION COLECTIVA RENTA FIJA LARGO PLAZO,412505105,TÍTULOS DE TESORERÍA -TES,0,"-881344382,8"
313,FONDO DE INVERSION COLECTIVA RENTA FIJA LARGO PLAZO,510440010,COMPDE TRANSFERENCIA EN OPER REPO,0,78000
313,FONDO DE INVERSION COLECTIVA RENTA FIJA LARGO PLAZO,510605105,TITULOS DE TESORERIA - TES,0,2265793344
313,FONDO DE INVERSION COLECTIVA RENTA FIJA LARGO PLAZO,511325010,COMISION CUSTODIA FIJA,0,"15218319,33"
313,FONDO DE INVERSION COLECTIVA RENTA FIJA LARGO PLAZO,511512010,GASTOS BANCARIOS,0,"15076949,51"
313,FONDO DE INVERSION COLECTIVA RENTA FIJA LARGO PLAZO,511548010,"COMISION DE ADMINISTRACION R,F,",0,"590790551,6"
313,FONDO DE INVERSION COLECTIVA RENTA FIJA LARGO PLAZO,512505115,OTROS EMISORES NACIONALES,0,771625450
313,FONDO DE INVERSION COLECTIVA RENTA FIJA LARGO PLAZO,513095010,CALIFICADORA DE VALORES,0,26437765
313,FONDO DE INVERSION COLECTIVA RENTA FIJA LARGO PLAZO,514005010,IMPUESTO A LOS MOVIMIENTOS FINANCIEROS,0,"496746,07"
313,FONDO DE INVERSION COLECTIVA RENTA FIJA LARGO PLAZO,810505115,OTROS EMISORES NACIONALES,63988031604,56075042800
305,FCP TC LATAM - COMPARTIMENTO F,161695009,"(LF) BANCOLOMBIA Cta No,03173150449","474037,45","797451,23"
305,FCP TC LATAM - COMPARTIMENTO F,161695015,GASTOS VARIOS DE ADMON,0,0
305,FCP TC LATAM - COMPARTIMENTO F,161695999,PROVEEDORES,0,0
305,FCP TC LATAM - COMPARTIMENTO F,163035010,IVA DESCONTABLE 19%,"1305871,6","682262,3"
305,FCP TC LATAM - COMPARTIMENTO F,250110015,COMISION DE ADMINISTRACION,0,0
305,FCP TC LATAM - COMPARTIMENTO F,250305011,RENDIMIENTOS FINANCIEROS CAPITALIZADOS,0,0
305,FCP TC LATAM - COMPARTIMENTO F,253105110,CUENTA COMPENSACION,-1638380781,-5776102852
305,FCP TC LATAM - COMPARTIMENTO F,411495999,OTROS,0,"-66787,14"
305,FCP TC LATAM - COMPARTIMENTO F,414515010,ARRENDAMIENTO INMUEBLES IVA 19%,0,"-96355629,84"
305,FCP TC LATAM - COMPARTIMENTO F,511548010,"COMISION DE ADMINISTRACION R,F,",0,"15343871,3"
305,FCP TC LATAM - COMPARTIMENTO F,511595015,OTRAS COMISIONES,0,"6243230,3"
305,FCP TC LATAM - COMPARTIMENTO F,513015003,REVISORIA FISCAL,0,4199001
305,FCP TC LATAM - COMPARTIMENTO F,514005011,IMPOVENTAS,0,"1537277,94"
305,FCP TC LATAM - COMPARTIMENTO F,590505010,CANCELACION DE INGRESOS RF,0,"44973142,78"
305,FCP TC LATAM - COMPARTIMENTO F,829595999,OTRAS CUENTAS DE ORDEN ACREEDORAS USD,-22623873081,-20719521866
305,FCP TC LATAM - COMPARTIMENTO F,830505010,DEUDORAS POR CONTRA,-2650781241,-2826358970
313,FONDO DE INVERSION COLECTIVA RENTA FIJA LARGO PLAZO,110505110,CAJA GENERAL,0,0
313,FONDO DE INVERSION COLECTIVA RENTA FIJA LARGO PLAZO,111505005,"(RF) DAVIVIENDA Cta No, 482800007171","585790,99","278117523,2"
313,FONDO DE INVERSION COLECTIVA RENTA FIJA LARGO PLAZO,111505017,"(LP) DAVIVIENDA Cta No, 482800036055","136383846,9","77349447,55"
313,FONDO DE INVERSION COLECTIVA RENTA FIJA LARGO PLAZO,111505018,"(LP) BANCOLOMBIA Cta No, 69000008142","147838672,4","528086392,2"
313,FONDO DE INVERSION COLECTIVA RENTA FIJA LARGO PLAZO,111505020,"(LP) BANCO COLPATRIA Cta No,0072967713",200006407,"96052614,13"
313,FONDO DE INVERSION COLECTIVA RENTA FIJA LARGO PLAZO,111505050,"(RF) DAVIVIENDA Cta No, 5069992237","70952484,8","70951138,23"
313,FONDO DE INVERSION COLECTIVA RENTA FIJA LARGO PLAZO,122005010,"COMP DE TRANSF DE INV EN OP, SIM",0,0
313,FONDO DE INVERSION COLECTIVA RENTA FIJA LARGO PLAZO,130105105,TÍTULOS DE TESORERÍA -TES,43405304533,26477283900
313,FONDO DE INVERSION COLECTIVA RENTA FIJA LARGO PLAZO,161695003,"(RF) BANCOLOMBIA Cta No, 03100010541","6631,5","21156,78"
313,FONDO DE INVERSION COLECTIVA RENTA FIJA LARGO PLAZO,161695010,"(RF) OCCIDENTE Cta cau No, 288860091","271687,84","9454455,08"
313,FONDO DE INVERSION COLECTIVA RENTA FIJA LARGO PLAZO,161695015,GASTOS VARIOS DE ADMON,0,"1024,15"
313,FONDO DE INVERSION COLECTIVA RENTA FIJA LARGO PLAZO,161695017,"(LP) DAVIVIENDA Cta No, 482800036055","55503,7","19434,34"
313,FONDO DE INVERSION COLECTIVA RENTA FIJA LARGO PLAZO,161695019,"(LP) OCCIDENTE Cta No, 219886801","6580128,52","204399,22"
313,FONDO DE INVERSION COLECTIVA RENTA FIJA LARGO PLAZO,161695999,PROVEEDORES,0,0
313,FONDO DE INVERSION COLECTIVA RENTA FIJA LARGO PLAZO,192595001,CALIFICADORA DE VALORES,0,0
313,FONDO DE INVERSION COLECTIVA RENTA FIJA LARGO PLAZO,192595003,REVISORIA FISCAL,0,0
313,FONDO DE INVERSION COLECTIVA RENTA FIJA LARGO PLAZO,250105040,CALIFICADORA DE VALORES,0,-26437765
313,FONDO DE INVERSION COLECTIVA RENTA FIJA LARGO PLAZO,250110015,COMISION DE ADMINISTRACION,"-8105337,83","-3024131,23"
313,FONDO DE INVERSION COLECTIVA RENTA FIJA LARGO PLAZO,821505010,EN TITULOS DE TESORERIA - TES,0,0
340,FCP SUMATORIA DEUDA GLOBAL,161695005,"(DG) BANCOLOMBIA Cau No, 03103633183","60310,08","627769,63"
340,FCP SUMATORIA DEUDA GLOBAL,161695006,"(SDG) BANCOLOMBIA Cau No,69000001724","3,32","3,1"
340,FCP SUMATORIA DEUDA GLOBAL,161695999,PROVEEDORES,0,0
340,FCP SUMATORIA DEUDA GLOBAL,161695999,PROVEEDORES,0,0
340,FCP SUMATORIA DEUDA GLOBAL,192595015,COMISION DE GESTION,513547037,"524919796,9"
340,FCP SUMATORIA DEUDA GLOBAL,250110015,COMISION DE ADMINISTRACION,-19929000,-24512670
340,FCP SUMATORIA DEUDA GLOBAL,250295050,OTROS PROVEEDORES,0,0
340,FCP SUMATORIA DEUDA GLOBAL,250295050,OTROS PROVEEDORES,0,0
340,FCP SUMATORIA DEUDA GLOBAL,250305020,RTE FTE PROVEEDORES,0,0
340,FCP SUMATORIA DEUDA GLOBAL,352505010,PARTICIPACIONES EN FDO DE INVERSIÓN COLE,-193363591428,-178535672475
340,FCP SUMATORIA DEUDA GLOBAL,410805300,EMISORES NACIONALES,0,-1784933397
340,FCP SUMATORIA DEUDA GLOBAL,411495005,"(DG) BANCOLOMBIA Cau No, 03103633183",0,"-16458380,86"
340,FCP SUMATORIA DEUDA GLOBAL,411495006,"(SDG) BANCOLOMBIA Cau No,69000001724",0,"-19,8"
340,FCP SUMATORIA DEUDA GLOBAL,511325010,COMISION CUSTODIA FIJA,0,22385377
340,FCP SUMATORIA DEUDA GLOBAL,513015003,REVISORIA FISCAL,0,4467499
340,FCP SUMATORIA DEUDA GLOBAL,513025010,ASESORIAS LEGALES Y/O JURIDICAS,0,9000000
340,FCP SUMATORIA DEUDA GLOBAL,513095090,OTROS HONORARIOS,0,37476495
340,FCP SUMATORIA DEUDA GLOBAL,514005010,IMPUESTO A LOS MOVIMIENTOS FINANCIEROS,0,"4707550,33"
340,FCP SUMATORIA DEUDA GLOBAL,590505015,CANCELACION DE INGRESOS RV,0,-5581621325
340,FCP SUMATORIA DEUDA GLOBAL,810505210,OTROS,192745812726,177043885320
360,FONDO DE INVERSION COLECTIVA CERRADO FACTURAS 120,111505001,(ALT) Bancolombia Cta cte 03100001465,"64524581,09","35800309,27"
360,FONDO DE INVERSION COLECTIVA CERRADO FACTURAS 120,111505002,(ALT) Bancolombia Cta AH 03100001464,1948408894,1645156187
360,FONDO DE INVERSION COLECTIVA CERRADO FACTURAS 120,111505004,(ALT) Davivienda Cta aho 482800014888,7512037723,1944669552
360,FONDO DE INVERSION COLECTIVA CERRADO FACTURAS 120,111505010,(ALT) Bogota Cta AH 049301179,93362908,"192528744,5"
360,FONDO DE INVERSION COLECTIVA CERRADO FACTURAS 120,111505011,(ALT) Bcolombia Cta AH 69000000789,"948090,87","1683,44"
360,FONDO DE INVERSION COLECTIVA CERRADO FACTURAS 120,111505013,(ALT) Bancolombia Cta cte 69000000874,"8037730,16","794001,11"
360,FONDO DE INVERSION COLECTIVA CERRADO FACTURAS 120,111505017,(ALT) Bco Bogotá Cta AH 049335094,"971253,92","1012034,92"
360,FONDO DE INVERSION COLECTIVA CERRADO FACTURAS 120,111505021,"(ALT) BCO DAVIVIENDA Cta,AH 482800038770","186138614,3","1187223,08"
360,FONDO DE INVERSION COLECTIVA CERRADO FACTURAS 120,130205300,EMISORES  NACIONALES,3683620687,2669118371
360,FONDO DE INVERSION COLECTIVA CERRADO FACTURAS 120,139005010,INSTRUMENTOS DE DEUDA,-2634273804,-2634273804
360,FONDO DE INVERSION COLECTIVA CERRADO FACTURAS 120,161695004,"(LD) BCO DAVIVIENDA cta No,482800025215","2837387,72","260347,26"
360,FONDO DE INVERSION COLECTIVA CERRADO FACTURAS 120,161695010,(ALT) Bogota Cau aho 049301179,"646857,69","1544946,34"
360,FONDO DE INVERSION COLECTIVA CERRADO FACTURAS 120,161695013,(ALT) BANCOLOMBIA Cta AH 69000008143,"7973,25","805,14"
313,FONDO DE INVERSION COLECTIVA RENTA FIJA LARGO PLAZO,250305011,RENDIMIENTOS FINANCIEROS CAPITALIZADOS,0,-3054932
313,FONDO DE INVERSION COLECTIVA RENTA FIJA LARGO PLAZO,253105110,CUENTA COMPENSACION,"-128965,69","-242035710,3"
313,FONDO DE INVERSION COLECTIVA RENTA FIJA LARGO PLAZO,410355010,REND X COMPROMISOS DE TRANSF OP SIM,0,-181233658
313,FONDO DE INVERSION COLECTIVA RENTA FIJA LARGO PLAZO,410705105,TÍTULOS DE TESORERÍA -TES,0,-1987544283
313,FONDO DE INVERSION COLECTIVA RENTA FIJA LARGO PLAZO,410705115,OTROS EMISORES NACIONALES,0,-2039200827
313,FONDO DE INVERSION COLECTIVA RENTA FIJA LARGO PLAZO,411495003,"(RF) BANCOLOMBIA Cta No, 03100010541",0,"-712361,68"
313,FONDO DE INVERSION COLECTIVA RENTA FIJA LARGO PLAZO,411495013,"(LP) BANCOLOMBIA Cta No, 69000008142",0,"-9507094,25"
313,FONDO DE INVERSION COLECTIVA RENTA FIJA LARGO PLAZO,411495016,"(LP) DAVIVIENDA Cta No,482800017154",0,"-9874565,13"
313,FONDO DE INVERSION COLECTIVA RENTA FIJA LARGO PLAZO,411495019,"(LP) OCCIDENTE Cta No, 219886801",0,"-61303081,73"
313,FONDO DE INVERSION COLECTIVA RENTA FIJA LARGO PLAZO,411495020,"(LP) BANCO COLPATRIA Cta No,0072967713",0,"2039224,02"
313,FONDO DE INVERSION COLECTIVA RENTA FIJA LARGO PLAZO,412505115,OTROS EMISORES NACIONALES,0,-120077900
313,FONDO DE INVERSION COLECTIVA RENTA FIJA LARGO PLAZO,419595025,PENALIZACIONES,0,"-20682052,49"
313,FONDO DE INVERSION COLECTIVA RENTA FIJA LARGO PLAZO,419595030,OTROS,0,"-0,81"
313,FONDO DE INVERSION COLECTIVA RENTA FIJA LARGO PLAZO,510605115,OTROS EMISORES NACIONALES,0,2519072070
313,FONDO DE INVERSION COLECTIVA RENTA FIJA LARGO PLAZO,512505105,TÍTULOS DE TESORERÍA -TES,0,109923885
313,FONDO DE INVERSION COLECTIVA RENTA FIJA LARGO PLAZO,513015003,REVISORIA FISCAL,0,"3568750,61"
313,FONDO DE INVERSION COLECTIVA RENTA FIJA LARGO PLAZO,514005011,IMPOVENTAS,0,"678062,18"
313,FONDO DE INVERSION COLECTIVA RENTA FIJA LARGO PLAZO,519095999,OTROS,0,"714075,36"
313,FONDO DE INVERSION COLECTIVA RENTA FIJA LARGO PLAZO,590505010,CANCELACION DE INGRESOS RF,0,"-240825818,2"
313,FONDO DE INVERSION COLECTIVA RENTA FIJA LARGO PLAZO,590505020,UTILIDAD/PERDIDA PAGADA EN REDENCIONES,0,4769332702
313,FONDO DE INVERSION COLECTIVA RENTA FIJA LARGO PLAZO,810505105,TÍTULOS DE TESORERÍA -TES,43405304533,26477283900
313,FONDO DE INVERSION COLECTIVA RENTA FIJA LARGO PLAZO,830505010,DEUDORAS POR CONTRA,-107393336137,-82552326700
313,FONDO DE INVERSION COLECTIVA RENTA FIJA LARGO PLAZO,840505010,ACREEDORAS POR CONTRA,0,0
340,FCP SUMATORIA DEUDA GLOBAL,111505005,"(DG) BANCOLOMBIA Cta No, 03103633183","124098990,4","945186075,8"
340,FCP SUMATORIA DEUDA GLOBAL,111505006,"(SDG) BANCOLOMBIA Cta No,69000001724","1362,12","1382,14"
340,FCP SUMATORIA DEUDA GLOBAL,130210300,EMISORES EXTRANJEROS,192745812726,177043885320
340,FCP SUMATORIA DEUDA GLOBAL,161695015,GASTOS VARIOS DE ADMON,0,"21,09"
340,FCP SUMATORIA DEUDA GLOBAL,161695045,CUENTA CORRIENTE,0,194342752684
340,FCP SUMATORIA DEUDA GLOBAL,161695999,PROVEEDORES,0,0
340,FCP SUMATORIA DEUDA GLOBAL,192595030,COMISION ADMINISTRACION,0,0
340,FCP SUMATORIA DEUDA GLOBAL,250105010,HONORARIOS,0,0
340,FCP SUMATORIA DEUDA GLOBAL,250110010,COMISION CUSTODIA FIJA,0,0
340,FCP SUMATORIA DEUDA GLOBAL,250295050,OTROS PROVEEDORES,0,0
340,FCP SUMATORIA DEUDA GLOBAL,250305011,RENDIMIENTOS FINANCIEROS CAPITALIZADOS,0,0
360,FONDO DE INVERSION COLECTIVA CERRADO FACTURAS 120,161695015,GASTOS VARIOS DE ADMON,"-488767,52","6496,03"
360,FONDO DE INVERSION COLECTIVA CERRADO FACTURAS 120,161695045,CUENTA CORRIENTE,0,"153122744,5"
360,FONDO DE INVERSION COLECTIVA CERRADO FACTURAS 120,161695999,Proveedores,-5853015,-11855375
360,FONDO DE INVERSION COLECTIVA CERRADO FACTURAS 120,161695999,Proveedores,-3387930,-3387930
360,FONDO DE INVERSION COLECTIVA CERRADO FACTURAS 120,161695999,Proveedores,0,-1341397
360,FONDO DE INVERSION COLECTIVA CERRADO FACTURAS 120,161695999,Proveedores,"-15774222,31","-15774222,31"
360,FONDO DE INVERSION COLECTIVA CERRADO FACTURAS 120,161695999,Proveedores,"-64248483,04","-64248483,04"
360,FONDO DE INVERSION COLECTIVA CERRADO FACTURAS 120,192595003,REVISORIA FISCAL,0,0
360,FONDO DE INVERSION COLECTIVA CERRADO FACTURAS 120,250205005,"PLAT, DE NEGOCIACIÓN LIBERA","-17105873,49","-17298192,03"
360,FONDO DE INVERSION COLECTIVA CERRADO FACTURAS 120,250205008,"PLAT, DE NEGOCIACIÓN FINNECTA","-427098,03","-427098,03"
360,FONDO DE INVERSION COLECTIVA CERRADO FACTURAS 120,250205010,"PLAT, DE NEGOCIACIÓN JAM FINANCIAL","-28107038,24","-26031429,37"
360,FONDO DE INVERSION COLECTIVA CERRADO FACTURAS 120,250205013,"PLAT, DE NEG BILLY","-40186160,06","-61797560,91"
360,FONDO DE INVERSION COLECTIVA CERRADO FACTURAS 120,250295050,OTRO PROVEDORES,0,0
360,FONDO DE INVERSION COLECTIVA CERRADO FACTURAS 120,250295050,OTRO PROVEDORES,0,0
360,FONDO DE INVERSION COLECTIVA CERRADO FACTURAS 120,250305011,RENDIMIENTOS FINANCIEROS CAPITALIZADOS,-78262,0
360,FONDO DE INVERSION COLECTIVA CERRADO FACTURAS 120,250305020,Retencion Proveedores,0,0
360,FONDO DE INVERSION COLECTIVA CERRADO FACTURAS 120,250305020,Retencion Proveedores,0,0
360,FONDO DE INVERSION COLECTIVA CERRADO FACTURAS 120,253105003,CUENTA CORRIENTE IBA,0,0
360,FONDO DE INVERSION COLECTIVA CERRADO FACTURAS 120,253105110,CUENTA COMPENSACION,-3505233558,"-832513547,4"
360,FONDO DE INVERSION COLECTIVA CERRADO FACTURAS 120,410705115,OTROS EMISORES NACIONALES,0,-4618491292
360,FONDO DE INVERSION COLECTIVA CERRADO FACTURAS 120,411495004,(ALT) Davivienda Cau aho 482800014888,0,"-212530256,1"
360,FONDO DE INVERSION COLECTIVA CERRADO FACTURAS 120,411495005,(ALT) Davivienda Cta AH 482800036063,0,"-1367722,26"
360,FONDO DE INVERSION COLECTIVA CERRADO FACTURAS 120,411495006,(ALT) Occidente Cau aho 219861242,0,"-10931380,08"
360,FONDO DE INVERSION COLECTIVA CERRADO FACTURAS 120,411495008,(ALT) Sudameris Cau aho 91000016710,0,"-174941334,1"
360,FONDO DE INVERSION COLECTIVA CERRADO FACTURAS 120,411495011,(ALT) Bcolombia Cta AH 69000000789,0,"-10892,57"
360,FONDO DE INVERSION COLECTIVA CERRADO FACTURAS 120,411495015,RENDIMIENTOS INVERSIONES EN FICS,0,"-212182684,4"
360,FONDO DE INVERSION COLECTIVA CERRADO FACTURAS 120,411495017,(ALT) Davivienda Cta AH 482800015836,0,"-173381,6"
360,FONDO DE INVERSION COLECTIVA CERRADO FACTURAS 120,411495021,"(ALT) BCO DAVIVIENDA Cta, AH 48280003877",0,"-132134827,1"
360,FONDO DE INVERSION COLECTIVA CERRADO FACTURAS 120,411495999,OTROS,0,"-2,38"
360,FONDO DE INVERSION COLECTIVA CERRADO FACTURAS 120,419595030,OTROS,0,"-7,76"
360,FONDO DE INVERSION COLECTIVA CERRADO FACTURAS 120,511548010,COMISION DE ADMINISTRACION,0,"839289756,5"
360,FONDO DE INVERSION COLECTIVA CERRADO FACTURAS 120,514005011,IMPOVENTAS,0,"945677,74"
360,FONDO DE INVERSION COLECTIVA CERRADO FACTURAS 120,519095030,SERVICIO DE NEGOCIACION LIBERA,0,"8807752,38"
340,FCP SUMATORIA DEUDA GLOBAL,250305020,RTE FTE PROVEEDORES,0,0
340,FCP SUMATORIA DEUDA GLOBAL,250305020,RTE FTE PROVEEDORES,0,0
340,FCP SUMATORIA DEUDA GLOBAL,253105003,CUENTA CORRIENTE IBA,0,0
340,FCP SUMATORIA DEUDA GLOBAL,253105110,CUENTA COMPENSACION,"-0,18",-194297187908
340,FCP SUMATORIA DEUDA GLOBAL,411495015,RENDIMIENTOS INVERSIONES EN FICS,0,"-0,03"
340,FCP SUMATORIA DEUDA GLOBAL,411495999,OTROS,0,"-1,47"
340,FCP SUMATORIA DEUDA GLOBAL,510805010,POR DISMINUCION EN EL VALOR RAZONABLE,0,6049692803
340,FCP SUMATORIA DEUDA GLOBAL,511512010,GASTOS BANCARIOS,0,"6470,26"
340,FCP SUMATORIA DEUDA GLOBAL,511548010,"COMISION DE ADMINISTRACION R,F,",0,"147076020,8"
340,FCP SUMATORIA DEUDA GLOBAL,511595011,COMISION GESTOR PROFESIONAL,0,"911735104,7"
340,FCP SUMATORIA DEUDA GLOBAL,514005011,IMPOVENTAS,0,6812047
340,FCP SUMATORIA DEUDA GLOBAL,514005015,IVA COMISION GESTOR PROFESIONAL,0,"173229669,9"
340,FCP SUMATORIA DEUDA GLOBAL,519095999,OTROS,0,"0,32"
340,FCP SUMATORIA DEUDA GLOBAL,590505010,CANCELACION DE INGRESOS RF,0,"16424086,71"
340,FCP SUMATORIA DEUDA GLOBAL,830505010,EMISORES EXTRANJEROS,-192745812726,-177043885320
360,FONDO DE INVERSION COLECTIVA CERRADO FACTURAS 120,111505006,(ALT) Occidente Cta AH 219861242,"80119602,05","180888744,8"
360,FONDO DE INVERSION COLECTIVA CERRADO FACTURAS 120,111505008,(ALT) Sudameris Cta AH 91000016710,3110135685,1489458062
360,FONDO DE INVERSION COLECTIVA CERRADO FACTURAS 120,111505014,(ALT) Davivienda Cta cte 482869984757,"8148436,42","8147089,85"
360,FONDO DE INVERSION COLECTIVA CERRADO FACTURAS 120,111505015,(ALT) Davivienda Cta AH 482800015836,"6774711,54","2863,59"
360,FONDO DE INVERSION COLECTIVA CERRADO FACTURAS 120,111505016,(ALT) Davivienda Cta AH 482800036063,"45454456,08","17601898,42"
360,FONDO DE INVERSION COLECTIVA CERRADO FACTURAS 120,111505018,(ALT) BANCOLOMBIA Cta AH 69000008143,"10359123,02","157145,6"
360,FONDO DE INVERSION COLECTIVA CERRADO FACTURAS 120,111505019,"(ALT) BCO OCCIDENTE Cta, AH 219886819","164106,97","171233,99"
360,FONDO DE INVERSION COLECTIVA CERRADO FACTURAS 120,130115010,FACTURAS,103543173580,76962154269
360,FONDO DE INVERSION COLECTIVA CERRADO FACTURAS 120,161695002,(ALT) Bancolombia cau cta AH 03100001464,"1768227,2","1389558,56"
360,FONDO DE INVERSION COLECTIVA CERRADO FACTURAS 120,161695005,(ALT) Davivienda Cta AH 482800036063,"18593,04","4487,12"
360,FONDO DE INVERSION COLECTIVA CERRADO FACTURAS 120,161695006,(ALT) Occidente Cau aho 219861242,"2106564,17","2268801,47"
360,FONDO DE INVERSION COLECTIVA CERRADO FACTURAS 120,161695008,(ALT) Sudameris Cau aho 91000016710,"27894266,14","23513222,58"
360,FONDO DE INVERSION COLECTIVA CERRADO FACTURAS 120,161695011,(ALT) Bcolombia Cta AH 69000000789,0,0
360,FONDO DE INVERSION COLECTIVA CERRADO FACTURAS 120,161695017,(ALT) Davivienda Cta AH 482800015836,"2935,83","165,38"
360,FONDO DE INVERSION COLECTIVA CERRADO FACTURAS 120,161695018,(ALT) Bco Bogotá Cta AH 049335094,"6346,53","9580,87"
360,FONDO DE INVERSION COLECTIVA CERRADO FACTURAS 120,161695019,"(ALT) BCO OCCIDENTE Cta, AH 219886819","70,04","202,11"
360,FONDO DE INVERSION COLECTIVA CERRADO FACTURAS 120,161695021,"(ALT) BCO DAVIVIENDA Cta, AH 48280003877","76139,54","302,65"
360,FONDO DE INVERSION COLECTIVA CERRADO FACTURAS 120,161695030,Proveedores,"615262405,8","931031636,7"
360,FONDO DE INVERSION COLECTIVA CERRADO FACTURAS 120,161695999,Proveedores,"-47148736,53","-47148736,53"
360,FONDO DE INVERSION COLECTIVA CERRADO FACTURAS 120,519095031,SERVICIO DE NEGOCIACION CAP ESTRATEGICO,0,"-9489112,36"
360,FONDO DE INVERSION COLECTIVA CERRADO FACTURAS 120,519095038,"PLAT, DE NEG BILLY",0,"71483555,85"
360,FONDO DE INVERSION COLECTIVA CERRADO FACTURAS 120,519095999,OTROS,0,"145,42"
360,FONDO DE INVERSION COLECTIVA CERRADO FACTURAS 120,590505010,CANCELACION DE INGRESOS RF,0,-1022471426
360,FONDO DE INVERSION COLECTIVA CERRADO FACTURAS 120,590505015,CANCELACION DE INGRESOS RV,0,"-130624363,7"
360,FONDO DE INVERSION COLECTIVA CERRADO FACTURAS 120,830505010,DEUDORAS POR CONTRA,-100908899775,-74327880465
396,FCP TC LATAM ESTRUCTURAS INMOBILIARIAS COMP I,111505003,"(EI) BANCOLOMBIA Cta No, 69000002962","1683,97","1714,15"
396,FCP TC LATAM ESTRUCTURAS INMOBILIARIAS COMP I,136000300,INVERSIONES DERECHOS FIDUCIARIOS,61525170452,49413153171
396,FCP TC LATAM ESTRUCTURAS INMOBILIARIAS COMP I,161695001,"(EI) BANCOLOMBIA Cau No,69000002480","570,82","189813,53"
396,FCP TC LATAM ESTRUCTURAS INMOBILIARIAS COMP I,161695003,"(EI) BANCOLOMBIA Cta No, 69000002962",0,0
396,FCP TC LATAM ESTRUCTURAS INMOBILIARIAS COMP I,161695015,GASTOS VARIOS DE ADMON,0,0
396,FCP TC LATAM ESTRUCTURAS INMOBILIARIAS COMP I,161695045,CUENTA CORRIENTE,"7227542,14","136022,38"
396,FCP TC LATAM ESTRUCTURAS INMOBILIARIAS COMP I,161695999,PROVEEDORES,0,0
396,FCP TC LATAM ESTRUCTURAS INMOBILIARIAS COMP I,161695999,PROVEEDORES,0,0
396,FCP TC LATAM ESTRUCTURAS INMOBILIARIAS COMP I,192595030,AMORTIZACIÓN COMISIÓN DE ADMÓN,0,0
396,FCP TC LATAM ESTRUCTURAS INMOBILIARIAS COMP I,250105010,HONORARIOS,0,0
396,FCP TC LATAM ESTRUCTURAS INMOBILIARIAS COMP I,250110010,COMISION CUSTODIA FIJA,0,0
396,FCP TC LATAM ESTRUCTURAS INMOBILIARIAS COMP I,250295050,OTROS PROVEEDORES,0,0
396,FCP TC LATAM ESTRUCTURAS INMOBILIARIAS COMP I,250305020,RTE FTE FONDOS,0,0
396,FCP TC LATAM ESTRUCTURAS INMOBILIARIAS COMP I,250305020,RTE FTE FONDOS,0,0
396,FCP TC LATAM ESTRUCTURAS INMOBILIARIAS COMP I,250305020,RTE FTE FONDOS,0,0
396,FCP TC LATAM ESTRUCTURAS INMOBILIARIAS COMP I,253105003,CUENTA CORRIENTE IBA,0,0
396,FCP TC LATAM ESTRUCTURAS INMOBILIARIAS COMP I,253105110,CUENTA COMPENSACION,0,"-4771113,98"
396,FCP TC LATAM ESTRUCTURAS INMOBILIARIAS COMP I,410395010,OTROS RENDIMIENTOS FINANCIEROS,0,-600000000
396,FCP TC LATAM ESTRUCTURAS INMOBILIARIAS COMP I,411495003,"(EI) BANCOLOMBIA Cta No, 69000002962",0,"-30,18"
396,FCP TC LATAM ESTRUCTURAS INMOBILIARIAS COMP I,411495015,RENDIMIENTOS INVERSIONES EN FICS,0,"-251418,02"
396,FCP TC LATAM ESTRUCTURAS INMOBILIARIAS COMP I,411495999,OTROS,0,0
396,FCP TC LATAM ESTRUCTURAS INMOBILIARIAS COMP I,419595020,OTROS INGRESOS OPERACIONALES,0,"-0,7"
396,FCP TC LATAM ESTRUCTURAS INMOBILIARIAS COMP I,510805010,POR DISMINUCION EN EL VALOR RAZONABLE,0,12873977732
396,FCP TC LATAM ESTRUCTURAS INMOBILIARIAS COMP I,511325010,COMISION CUSTODIA FIJA,0,"19376604,32"
396,FCP TC LATAM ESTRUCTURAS INMOBILIARIAS COMP I,511512010,GASTOS BANCARIOS,0,"592697,33"
396,FCP TC LATAM ESTRUCTURAS INMOBILIARIAS COMP I,511548010,"COMISION DE ADMINISTRACION R,F,",0,105054300
396,FCP TC LATAM ESTRUCTURAS INMOBILIARIAS COMP I,513095090,OTROS HONORARIOS,0,46666824
360,FONDO DE INVERSION COLECTIVA CERRADO FACTURAS 120,161695999,Proveedores,"-29433105,27","-63445461,35"
360,FONDO DE INVERSION COLECTIVA CERRADO FACTURAS 120,161695999,Proveedores,"-449416913,7","-723830031,5"
360,FONDO DE INVERSION COLECTIVA CERRADO FACTURAS 120,250105035,REVISORIA FISCAL,0,"-0,13"
360,FONDO DE INVERSION COLECTIVA CERRADO FACTURAS 120,250110015,COMISION DE ADMINISTRACION,"-10991629,42",-3979655
360,FONDO DE INVERSION COLECTIVA CERRADO FACTURAS 120,250205006,"PLAT, DE NEGOCIACIÓN CAP ESTRATEGICO","-28578224,71","-19089112,35"
360,FONDO DE INVERSION COLECTIVA CERRADO FACTURAS 120,250205007,"PLAT, DE NEGOCIACIÓN COLFIMAX","-4380242,73","-4380242,73"
360,FONDO DE INVERSION COLECTIVA CERRADO FACTURAS 120,250205009,"PLAT, DE NEGOCIACIÓN SERFICOMEX","-8659536,03","-8659536,03"
360,FONDO DE INVERSION COLECTIVA CERRADO FACTURAS 120,250205011,"PLAT, DE NEGOCIACIÓN RED CAPITAL","-190502664,9","-278235059,5"
360,FONDO DE INVERSION COLECTIVA CERRADO FACTURAS 120,250205012,"PLAT, DE NEG INVESTMENT FACTORING","-355710,88","-355710,88"
360,FONDO DE INVERSION COLECTIVA CERRADO FACTURAS 120,250295050,OTRO PROVEDORES,0,0
360,FONDO DE INVERSION COLECTIVA CERRADO FACTURAS 120,250295050,OTRO PROVEDORES,0,0
360,FONDO DE INVERSION COLECTIVA CERRADO FACTURAS 120,250305020,Retencion Proveedores,0,0
360,FONDO DE INVERSION COLECTIVA CERRADO FACTURAS 120,250305020,Retencion Proveedores,0,0
360,FONDO DE INVERSION COLECTIVA CERRADO FACTURAS 120,352505010,PARTICIPACIONES EN FDO DE INVERSIÓN COLE,-113868376974,-81443930125
360,FONDO DE INVERSION COLECTIVA CERRADO FACTURAS 120,411495002,(FIR) Bancolombia CTA AH 03100001464,0,"-45667727,63"
360,FONDO DE INVERSION COLECTIVA CERRADO FACTURAS 120,411495010,(ALT) Bogota Cau aho 049301179,0,"-11984149,65"
360,FONDO DE INVERSION COLECTIVA CERRADO FACTURAS 120,411495013,(ALT) BANCOLOMBIA Cta AH 69000008143,0,"-402827,44"
360,FONDO DE INVERSION COLECTIVA CERRADO FACTURAS 120,411495018,(ALT) Bco Bogotá Cta AH 049335094,0,"-45669,34"
360,FONDO DE INVERSION COLECTIVA CERRADO FACTURAS 120,411495019,"(ALT) BCO OCCIDENTE Cta, AH 219886819",0,"-7259,09"
360,FONDO DE INVERSION COLECTIVA CERRADO FACTURAS 120,511512010,GASTOS BANCARIOS,0,"1363469,23"
360,FONDO DE INVERSION COLECTIVA CERRADO FACTURAS 120,513015003,REVISORIA FISCAL,0,"4977250,37"
360,FONDO DE INVERSION COLECTIVA CERRADO FACTURAS 120,514005010,IMPUESTO A LOS MOVIMIENTOS FINANCIEROS,0,"2999541,5"
360,FONDO DE INVERSION COLECTIVA CERRADO FACTURAS 120,517040010,DE INVERSIONES,0,"12951041,62"
360,FONDO DE INVERSION COLECTIVA CERRADO FACTURAS 120,519095035,SERVICIO DE NEGOCIACION JAM FINANCIAL,0,"36196134,7"
360,FONDO DE INVERSION COLECTIVA CERRADO FACTURAS 120,519095036,SERVICIO DE NEGOCIACION RED CAPITAL,0,"319475175,9"
360,FONDO DE INVERSION COLECTIVA CERRADO FACTURAS 120,590505020,UTILIDAD/PERDIDA PAGADA EN REDENCIÓN,0,5284966815
360,FONDO DE INVERSION COLECTIVA CERRADO FACTURAS 120,810505010,FACTURAS,100908899775,74327880465
396,FCP TC LATAM ESTRUCTURAS INMOBILIARIAS COMP I,111505001,"(EI) BANCOLOMBIA Cta No,69000002480","3225918,31","143497590,4"
396,FCP TC LATAM ESTRUCTURAS INMOBILIARIAS COMP I,111505004,"(EI) DAVIVIENDA Cta No,482800057317","51510610,36","3358603,18"
396,FCP TC LATAM ESTRUCTURAS INMOBILIARIAS COMP I,130205300,EMISORES  NACIONALES,"4939290,74","5190708,77"
396,FCP TC LATAM ESTRUCTURAS INMOBILIARIAS COMP I,161695004,"(LD) BCO DAVIVIENDA cta No,482800025215","306585,19","18546,57"
396,FCP TC LATAM ESTRUCTURAS INMOBILIARIAS COMP I,161695999,PROVEEDORES,0,0
396,FCP TC LATAM ESTRUCTURAS INMOBILIARIAS COMP I,250110015,COMISION DE ADMINISTRACION,0,0
396,FCP TC LATAM ESTRUCTURAS INMOBILIARIAS COMP I,514005010,IMPUESTO A LOS MOVIMIENTOS FINANCIEROS,0,"1913198,59"
396,FCP TC LATAM ESTRUCTURAS INMOBILIARIAS COMP I,519095050,GASTOS REEMBOLSABLES,0,"36107002,03"
396,FCP TC LATAM ESTRUCTURAS INMOBILIARIAS COMP I,519095999,OTROS,0,"2,04"
396,FCP TC LATAM ESTRUCTURAS INMOBILIARIAS COMP I,810505205,EMISORES NACIONALES,61525170452,49413153171
396,FCP TC LATAM ESTRUCTURAS INMOBILIARIAS COMP I,840505998,ACREEDORAS POR CONTRA PESOS,415539000,415539000
403,FIC CERRADO ACCIONES EEUU CON CAPITAL PROTEGIDO,161695013,(AE) Bancolombia Panama 80100015539,"-3867,54","-3867,54"
416,FONDO DE INVERSION COLECTIVA ABIERTO LIQUIDEZ DÓLAR,111505001,"(LD) BANCO DE BOGOTA Cta No,049313844",15295582,15964534
416,FONDO DE INVERSION COLECTIVA ABIERTO LIQUIDEZ DÓLAR,111505009,"(LD) BANCOLOMBIA cta No, 69000003828","58969782,07","2916879,5"
416,FONDO DE INVERSION COLECTIVA ABIERTO LIQUIDEZ DÓLAR,111505019,"(LD) BANCOLOMBIA CTA AHO No, 69000008145","100050661,8","206396665,5"
416,FONDO DE INVERSION COLECTIVA ABIERTO LIQUIDEZ DÓLAR,111510001,(LD) Davivienda Panamá Cta: 10001015158,"22479022,9","20852565,21"
416,FONDO DE INVERSION COLECTIVA ABIERTO LIQUIDEZ DÓLAR,111510016,(LD) ALLFUNDS Cta No: 110001140500576004,"2595278,16","114992,59"
416,FONDO DE INVERSION COLECTIVA ABIERTO LIQUIDEZ DÓLAR,111510017,(LD) CITIBANK Cta No: 27249400,"44579670,27","343402575,8"
416,FONDO DE INVERSION COLECTIVA ABIERTO LIQUIDEZ DÓLAR,111510101,OCCIDENTAL TRANSITO,0,0
416,FONDO DE INVERSION COLECTIVA ABIERTO LIQUIDEZ DÓLAR,122005010,"COMP DE TRANSF DE INV EN OP, SIM",0,0
416,FONDO DE INVERSION COLECTIVA ABIERTO LIQUIDEZ DÓLAR,130210200,EMISORES EXTRANJEROS,15791880536,17628280194
416,FONDO DE INVERSION COLECTIVA ABIERTO LIQUIDEZ DÓLAR,135105010,DERECHO DE COMPRA SOBRE DIVISAS,0,0
416,FONDO DE INVERSION COLECTIVA ABIERTO LIQUIDEZ DÓLAR,135130010,OBLIGACIÓN DE COMPRA SOBRE DIVISAS,0,0
416,FONDO DE INVERSION COLECTIVA ABIERTO LIQUIDEZ DÓLAR,135140200,OBLIGACION DE COMPRA TITULOS,0,0
416,FONDO DE INVERSION COLECTIVA ABIERTO LIQUIDEZ DÓLAR,135145200,OBLIGACION DE VENTA SOBRE TÍTULOS,0,0
416,FONDO DE INVERSION COLECTIVA ABIERTO LIQUIDEZ DÓLAR,135305010,DERECHO DERIVADOS DE MONEDAS,946550000,517110000
416,FONDO DE INVERSION COLECTIVA ABIERTO LIQUIDEZ DÓLAR,161695004,"(LD) BCO DAVIVIENDA cta No,482800025215","208175,7","208175,7"
416,FONDO DE INVERSION COLECTIVA ABIERTO LIQUIDEZ DÓLAR,161695005,"(LD) BCO DAVIVIENDA cta No,482800025223","32861,1","56872,02"
416,FONDO DE INVERSION COLECTIVA ABIERTO LIQUIDEZ DÓLAR,161695006,"(LD) Davivienda Panamá Cta, 10001015158","-5816,16","40681,26"
416,FONDO DE INVERSION COLECTIVA ABIERTO LIQUIDEZ DÓLAR,161695009,"(LD) BANCOLOMBIA cta No, 69000003828","148050,35","946,91"
416,FONDO DE INVERSION COLECTIVA ABIERTO LIQUIDEZ DÓLAR,161695010,"(LD) BCO DE OCCIDENTE cta No, 219870078","579457,32","616376,36"
416,FONDO DE INVERSION COLECTIVA ABIERTO LIQUIDEZ DÓLAR,161695014,"(LD) BCO DAVIVIENDA cta No,482800036089","42496,51","34846,31"
416,FONDO DE INVERSION COLECTIVA ABIERTO LIQUIDEZ DÓLAR,161695018,"(LD) OCCIDENTE CTA AHO No, 219885944","154527,12","84029,87"
416,FONDO DE INVERSION COLECTIVA ABIERTO LIQUIDEZ DÓLAR,161695019,"(LD) BANCOLOMBIA CTA AHO No, 69000008145","24361,59","60028,82"
416,FONDO DE INVERSION COLECTIVA ABIERTO LIQUIDEZ DÓLAR,161695200,CUENTA CONTROL TRANSFERENCIAS,0,0
416,FONDO DE INVERSION COLECTIVA ABIERTO LIQUIDEZ DÓLAR,161795020,OTROS,6894000,0
416,FONDO DE INVERSION COLECTIVA ABIERTO LIQUIDEZ DÓLAR,162825010,EN GARANTIA,91075556,91075556
416,FONDO DE INVERSION COLECTIVA ABIERTO LIQUIDEZ DÓLAR,192595003,REVISORIA FISCAL,0,0
416,FONDO DE INVERSION COLECTIVA ABIERTO LIQUIDEZ DÓLAR,225015011,DERECHO COMPRA SOBRE TITULOS,0,0
396,FCP TC LATAM ESTRUCTURAS INMOBILIARIAS COMP I,250295050,OTROS PROVEEDORES,0,0
396,FCP TC LATAM ESTRUCTURAS INMOBILIARIAS COMP I,250295050,OTROS PROVEEDORES,0,0
396,FCP TC LATAM ESTRUCTURAS INMOBILIARIAS COMP I,250305011,RENDIMIENTOS FINANCIEROS CAPITALIZADOS,0,0
396,FCP TC LATAM ESTRUCTURAS INMOBILIARIAS COMP I,352505010,PARTICIPACIONES EN FDO DE INVERSIÓN COLE,-61592382654,-49560775056
396,FCP TC LATAM ESTRUCTURAS INMOBILIARIAS COMP I,410805300,EMISORES NACIONALES,0,"-461960450,1"
396,FCP TC LATAM ESTRUCTURAS INMOBILIARIAS COMP I,411495001,"(EI) BANCOLOMBIA Cau No,69000002480",0,"-3473813,25"
396,FCP TC LATAM ESTRUCTURAS INMOBILIARIAS COMP I,411495004,"(EI) DAVIVIENDA Cta No,482800057317",0,"-16463,4"
396,FCP TC LATAM ESTRUCTURAS INMOBILIARIAS COMP I,419595030,OTROS,0,"-4247727,7"
396,FCP TC LATAM ESTRUCTURAS INMOBILIARIAS COMP I,513015003,REVISORIA FISCAL,0,3984557
396,FCP TC LATAM ESTRUCTURAS INMOBILIARIAS COMP I,514005011,IMPOVENTAS,0,"13593676,8"
396,FCP TC LATAM ESTRUCTURAS INMOBILIARIAS COMP I,519095045,OTROS GTOS OPERACIONALES,0,"290907,18"
396,FCP TC LATAM ESTRUCTURAS INMOBILIARIAS COMP I,590505010,CANCELACION DE INGRESOS RF,0,"-149602675,8"
396,FCP TC LATAM ESTRUCTURAS INMOBILIARIAS COMP I,590505015,CANCELACION DE INGRESOS RV,0,-11882004922
396,FCP TC LATAM ESTRUCTURAS INMOBILIARIAS COMP I,829595998,OTRAS CUENTAS DE ORDEN ACREEDORAS PESOS,-415539000,-415539000
396,FCP TC LATAM ESTRUCTURAS INMOBILIARIAS COMP I,830505010,DEUDORAS POR CONTRA,-61525170452,-49413153171
403,FIC CERRADO ACCIONES EEUU CON CAPITAL PROTEGIDO,111510013,(AE) Bancolombia Panama CTA: 80100015539,"3867,54","3867,54"
416,FONDO DE INVERSION COLECTIVA ABIERTO LIQUIDEZ DÓLAR,111505005,"(LD) BCO DAVIVIENDA cta No,482800025223","10076881,26",110293397
416,FONDO DE INVERSION COLECTIVA ABIERTO LIQUIDEZ DÓLAR,111505008,"(LD) BANCOLOMBIA cta No, 69000003827","2032243,21","2030186,71"
416,FONDO DE INVERSION COLECTIVA ABIERTO LIQUIDEZ DÓLAR,111505010,"(LD) BCO DE OCCIDENTE cta No, 219870078","792013261,6","911213801,9"
416,FONDO DE INVERSION COLECTIVA ABIERTO LIQUIDEZ DÓLAR,111505012,"(LD) BCO REPUBLICA cta No, 62257400",20000000,20000000
416,FONDO DE INVERSION COLECTIVA ABIERTO LIQUIDEZ DÓLAR,111505014,"(LD) BCO DAVIVIENDA cta No,482800036089","41332319,55","36245228,7"
416,FONDO DE INVERSION COLECTIVA ABIERTO LIQUIDEZ DÓLAR,111505017,"(LD) Bco Bogotá cta No, 049335128","37453476,59","39091502,59"
416,FONDO DE INVERSION COLECTIVA ABIERTO LIQUIDEZ DÓLAR,111505018,"(LD) OCCIDENTE CTA AHO No, 219885944","241412783,5","62573606,9"
416,FONDO DE INVERSION COLECTIVA ABIERTO LIQUIDEZ DÓLAR,111510013,(LD) BCLOMBIA PANAMA CTA No: 80100022561,"22854355,21","20961949,27"
416,FONDO DE INVERSION COLECTIVA ABIERTO LIQUIDEZ DÓLAR,111510015,(LD) OCCIDENTAL BANK Cta No: 000512214,21509283,"26477186,85"
416,FONDO DE INVERSION COLECTIVA ABIERTO LIQUIDEZ DÓLAR,111510018,(LD) BOGOTA MIAMI Cta No: 96750,"16809701,79","16599045,54"
416,FONDO DE INVERSION COLECTIVA ABIERTO LIQUIDEZ DÓLAR,130210300,EMISORES EXTRANJEROS,0,0
416,FONDO DE INVERSION COLECTIVA ABIERTO LIQUIDEZ DÓLAR,135110010,DERECHO DE VENTA SOBRE DIVISAS,0,0
416,FONDO DE INVERSION COLECTIVA ABIERTO LIQUIDEZ DÓLAR,135115200,DERECHO DE COMPRA TITULOS,0,0
416,FONDO DE INVERSION COLECTIVA ABIERTO LIQUIDEZ DÓLAR,135120200,DERECHO DE VENTA SOBRE TÍTULOS,0,0
416,FONDO DE INVERSION COLECTIVA ABIERTO LIQUIDEZ DÓLAR,135135010,OBLIGACIÓN DE VENTA SOBRE DIVISAS,0,0
416,FONDO DE INVERSION COLECTIVA ABIERTO LIQUIDEZ DÓLAR,135305015,OBLIGACION DERIVADOS DE MONEDAS,-946550000,-517110000
416,FONDO DE INVERSION COLECTIVA ABIERTO LIQUIDEZ DÓLAR,161695001,"(LD) BANCO DE BOGOTA Cta No,049313844","99948,27","125044,19"
416,FONDO DE INVERSION COLECTIVA ABIERTO LIQUIDEZ DÓLAR,225015200,DERECHO DE COMPRA DE TITULOS,0,0
416,FONDO DE INVERSION COLECTIVA ABIERTO LIQUIDEZ DÓLAR,225020300,DERECHO VENTA TITULOS,0,0
416,FONDO DE INVERSION COLECTIVA ABIERTO LIQUIDEZ DÓLAR,225045300,OBLIGACION VENTA TITULOS,0,0
416,FONDO DE INVERSION COLECTIVA ABIERTO LIQUIDEZ DÓLAR,250105035,REVISORIA FISCAL,0,0
416,FONDO DE INVERSION COLECTIVA ABIERTO LIQUIDEZ DÓLAR,250110015,COMISION DE ADMINISTRACION,"-1405906,55","-797107,61"
416,FONDO DE INVERSION COLECTIVA ABIERTO LIQUIDEZ DÓLAR,250305011,RENDIMIENTOS FINANCIEROS CAPITALIZADOS,0,0
416,FONDO DE INVERSION COLECTIVA ABIERTO LIQUIDEZ DÓLAR,253105003,IMPUESTOS,0,0
416,FONDO DE INVERSION COLECTIVA ABIERTO LIQUIDEZ DÓLAR,253105135,LIQUIDACION DERIVADOS,0,0
416,FONDO DE INVERSION COLECTIVA ABIERTO LIQUIDEZ DÓLAR,253105220,CUENTA COMPENSACION DIVISAS,0,0
416,FONDO DE INVERSION COLECTIVA ABIERTO LIQUIDEZ DÓLAR,352505010,PARTICIPACIONES EN FDO DE INVERSIÓN COLE,-17342031587,-19479330573
416,FONDO DE INVERSION COLECTIVA ABIERTO LIQUIDEZ DÓLAR,410355010,RENDIMIENTOS EN OPE SIMULTANEAS ACTIVAS,0,-25206058
416,FONDO DE INVERSION COLECTIVA ABIERTO LIQUIDEZ DÓLAR,411495007,"(LD) Bco Bogotá cta No, 049335128",0,"-1699527,22"
416,FONDO DE INVERSION COLECTIVA ABIERTO LIQUIDEZ DÓLAR,412917010,FUTURO EN MONEDAS,0,"-53511180,42"
416,FONDO DE INVERSION COLECTIVA ABIERTO LIQUIDEZ DÓLAR,412917020,UTILIDAD FUTUROS DE MONEDAS,0,-40971000
416,FONDO DE INVERSION COLECTIVA ABIERTO LIQUIDEZ DÓLAR,413515010,POR REEXPRESION DE OTROS ACTIVOS,0,"-161831109,5"
416,FONDO DE INVERSION COLECTIVA ABIERTO LIQUIDEZ DÓLAR,510805200,EMISORES EXTRANJEROS,0,"819003015,5"
416,FONDO DE INVERSION COLECTIVA ABIERTO LIQUIDEZ DÓLAR,511325002,COMISION CUSTODIA VARIABLE,0,"4714380,4"
416,FONDO DE INVERSION COLECTIVA ABIERTO LIQUIDEZ DÓLAR,511325010,COMISION CUSTODIA FIJA,0,"1633658,34"
416,FONDO DE INVERSION COLECTIVA ABIERTO LIQUIDEZ DÓLAR,511595070,COMISIONES OP DEL EXTERIOR,0,"4875105,33"
416,FONDO DE INVERSION COLECTIVA ABIERTO LIQUIDEZ DÓLAR,513015003,REVISORIA FISCAL,0,"4888046,41"
416,FONDO DE INVERSION COLECTIVA ABIERTO LIQUIDEZ DÓLAR,513515010,POR REEXPRESION DE OTROS PASIVOS,0,1610350
416,FONDO DE INVERSION COLECTIVA ABIERTO LIQUIDEZ DÓLAR,513535010,POR REEXPRESION DE OTROS ACTIVOS,0,"198855637,7"
416,FONDO DE INVERSION COLECTIVA ABIERTO LIQUIDEZ DÓLAR,514005010,IMPUESTO A LOS MOVIMIENTOS FINANCIEROS,0,"19852,74"
416,FONDO DE INVERSION COLECTIVA ABIERTO LIQUIDEZ DÓLAR,590505010,CANCELACION DE INGRESOS RF,0,"-74790827,12"
416,FONDO DE INVERSION COLECTIVA ABIERTO LIQUIDEZ DÓLAR,590505015,CANCELACION DE INGRESOS RV,0,"-954523871,3"
416,FONDO DE INVERSION COLECTIVA ABIERTO LIQUIDEZ DÓLAR,821505010,EN TITULOS DE TESORERIA - TES,0,0
416,FONDO DE INVERSION COLECTIVA ABIERTO LIQUIDEZ DÓLAR,830505010,DEUDORAS POR CONTRA,-15791880536,-17628280194
433,FIC DIVERSIFICADO CONSERVADOR,110505110,CAJA GENERAL,0,0
433,FIC DIVERSIFICADO CONSERVADOR,111505003,"(DC) BANCOLOMBIA Cta No, 69000006135","201012,43","751379,1"
433,FIC DIVERSIFICADO CONSERVADOR,111505004,"(DC) BANCOLOMBIA Cta No,69000006136","304693,31","272866,45"
433,FIC DIVERSIFICADO CONSERVADOR,111505005,"(DC) OCCIDENTE Cta No,219876323","206048361,2",1823129195
433,FIC DIVERSIFICADO CONSERVADOR,111505009,"(DC) REPUBLICA Cta No,62257279","0,05","0,05"
433,FIC DIVERSIFICADO CONSERVADOR,111505013,"(DC) DAVIVIENDA Cta No,482800036071","502213857,8",1028415907
433,FIC DIVERSIFICADO CONSERVADOR,111505017,"(DC) BANCOLOMBIA Cta, No, 69000008144","112186989,1","374776873,3"
433,FIC DIVERSIFICADO CONSERVADOR,111510001,(DC) Davivienda Panamá Cta: 10001015155,"431058692,7","400968590,8"
433,FIC DIVERSIFICADO CONSERVADOR,111510013,(DC) BANCOLOMBIA PANAMA CTA: 80100029383,"34040835,54","31222160,33"
433,FIC DIVERSIFICADO CONSERVADOR,111510018,OCCIDENTAL TRANSITO CTA: 47777999932,0,0
433,FIC DIVERSIFICADO CONSERVADOR,122005010,"COMP DE TRANSF DE INV EN OP, SIM",0,0
433,FIC DIVERSIFICADO CONSERVADOR,130105105,TÍTULOS DE TESORERÍA -TES,26553441038,14850191300
433,FIC DIVERSIFICADO CONSERVADOR,130205300,EMISORES  NACIONALES,7675627155,5192338461
433,FIC DIVERSIFICADO CONSERVADOR,130210200,EMISORES EXTRANJEROS,10138270885,5593632601
433,FIC DIVERSIFICADO CONSERVADOR,135105010,DERECHO DE COMPRA SOBRE DIVISAS,0,0
433,FIC DIVERSIFICADO CONSERVADOR,135120300,DERECHO DE VENTA TITULOS,0,0
433,FIC DIVERSIFICADO CONSERVADOR,135130010,OBLIGACIÓN DE COMPRA SOBRE DIVISAS,0,0
433,FIC DIVERSIFICADO CONSERVADOR,135140200,OBLIGACION DE COMPRA TITULOS,0,0
433,FIC DIVERSIFICADO CONSERVADOR,135140300,OBLIGACION DE COMPRA TITULOS,0,0
433,FIC DIVERSIFICADO CONSERVADOR,135145200,OBLIGACION DE VENTA SOBRE TÍTULOS,0,0
433,FIC DIVERSIFICADO CONSERVADOR,161695002,"(DC) Davivienda Panamá Cta, 10001015155",0,"897908,35"
433,FIC DIVERSIFICADO CONSERVADOR,161695004,"(LD) BCO DAVIVIENDA cta No,482800025215","20709,22","172151,89"
433,FIC DIVERSIFICADO CONSERVADOR,161695005,"(DC) OCCIDENTE Cta No,219876323","181591,07","2504546,9"
433,FIC DIVERSIFICADO CONSERVADOR,161695007,"(DC) BOGOTA Cta No,049322787","627580,68","639928,6"
433,FIC DIVERSIFICADO CONSERVADOR,161695011,"BANCOLOMBIA PANAMA CTA, 80100029383","40371,08","33078,1"
433,FIC DIVERSIFICADO CONSERVADOR,161695016,"(DC) BCO OCCIDENTE Cta, No, 219885928","1235203,73","837039,44"
433,FIC DIVERSIFICADO CONSERVADOR,161695018,"(DC) BCO BOGOTÁ Cta No,049335110","971106,38","404040,3"
433,FIC DIVERSIFICADO CONSERVADOR,161795020,OTROS,0,3313000
433,FIC DIVERSIFICADO CONSERVADOR,162825010,EN GARANTIA,359737778,426575556
433,FIC DIVERSIFICADO CONSERVADOR,192595003,REVISORIA FISCAL,0,0
433,FIC DIVERSIFICADO CONSERVADOR,225015011,DERECHO COMPRA SOBRE TITULOS,0,0
433,FIC DIVERSIFICADO CONSERVADOR,225020300,DERECHO VENTA TITULOS,0,0
433,FIC DIVERSIFICADO CONSERVADOR,225045300,OBLIGACION VENTA TITULOS,0,0
433,FIC DIVERSIFICADO CONSERVADOR,250105035,REVISORIA FISCAL,0,"-0,01"
433,FIC DIVERSIFICADO CONSERVADOR,250110015,COMISION DE ADMINISTRACION,"-8813285,16","-2911749,49"
433,FIC DIVERSIFICADO CONSERVADOR,250295050,OTROS PROVEEDORES,0,0
433,FIC DIVERSIFICADO CONSERVADOR,250305011,RENDIMIENTOS FINANCIEROS CAPITALIZADOS,-31,-11854
433,FIC DIVERSIFICADO CONSERVADOR,253105135,LIQUIDACION DERIVADOS,-90248000,0
433,FIC DIVERSIFICADO CONSERVADOR,253105220,CUENTA COMPENSACION DIVISAS,0,0
433,FIC DIVERSIFICADO CONSERVADOR,352505010,PARTICIPACIONES EN FDO DE INVERSIÓN COLE,-92574761294,-61314543824
433,FIC DIVERSIFICADO CONSERVADOR,410355010,REND X COMPROMISOS DE TRANSF OP SIM,0,-26746040
433,FIC DIVERSIFICADO CONSERVADOR,410705010,POR AUMENTO EN EL VALOR RAZONABLE,0,"-162705,46"
416,FONDO DE INVERSION COLECTIVA ABIERTO LIQUIDEZ DÓLAR,161695007,"(LD) Bco Bogotá cta No, 049335128","244687,98","306189,2"
416,FONDO DE INVERSION COLECTIVA ABIERTO LIQUIDEZ DÓLAR,161695013,"(LD) BCLOMBIA PANAMA CTA No, 80100022561","63077,26","63054,41"
416,FONDO DE INVERSION COLECTIVA ABIERTO LIQUIDEZ DÓLAR,161695015,GASTOS VARIOS DE ADMON,0,0
416,FONDO DE INVERSION COLECTIVA ABIERTO LIQUIDEZ DÓLAR,161695045,CUENTA CORRIENTE,"2566382,42","268568,07"
416,FONDO DE INVERSION COLECTIVA ABIERTO LIQUIDEZ DÓLAR,161695999,Proveedores,0,0
416,FONDO DE INVERSION COLECTIVA ABIERTO LIQUIDEZ DÓLAR,225040200,OBLIGACION DE COMPRA DE TITULOS,0,0
416,FONDO DE INVERSION COLECTIVA ABIERTO LIQUIDEZ DÓLAR,250110033,COMISION CUSTODIO,"-35110,63","-300961,58"
416,FONDO DE INVERSION COLECTIVA ABIERTO LIQUIDEZ DÓLAR,250295050,PROVEEDORES,0,0
416,FONDO DE INVERSION COLECTIVA ABIERTO LIQUIDEZ DÓLAR,250305020,RTE FTE PROVEEDORES,0,0
416,FONDO DE INVERSION COLECTIVA ABIERTO LIQUIDEZ DÓLAR,253105024,COMPENSACION DERIVADOS,0,-725500
416,FONDO DE INVERSION COLECTIVA ABIERTO LIQUIDEZ DÓLAR,253105110,CUENTA COMPENSACION,0,"-75200538,65"
416,FONDO DE INVERSION COLECTIVA ABIERTO LIQUIDEZ DÓLAR,410805200,EMISORES EXTRANJEROS,0,"-179468965,4"
416,FONDO DE INVERSION COLECTIVA ABIERTO LIQUIDEZ DÓLAR,411405015,INGRESO POR OP REPO,0,"-2737395,67"
416,FONDO DE INVERSION COLECTIVA ABIERTO LIQUIDEZ DÓLAR,411415020,DIVIDENDOS,0,"-551259,26"
416,FONDO DE INVERSION COLECTIVA ABIERTO LIQUIDEZ DÓLAR,411495001,"(LD) BANCO DE BOGOTA Cta No,049313844",0,"-694047,92"
416,FONDO DE INVERSION COLECTIVA ABIERTO LIQUIDEZ DÓLAR,411495005,"(LD) BCO DAVIVIENDA cta No,482800025223",0,"-7482662,76"
416,FONDO DE INVERSION COLECTIVA ABIERTO LIQUIDEZ DÓLAR,411495006,"(LD) Davivienda Panamá Cta, 10001015158",0,"-331016,78"
416,FONDO DE INVERSION COLECTIVA ABIERTO LIQUIDEZ DÓLAR,411495009,"(LD) BANCOLOMBIA cta No, 69000003828",0,"-606311,15"
416,FONDO DE INVERSION COLECTIVA ABIERTO LIQUIDEZ DÓLAR,411495010,"(LD) BCO DE OCCIDENTE cta No, 219870078",0,"-10078439,2"
416,FONDO DE INVERSION COLECTIVA ABIERTO LIQUIDEZ DÓLAR,411495013,"(LD) BCLOMBIA PANAMA CTA No, 80100022561",0,"-33564,02"
416,FONDO DE INVERSION COLECTIVA ABIERTO LIQUIDEZ DÓLAR,411495014,"(LD) BCO DAVIVIENDA cta No,482800036089",0,"-4122088,63"
416,FONDO DE INVERSION COLECTIVA ABIERTO LIQUIDEZ DÓLAR,411495015,RENDIMIENTOS INVERSIONES EN FICS,0,0
416,FONDO DE INVERSION COLECTIVA ABIERTO LIQUIDEZ DÓLAR,411495018,"(LD) OCCIDENTE CTA AHO No, 219885944",0,"-9243579,48"
416,FONDO DE INVERSION COLECTIVA ABIERTO LIQUIDEZ DÓLAR,411495019,"(LD) BANCOLOMBIA CTA AHO No, 69000008145",0,"-3950487,35"
416,FONDO DE INVERSION COLECTIVA ABIERTO LIQUIDEZ DÓLAR,411495999,OTROS,0,"-54,41"
416,FONDO DE INVERSION COLECTIVA ABIERTO LIQUIDEZ DÓLAR,412510200,EMISORES EXTRANJEROS,0,"-15502618,67"
416,FONDO DE INVERSION COLECTIVA ABIERTO LIQUIDEZ DÓLAR,413515015,UT/PER REEXPRESIÓN OTROS ACTIVOS (DER CO,0,-5309900
416,FONDO DE INVERSION COLECTIVA ABIERTO LIQUIDEZ DÓLAR,413535010,DIFERENCIA EN CAMBIO,0,0
416,FONDO DE INVERSION COLECTIVA ABIERTO LIQUIDEZ DÓLAR,413535015,UT/PER REEXPRESIÓN OTROS PASIVOS (OBL VE,0,-9360
416,FONDO DE INVERSION COLECTIVA ABIERTO LIQUIDEZ DÓLAR,510805010,POR DISMINUCUION EN EL VALOR DE MERCADO,0,"376941851,1"
416,FONDO DE INVERSION COLECTIVA ABIERTO LIQUIDEZ DÓLAR,511512010,GASTOS BANCARIOS,0,"10602809,53"
416,FONDO DE INVERSION COLECTIVA ABIERTO LIQUIDEZ DÓLAR,511548010,"COMISION DE ADMINISTRACION R,F,",0,"138362924,5"
416,FONDO DE INVERSION COLECTIVA ABIERTO LIQUIDEZ DÓLAR,512510200,EMISORES EXTRANJEROS,0,"163522061,5"
416,FONDO DE INVERSION COLECTIVA ABIERTO LIQUIDEZ DÓLAR,512917010,FUTURO EN MONEDAS,0,16464000
416,FONDO DE INVERSION COLECTIVA ABIERTO LIQUIDEZ DÓLAR,512917020,PERDIDA FUTUROS DE MONEDAS,0,135012000
416,FONDO DE INVERSION COLECTIVA ABIERTO LIQUIDEZ DÓLAR,513535015,UT/PER REEXPRESIÓN OTROS ACTIVOS (DER CO,0,23490
416,FONDO DE INVERSION COLECTIVA ABIERTO LIQUIDEZ DÓLAR,514005011,IMPOVENTAS,0,"928728,51"
416,FONDO DE INVERSION COLECTIVA ABIERTO LIQUIDEZ DÓLAR,519095999,OTROS,0,"0,21"
416,FONDO DE INVERSION COLECTIVA ABIERTO LIQUIDEZ DÓLAR,590505020,UTILIDAD/PERDIDA PAGADA EN REDENCIONES,0,"-324802587,6"
416,FONDO DE INVERSION COLECTIVA ABIERTO LIQUIDEZ DÓLAR,810505210,EMISORES EXTRANJEROS,15791880536,17628280194
416,FONDO DE INVERSION COLECTIVA ABIERTO LIQUIDEZ DÓLAR,840505010,ACREEDORAS POR CONTRA,0,0
433,FIC DIVERSIFICADO CONSERVADOR,111505001,"(DC) DAVIVIENDA Cta No,482800029811","777996,91",318055474
433,FIC DIVERSIFICADO CONSERVADOR,111505002,"(DC) DAVIVIENDA Cta No,482869978916","9102646,25","9078700,43"
433,FIC DIVERSIFICADO CONSERVADOR,111505007,"(DC) BOGOTA Cta No,049322787",7515660,7844356
433,FIC DIVERSIFICADO CONSERVADOR,111505015,"(DC) BCO BOGOTÁ Cta No,049335110","115056570,3","46104941,54"
433,FIC DIVERSIFICADO CONSERVADOR,111505016,"(DC) BCO OCCIDENTE Cta, No, 219885928",1929825697,"623344524,4"
433,FIC DIVERSIFICADO CONSERVADOR,111505159,OTROS,0,0
433,FIC DIVERSIFICADO CONSERVADOR,111510014,(DC) ALLFUNDS CTA: 110001120500576008,"10069725,78","3534420,5"
433,FIC DIVERSIFICADO CONSERVADOR,111510017,(DC) CITIBANK NEW YORK CTA: 14742842,"35563204,31","228284825,5"
433,FIC DIVERSIFICADO CONSERVADOR,111510019,(DC) BCO BOGOTA MIAMI CTA: 98533,"42624072,6","39036216,35"
433,FIC DIVERSIFICADO CONSERVADOR,111510022,(DC) OCCIDENTAL BANK BARB CTA: 512583,33438012,23741727
433,FIC DIVERSIFICADO CONSERVADOR,130115115,OTROS EMISORES NACIONALES,44591356250,30279743500
433,FIC DIVERSIFICADO CONSERVADOR,135110010,DERECHO DE VENTA SOBRE DIVISAS,0,0
433,FIC DIVERSIFICADO CONSERVADOR,135115200,DERECHO DE COMPRA TITULOS,0,0
433,FIC DIVERSIFICADO CONSERVADOR,135115300,DERECHO DE COMPRA TITULOS,0,0
433,FIC DIVERSIFICADO CONSERVADOR,135120200,DERECHO DE VENTA SOBRE TÍTULOS,0,0
433,FIC DIVERSIFICADO CONSERVADOR,135135010,OBLIGACIÓN DE VENTA SOBRE DIVISAS,0,0
433,FIC DIVERSIFICADO CONSERVADOR,135145300,OBLIGACION VENTA TITULOS,0,0
433,FIC DIVERSIFICADO CONSERVADOR,135305010,DERECHO DE MONEDAS,6518618000,5054082000
433,FIC DIVERSIFICADO CONSERVADOR,135305015,OBLIGACION DE MONEDAS,-6518618000,-5054082000
433,FIC DIVERSIFICADO CONSERVADOR,161695001,"(DC) DAVIVIENDA Cta No,482800029811","318,24","81079,51"
433,FIC DIVERSIFICADO CONSERVADOR,161695003,"(DC) BANCOLOMBIA Cta No, 69000006135","32,56","1825,5"
433,FIC DIVERSIFICADO CONSERVADOR,161695014,"(DC) DAVIVIENDA Cta No,482800036071","208282,82","265808,06"
433,FIC DIVERSIFICADO CONSERVADOR,161695015,GASTOS VARIOS DE ADMON,0,"42541,33"
433,FIC DIVERSIFICADO CONSERVADOR,161695045,CUENTA CORRIENTE,"439321,07","29045714,65"
433,FIC DIVERSIFICADO CONSERVADOR,161695999,PROVEEDORES,0,0
433,FIC DIVERSIFICADO CONSERVADOR,225040011,OBLIGACION DE COMPRA SOBRE TITULOS,0,0
433,FIC DIVERSIFICADO CONSERVADOR,410705105,TÍTULOS DE TESORERÍA -TES,0,-1732180362
433,FIC DIVERSIFICADO CONSERVADOR,410805300,EMISORES NACIONALES,0,"-158620706,5"
433,FIC DIVERSIFICADO CONSERVADOR,411495001,"(DC) DAVIVIENDA Cta No,482800029811",0,"-21048295,31"
433,FIC DIVERSIFICADO CONSERVADOR,411495007,"(DC) BOGOTA Cta No,049322787",0,"-341043,92"
433,FIC DIVERSIFICADO CONSERVADOR,411495011,"BANCOLOMBIA PANAMA CTA, 80100029383",0,"-47595,21"
433,FIC DIVERSIFICADO CONSERVADOR,411495018,"(DC) BCO BOGOTÁ Cta No,049335110",0,"-2947773,92"
433,FIC DIVERSIFICADO CONSERVADOR,412510200,EMISORES EXTRANJEROS,0,"-762717585,6"
433,FIC DIVERSIFICADO CONSERVADOR,412917020,UTILIDAD DERIVADOS DE MONEDA,0,"-465237742,9"
433,FIC DIVERSIFICADO CONSERVADOR,413515010,POR REEXPRESION DE OTROS ACTIVOS,0,"-345631943,8"
433,FIC DIVERSIFICADO CONSERVADOR,413535010,REEXPRESIÓN OTROS PASIVOS (OBL VENTA DIV,0,0
433,FIC DIVERSIFICADO CONSERVADOR,419595030,OTROS,0,"-2,07"
433,FIC DIVERSIFICADO CONSERVADOR,510440010,COMP DE TRANSFERENCIA EN OPER REPO,0,57600
433,FIC DIVERSIFICADO CONSERVADOR,510605115,OTROS EMISORES NACIONALES,0,"284841653,9"
433,FIC DIVERSIFICADO CONSERVADOR,510805200,EMISORES EXTRANJEROS,0,"677132362,6"
433,FIC DIVERSIFICADO CONSERVADOR,511325002,COMISION CUSTODIA VARIABLE,0,"2872860,36"
433,FIC DIVERSIFICADO CONSERVADOR,511595070,COMISIONES OP DEL EXTERIOR,0,"1228433,79"
433,FIC DIVERSIFICADO CONSERVADOR,512505010,OTROS TIT EMI POR EL GOBIERNO NACIONAL,0,"4615969,84"
433,FIC DIVERSIFICADO CONSERVADOR,512917020,VALORACION FUTUROS DE MONEDAS,0,110445000
433,FIC DIVERSIFICADO CONSERVADOR,513015003,REVISORIA FISCAL,0,"4630646,13"
433,FIC DIVERSIFICADO CONSERVADOR,514005010,IMPUESTO A LOS MOVIMIENTOS FINANCIEROS,0,"335121,04"
433,FIC DIVERSIFICADO CONSERVADOR,590505010,CANCELACION DE INGRESOS RF,0,1431806777
433,FIC DIVERSIFICADO CONSERVADOR,590505015,CANCELACION DE INGRESOS RV,0,"-122798565,7"
433,FIC DIVERSIFICADO CONSERVADOR,810505105,TÍTULOS DE TESORERÍA -TES,26553441038,14850191300
433,FIC DIVERSIFICADO CONSERVADOR,810505115,OTROS EMISORES NACIONALES,44591356250,30279743500
433,FIC DIVERSIFICADO CONSERVADOR,810505205,OTROS,1446798960,"629045773,5"
433,FIC DIVERSIFICADO CONSERVADOR,821505010,VALORES RECIBIDOS EN OP SIMULTANEAS,0,0
433,FIC DIVERSIFICADO CONSERVADOR,830505010,DEUDORAS POR CONTRA,-82729867134,-51352613174
437,FCP DAVIVIENDA CORREDORES DEUDA COMPARTIMENTO I,111505001,"(FD) BCO DAVIVIENDA Cta No, 482800031262",5081835186,20457587143
437,FCP DAVIVIENDA CORREDORES DEUDA COMPARTIMENTO I,130115115,OTROS EMISORES NACIONALES,317234230541,328018837948
437,FCP DAVIVIENDA CORREDORES DEUDA COMPARTIMENTO I,161695002,"(FD) BANCOLOMBIA Cta No, 69000006730","1462,19","13632,12"
437,FCP DAVIVIENDA CORREDORES DEUDA COMPARTIMENTO I,161695003,"(FD) BANCOLOMBIA Cta No, 69000006729","57208,36","10742868,3"
437,FCP DAVIVIENDA CORREDORES DEUDA COMPARTIMENTO I,161695015,GASTOS VARIOS DE ADMON,0,0
437,FCP DAVIVIENDA CORREDORES DEUDA COMPARTIMENTO I,161695045,CUENTA CORRIENTE,"69598648,62","67011620,01"
437,FCP DAVIVIENDA CORREDORES DEUDA COMPARTIMENTO I,192595030,AMORTIZACIÓN COMISIÓN DE ADMÓN,0,0
437,FCP DAVIVIENDA CORREDORES DEUDA COMPARTIMENTO I,250105010,HONORARIOS,-2847000,-3501810
433,FIC DIVERSIFICADO CONSERVADOR,249005010,SOBREGIROS,0,0
433,FIC DIVERSIFICADO CONSERVADOR,250110033,COMISION CUSTODIO,"-2265264,29","-656503,82"
433,FIC DIVERSIFICADO CONSERVADOR,250305020,RTE FTE PROVEEDORES,0,0
433,FIC DIVERSIFICADO CONSERVADOR,253105003,CUENTA CORRIENTE IBA,0,0
433,FIC DIVERSIFICADO CONSERVADOR,253105110,CUENTA COMPENSACION,"-116097777,2","-18078842,05"
433,FIC DIVERSIFICADO CONSERVADOR,352510010,PARTICIPACIONES POR IDENTIFICAR,0,"-3079464,25"
433,FIC DIVERSIFICADO CONSERVADOR,410705115,OTROS EMISORES NACIONALES,0,-1580468910
433,FIC DIVERSIFICADO CONSERVADOR,410805200,EMISORES EXTRANJEROS,0,"-64322741,95"
433,FIC DIVERSIFICADO CONSERVADOR,411405015,INGRESO POR OP REPO,0,"-12319393,42"
433,FIC DIVERSIFICADO CONSERVADOR,411415020,DIVIDENDOS,0,"-63851831,03"
433,FIC DIVERSIFICADO CONSERVADOR,411495002,"(DC) Davivienda Panamá Cta, 10001015155",0,"-7730564,02"
433,FIC DIVERSIFICADO CONSERVADOR,411495003,"(DC) BANCOLOMBIA Cta No, 69000006135",0,"-130659,61"
433,FIC DIVERSIFICADO CONSERVADOR,411495004,"(DC) BANCOLOMBIA Cta, No, 69000008144",0,"-6164717,62"
433,FIC DIVERSIFICADO CONSERVADOR,411495005,"(DC) OCCIDENTE Cta No,219876323",0,"-58917075,99"
433,FIC DIVERSIFICADO CONSERVADOR,411495014,"(DC) DAVIVIENDA Cta No,482800036071",0,"-13722551,66"
433,FIC DIVERSIFICADO CONSERVADOR,411495015,RENDIMIENTOS INVERSIONES EN FICS,0,"-351065347,6"
433,FIC DIVERSIFICADO CONSERVADOR,411495016,"(DC) BCO OCCIDENTE Cta, No, 219885928",0,"-53592484,39"
433,FIC DIVERSIFICADO CONSERVADOR,411495300,INTERESES TÍTULOS,0,"-52881412,76"
433,FIC DIVERSIFICADO CONSERVADOR,411495999,OTROS,0,"-0,82"
433,FIC DIVERSIFICADO CONSERVADOR,412505010,OTROS EMISORES NACIONALES,0,"-4701142,15"
433,FIC DIVERSIFICADO CONSERVADOR,412917010,FUTUROS DE MONEDAS,0,-337155000
433,FIC DIVERSIFICADO CONSERVADOR,413515015,UT/PER REEXPRESIÓN OTROS ACTIVOS (DER CO,0,-1052050
433,FIC DIVERSIFICADO CONSERVADOR,413535015,UT/PER REEXPRESIÓN OTROS PASIVOS (OBL VE,0,-3759000
433,FIC DIVERSIFICADO CONSERVADOR,419595025,PENALIZACIONES,0,"-2686338,03"
433,FIC DIVERSIFICADO CONSERVADOR,510605010,POR DISMINUCION EN EL VALOR RAZONABLE,0,"24108,59"
433,FIC DIVERSIFICADO CONSERVADOR,510605105,TÍTULOS DE TESORERÍA -TES,0,"11231464,53"
433,FIC DIVERSIFICADO CONSERVADOR,511325010,COMISION CUSTODIA FIJA,0,"10558768,16"
433,FIC DIVERSIFICADO CONSERVADOR,511512010,GASTOS BANCARIOS,0,"7172068,86"
433,FIC DIVERSIFICADO CONSERVADOR,511548010,"COMISION DE ADMINISTRACION R,F,",0,"626125599,6"
433,FIC DIVERSIFICADO CONSERVADOR,512510200,EMISORES EXTRANJEROS,0,"101358898,3"
433,FIC DIVERSIFICADO CONSERVADOR,512917010,PERDIDA FUTUROS DE MONEDAS,0,88205500
433,FIC DIVERSIFICADO CONSERVADOR,513535010,POR REEXPRESION DE OTROS ACTIVOS,0,"380695859,6"
433,FIC DIVERSIFICADO CONSERVADOR,513535015,UT/PER REEXPRESIÓN OTROS ACTIVOS (DER CO,0,1338650
433,FIC DIVERSIFICADO CONSERVADOR,514005011,IMPOVENTAS,0,"893322,45"
433,FIC DIVERSIFICADO CONSERVADOR,519095999,OTROS,0,"30,68"
433,FIC DIVERSIFICADO CONSERVADOR,590505020,UTILIDAD/PERDIDA PAGADA EN REDENCIONES,0,2507430888
433,FIC DIVERSIFICADO CONSERVADOR,810505210,EMISORES EXTRANJEROS,10138270885,5593632601
433,FIC DIVERSIFICADO CONSERVADOR,821510510,VALORES RECIBIDOS EN OP SIMULTANEAS,0,0
433,FIC DIVERSIFICADO CONSERVADOR,840505010,ACREEDORAS POR CONTRA,0,0
437,FCP DAVIVIENDA CORREDORES DEUDA COMPARTIMENTO I,111505002,"(FD) BANCOLOMBIA Cta No, 69000006730","5539061,67","5611753,48"
437,FCP DAVIVIENDA CORREDORES DEUDA COMPARTIMENTO I,111505003,"(FD) BANCOLOMBIA Cta No, 69000006729","353197808,7",4421681391
437,FCP DAVIVIENDA CORREDORES DEUDA COMPARTIMENTO I,130205300,EMISORES  NACIONALES,2476491082,"395992271,8"
437,FCP DAVIVIENDA CORREDORES DEUDA COMPARTIMENTO I,139005115,INSTRUMENTOS DE DEUDA,-3868445817,-3911567829
437,FCP DAVIVIENDA CORREDORES DEUDA COMPARTIMENTO I,161695001,"(FD) BCO DAVIVIENDA Cta No, 482800031262","2078612,18","4183962,84"
437,FCP DAVIVIENDA CORREDORES DEUDA COMPARTIMENTO I,161695030,Proveedores,0,0
437,FCP DAVIVIENDA CORREDORES DEUDA COMPARTIMENTO I,250110015,COMISION DE ADMINISTRACION,0,0
437,FCP DAVIVIENDA CORREDORES DEUDA COMPARTIMENTO I,250295050,OTROS PROVEEDORES,0,0
437,FCP DAVIVIENDA CORREDORES DEUDA COMPARTIMENTO I,250295050,OTROS PROVEEDORES,0,0
437,FCP DAVIVIENDA CORREDORES DEUDA COMPARTIMENTO I,250295050,OTROS PROVEEDORES,0,0
437,FCP DAVIVIENDA CORREDORES DEUDA COMPARTIMENTO I,250305011,RENDIMIENTOS FINANCIEROS CAPITALIZADOS,0,0
437,FCP DAVIVIENDA CORREDORES DEUDA COMPARTIMENTO I,250305020,RETENCION PROVEEDORES,0,0
437,FCP DAVIVIENDA CORREDORES DEUDA COMPARTIMENTO I,250305020,RETENCION PROVEEDORES,0,0
437,FCP DAVIVIENDA CORREDORES DEUDA COMPARTIMENTO I,250305020,RETENCION PROVEEDORES,0,0
437,FCP DAVIVIENDA CORREDORES DEUDA COMPARTIMENTO I,253105001,CUENTA CORRIENTE,0,0
437,FCP DAVIVIENDA CORREDORES DEUDA COMPARTIMENTO I,352505010,PARTICIPACIONES EN FDO DE INVERSIÓN COLE,-321351736795,-349466592952
437,FCP DAVIVIENDA CORREDORES DEUDA COMPARTIMENTO I,411495002,"(FD) BANCOLOMBIA Cta No, 69000006730",0,"-84861,73"
437,FCP DAVIVIENDA CORREDORES DEUDA COMPARTIMENTO I,419595030,OTROS,0,"-3,73"
437,FCP DAVIVIENDA CORREDORES DEUDA COMPARTIMENTO I,419805010,REINTEGRO PROVISIONES CUENTAS POR COBRAR,0,"-96468890,26"
437,FCP DAVIVIENDA CORREDORES DEUDA COMPARTIMENTO I,510605115,OTROS EMISORES NACIONALES,0,0
437,FCP DAVIVIENDA CORREDORES DEUDA COMPARTIMENTO I,511325010,COMISION CUSTODIA FIJA,0,20356050
437,FCP DAVIVIENDA CORREDORES DEUDA COMPARTIMENTO I,513015003,REVISORIA FISCAL,0,5047322
437,FCP DAVIVIENDA CORREDORES DEUDA COMPARTIMENTO I,513095090,OTROS HONORARIOS,0,"75558060,04"
437,FCP DAVIVIENDA CORREDORES DEUDA COMPARTIMENTO I,514005010,IMPUESTO A LOS MOVIMIENTOS FINANCIEROS,0,"59039254,95"
437,FCP DAVIVIENDA CORREDORES DEUDA COMPARTIMENTO I,590505010,CANCELACION DE INGRESOS RF,0,20335343876
437,FCP DAVIVIENDA CORREDORES DEUDA COMPARTIMENTO I,590505015,CANCELACION DE INGRESOS RV,0,"18025894,87"
437,FCP DAVIVIENDA CORREDORES DEUDA COMPARTIMENTO I,810505115,OTROS EMISORES NACIONALES,313365784724,324107270119
437,FCP DAVIVIENDA CORREDORES DEUDA COMPARTIMENTO I,829595998,OTRAS CUENTAS DE ORDEN ACREEDORAS PESOS,-1133700000000,-1133700000000
437,FCP DAVIVIENDA CORREDORES DEUDA COMPARTIMENTO I,830505010,DEUDORAS POR CONTRA,-313365784724,-324107270119
447,FCP PEGASUS COLOMBIA FONDO II - COMPARTIMENTO IRIS,111505002,"(PII) BANCOLOMBIA AH CTA,  69000009074","76465090,86","333032945,3"
437,FCP DAVIVIENDA CORREDORES DEUDA COMPARTIMENTO I,250110010,COMISION CUSTODIA FIJA,0,0
437,FCP DAVIVIENDA CORREDORES DEUDA COMPARTIMENTO I,250110025,OTRAS COMISIONES,0,0
437,FCP DAVIVIENDA CORREDORES DEUDA COMPARTIMENTO I,250295050,OTROS PROVEEDORES,0,0
437,FCP DAVIVIENDA CORREDORES DEUDA COMPARTIMENTO I,250295050,OTROS PROVEEDORES,0,0
437,FCP DAVIVIENDA CORREDORES DEUDA COMPARTIMENTO I,250295050,OTROS PROVEEDORES,0,0
437,FCP DAVIVIENDA CORREDORES DEUDA COMPARTIMENTO I,250305020,RETENCION PROVEEDORES,0,0
437,FCP DAVIVIENDA CORREDORES DEUDA COMPARTIMENTO I,250305020,RETENCION PROVEEDORES,0,0
437,FCP DAVIVIENDA CORREDORES DEUDA COMPARTIMENTO I,250305020,RETENCION PROVEEDORES,0,0
437,FCP DAVIVIENDA CORREDORES DEUDA COMPARTIMENTO I,253105003,CUENTA CORRIENTE IBA,0,0
437,FCP DAVIVIENDA CORREDORES DEUDA COMPARTIMENTO I,253105110,CUENTA COMPENSACION,0,0
437,FCP DAVIVIENDA CORREDORES DEUDA COMPARTIMENTO I,410495010,INGRESOS FINANCIEROS INVERSIONES,0,-19724020500
437,FCP DAVIVIENDA CORREDORES DEUDA COMPARTIMENTO I,410705115,OTROS EMISORES NACIONALES,0,-1184603231
437,FCP DAVIVIENDA CORREDORES DEUDA COMPARTIMENTO I,411495001,"(FD) BCO DAVIVIENDA Cta No, 482800031262",0,"-386066624,7"
437,FCP DAVIVIENDA CORREDORES DEUDA COMPARTIMENTO I,411495003,"(FD) BANCOLOMBIA Cta No, 69000006729",0,"-43869563,73"
437,FCP DAVIVIENDA CORREDORES DEUDA COMPARTIMENTO I,411495015,RENDIMIENTOS INVERSIONES EN FICS,0,"-19501189,65"
437,FCP DAVIVIENDA CORREDORES DEUDA COMPARTIMENTO I,511512010,GASTOS BANCARIOS,0,"42205,31"
437,FCP DAVIVIENDA CORREDORES DEUDA COMPARTIMENTO I,511548010,"COMISION DE ADMINISTRACION R,F,",0,"784424657,8"
437,FCP DAVIVIENDA CORREDORES DEUDA COMPARTIMENTO I,514005011,IMPOVENTAS,0,"17186642,04"
437,FCP DAVIVIENDA CORREDORES DEUDA COMPARTIMENTO I,517040115,DE INVERSIONES,0,139590902
437,FCP DAVIVIENDA CORREDORES DEUDA COMPARTIMENTO I,840505998,ACREEDORAS POR CONTRA PESOS,1133700000000,1133700000000
447,FCP PEGASUS COLOMBIA FONDO II - COMPARTIMENTO IRIS,161205010,ARRENDAMIENTOS DE BIENES PROPIOS,0,0
447,FCP PEGASUS COLOMBIA FONDO II - COMPARTIMENTO IRIS,161695030,Proveedores,-1010833,-3665833
447,FCP PEGASUS COLOMBIA FONDO II - COMPARTIMENTO IRIS,161695045,CUENTA CORRIENTE,"23,89","3278240,81"
447,FCP PEGASUS COLOMBIA FONDO II - COMPARTIMENTO IRIS,161695056,HONORARIOS,0,2655000
447,FCP PEGASUS COLOMBIA FONDO II - COMPARTIMENTO IRIS,161695056,HONORARIOS,1010833,1010833
447,FCP PEGASUS COLOMBIA FONDO II - COMPARTIMENTO IRIS,161695999,PROVEEDORES,0,0
447,FCP PEGASUS COLOMBIA FONDO II - COMPARTIMENTO IRIS,182705010,PROPIEDADES DE INVERSION,13564000000,12969000000
447,FCP PEGASUS COLOMBIA FONDO II - COMPARTIMENTO IRIS,192595020,COMISION ADMINISTRACION,0,0
447,FCP PEGASUS COLOMBIA FONDO II - COMPARTIMENTO IRIS,250110010,COMISION CUSTODIA FIJA,0,0
447,FCP PEGASUS COLOMBIA FONDO II - COMPARTIMENTO IRIS,250295050,OTROS - PROVEEDORES,0,0
447,FCP PEGASUS COLOMBIA FONDO II - COMPARTIMENTO IRIS,250295050,OTROS - PROVEEDORES,0,0
447,FCP PEGASUS COLOMBIA FONDO II - COMPARTIMENTO IRIS,250295050,OTROS - PROVEEDORES,0,0
447,FCP PEGASUS COLOMBIA FONDO II - COMPARTIMENTO IRIS,250305020,RETENCIÓN PROVEEDORES,0,0
447,FCP PEGASUS COLOMBIA FONDO II - COMPARTIMENTO IRIS,130205300,EMISORES  NACIONALES,0,"51653361,54"
447,FCP PEGASUS COLOMBIA FONDO II - COMPARTIMENTO IRIS,161695002,"(PII) BANCOLOMBIA AH CTA,  69000009074","18580,87","199366,12"
447,FCP PEGASUS COLOMBIA FONDO II - COMPARTIMENTO IRIS,161695015,GASTOS VARIOS DE ADMON,0,0
447,FCP PEGASUS COLOMBIA FONDO II - COMPARTIMENTO IRIS,161695071,COMISIONES,0,0
447,FCP PEGASUS COLOMBIA FONDO II - COMPARTIMENTO IRIS,161695999,PROVEEDORES,0,0
447,FCP PEGASUS COLOMBIA FONDO II - COMPARTIMENTO IRIS,161695999,PROVEEDORES,0,0
447,FCP PEGASUS COLOMBIA FONDO II - COMPARTIMENTO IRIS,161695999,PROVEEDORES,0,0
447,FCP PEGASUS COLOMBIA FONDO II - COMPARTIMENTO IRIS,161695999,PROVEEDORES,0,0
447,FCP PEGASUS COLOMBIA FONDO II - COMPARTIMENTO IRIS,163035010,IVA DESCONTABLE 19%,"263447,83",0
447,FCP PEGASUS COLOMBIA FONDO II - COMPARTIMENTO IRIS,192595015,COMISION DE GESTIÓN,0,0
447,FCP PEGASUS COLOMBIA FONDO II - COMPARTIMENTO IRIS,192595030,AMORTIZACION COMISION DE ADMON,0,0
447,FCP PEGASUS COLOMBIA FONDO II - COMPARTIMENTO IRIS,250105035,HONORARIOS,-2847000,-6676215
447,FCP PEGASUS COLOMBIA FONDO II - COMPARTIMENTO IRIS,250110015,COMISION DE ADMINISTRACION,0,0
447,FCP PEGASUS COLOMBIA FONDO II - COMPARTIMENTO IRIS,250295050,OTROS - PROVEEDORES,0,0
447,FCP PEGASUS COLOMBIA FONDO II - COMPARTIMENTO IRIS,250295050,OTROS - PROVEEDORES,0,0
447,FCP PEGASUS COLOMBIA FONDO II - COMPARTIMENTO IRIS,250305011,RENDIMIENTOS FINANCIEROS CAPITALIZADOS,0,0
447,FCP PEGASUS COLOMBIA FONDO II - COMPARTIMENTO IRIS,250305020,RETENCIÓN PROVEEDORES,0,0
447,FCP PEGASUS COLOMBIA FONDO II - COMPARTIMENTO IRIS,250305020,RETENCIÓN PROVEEDORES,0,0
447,FCP PEGASUS COLOMBIA FONDO II - COMPARTIMENTO IRIS,251905073,COMISIONES 11%,0,0
447,FCP PEGASUS COLOMBIA FONDO II - COMPARTIMENTO IRIS,253105110,CUENTA COMPENSACION,0,0
447,FCP PEGASUS COLOMBIA FONDO II - COMPARTIMENTO IRIS,411495999,OTROS,0,"-12,81"
447,FCP PEGASUS COLOMBIA FONDO II - COMPARTIMENTO IRIS,419595706,UTILIDAD EN VTA PROPIEDADES DE INVERSION,0,-25000000
447,FCP PEGASUS COLOMBIA FONDO II - COMPARTIMENTO IRIS,511595015,OTRAS COMISIONES,0,387786
447,FCP PEGASUS COLOMBIA FONDO II - COMPARTIMENTO IRIS,513015003,REVISORIA FISCAL,0,6219749
447,FCP PEGASUS COLOMBIA FONDO II - COMPARTIMENTO IRIS,513095090,OTROS,0,"16850828,01"
447,FCP PEGASUS COLOMBIA FONDO II - COMPARTIMENTO IRIS,514005011,IMPOVENTAS,0,"2500959,25"
447,FCP PEGASUS COLOMBIA FONDO II - COMPARTIMENTO IRIS,519095999,OTROS,0,"928,12"
447,FCP PEGASUS COLOMBIA FONDO II - COMPARTIMENTO IRIS,590505010,CANCELACION DE INGRESOS RF,0,"-146034740,3"
447,FCP PEGASUS COLOMBIA FONDO II - COMPARTIMENTO IRIS,590505015,CANCELACION DE INGRESOS RV,0,"-112220062,5"
448,FIC FINCA RAÍZ INTERNACIONAL,111505001,"(FR) BANCOLOMBIA Cta Ah No, 69000009513","209468484,7","7206301,01"
448,FIC FINCA RAÍZ INTERNACIONAL,111505007,"(FR) DAVIVIENDA Cta Ah No,482800043127","46178939,78","358668751,3"
448,FIC FINCA RAÍZ INTERNACIONAL,111505009,"(FR) BCO REPUBLICA Cta Cte No, 62257415",0,0
448,FIC FINCA RAÍZ INTERNACIONAL,111505011,"(FR) BANCOLOMBIA Cta Ah No, 69000009672","9916887,93","4464482,8"
447,FCP PEGASUS COLOMBIA FONDO II - COMPARTIMENTO IRIS,250305020,RETENCIÓN PROVEEDORES,0,0
447,FCP PEGASUS COLOMBIA FONDO II - COMPARTIMENTO IRIS,250340010,SOBRE LAS VENTAS POR PAGAR 19%,-3763520,0
447,FCP PEGASUS COLOMBIA FONDO II - COMPARTIMENTO IRIS,253105003,CUENTA CORRIENTE IBA,0,0
447,FCP PEGASUS COLOMBIA FONDO II - COMPARTIMENTO IRIS,352505010,PARTICIPACIONES EN FDO DE INVERSIÓN COLE,-13634136623,-13350487699
447,FCP PEGASUS COLOMBIA FONDO II - COMPARTIMENTO IRIS,411495002,"(PII) BANCOLOMBIA AH CTA,  69000009074",0,"-2274102,18"
447,FCP PEGASUS COLOMBIA FONDO II - COMPARTIMENTO IRIS,411495015,RENDIMIENTOS INVERSIONES EN FICS,0,"-1653361,54"
447,FCP PEGASUS COLOMBIA FONDO II - COMPARTIMENTO IRIS,414515010,ARRENDAMIENTO INMUEBLES IVA 19%,0,-5539802
447,FCP PEGASUS COLOMBIA FONDO II - COMPARTIMENTO IRIS,511325010,COMISION CUSTODIA FIJA,0,"6943200,85"
447,FCP PEGASUS COLOMBIA FONDO II - COMPARTIMENTO IRIS,511512010,GASTOS BANCARIOS,0,"23621,61"
447,FCP PEGASUS COLOMBIA FONDO II - COMPARTIMENTO IRIS,511548010,COMISION DE ADMINISTRACION,0,"49589041,08"
447,FCP PEGASUS COLOMBIA FONDO II - COMPARTIMENTO IRIS,511595011,COMISION GESTOR PROFESIONAL,0,116255611
447,FCP PEGASUS COLOMBIA FONDO II - COMPARTIMENTO IRIS,514005010,IMPUESTO A LOS MOVIMIENTOS FINANCIEROS,0,"-330423,6"
447,FCP PEGASUS COLOMBIA FONDO II - COMPARTIMENTO IRIS,514005015,IVA COMISION GESTOR PROFESIONAL,0,"22088566,09"
447,FCP PEGASUS COLOMBIA FONDO II - COMPARTIMENTO IRIS,514005020,IMPUESTOS PREDIAL,0,7481400
447,FCP PEGASUS COLOMBIA FONDO II - COMPARTIMENTO IRIS,519095050,GASTOS REEMBOLSABLES,0,64710814
448,FIC FINCA RAÍZ INTERNACIONAL,111505004,"(FR) BCO BOGOTA Cta Ah No, 003102241",310439057,272816092
448,FIC FINCA RAÍZ INTERNACIONAL,111505006,"(FR) BANCOLOMBIA Cta cte No, 69000009563","26999021,52","26995945,58"
448,FIC FINCA RAÍZ INTERNACIONAL,111505010,"(FR) DAVIVIENDA Cta Ah No, 482800044182","58783006,58","10577468,21"
448,FIC FINCA RAÍZ INTERNACIONAL,111505012,"(FR) BANCO BOGOTA Cta Ah No, 003126877",91703,95714
448,FIC FINCA RAÍZ INTERNACIONAL,111510002,(FR) BANCOLOMBIA PANAMA Cta: 80100033818,"21339988,95","19572954,94"
448,FIC FINCA RAÍZ INTERNACIONAL,111510003,(FR) BANCO BOGOTA MIAMI CTA: 101808,"26224418,4","23500868,9"
448,FIC FINCA RAÍZ INTERNACIONAL,122005010,"COMP DE TRANSF DE INV EN OP, SIM",0,0
448,FIC FINCA RAÍZ INTERNACIONAL,130210200,EMISORES EXTRANJEROS,4111361067,6242438396
448,FIC FINCA RAÍZ INTERNACIONAL,135115200,DERECHO DE COMPRA TITULOS,2242394413,0
448,FIC FINCA RAÍZ INTERNACIONAL,135145200,OBLIGACION DE VENTA SOBRE TÍTULOS,0,0
448,FIC FINCA RAÍZ INTERNACIONAL,161695003,"(FR) OCCIDENTE Cta Ah No, 219892866",0,"-10957,78"
448,FIC FINCA RAÍZ INTERNACIONAL,161695004,"(LD) BCO DAVIVIENDA cta No,482800025215","2029160,91","2136867,73"
448,FIC FINCA RAÍZ INTERNACIONAL,161695007,"(FR) DAVIVIENDA Cta Ah No,482800043127","18889,38","91449,28"
448,FIC FINCA RAÍZ INTERNACIONAL,161695010,"(FR) DAVIVIENDA Cta Ah No, 482800044182","24045,04","2696,43"
448,FIC FINCA RAÍZ INTERNACIONAL,161695011,"(FR) BANCOLOMBIA Cta Ah No, 69000009672","24897,03","10846,8"
448,FIC FINCA RAÍZ INTERNACIONAL,161695012,"(AA) Davivienda Panam Ah Cta,10001015157","599,3","749,79"
448,FIC FINCA RAÍZ INTERNACIONAL,161695014,"(FR) BANCOLOMBIA PANAMA Cta,80100033818",0,"7574,63"
448,FIC FINCA RAÍZ INTERNACIONAL,162825010,EN GARANTIA,0,0
448,FIC FINCA RAÍZ INTERNACIONAL,225020300,DERECHO VENTA TITULOS,0,0
448,FIC FINCA RAÍZ INTERNACIONAL,111510001,(FR) CITIBANK NEW YORk Cta: 27362200,2324273284,"84140095,55"
448,FIC FINCA RAÍZ INTERNACIONAL,111510005,(FR) ALLFUNDS CTA: ES9000110001190500576,"778579,62","478068,84"
448,FIC FINCA RAÍZ INTERNACIONAL,111510006,(FR) DAVIVIENDA PANAMA CTA:10002002749,0,"19724557,97"
448,FIC FINCA RAÍZ INTERNACIONAL,130205300,EMISORES  NACIONALES,"678777,61","713328,48"
448,FIC FINCA RAÍZ INTERNACIONAL,135105010,DERECHO DE COMPRA SOBRE DIVISAS,0,0
448,FIC FINCA RAÍZ INTERNACIONAL,135120200,DERECHO DE VENTA SOBRE TÍTULOS,0,0
448,FIC FINCA RAÍZ INTERNACIONAL,135130010,OBLIGACIÓN DE COMPRA SOBRE DIVISAS,0,0
448,FIC FINCA RAÍZ INTERNACIONAL,135140200,OBLIGACION DE COMPRA TITULOS,-2224408331,0
448,FIC FINCA RAÍZ INTERNACIONAL,161695001,"(FR) Bancolombia Ah No, 69000009513","49820,29","1960,23"
448,FIC FINCA RAÍZ INTERNACIONAL,161695015,GASTOS VARIOS DE ADMON,"4940681,82","5027369,86"
448,FIC FINCA RAÍZ INTERNACIONAL,161695045,CUENTA CORRIENTE,"35111,27","1875366,78"
448,FIC FINCA RAÍZ INTERNACIONAL,192595003,REVISORIA FISCAL,0,0
448,FIC FINCA RAÍZ INTERNACIONAL,225015011,DERECHO COMPRA SOBRE TITULOS,0,0
448,FIC FINCA RAÍZ INTERNACIONAL,225040011,OBLIGACION DE COMPRA SOBRE TITULOS,0,0
448,FIC FINCA RAÍZ INTERNACIONAL,250110033,COMISION CUSTODIO,0,0
448,FIC FINCA RAÍZ INTERNACIONAL,250305011,RENDIMIENTOS FINANCIEROS CAPITALIZADOS,0,0
448,FIC FINCA RAÍZ INTERNACIONAL,253105003,CUENTA CORRIENTE IBA,0,0
448,FIC FINCA RAÍZ INTERNACIONAL,253105110,CUENTA COMPENSACION,0,0
448,FIC FINCA RAÍZ INTERNACIONAL,410355010,REND X COMPROMISOS DE TRANSF OP SIM,0,-228958
448,FIC FINCA RAÍZ INTERNACIONAL,410705120,EMISORES EXTRANJEROS,0,"-78808278,52"
448,FIC FINCA RAÍZ INTERNACIONAL,410805200,EMISORES EXTRANJEROS,0,"-112420023,9"
448,FIC FINCA RAÍZ INTERNACIONAL,411495001,"(FR) Bancolombia Ah No, 69000009513",0,"-1943582,69"
448,FIC FINCA RAÍZ INTERNACIONAL,411495012,"(AA) Davivienda Panam Ah Cta,10001015157",0,"-4161,49"
448,FIC FINCA RAÍZ INTERNACIONAL,411495015,RENDIMIENTOS INVERSIONES EN FICS,0,"-34550,86"
448,FIC FINCA RAÍZ INTERNACIONAL,412510200,EMISORES EXTRANJEROS,0,"-99507,38"
448,FIC FINCA RAÍZ INTERNACIONAL,511548010,"COMISION DE ADMINISTRACION R,F,",0,"14371669,9"
448,FIC FINCA RAÍZ INTERNACIONAL,514005011,IMPOVENTAS,0,"900733,1"
448,FIC FINCA RAÍZ INTERNACIONAL,519095999,OTROS,0,"0,19"
448,FIC FINCA RAÍZ INTERNACIONAL,590505010,CANCELACION DE INGRESOS RF,0,"21242139,96"
448,FIC FINCA RAÍZ INTERNACIONAL,590505020,UTILIDAD/PERDIDA PAGADA EN REDENCIONES,0,"-177151869,7"
448,FIC FINCA RAÍZ INTERNACIONAL,810505210,EMISORES EXTRANJEROS,4111361067,6242438396
448,FIC FINCA RAÍZ INTERNACIONAL,830505010,DEUDORAS POR CONTRA,-4111361067,-6242438396
448,FIC FINCA RAÍZ INTERNACIONAL,840505010,ACREEDORAS POR CONTRA,0,0
449,FIC CERRADO NOTA ESTRUCTURADA ORO CON CAPITAL PROTEGIDO,111505003,"(OC) REPÚBLICA Cta No, 62257416",2000000,2000000
449,FIC CERRADO NOTA ESTRUCTURADA ORO CON CAPITAL PROTEGIDO,111505004,"(OC) DAVIVIENDA Cta AH No, 482800043564","324500492,6","150622543,9"
449,FIC CERRADO NOTA ESTRUCTURADA ORO CON CAPITAL PROTEGIDO,130120120,EMISORES EXTRANJEROS,85559805295,90298527575
448,FIC FINCA RAÍZ INTERNACIONAL,225045300,OBLIGACION VENTA TITULOS,0,0
448,FIC FINCA RAÍZ INTERNACIONAL,250105035,Revisoria Fiscal,0,0
448,FIC FINCA RAÍZ INTERNACIONAL,250110015,COMISION DE ADMINISTRACION,"-154347,5","-77183,11"
448,FIC FINCA RAÍZ INTERNACIONAL,253105220,CUENTA DE COMPENSACION DIVISAS,0,0
448,FIC FINCA RAÍZ INTERNACIONAL,352505010,PARTICIPACIONES EN FDO DE INVERSIÓN COLE,-7170805380,-7080459766
448,FIC FINCA RAÍZ INTERNACIONAL,352510010,PARTICIPACIONES POR IDENTIFICAR,"-682773,81",0
448,FIC FINCA RAÍZ INTERNACIONAL,411495004,"(FR) BCO BOGOTA Cta Ah No, 003102241",0,"-12622904,82"
448,FIC FINCA RAÍZ INTERNACIONAL,411495007,"(FR) DAVIVIENDA Cta Ah No,482800043127",0,"-7908409,44"
448,FIC FINCA RAÍZ INTERNACIONAL,411495010,"(FR) DAVIVIENDA Cta Ah No, 482800044182",0,"-1634317,02"
448,FIC FINCA RAÍZ INTERNACIONAL,411495011,"(FR) BANCOLOMBIA Cta Ah No, 69000009672",0,"-130144,64"
448,FIC FINCA RAÍZ INTERNACIONAL,411495014,"(FR) BANCOLOMBIA PANAMA Cta,80100033818",0,"-39530,71"
448,FIC FINCA RAÍZ INTERNACIONAL,413515010,REEXPRESION DE ACTIVOS,0,"-68990802,67"
448,FIC FINCA RAÍZ INTERNACIONAL,413515015,UT/PER REEXPRESIÓN OTROS ACTIVOS (DER CO,0,0
448,FIC FINCA RAÍZ INTERNACIONAL,419595999,OTROS,0,"-0,17"
448,FIC FINCA RAÍZ INTERNACIONAL,510805200,EMISORES EXTRANJEROS,0,"356628276,1"
448,FIC FINCA RAÍZ INTERNACIONAL,511325002,COMISION CUSTODIA VARIABLE,0,"2138549,63"
448,FIC FINCA RAÍZ INTERNACIONAL,511325010,COMISION CUSTODIA FIJA,0,60000
448,FIC FINCA RAÍZ INTERNACIONAL,511512010,GASTOS BANCARIOS,0,"790526,89"
448,FIC FINCA RAÍZ INTERNACIONAL,511595070,COMISIONES OP DEL EXTERIOR,0,"1400967,8"
448,FIC FINCA RAÍZ INTERNACIONAL,513015003,REVISORIA FISCAL,0,"4740700,26"
448,FIC FINCA RAÍZ INTERNACIONAL,513535010,REEXPRESION ACTIVOS,0,"72189948,13"
448,FIC FINCA RAÍZ INTERNACIONAL,514005010,IMPUESTO A LOS MOVIMIENTOS FINANCIEROS,0,"18841,44"
448,FIC FINCA RAÍZ INTERNACIONAL,590505015,CANCELACION DE INGRESOS RV,0,"-12465311,39"
448,FIC FINCA RAÍZ INTERNACIONAL,821505010,EN TITULOS DE TESORERIA - TES,0,0
449,FIC CERRADO NOTA ESTRUCTURADA ORO CON CAPITAL PROTEGIDO,111505001,"(OC) Bancolombia Cta Ah No, 69000009629","162018197,8","45389042,43"
449,FIC CERRADO NOTA ESTRUCTURADA ORO CON CAPITAL PROTEGIDO,111505002,"(OC) Bancolombia Cta cte No, 69000009630",0,"95937,39"
449,FIC CERRADO NOTA ESTRUCTURADA ORO CON CAPITAL PROTEGIDO,111505007,"(OC) BCO BOGOTA Cta Ah No,003119609",2110716052,2203028125
449,FIC CERRADO NOTA ESTRUCTURADA ORO CON CAPITAL PROTEGIDO,111510001,(OC) CITIBANK NEW YORK CTA: 28177700,"7857669,84","7196255,16"
449,FIC CERRADO NOTA ESTRUCTURADA ORO CON CAPITAL PROTEGIDO,122005010,"COMP DE TRANSF DE INV EN OP, SIM",0,0
449,FIC CERRADO NOTA ESTRUCTURADA ORO CON CAPITAL PROTEGIDO,161695001,"(OC) Bancolombia Cta Ah No, 69000009629","39487,82","21259,59"
449,FIC CERRADO NOTA ESTRUCTURADA ORO CON CAPITAL PROTEGIDO,161695004,"(LD) BCO DAVIVIENDA cta No,482800025215","132736,12","38511,59"
449,FIC CERRADO NOTA ESTRUCTURADA ORO CON CAPITAL PROTEGIDO,161695007,"(OC) BCO BOGOTA Cta Ah No,003119609","13792362,44","17255506,84"
449,FIC CERRADO NOTA ESTRUCTURADA ORO CON CAPITAL PROTEGIDO,162825010,EN GARANTIA,0,0
449,FIC CERRADO NOTA ESTRUCTURADA ORO CON CAPITAL PROTEGIDO,192595003,REVISORIA FISCAL,0,0
449,FIC CERRADO NOTA ESTRUCTURADA ORO CON CAPITAL PROTEGIDO,250105035,Revisoria Fiscal,0,0
449,FIC CERRADO NOTA ESTRUCTURADA ORO CON CAPITAL PROTEGIDO,250110015,COMISION DE ADMINISTRACION,"-3132973,68","-1643780,84"
449,FIC CERRADO NOTA ESTRUCTURADA ORO CON CAPITAL PROTEGIDO,250295050,OTROS PROVEEDORES,0,0
449,FIC CERRADO NOTA ESTRUCTURADA ORO CON CAPITAL PROTEGIDO,352505010,PARTICIPACIONES EN FDO DE INVERSIÓN COLE,-88177732658,-92722529605
449,FIC CERRADO NOTA ESTRUCTURADA ORO CON CAPITAL PROTEGIDO,410355010,REND X COMPROMISOS DE TRANSF OP SIM,0,-52749
449,FIC CERRADO NOTA ESTRUCTURADA ORO CON CAPITAL PROTEGIDO,411495004,"(OC) DAVIVIENDA Cta AH No, 482800043564",0,"-10492426,7"
449,FIC CERRADO NOTA ESTRUCTURADA ORO CON CAPITAL PROTEGIDO,413515010,REEXPRESION DE ACTIVOS,0,"-2072042,49"
449,FIC CERRADO NOTA ESTRUCTURADA ORO CON CAPITAL PROTEGIDO,511325002,COMISION CUSTODIA VARIABLE,0,"7154923,58"
449,FIC CERRADO NOTA ESTRUCTURADA ORO CON CAPITAL PROTEGIDO,511325010,COMISION CUSTODIA FIJA,0,60000
449,FIC CERRADO NOTA ESTRUCTURADA ORO CON CAPITAL PROTEGIDO,513015003,REVISORIA FISCAL,0,"4824257,43"
449,FIC CERRADO NOTA ESTRUCTURADA ORO CON CAPITAL PROTEGIDO,513535010,REEXPRESION ACTIVOS,0,"2733457,17"
449,FIC CERRADO NOTA ESTRUCTURADA ORO CON CAPITAL PROTEGIDO,514005010,IMPUESTO A LOS MOVIMIENTOS FINANCIEROS,0,"22908,71"
449,FIC CERRADO NOTA ESTRUCTURADA ORO CON CAPITAL PROTEGIDO,810505120,EMISORES EXTRANJEROS,85559805295,90298527575
449,FIC CERRADO NOTA ESTRUCTURADA ORO CON CAPITAL PROTEGIDO,821505010,EN TITULOS DE TESORERIA - TES,0,0
452,FIC CERRADO CAPITAL PRIVADO INTERNACIONAL,111505001,"(FPI) DAVIVIENDA Cta Ah No, 482800050684","113549678,7","169965495,2"
452,FIC CERRADO CAPITAL PRIVADO INTERNACIONAL,111505011,"(FPI) BANCOLOMBIA Cta No, 69000010668","0,04",0
452,FIC CERRADO CAPITAL PRIVADO INTERNACIONAL,111505012,"(FPI) BANCOLOMBIA Cta,Ah No, 69000010670","81101406,11","113679960,5"
452,FIC CERRADO CAPITAL PRIVADO INTERNACIONAL,111505013,"(FPI) BANCOLOMBIA Cta Ah No, 69000010671","103172590,5",104826522
452,FIC CERRADO CAPITAL PRIVADO INTERNACIONAL,111510005,(FPI) ALLFUNDS CTA:110001130500576010,1103609714,"51739795,15"
452,FIC CERRADO CAPITAL PRIVADO INTERNACIONAL,130205300,EMISORES  NACIONALES,"170922557,7","179622797,1"
452,FIC CERRADO CAPITAL PRIVADO INTERNACIONAL,161695008,"(FPI) BANCOLOMBIA Ah No, 69000010671","16711,14","354247,1"
452,FIC CERRADO CAPITAL PRIVADO INTERNACIONAL,161695009,(FPI) Banc Panamá Ah Cta:80100035370,"10084,37","10074,52"
452,FIC CERRADO CAPITAL PRIVADO INTERNACIONAL,161695015,GASTOS VARIOS DE ADMON,0,"-905,55"
452,FIC CERRADO CAPITAL PRIVADO INTERNACIONAL,161695045,CUENTA CORRIENTE,174846,"174845,51"
452,FIC CERRADO CAPITAL PRIVADO INTERNACIONAL,161695999,PROVEEDORES,0,0
452,FIC CERRADO CAPITAL PRIVADO INTERNACIONAL,192595003,REVISORIA FISCAL,0,0
452,FIC CERRADO CAPITAL PRIVADO INTERNACIONAL,250305011,RENDIMIENTOS FINANCIEROS CAPITALIZADOS,0,0
452,FIC CERRADO CAPITAL PRIVADO INTERNACIONAL,253105003,CUENTA CORRIENTE IBA,0,0
452,FIC CERRADO CAPITAL PRIVADO INTERNACIONAL,253105110,CUENTA COMPENSACION,"-0,2",0
452,FIC CERRADO CAPITAL PRIVADO INTERNACIONAL,411415020,DIVIDENDOS,0,"-1089923,73"
452,FIC CERRADO CAPITAL PRIVADO INTERNACIONAL,411495008,"(FPI) BANCOLOMBIA Ah No, 69000010671",0,"-1991467,43"
452,FIC CERRADO CAPITAL PRIVADO INTERNACIONAL,411495015,RENDIMIENTOS INVERSIONES EN FICS,0,"-8700239,52"
452,FIC CERRADO CAPITAL PRIVADO INTERNACIONAL,411495999,OTROS,0,"-1,09"
449,FIC CERRADO NOTA ESTRUCTURADA ORO CON CAPITAL PROTEGIDO,161695011,"(OC) Bogota cta No, 003148053","2540,64","2540,64"
449,FIC CERRADO NOTA ESTRUCTURADA ORO CON CAPITAL PROTEGIDO,161695015,GASTOS VARIOS DE ADMON,0,0
449,FIC CERRADO NOTA ESTRUCTURADA ORO CON CAPITAL PROTEGIDO,161695045,CUENTA CORRIENTE,"798,09","0,02"
449,FIC CERRADO NOTA ESTRUCTURADA ORO CON CAPITAL PROTEGIDO,161695999,PROVEEDORES,0,0
449,FIC CERRADO NOTA ESTRUCTURADA ORO CON CAPITAL PROTEGIDO,250110033,COMISION CUSTODIO,0,0
449,FIC CERRADO NOTA ESTRUCTURADA ORO CON CAPITAL PROTEGIDO,250305011,RENDIMIENTOS FINANCIEROS CAPITALIZADOS,0,0
449,FIC CERRADO NOTA ESTRUCTURADA ORO CON CAPITAL PROTEGIDO,250305020,RTE FTE PROVEEDORES,0,0
449,FIC CERRADO NOTA ESTRUCTURADA ORO CON CAPITAL PROTEGIDO,253105003,CUENTA CORRIENTE IBA,0,0
449,FIC CERRADO NOTA ESTRUCTURADA ORO CON CAPITAL PROTEGIDO,253105110,CUENTA COMPENSACION,0,"-3911,44"
449,FIC CERRADO NOTA ESTRUCTURADA ORO CON CAPITAL PROTEGIDO,410705120,EMISORES EXTRANJEROS,0,-4871791038
449,FIC CERRADO NOTA ESTRUCTURADA ORO CON CAPITAL PROTEGIDO,411495001,"(OC) Bancolombia Cta Ah No, 69000009629",0,"-1359850,33"
449,FIC CERRADO NOTA ESTRUCTURADA ORO CON CAPITAL PROTEGIDO,411495007,"(OC) BCO BOGOTA Cta Ah No,003119609",0,"-95775217,4"
449,FIC CERRADO NOTA ESTRUCTURADA ORO CON CAPITAL PROTEGIDO,411495999,OTROS,0,"-992,66"
449,FIC CERRADO NOTA ESTRUCTURADA ORO CON CAPITAL PROTEGIDO,510605120,EMISORES EXTRANJEROS,0,"133068757,9"
449,FIC CERRADO NOTA ESTRUCTURADA ORO CON CAPITAL PROTEGIDO,511512010,GASTOS BANCARIOS,0,"68581,24"
449,FIC CERRADO NOTA ESTRUCTURADA ORO CON CAPITAL PROTEGIDO,511548010,"COMISION DE ADMINISTRACION R,F,",0,"287906835,6"
449,FIC CERRADO NOTA ESTRUCTURADA ORO CON CAPITAL PROTEGIDO,514005011,IMPOVENTAS,0,"906829,29"
449,FIC CERRADO NOTA ESTRUCTURADA ORO CON CAPITAL PROTEGIDO,519095999,OTROS,0,"819,06"
449,FIC CERRADO NOTA ESTRUCTURADA ORO CON CAPITAL PROTEGIDO,590505010,CANCELACION DE INGRESOS RF,0,4544796947
449,FIC CERRADO NOTA ESTRUCTURADA ORO CON CAPITAL PROTEGIDO,830505010,DEUDORAS POR CONTRA,-85559805295,-90298527575
449,FIC CERRADO NOTA ESTRUCTURADA ORO CON CAPITAL PROTEGIDO,840505010,ACREEDORAS POR CONTRA,0,0
452,FIC CERRADO CAPITAL PRIVADO INTERNACIONAL,111505007,"(FPI) BCO BOGOTA Cta AH No, 003247012",6145984,6414779
452,FIC CERRADO CAPITAL PRIVADO INTERNACIONAL,111510001,(FPI) Banc Panamá Ah Cta:80100035370,"27454260,94","25180957,38"
452,FIC CERRADO CAPITAL PRIVADO INTERNACIONAL,111510007,(FPI) Davivienda Panamá Cta: 10001016465,"39344855,65","36497847,29"
452,FIC CERRADO CAPITAL PRIVADO INTERNACIONAL,111510008,(FPI) Bogotá Miami Cta: 102954,"39336627,6","36025490,1"
452,FIC CERRADO CAPITAL PRIVADO INTERNACIONAL,130210200,EMISORES EXTRANJEROS,14633158442,13960197185
452,FIC CERRADO CAPITAL PRIVADO INTERNACIONAL,135115200,DERECHO DE COMPRA TITULOS,0,0
452,FIC CERRADO CAPITAL PRIVADO INTERNACIONAL,135140200,OBLIGACION DE COMPRA TITULOS,0,0
452,FIC CERRADO CAPITAL PRIVADO INTERNACIONAL,161695001,"(FPI) DAVIVIENDA Cta Ah No, 482800050684","46447,22","43328,03"
452,FIC CERRADO CAPITAL PRIVADO INTERNACIONAL,161695005,"(FPI) BCO BOGOTA AH No, 003247012","40237,03","50244,59"
452,FIC CERRADO CAPITAL PRIVADO INTERNACIONAL,161695007,"(FPI) BANCOLOMBIA Ah No, 69000010670","151217,68","394025,37"
452,FIC CERRADO CAPITAL PRIVADO INTERNACIONAL,161695010,(FPI) Davivienda Panamá Cta: 10001016465,"113835,68","182731,86"
452,FIC CERRADO CAPITAL PRIVADO INTERNACIONAL,250105035,Revisoria Fiscal,0,0
452,FIC CERRADO CAPITAL PRIVADO INTERNACIONAL,511548010,"COMISION DE ADMINISTRACION R,F,",0,"111029326,2"
452,FIC CERRADO CAPITAL PRIVADO INTERNACIONAL,514005011,IMPOVENTAS,0,"1274122,72"
452,FIC CERRADO CAPITAL PRIVADO INTERNACIONAL,519095999,OTROS,0,"2,79"
452,FIC CERRADO CAPITAL PRIVADO INTERNACIONAL,590505010,CANCELACION DE INGRESOS RF,0,"-35337650,07"
452,FIC CERRADO CAPITAL PRIVADO INTERNACIONAL,590505015,CANCELACION DE INGRESOS RV,0,-1796964947
452,FIC CERRADO CAPITAL PRIVADO INTERNACIONAL,810505210,EMISORES EXTRANJEROS,14633158442,13960197185
452,FIC CERRADO CAPITAL PRIVADO INTERNACIONAL,830505010,DEUDORAS POR CONTRA,-14633158442,-13960197185
454,FIC EVOLUCION NOTA EUROPA 2027,111505003,"(NE) Bancolombia Cta Ah No, 69000011028",1102215225,1117041092
454,FIC EVOLUCION NOTA EUROPA 2027,111505008,(NE) Banco Bogotá Cta Ah 003298205,9242951,9640755
454,FIC EVOLUCION NOTA EUROPA 2027,111505009,(NE) Bancolombia Cta Ah 03100014452,"982016341,3","722476282,5"
454,FIC EVOLUCION NOTA EUROPA 2027,111510003,"(NE) CitiBank NY Cta, 28464300","8872419,56","8125588,85"
454,FIC EVOLUCION NOTA EUROPA 2027,130120120,EMISORES EXTRANJEROS,79109139077,92346973160
454,FIC EVOLUCION NOTA EUROPA 2027,161695010,(NE) Bancolombia Cta Ah 03100014452,"239352,34","295923,18"
454,FIC EVOLUCION NOTA EUROPA 2027,161695011,(NE) Davivienda Cta Ah 482800055436,"10749552,4","185805,26"
454,FIC EVOLUCION NOTA EUROPA 2027,161695015,GASTOS VARIOS DE ADMON,0,0
454,FIC EVOLUCION NOTA EUROPA 2027,161695025,CUENTAS POR COBRAR RET FTE SUSCRIPTORES,59554,0
454,FIC EVOLUCION NOTA EUROPA 2027,161695045,CUENTA CORRIENTE,"0,08","1,34"
454,FIC EVOLUCION NOTA EUROPA 2027,250110033,COMISION CUSTODIO,0,0
454,FIC EVOLUCION NOTA EUROPA 2027,253105003,CUENTA CORRIENTE IBA,0,0
454,FIC EVOLUCION NOTA EUROPA 2027,253105110,CUENTA COMPENSACION,0,0
454,FIC EVOLUCION NOTA EUROPA 2027,410705120,EMISORES EXTRANJEROS,0,-15884531462
454,FIC EVOLUCION NOTA EUROPA 2027,411495009,(NE) Banco Bogotá Cta Ah 003298205,0,"-412917,66"
454,FIC EVOLUCION NOTA EUROPA 2027,411495010,(NE) Bancolombia Cta Ah 03100014452,0,"-12515772,65"
454,FIC EVOLUCION NOTA EUROPA 2027,411495999,OTROS,0,"-2930,93"
454,FIC EVOLUCION NOTA EUROPA 2027,413515010,REEXPRESION DE ACTIVOS,0,"-2339628,74"
454,FIC EVOLUCION NOTA EUROPA 2027,511325010,COMISION CUSTODIA FIJA,0,90000
454,FIC EVOLUCION NOTA EUROPA 2027,511512010,GASTOS BANCARIOS,0,"89127,85"
454,FIC EVOLUCION NOTA EUROPA 2027,511548010,"COMISION DE ADMINISTRACION R,F,",0,"255553138,8"
454,FIC EVOLUCION NOTA EUROPA 2027,514005011,IMPOVENTAS,0,"1254072,92"
454,FIC EVOLUCION NOTA EUROPA 2027,519095999,OTROS,0,"637,35"
455,FIC CERRADO IMPULSO IA CAPITAL PROTEGIDO,111505002,"(IM) Bancolombia Cta cte No,03100014722",0,"701167,71"
455,FIC CERRADO IMPULSO IA CAPITAL PROTEGIDO,111505003,"(IM) Bco Bogotá Cta Ah No, 003351095",302536748,331142520
455,FIC CERRADO IMPULSO IA CAPITAL PROTEGIDO,111505008,"(IM) OCCIDENTE Cta Ah No, 270910060",0,0
455,FIC CERRADO IMPULSO IA CAPITAL PROTEGIDO,111505010,"(IM) BANCOLOMBIA Cta Ah No,03100015561","847132116,9","603127099,2"
455,FIC CERRADO IMPULSO IA CAPITAL PROTEGIDO,111510001,(IM) OCCIDENTAL BARBADOS Cte Cta:514292,0,"260711,69"
455,FIC CERRADO IMPULSO IA CAPITAL PROTEGIDO,111510004,(IM) Citi New York Cta:28511100,0,"15716025,43"
455,FIC CERRADO IMPULSO IA CAPITAL PROTEGIDO,130120120,EMISORES EXTRANJEROS,0,77615951983
455,FIC CERRADO IMPULSO IA CAPITAL PROTEGIDO,135105010,DERECHO DE COMPRA SOBRE DIVISAS,0,0
455,FIC CERRADO IMPULSO IA CAPITAL PROTEGIDO,161695009,"(IM) DAVIVIENDA Cta Ah No,482800060998","20975957,82","24639606,06"
455,FIC CERRADO IMPULSO IA CAPITAL PROTEGIDO,161695012,"(IM ) Bco Occidente cta, Ah 219908159",0,"2000871,58"
455,FIC CERRADO IMPULSO IA CAPITAL PROTEGIDO,161695045,CUENTA CORRIENTE,"0,02","2513169,45"
455,FIC CERRADO IMPULSO IA CAPITAL PROTEGIDO,250105035,Revisoria Fiscal,0,0
455,FIC CERRADO IMPULSO IA CAPITAL PROTEGIDO,250110033,COMISION CUSTODIO,-15000,0
455,FIC CERRADO IMPULSO IA CAPITAL PROTEGIDO,253105003,CUENTA CORRIENTE IBA,0,0
455,FIC CERRADO IMPULSO IA CAPITAL PROTEGIDO,253105220,CUENTA DE COMPENSACION DIVISAS,0,0
455,FIC CERRADO IMPULSO IA CAPITAL PROTEGIDO,352505010,PARTICIPACIONES EN FDO DE INVERSIÓN COLE,-80362236286,-80659068722
455,FIC CERRADO IMPULSO IA CAPITAL PROTEGIDO,410705120,EMISORES EXTRANJEROS,0,-2031812719
455,FIC CERRADO IMPULSO IA CAPITAL PROTEGIDO,411495002,"(IM) Bco Bogotá Cta Ah No, 003351095",0,"-14440928,66"
455,FIC CERRADO IMPULSO IA CAPITAL PROTEGIDO,411495009,"(IM) DAVIVIENDA Cta Ah No,482800060998",0,"-4180996,63"
455,FIC CERRADO IMPULSO IA CAPITAL PROTEGIDO,413515010,REEXPRESION DE ACTIVOS,0,0
455,FIC CERRADO IMPULSO IA CAPITAL PROTEGIDO,413515015,UT/PER REEXPRESIÓN OTROS ACTIVOS (DER CO,0,"-533365836,6"
455,FIC CERRADO IMPULSO IA CAPITAL PROTEGIDO,511325010,COMISION CUSTODIA FIJA,0,"1345866,38"
455,FIC CERRADO IMPULSO IA CAPITAL PROTEGIDO,511512010,GASTOS BANCARIOS,0,"2286023,69"
455,FIC CERRADO IMPULSO IA CAPITAL PROTEGIDO,511548010,"COMISION DE ADMINISTRACION R,F,",0,"218961480,6"
455,FIC CERRADO IMPULSO IA CAPITAL PROTEGIDO,514005010,IMPUESTO A LOS MOVIMIENTOS FINANCIEROS,0,"34078,04"
455,FIC CERRADO IMPULSO IA CAPITAL PROTEGIDO,821505010,EN TITULOS DE TESORERIA - TES,-78576697350,0
456,FCP PEGASUS II COMPARTIMENTO DESARROLLO URBANO,161695007,(FIR) Davivienda CTA AH 482800056210,"761889,5","302505,47"
456,FCP PEGASUS II COMPARTIMENTO DESARROLLO URBANO,161695030,Proveedores,0,0
456,FCP PEGASUS II COMPARTIMENTO DESARROLLO URBANO,250110010,COMISION CUSTODIA FIJA,0,0
456,FCP PEGASUS II COMPARTIMENTO DESARROLLO URBANO,250110015,COMISION DE ADMINISTRACION,0,0
456,FCP PEGASUS II COMPARTIMENTO DESARROLLO URBANO,250295050,OTROS - PROVEEDORES,0,0
456,FCP PEGASUS II COMPARTIMENTO DESARROLLO URBANO,250295050,OTROS - PROVEEDORES,0,0
456,FCP PEGASUS II COMPARTIMENTO DESARROLLO URBANO,250295050,OTROS - PROVEEDORES,0,0
456,FCP PEGASUS II COMPARTIMENTO DESARROLLO URBANO,250305020,RETENCIÓN PROVEEDORES,0,0
456,FCP PEGASUS II COMPARTIMENTO DESARROLLO URBANO,251905073,COMISIONES 11%,0,0
456,FCP PEGASUS II COMPARTIMENTO DESARROLLO URBANO,352505010,PARTICIPACIONES EN FDO DE INVERSIÓN COLE,-43963409715,-43589265108
456,FCP PEGASUS II COMPARTIMENTO DESARROLLO URBANO,410805300,EMISORES NACIONALES,0,"-41,84"
456,FCP PEGASUS II COMPARTIMENTO DESARROLLO URBANO,411495007,(FIR) Davivienda CTA AH 482800056210,0,"-17562982,21"
452,FIC CERRADO CAPITAL PRIVADO INTERNACIONAL,250110015,COMISION DE ADMINISTRACION,"-1254809,32","-567330,29"
452,FIC CERRADO CAPITAL PRIVADO INTERNACIONAL,250295050,OTROS PROVEEDORES,0,0
452,FIC CERRADO CAPITAL PRIVADO INTERNACIONAL,250305020,RTE FTE PROVEEDORES,0,0
452,FIC CERRADO CAPITAL PRIVADO INTERNACIONAL,253105220,CUENTA DE COMPENSACION DIVISAS,0,0
452,FIC CERRADO CAPITAL PRIVADO INTERNACIONAL,352505010,PARTICIPACIONES EN FDO DE INVERSIÓN COLE,-16317094686,-14684792090
452,FIC CERRADO CAPITAL PRIVADO INTERNACIONAL,410805200,EMISORES EXTRANJEROS,0,"-140744890,1"
452,FIC CERRADO CAPITAL PRIVADO INTERNACIONAL,411495001,"(FPI) DAVIVIENDA Cta Ah No, 482800050684",0,"-6412697,34"
452,FIC CERRADO CAPITAL PRIVADO INTERNACIONAL,411495005,"(FPI) BCO BOGOTA AH No, 003247012",0,"-278802,56"
452,FIC CERRADO CAPITAL PRIVADO INTERNACIONAL,411495007,"(FPI) BANCOLOMBIA Ah No, 69000010670",0,"-2345443,4"
452,FIC CERRADO CAPITAL PRIVADO INTERNACIONAL,411495009,(FPI) Banc Panamá Ah Cta:80100035370,0,"-40325,2"
452,FIC CERRADO CAPITAL PRIVADO INTERNACIONAL,411495010,(FPI) Davivienda Panamá Cta: 10001016465,0,"-579129,07"
452,FIC CERRADO CAPITAL PRIVADO INTERNACIONAL,413515010,REEXPRESION DE ACTIVOS,0,"-42922589,36"
452,FIC CERRADO CAPITAL PRIVADO INTERNACIONAL,419595999,OTROS,0,"-67,74"
452,FIC CERRADO CAPITAL PRIVADO INTERNACIONAL,510805200,EMISORES EXTRANJEROS,0,1861931467
452,FIC CERRADO CAPITAL PRIVADO INTERNACIONAL,511512010,GASTOS BANCARIOS,0,"55552,09"
452,FIC CERRADO CAPITAL PRIVADO INTERNACIONAL,513015003,REVISORIA FISCAL,0,"6447578,28"
452,FIC CERRADO CAPITAL PRIVADO INTERNACIONAL,513535010,REEXPRESION ACTIVOS,0,"56643175,45"
452,FIC CERRADO CAPITAL PRIVADO INTERNACIONAL,514005010,IMPUESTO A LOS MOVIMIENTOS FINANCIEROS,0,"26948,9"
454,FIC EVOLUCION NOTA EUROPA 2027,111505006,"(NE) Bancolombia Cta Ct No,69000011050","9021,52","6965,41"
454,FIC EVOLUCION NOTA EUROPA 2027,111505007,(NE) Banco Bogotá Cta Ah 003317062,181880528,189807080
454,FIC EVOLUCION NOTA EUROPA 2027,111505010,(NE) Davivienda Cta Ah 482800055436,"685137931,7","715717088,4"
454,FIC EVOLUCION NOTA EUROPA 2027,161695002,"(NE) Bancolombia Cta Ah No, 69000011028","357015,98","2713723,78"
454,FIC EVOLUCION NOTA EUROPA 2027,161695008,(NE) Banco Bogotá Cta Ah 003317062,"31819137,69","16802011,89"
454,FIC EVOLUCION NOTA EUROPA 2027,161695009,(NE) Banco Bogotá Cta Ah 003298205,"60398,84","75512,5"
454,FIC EVOLUCION NOTA EUROPA 2027,192595003,REVISORIA FISCAL,0,0
454,FIC EVOLUCION NOTA EUROPA 2027,250105035,Revisoria Fiscal,0,0
454,FIC EVOLUCION NOTA EUROPA 2027,250110015,COMISION DE ADMINISTRACION,"-2697019,39","-1523723,93"
454,FIC EVOLUCION NOTA EUROPA 2027,250305011,RENDIMIENTOS FINANCIEROS CAPITALIZADOS,0,0
454,FIC EVOLUCION NOTA EUROPA 2027,352505010,PARTICIPACIONES EN FDO DE INVERSIÓN COLE,-82119101487,-95128337266
454,FIC EVOLUCION NOTA EUROPA 2027,411495002,"(NE) Bancolombia Cta Ah No, 69000011028",0,"-17182574,54"
454,FIC EVOLUCION NOTA EUROPA 2027,411495008,(NE) Banco Bogotá Cta Ah 003317062,0,"7082800,8"
454,FIC EVOLUCION NOTA EUROPA 2027,411495011,(NE) Davivienda Cta Ah 482800055436,0,"-20015409,62"
454,FIC EVOLUCION NOTA EUROPA 2027,510605115,OTROS EMISORES,0,2646697379
454,FIC EVOLUCION NOTA EUROPA 2027,511325002,COMISION CUSTODIA VARIABLE,0,"7419759,59"
454,FIC EVOLUCION NOTA EUROPA 2027,513015003,REVISORIA FISCAL,0,"6467627,15"
454,FIC EVOLUCION NOTA EUROPA 2027,513535010,REEXPRESION ACTIVOS,0,"3086459,43"
454,FIC EVOLUCION NOTA EUROPA 2027,514005010,IMPUESTO A LOS MOVIMIENTOS FINANCIEROS,0,"23914,35"
454,FIC EVOLUCION NOTA EUROPA 2027,590505010,CANCELACION DE INGRESOS RF,0,13009235779
454,FIC EVOLUCION NOTA EUROPA 2027,810505120,EMISORES EXTRANJEROS,79109139077,92346973160
454,FIC EVOLUCION NOTA EUROPA 2027,830505010,DEUDORAS POR CONTRA,-79109139077,-92346973160
455,FIC CERRADO IMPULSO IA CAPITAL PROTEGIDO,111505005,"(IM) Bco República Cta cte No, 62257423",0,0
455,FIC CERRADO IMPULSO IA CAPITAL PROTEGIDO,111505009,"(IM) DAVIVIENDA Cta Ah No,482800060998",570000000,"570517348,4"
455,FIC CERRADO IMPULSO IA CAPITAL PROTEGIDO,111505011,"(IM ) Bco Occidente cta, Ah 219908159",0,1490052071
455,FIC CERRADO IMPULSO IA CAPITAL PROTEGIDO,122005010,"COMP DE TRANSF DE INV EN OP, SIM",78602248470,0
455,FIC CERRADO IMPULSO IA CAPITAL PROTEGIDO,135130010,OBLIGACIÓN DE COMPRA SOBRE DIVISAS,0,0
455,FIC CERRADO IMPULSO IA CAPITAL PROTEGIDO,161695002,"(IM) Bco Bogotá Cta Ah No, 003351095","16758560,57","2593717,23"
455,FIC CERRADO IMPULSO IA CAPITAL PROTEGIDO,161695011,"(IM) BANCOLOMBIA Cta Ah No,03100015561","5103920,62","1084677,36"
455,FIC CERRADO IMPULSO IA CAPITAL PROTEGIDO,161695015,GASTOS VARIOS DE ADMON,0,0
455,FIC CERRADO IMPULSO IA CAPITAL PROTEGIDO,192595003,REVISORIA FISCAL,0,0
455,FIC CERRADO IMPULSO IA CAPITAL PROTEGIDO,250110015,COMISION DE ADMINISTRACION,"-2504487,65","-1232245,86"
455,FIC CERRADO IMPULSO IA CAPITAL PROTEGIDO,250305011,RENDIMIENTOS FINANCIEROS CAPITALIZADOS,0,0
455,FIC CERRADO IMPULSO IA CAPITAL PROTEGIDO,253105110,CUENTA COMPENSACION,0,0
455,FIC CERRADO IMPULSO IA CAPITAL PROTEGIDO,410355010,REND X COMPROMISOS DE TRANSF OP SIM,0,"-19053910,39"
455,FIC CERRADO IMPULSO IA CAPITAL PROTEGIDO,411495011,"(IM) BANCOLOMBIA Cta Ah No,03100015561",0,0
455,FIC CERRADO IMPULSO IA CAPITAL PROTEGIDO,411495012,"(IM ) Bco Occidente cta, Ah 219908159",0,"-61295612,83"
455,FIC CERRADO IMPULSO IA CAPITAL PROTEGIDO,411495999,OTROS,0,0
455,FIC CERRADO IMPULSO IA CAPITAL PROTEGIDO,510605115,OTROS EMISORES,0,0
455,FIC CERRADO IMPULSO IA CAPITAL PROTEGIDO,510805010,POR DISMINUCION EN EL VALOR DE MERCADO,0,0
455,FIC CERRADO IMPULSO IA CAPITAL PROTEGIDO,511325002,COMISION CUSTODIA VARIABLE,0,"6625978,59"
455,FIC CERRADO IMPULSO IA CAPITAL PROTEGIDO,513015003,REVISORIA FISCAL,0,"11013291,47"
455,FIC CERRADO IMPULSO IA CAPITAL PROTEGIDO,513535010,REEXPRESION ACTIVOS,0,2121575433
455,FIC CERRADO IMPULSO IA CAPITAL PROTEGIDO,514005011,IMPOVENTAS,0,"2092524,84"
455,FIC CERRADO IMPULSO IA CAPITAL PROTEGIDO,519095999,OTROS,0,"3382890,9"
455,FIC CERRADO IMPULSO IA CAPITAL PROTEGIDO,590505010,CANCELACION DE INGRESOS RF,0,"296832436,4"
455,FIC CERRADO IMPULSO IA CAPITAL PROTEGIDO,810505120,EMISORES EXTRANJEROS,0,77615951983
455,FIC CERRADO IMPULSO IA CAPITAL PROTEGIDO,830505010,DEUDORAS POR CONTRA,0,-77615951983
455,FIC CERRADO IMPULSO IA CAPITAL PROTEGIDO,840505010,ACREEDORAS POR CONTRA,78576697350,0
456,FCP PEGASUS II COMPARTIMENTO DESARROLLO URBANO,111505021,"(FIR) Davivienda Cta, AH 482800056210","619611040,3","246896949,8"
456,FCP PEGASUS II COMPARTIMENTO DESARROLLO URBANO,511325010,COMISION CUSTODIA FIJA,0,"13412849,15"
456,FCP PEGASUS II COMPARTIMENTO DESARROLLO URBANO,511512010,GASTOS BANCARIOS,0,"14753,31"
456,FCP PEGASUS II COMPARTIMENTO DESARROLLO URBANO,513015003,REVISORIA FISCAL,0,9505750
456,FCP PEGASUS II COMPARTIMENTO DESARROLLO URBANO,514005010,IMPUESTO A LOS MOVIMIENTOS FINANCIEROS,0,"1201042,95"
456,FCP PEGASUS II COMPARTIMENTO DESARROLLO URBANO,514005015,IVA COMISION GESTOR PROFESIONAL,0,"41976432,86"
456,FCP PEGASUS II COMPARTIMENTO DESARROLLO URBANO,810505205,EMISORES NACIONALES,43343036780,43343036822
456,FCP PEGASUS II COMPARTIMENTO DESARROLLO URBANO,136000300,INVERSIONES DERECHOS FIDUCIARIOS,43343036780,43343036822
456,FCP PEGASUS II COMPARTIMENTO DESARROLLO URBANO,161695015,GASTOS VARIOS DE ADMON,0,"48,18"
456,FCP PEGASUS II COMPARTIMENTO DESARROLLO URBANO,161695045,CUENTA CORRIENTE,"5,32","63462,78"
456,FCP PEGASUS II COMPARTIMENTO DESARROLLO URBANO,161695071,COMISIONES,0,0
456,FCP PEGASUS II COMPARTIMENTO DESARROLLO URBANO,161695999,PROVEEDORES,0,0
456,FCP PEGASUS II COMPARTIMENTO DESARROLLO URBANO,161695999,PROVEEDORES,0,0
456,FCP PEGASUS II COMPARTIMENTO DESARROLLO URBANO,161695999,PROVEEDORES,0,0
456,FCP PEGASUS II COMPARTIMENTO DESARROLLO URBANO,192595015,COMISION DE GESTIÓN,0,0
456,FCP PEGASUS II COMPARTIMENTO DESARROLLO URBANO,192595030,AMORTIZACION COMISION DE ADMON,0,0
456,FCP PEGASUS II COMPARTIMENTO DESARROLLO URBANO,250305011,RENDIMIENTOS FINANCIEROS CAPITALIZADOS,0,0
456,FCP PEGASUS II COMPARTIMENTO DESARROLLO URBANO,250305020,RETENCIÓN PROVEEDORES,0,0
456,FCP PEGASUS II COMPARTIMENTO DESARROLLO URBANO,253105003,CUENTA CORRIENTE IBA,0,0
456,FCP PEGASUS II COMPARTIMENTO DESARROLLO URBANO,253105110,CUENTA COMPENSACION,0,"-1034679,92"
456,FCP PEGASUS II COMPARTIMENTO DESARROLLO URBANO,411495999,OTROS,0,"-0,25"
456,FCP PEGASUS II COMPARTIMENTO DESARROLLO URBANO,511548010,COMISION DE ADMINISTRACION,0,91901160
456,FCP PEGASUS II COMPARTIMENTO DESARROLLO URBANO,511595011,COMISION GESTOR PROFESIONAL,0,220928594
456,FCP PEGASUS II COMPARTIMENTO DESARROLLO URBANO,513095090,OTROS,0,7747165
456,FCP PEGASUS II COMPARTIMENTO DESARROLLO URBANO,514005011,IMPOVENTAS,0,"5019878,62"
456,FCP PEGASUS II COMPARTIMENTO DESARROLLO URBANO,519095999,OTROS,0,"5,39"
456,FCP PEGASUS II COMPARTIMENTO DESARROLLO URBANO,590505010,CANCELACION DE INGRESOS RF,0,-374144510
456,FCP PEGASUS II COMPARTIMENTO DESARROLLO URBANO,590505015,CANCELACION DE INGRESOS RV,0,"-96,97"
456,FCP PEGASUS II COMPARTIMENTO DESARROLLO URBANO,830505010,DEUDORAS POR CONTRA,-43343036780,-43343036822