Compañia,Desc. compañia,Auxiliar,Desc. auxiliar,Tercero,C.Costo,C.O. ,U.N.,Desc. Moneda alt.,Saldo inicial,Saldo final,Unnamed: 11,SCOA6DIG,Tag 1,Tag 2,Tag 3,Tag 4,Tag 5,Tag 6,Tag 7,Tag 8,Tag 9
3,FONDO DE INVERSION COLETIVA INTERES,111505010,(FI) OCCIDENTE Cta No.288810997         ,,,1,99,PESOS,"3993060661,54","17022646345,95",,111505,Activo,,Activo Corriente,Efectivo y equivales de efectivo,Bancos nacionales,,,Disponible,
3,FONDO DE INVERSION COLETIVA INTERES,111505015,(FI) BCO DAVIVIENDA Cta No.005069995545,,,1,99,PESOS,"5659606870,7","3435680273,5",,111505,Activo,,Activo Corriente,Efectivo y equivales de efectivo,Bancos nacionales,,,Disponible,
3,FONDO DE INVERSION COLETIVA INTERES,111505016,(FI) DAVIVIENDA Cta No.005000219997     ,,,1,99,PESOS,"873411211,8","332162930,71",,111505,Activo,,Activo Corriente,Efectivo y equivales de efectivo,Bancos nacionales,,,Disponible,
3,FONDO DE INVERSION COLETIVA INTERES,111505021,(FI) BANCOLOMBIA Cta No. 03152648354,,,1,99,PESOS,"17998683,94","17998683,94",,111505,Activo,,Activo Corriente,Efectivo y equivales de efectivo,Bancos nacionales,,,Disponible,
3,FONDO DE INVERSION COLETIVA INTERES,111505027,(FI) SERFINANZA Cta No. 221000021947,,,1,99,PESOS,"0,25","0,25",,111505,Activo,,Activo Corriente,Efectivo y equivales de efectivo,Bancos nacionales,,,Disponible,
3,FONDO DE INVERSION COLETIVA INTERES,111505029,(FI) BCO FINANDINA Cta No. 9990023042,,,1,99,PESOS,"28148670,52","28193783,03",,111505,Activo,,Activo Corriente,Efectivo y equivales de efectivo,Bancos nacionales,,,Disponible,
3,FONDO DE INVERSION COLETIVA INTERES,111505030,(FI) BCO FINANDINA Cta No. 9990023051,,,1,99,PESOS,"1605341713,88","7935944506,84",,111505,Activo,,Activo Corriente,Efectivo y equivales de efectivo,Bancos nacionales,,,Disponible,
3,FONDO DE INVERSION COLETIVA INTERES,111505032,(FI) BCO BOGOTA Cta No. 049335037,,,1,99,PESOS,"14836256534,53","59854828715,04",,111505,Activo,,Activo Corriente,Efectivo y equivales de efectivo,Bancos nacionales,,,Disponible,
3,FONDO DE INVERSION COLETIVA INTERES,111505033,(FI) BCO SANTANDER Cta No. 100010895,,,1,99,PESOS,"2475087260,91","5855058379,28",,111505,Activo,,Activo Corriente,Efectivo y equivales de efectivo,Bancos nacionales,,,Disponible,
3,FONDO DE INVERSION COLETIVA INTERES,111505034,(FI) BCO OCCIDENTE Cta No. 219885878,,,1,99,PESOS,"9726512523,6","57824456979,52",,111505,Activo,,Activo Corriente,Efectivo y equivales de efectivo,Bancos nacionales,,,Disponible,
3,FONDO DE INVERSION COLETIVA INTERES,111505036,(FI) BANCO COOPCENTRA Cta No. 419009626,,,1,99,PESOS,"2270462918,0","1541268401,0",,111505,Activo,,Activo Corriente,Efectivo y equivales de efectivo,Bancos nacionales,,,Disponible,
3,FONDO DE INVERSION COLETIVA INTERES,111505037,(FI) COLPATRIA Cta No.0132160767        ,,,1,99,PESOS,"1109593671,14","1145537926,79",,111505,Activo,,Activo Corriente,Efectivo y equivales de efectivo,Bancos nacionales,,,Disponible,
3,FONDO DE INVERSION COLETIVA INTERES,111505052,(FI) BANCO POPULAR Cta No. 500805563532,,,1,99,PESOS,"6678933547,36","5323387598,43",,111505,Activo,,Activo Corriente,Efectivo y equivales de efectivo,Bancos nacionales,,,Disponible,
3,FONDO DE INVERSION COLETIVA INTERES,111505053,(FI) BANCOLOMBIA Cta No. 69000008134,,,1,99,PESOS,"34442084344,32","14353386842,35",,111505,Activo,,Activo Corriente,Efectivo y equivales de efectivo,Bancos nacionales,,,Disponible,
3,FONDO DE INVERSION COLETIVA INTERES,111505054,(FI) ITAU HELM BANK Cta No. 007075999,,,1,99,PESOS,"3002557858,87","9932120041,09",,111505,Activo,,Activo Corriente,Efectivo y equivales de efectivo,Bancos nacionales,,,Disponible,
3,FONDO DE INVERSION COLETIVA INTERES,111505070,(FI) ITAU HELM BANK Cta No.007302011,,,1,99,PESOS,"100079,24","102978,06",,111505,Activo,,Activo Corriente,Efectivo y equivales de efectivo,Bancos nacionales,,,Disponible,
3,FONDO DE INVERSION COLETIVA INTERES,111505080,(FI) POPULAR Cta No.066720632           ,,,1,99,PESOS,"14772251,15","15274963,81",,111505,Activo,,Activo Corriente,Efectivo y equivales de efectivo,Bancos nacionales,,,Disponible,
3,FONDO DE INVERSION COLETIVA INTERES,111505093,(FI) OCCIDENTE Cta No.288073661,,,1,99,PESOS,"1136986652,2","1185274737,14",,111505,Activo,,Activo Corriente,Efectivo y equivales de efectivo,Bancos nacionales,,,Disponible,
3,FONDO DE INVERSION COLETIVA INTERES,111505094,(FI) BANCOLOMBIA Cta No.17854124973,,,1,99,PESOS,"7658079908,05","4176896700,72",,111505,Activo,,Activo Corriente,Efectivo y equivales de efectivo,Bancos nacionales,,,Disponible,
3,FONDO DE INVERSION COLETIVA INTERES,111505100,(FI) GNB SUDAMERIS Cta No.90060000070,,,1,99,PESOS,"95764892,85","99203693,74",,111505,Activo,,Activo Corriente,Efectivo y equivales de efectivo,Bancos nacionales,,,Disponible,
3,FONDO DE INVERSION COLETIVA INTERES,111505118,(FI) AGRARIO COL Cta No.08200102765,,,1,99,PESOS,"1799111274,62","1774602315,26",,111505,Activo,,Activo Corriente,Efectivo y equivales de efectivo,Bancos nacionales,,,Disponible,
3,FONDO DE INVERSION COLETIVA INTERES,111505131,(FI) CORPBANCA Cta No.051000941,,,1,99,PESOS,"30360881,34","30360881,34",,111505,Activo,,Activo Corriente,Efectivo y equivales de efectivo,Bancos nacionales,,,Disponible,
3,FONDO DE INVERSION COLETIVA INTERES,111505167,(FI) COLPATRIA Cta No.0131072201,,,1,99,PESOS,"231619036,25","230603445,99",,111505,Activo,,Activo Corriente,Efectivo y equivales de efectivo,Bancos nacionales,,,Disponible,
3,FONDO DE INVERSION COLETIVA INTERES,111505177,(FI) OCCIDENTE Cta No.288049240,,,1,99,PESOS,"918246524,29","918236171,29",,111505,Activo,,Activo Corriente,Efectivo y equivales de efectivo,Bancos nacionales,,,Disponible,
3,FONDO DE INVERSION COLETIVA INTERES,111505181,(FI) CITIBANK Cta No.0060135096,,,1,99,PESOS,"23957877,89","23926387,89",,111505,Activo,,Activo Corriente,Efectivo y equivales de efectivo,Bancos nacionales,,,Disponible,
3,FONDO DE INVERSION COLETIVA INTERES,111505183,(FI) BCO CAJA SOCIAL Cta No. 21003873196,,,1,99,PESOS,"237012096,05","121292436,9",,111505,Activo,,Activo Corriente,Efectivo y equivales de efectivo,Bancos nacionales,,,Disponible,
3,FONDO DE INVERSION COLETIVA INTERES,111505190,(FI) BANCOLOMBIA Cta No.12606106520,,,1,99,PESOS,"150391800,66","108258023,11",,111505,Activo,,Activo Corriente,Efectivo y equivales de efectivo,Bancos nacionales,,,Disponible,
3,FONDO DE INVERSION COLETIVA INTERES,111505195,(FI) DAVIVIENDA Cta No.005069999380,,,1,99,PESOS,"11249973623,42","17273329862,36",,111505,Activo,,Activo Corriente,Efectivo y equivales de efectivo,Bancos nacionales,,,Disponible,
3,FONDO DE INVERSION COLETIVA INTERES,111505320,(FI) BANCOLOMBIA Cta No.04882033479,,,1,99,PESOS,"16188497131,79","621813641,95",,111505,Activo,,Activo Corriente,Efectivo y equivales de efectivo,Bancos nacionales,,,Disponible,
3,FONDO DE INVERSION COLETIVA INTERES,111505322,(FI) DAVIVIENDA Cta No.005069992096,,,1,99,PESOS,"9068467040,86","7740128165,59",,111505,Activo,,Activo Corriente,Efectivo y equivales de efectivo,Bancos nacionales,,,Disponible,
3,FONDO DE INVERSION COLETIVA INTERES,111505324,(FI) AVVILLAS Cta No.059028852,,,1,99,PESOS,"2419105008,68","2735276501,94",,111505,Activo,,Activo Corriente,Efectivo y equivales de efectivo,Bancos nacionales,,,Disponible,
3,FONDO DE INVERSION COLETIVA INTERES,111505325,(FI) SUDAMERIS Cta No.100004951,,,1,99,PESOS,"16327189,0","7086647,0",,111505,Activo,,Activo Corriente,Efectivo y equivales de efectivo,Bancos nacionales,,,Disponible,
3,FONDO DE INVERSION COLETIVA INTERES,111505326,(FI) BANCOLOMBIA Cta No.03100026963,,,1,99,PESOS,"8660046211,04","5735731771,1",,111505,Activo,,Activo Corriente,Efectivo y equivales de efectivo,Bancos nacionales,,,Disponible,
3,FONDO DE INVERSION COLETIVA INTERES,111505327,(FI) OCCIDENTE Cta No.288860729,,,1,99,PESOS,"204131917,02","225092601,94",,111505,Activo,,Activo Corriente,Efectivo y equivales de efectivo,Bancos nacionales,,,Disponible,
3,FONDO DE INVERSION COLETIVA INTERES,111505328,(FI) BBVA Cta No. 895001808,,,1,99,PESOS,"185367883,37","185367883,37",,111505,Activo,,Activo Corriente,Efectivo y equivales de efectivo,Bancos nacionales,,,Disponible,
3,FONDO DE INVERSION COLETIVA INTERES,111505329,(FI) POPULAR Cta No. 110066127499,,,1,99,PESOS,"796431494,03","858747617,71",,111505,Activo,,Activo Corriente,Efectivo y equivales de efectivo,Bancos nacionales,,,Disponible,
3,FONDO DE INVERSION COLETIVA INTERES,111505395,(FI) REPUBLICA Cta No.62255468,,,1,99,PESOS,"10168950,8","10123950,8",,111505,Activo,,Activo Corriente,Efectivo y equivales de efectivo,Bancos nacionales,,,Disponible,
3,FONDO DE INVERSION COLETIVA INTERES,111505471,(FI) POPULAR Cta No.066122755,,,1,99,PESOS,"133747554,85","21990886,21",,111505,Activo,,Activo Corriente,Efectivo y equivales de efectivo,Bancos nacionales,,,Disponible,
3,FONDO DE INVERSION COLETIVA INTERES,111505617,(FI) CITIBANK Cta No.5060135012,,,1,99,PESOS,"5131427,8","4933721,61",,111505,Activo,,Activo Corriente,Efectivo y equivales de efectivo,Bancos nacionales,,,Disponible,
3,FONDO DE INVERSION COLETIVA INTERES,111505621,(FI) BANCOOMEVA Cta No.050301555601,,,1,99,PESOS,"5421275,3","5336514,12",,111505,Activo,,Activo Corriente,Efectivo y equivales de efectivo,Bancos nacionales,,,Disponible,
3,FONDO DE INVERSION COLETIVA INTERES,111505623,(FI) BANCOLOMBIA Cta No. 03141946140,,,1,99,PESOS,"2132086476,66","132205500,66",,111505,Activo,,Activo Corriente,Efectivo y equivales de efectivo,Bancos nacionales,,,Disponible,
3,FONDO DE INVERSION COLETIVA INTERES,111505624,(FI) BANCOLOMBIA Cta No. 03147542506,,,1,99,PESOS,"492291,68","487671,68",,111505,Activo,,Activo Corriente,Efectivo y equivales de efectivo,Bancos nacionales,,,Disponible,
3,FONDO DE INVERSION COLETIVA INTERES,111505003,(FI) PICHINCHA Cta No. 410216321,,,1,99,PESOS,"652924940,78","55772677,45",,111505,Activo,,Activo Corriente,Efectivo y equivales de efectivo,Bancos nacionales,,,Disponible,
3,FONDO DE INVERSION COLETIVA INTERES,111505004,(FI) PICHINCHA Cta No. 410216369,,,1,99,PESOS,"21723255,68","21719686,68",,111505,Activo,,Activo Corriente,Efectivo y equivales de efectivo,Bancos nacionales,,,Disponible,
3,FONDO DE INVERSION COLETIVA INTERES,111505008,(FI) BOGOTA Cta No.049216468            ,,,1,99,PESOS,"220595962,0","228776109,0",,111505,Activo,,Activo Corriente,Efectivo y equivales de efectivo,Bancos nacionales,,,Disponible,
3,FONDO DE INVERSION COLETIVA INTERES,111505018,(FI) IRIS FINANCIERA Cta No.100607692719,,,1,99,PESOS,"1864947775,73","1960506535,36",,111505,Activo,,Activo Corriente,Efectivo y equivales de efectivo,Bancos nacionales,,,Disponible,
3,FONDO DE INVERSION COLETIVA INTERES,111505019,(FI) BANCOLOMBIA Cta No. 03151519278,,,1,99,PESOS,"825522,76","1207669,98",,111505,Activo,,Activo Corriente,Efectivo y equivales de efectivo,Bancos nacionales,,,Disponible,
3,FONDO DE INVERSION COLETIVA INTERES,111505020,(FI) BOGOTA Cta No.049219793,,,1,99,PESOS,"32119916,04","32119916,04",,111505,Activo,,Activo Corriente,Efectivo y equivales de efectivo,Bancos nacionales,,,Disponible,
3,FONDO DE INVERSION COLETIVA INTERES,111505022,(FI) COOPCENTRAL Cta No. 419009424,,,1,99,PESOS,"170210665,0","170510221,0",,111505,Activo,,Activo Corriente,Efectivo y equivales de efectivo,Bancos nacionales,,,Disponible,
3,FONDO DE INVERSION COLETIVA INTERES,111505024,(FI) BCO DAVIVIENDA Cta No. 482869977652,,,1,99,PESOS,"1750562,0","127145360,0",,111505,Activo,,Activo Corriente,Efectivo y equivales de efectivo,Bancos nacionales,,,Disponible,
3,FONDO DE INVERSION COLETIVA INTERES,111505025,(FI) IRIS FINANCIERA Cta No.100173520553,,,1,99,PESOS,"11330691820,66","15107777109,62",,111505,Activo,,Activo Corriente,Efectivo y equivales de efectivo,Bancos nacionales,,,Disponible,
3,FONDO DE INVERSION COLETIVA INTERES,111505026,(FI) SERFINANZA Cta No. 212001051872,,,1,99,PESOS,"7900094,4","8176016,56",,111505,Activo,,Activo Corriente,Efectivo y equivales de efectivo,Bancos nacionales,,,Disponible,
3,FONDO DE INVERSION COLETIVA INTERES,111505028,(FI) BANCOLDEX Cta No. 0000046973,,,1,99,PESOS,"1740094409,22","1792622751,93",,111505,Activo,,Activo Corriente,Efectivo y equivales de efectivo,Bancos nacionales,,,Disponible,
3,FONDO DE INVERSION COLETIVA INTERES,111505031,(FI) BCO DAVIVIENDA Cta No. 482800035982,,,1,99,PESOS,"9047998520,58","77514353606,4",,111505,Activo,,Activo Corriente,Efectivo y equivales de efectivo,Bancos nacionales,,,Disponible,
3,FONDO DE INVERSION COLETIVA INTERES,111505035,(FI) JP MORGAN Cta No. 2600000084,,,1,99,PESOS,"0,0","100000000,0",,111505,Activo,,Activo Corriente,Efectivo y equivales de efectivo,Bancos nacionales,,,Disponible,
3,FONDO DE INVERSION COLETIVA INTERES,111505038,(FI) COLPATRIA Cta No. 0131004990,,,1,99,PESOS,"191426776,43","191426776,43",,111505,Activo,,Activo Corriente,Efectivo y equivales de efectivo,Bancos nacionales,,,Disponible,
3,FONDO DE INVERSION COLETIVA INTERES,111505040,(FI) BNP PARIBAS Cta No.0500100018800173,,,1,99,PESOS,"67554660,62","69643422,91",,111505,Activo,,Activo Corriente,Efectivo y equivales de efectivo,Bancos nacionales,,,Disponible,
3,FONDO DE INVERSION COLETIVA INTERES,111505041,(FI) BCO CAJA SOCIAL Cta No.24132212302,,,1,99,PESOS,"7525229249,49","3650639496,12",,111505,Activo,,Activo Corriente,Efectivo y equivales de efectivo,Bancos nacionales,,,Disponible,
3,FONDO DE INVERSION COLETIVA INTERES,111505042,(FI) BCO SANTANDER Cta 100000326        ,,,1,99,PESOS,"11198190,54","11585085,72",,111505,Activo,,Activo Corriente,Efectivo y equivales de efectivo,Bancos nacionales,,,Disponible,
3,FONDO DE INVERSION COLETIVA INTERES,111505044,(FI) BCO SUDAMERIS Cta No. 91000023480,,,1,99,PESOS,"4644858449,48","65624485543,19",,111505,Activo,,Activo Corriente,Efectivo y equivales de efectivo,Bancos nacionales,,,Disponible,
3,FONDO DE INVERSION COLETIVA INTERES,111505045,(FI) BANCO W Cta No. 0000100064598200003,,,1,99,PESOS,"3025096543,31","3677575212,69",,111505,Activo,,Activo Corriente,Efectivo y equivales de efectivo,Bancos nacionales,,,Disponible,
3,FONDO DE INVERSION COLETIVA INTERES,111505046,(FI) BANCOOMEVA Cta No. 050302983001,,,1,99,PESOS,"466361374,7","15486665163,62",,111505,Activo,,Activo Corriente,Efectivo y equivales de efectivo,Bancos nacionales,,,Disponible,
3,FONDO DE INVERSION COLETIVA INTERES,111505047,(FI) BNP PARIBAS Cta No 0500100018800367,,,1,99,PESOS,"135921,07","140123,69",,111505,Activo,,Activo Corriente,Efectivo y equivales de efectivo,Bancos nacionales,,,Disponible,
3,FONDO DE INVERSION COLETIVA INTERES,111505048,(FI) BANCO AV VILLAS Cta No. 059040204,,,1,99,PESOS,"10602170013,92","9995301606,2",,111505,Activo,,Activo Corriente,Efectivo y equivales de efectivo,Bancos nacionales,,,Disponible,
3,FONDO DE INVERSION COLETIVA INTERES,111505049,(FI) BCO SERFINANZA Cta No. 212001545415,,,1,99,PESOS,"1189385751,11","5827283741,19",,111505,Activo,,Activo Corriente,Efectivo y equivales de efectivo,Bancos nacionales,,,Disponible,
3,FONDO DE INVERSION COLETIVA INTERES,111505051,(FI) BANCO ITAU Cta No. 007075634,,,1,99,PESOS,"2478071149,26","1740685564,48",,111505,Activo,,Activo Corriente,Efectivo y equivales de efectivo,Bancos nacionales,,,Disponible,
3,FONDO DE INVERSION COLETIVA INTERES,111505055,(FI) AV VILLAS Cta No.065035206         ,,,1,99,PESOS,"92439929,23","85194913,85",,111505,Activo,,Activo Corriente,Efectivo y equivales de efectivo,Bancos nacionales,,,Disponible,
3,FONDO DE INVERSION COLETIVA INTERES,111505056,(FI) BCO PICHINCHA Cta No.411285380,,,1,99,PESOS,"1330728248,72","9674883482,83",,111505,Activo,,Activo Corriente,Efectivo y equivales de efectivo,Bancos nacionales,,,Disponible,
3,FONDO DE INVERSION COLETIVA INTERES,111505057,(FI) BCO COLPATRIA Cta No.0072967709,,,1,99,PESOS,"25426425974,53","71465070029,37",,111505,Activo,,Activo Corriente,Efectivo y equivales de efectivo,Bancos nacionales,,,Disponible,
3,FONDO DE INVERSION COLETIVA INTERES,111505058,(FI) BCO FALABELLA Cta No.159920000166,,,1,99,PESOS,"26657446592,93","5583496125,88",,111505,Activo,,Activo Corriente,Efectivo y equivales de efectivo,Bancos nacionales,,,Disponible,
3,FONDO DE INVERSION COLETIVA INTERES,111505059,(FI) BCO AGRARIO Cta No.408203020911,,,1,99,PESOS,"14099466627,72","20553745491,53",,111505,Activo,,Activo Corriente,Efectivo y equivales de efectivo,Bancos nacionales,,,Disponible,
3,FONDO DE INVERSION COLETIVA INTERES,111505060,(FI) BANCO CITIBANK Cta No.5060135055,,,1,99,PESOS,"6319763006,5","6777525996,62",,111505,Activo,,Activo Corriente,Efectivo y equivales de efectivo,Bancos nacionales,,,Disponible,
3,FONDO DE INVERSION COLETIVA INTERES,111505110,(FI) BOGOTA Cta No. 049292840,,,1,99,PESOS,"4615178816,95","3282302575,95",,111505,Activo,,Activo Corriente,Efectivo y equivales de efectivo,Bancos nacionales,,,Disponible,
3,FONDO DE INVERSION COLETIVA INTERES,111505111,(FI) BCO PICHINCHA Cta No. 410949183,,,1,99,PESOS,"12981391,94","12981391,94",,111505,Activo,,Activo Corriente,Efectivo y equivales de efectivo,Bancos nacionales,,,Disponible,
3,FONDO DE INVERSION COLETIVA INTERES,111505113,(FI) ITA HELM BANK  Cta No.007353105,,,1,99,PESOS,"228627791,68","228627791,68",,111505,Activo,,Activo Corriente,Efectivo y equivales de efectivo,Bancos nacionales,,,Disponible,
3,FONDO DE INVERSION COLETIVA INTERES,111505116,(FI) BOGOTA Cta No.033399668,,,1,99,PESOS,"1818686232,96","1817999509,95",,111505,Activo,,Activo Corriente,Efectivo y equivales de efectivo,Bancos nacionales,,,Disponible,
3,FONDO DE INVERSION COLETIVA INTERES,111505119,(FI)BANCO CAJA SOCIAL Cta No.21002165133,,,1,99,PESOS,"1030876060,71","1030876060,71",,111505,Activo,,Activo Corriente,Efectivo y equivales de efectivo,Bancos nacionales,,,Disponible,
3,FONDO DE INVERSION COLETIVA INTERES,111505141,(FI) BANCOLOMBIA Cta No.12619962499,,,1,99,PESOS,"524470,45","524470,45",,111505,Activo,,Activo Corriente,Efectivo y equivales de efectivo,Bancos nacionales,,,Disponible,
3,FONDO DE INVERSION COLETIVA INTERES,111505147,(FI) AV VILLAS Cta No.065035214,,,1,99,PESOS,"62095800,72","61916586,72",,111505,Activo,,Activo Corriente,Efectivo y equivales de efectivo,Bancos nacionales,,,Disponible,
3,FONDO DE INVERSION COLETIVA INTERES,111505148,(FI) JP MORGAN Cta. 2600000083,,,1,99,PESOS,"1214072087,25","158821572,52",,111505,Activo,,Activo Corriente,Efectivo y equivales de efectivo,Bancos nacionales,,,Disponible,
3,FONDO DE INVERSION COLETIVA INTERES,111505150,(FI) CORPBANCA Cta No.051006755,,,1,99,PESOS,"6489575,91","6677548,09",,111505,Activo,,Activo Corriente,Efectivo y equivales de efectivo,Bancos nacionales,,,Disponible,
3,FONDO DE INVERSION COLETIVA INTERES,111505155,(FI) BBVA COLOMBIA S.A. Cta No.401003090,,,1,99,PESOS,"14477311,92","13997138,39",,111505,Activo,,Activo Corriente,Efectivo y equivales de efectivo,Bancos nacionales,,,Disponible,
3,FONDO DE INVERSION COLETIVA INTERES,111505196,(FI) DAVIVIENDA Cta No.005070366637,,,1,99,PESOS,"5499187148,42","30215778303,67",,111505,Activo,,Activo Corriente,Efectivo y equivales de efectivo,Bancos nacionales,,,Disponible,
3,FONDO DE INVERSION COLETIVA INTERES,111505632,(FI) CAJA SOCIAL cta No. 21003295006,,,1,99,PESOS,"65899768,53","65899768,53",,111505,Activo,,Activo Corriente,Efectivo y equivales de efectivo,Bancos nacionales,,,Disponible,
3,FONDO DE INVERSION COLETIVA INTERES,111505888,(FI) BANCO W Cta No.AHO 900064598200001,,,1,99,PESOS,"2279185298,84","3448776415,93",,111505,Activo,,Activo Corriente,Efectivo y equivales de efectivo,Bancos nacionales,,,Disponible,
3,FONDO DE INVERSION COLETIVA INTERES,122005010,COMP DE TRANSF DE INV EN OP. SIM,,,1,99,PESOS,"591036489047,5","410717215263,69",,,,,,,,,,,
3,FONDO DE INVERSION COLETIVA INTERES,130105105,TÍTULOS DE TESORERÍA -TES,,,1,99,PESOS,"184293311057,05","191888706093,73",,130105,Activo,,Activo no corriente,Inversiones a valor razonable con efectos en resultados,Instrumentos de Deuda,,,Inversiones,
3,FONDO DE INVERSION COLETIVA INTERES,161695004,(LD) BCO DAVIVIENDA cta No.482800025215,,,1,99,PESOS,"2174833,42","186294,32",,161695,Activo,,Activo Corriente,Cuentas por cobrar,Deudores,,,,
3,FONDO DE INVERSION COLETIVA INTERES,161695009,(FI) BOGOTA Cau No.049216468,,,1,99,PESOS,"2598270,68","1584958,78",,161695,Activo,,Activo Corriente,Cuentas por cobrar,Deudores,,,,
3,FONDO DE INVERSION COLETIVA INTERES,161695014,(FI) CORFICOLOMBIANA Cta No.21110090,,,1,99,PESOS,"0,0","306884,85",,161695,Activo,,Activo Corriente,Cuentas por cobrar,Deudores,,,,
3,FONDO DE INVERSION COLETIVA INTERES,161695017,(FI) DAVIVIENDA Cau No.005000219997,,,1,99,PESOS,"375003,9","138402,94",,161695,Activo,,Activo Corriente,Cuentas por cobrar,Deudores,,,,
3,FONDO DE INVERSION COLETIVA INTERES,161695026,(FI) SERFINANZA Cta No. 212001051872,,,1,99,PESOS,"54719,3","55198,88",,161695,Activo,,Activo Corriente,Cuentas por cobrar,Deudores,,,,
3,FONDO DE INVERSION COLETIVA INTERES,161695028,(FI) BANCOLDEX Cta No. 0000046973,,,1,99,PESOS,"1434021,0","1776098,45",,161695,Activo,,Activo Corriente,Cuentas por cobrar,Deudores,,,,
3,FONDO DE INVERSION COLETIVA INTERES,161695029,(FI) BCO FINANDINA Cta No. 9990023042,,,1,99,PESOS,"334117,68","547982,25",,161695,Activo,,Activo Corriente,Cuentas por cobrar,Deudores,,,,
3,FONDO DE INVERSION COLETIVA INTERES,161695031,(FI) BCO DAVIVIENDA Cta No. 482800035982,,,1,99,PESOS,"3884807,8","32298046,46",,161695,Activo,,Activo Corriente,Cuentas por cobrar,Deudores,,,,
3,FONDO DE INVERSION COLETIVA INTERES,161695032,(FI) BCO BOGOTA Cta No. 049335037,,,1,99,PESOS,"297117274,87","300667445,23",,161695,Activo,,Activo Corriente,Cuentas por cobrar,Deudores,,,,
3,FONDO DE INVERSION COLETIVA INTERES,161695034,(FI) BCO SANTANDER Cta No. 100010895,,,1,99,PESOS,"3054956,28","7048016,46",,161695,Activo,,Activo Corriente,Cuentas por cobrar,Deudores,,,,
3,FONDO DE INVERSION COLETIVA INTERES,161695036,(FI) BANCO COOPCENTRA Cta No. 419009626,,,1,99,PESOS,"7481168,64","13996774,06",,161695,Activo,,Activo Corriente,Cuentas por cobrar,Deudores,,,,
3,FONDO DE INVERSION COLETIVA INTERES,161695038,(FI) COLPATRIA Cau No.0132160767,,,1,99,PESOS,"7582221,78","7428447,48",,161695,Activo,,Activo Corriente,Cuentas por cobrar,Deudores,,,,
3,FONDO DE INVERSION COLETIVA INTERES,161695041,(FI) BNP PARIBAS Cau No.500100018800173,,,1,99,PESOS,"110304,85","110263,19",,161695,Activo,,Activo Corriente,Cuentas por cobrar,Deudores,,,,
3,FONDO DE INVERSION COLETIVA INTERES,161695046,(FI) BANCOOMEVA Cta No. 050302983001,,,1,99,PESOS,"550531,43","10403550,29",,161695,Activo,,Activo Corriente,Cuentas por cobrar,Deudores,,,,
3,FONDO DE INVERSION COLETIVA INTERES,161695047,(FI) BNP PARIBAS Cta No 0500100018800367,,,1,99,PESOS,"0,0","56,96",,161695,Activo,,Activo Corriente,Cuentas por cobrar,Deudores,,,,
3,FONDO DE INVERSION COLETIVA INTERES,161695048,(FI) BANCO AV VILLAS Cta No. 059040204,,,1,99,PESOS,"76304987,09","59930861,14",,161695,Activo,,Activo Corriente,Cuentas por cobrar,Deudores,,,,
3,FONDO DE INVERSION COLETIVA INTERES,161695049,(FI) BCO SERFINANZA Cta No. 212001545415,,,1,99,PESOS,"8238109,27","30510294,49",,161695,Activo,,Activo Corriente,Cuentas por cobrar,Deudores,,,,
3,FONDO DE INVERSION COLETIVA INTERES,161695052,(FI) BANCO POPULAR Cta No. 500805563532,,,1,99,PESOS,"8812517,47","3306103,82",,161695,Activo,,Activo Corriente,Cuentas por cobrar,Deudores,,,,
3,FONDO DE INVERSION COLETIVA INTERES,161695053,(FI) BANCOLOMBIA Cta No. 69000008134,,,1,99,PESOS,"12251567,64","6078851,3",,161695,Activo,,Activo Corriente,Cuentas por cobrar,Deudores,,,,
3,FONDO DE INVERSION COLETIVA INTERES,161695054,(FI) ITAU HELM BANK Cta No. 007075999,,,1,99,PESOS,"11192710,3","3627582,4",,161695,Activo,,Activo Corriente,Cuentas por cobrar,Deudores,,,,
3,FONDO DE INVERSION COLETIVA INTERES,161695055,(FI) BCO PICHINCHA Cta No.411285380,,,1,99,PESOS,"2085332,21","15152170,91",,161695,Activo,,Activo Corriente,Cuentas por cobrar,Deudores,,,,
3,FONDO DE INVERSION COLETIVA INTERES,161695056,(FI) AV VILLAS Cau No.065035206,,,1,99,PESOS,"-65654032,38","-65688742,64",,161695,Activo,,Activo Corriente,Cuentas por cobrar,Deudores,,,,
3,FONDO DE INVERSION COLETIVA INTERES,161695057,(FI) BCO COLPATRIA Cta No.0072967709,,,1,99,PESOS,"131818915,21","218807348,81",,161695,Activo,,Activo Corriente,Cuentas por cobrar,Deudores,,,,
3,FONDO DE INVERSION COLETIVA INTERES,161695090,(FI) JP MORGAN Cau No. 2600000083,,,1,99,PESOS,"558081,48","212930,7",,161695,Activo,,Activo Corriente,Cuentas por cobrar,Deudores,,,,
3,FONDO DE INVERSION COLETIVA INTERES,161695110,REINTEGRO GASTOS BANCARIOS,,,1,99,PESOS,"18169964,53","0,0",,161695,Activo,,Activo Corriente,Cuentas por cobrar,Deudores,,,,
3,FONDO DE INVERSION COLETIVA INTERES,161695151,(FI) CORPBANCA Cau No.051006755,,,1,99,PESOS,"952572,49","948914,45",,161695,Activo,,Activo Corriente,Cuentas por cobrar,Deudores,,,,
3,FONDO DE INVERSION COLETIVA INTERES,161695153,(FI) MULTIBANK Cau No.200230315804,,,1,99,PESOS,"90000,0","90000,0",,161695,Activo,,Activo Corriente,Cuentas por cobrar,Deudores,,,,
3,FONDO DE INVERSION COLETIVA INTERES,161695321,(FI) BANCOLOMBIA Cau No.04882033479,,,1,99,PESOS,"10437286,79","335295,93",,161695,Activo,,Activo Corriente,Cuentas por cobrar,Deudores,,,,
3,FONDO DE INVERSION COLETIVA INTERES,161695382,(FI) CORFICOLOMBIANA Cau No.2111618,,,1,99,PESOS,"615079,68","2179124,0",,161695,Activo,,Activo Corriente,Cuentas por cobrar,Deudores,,,,
3,FONDO DE INVERSION COLETIVA INTERES,161695619,(FI)BNP PARIBAS Cau No. 0500100018800270,,,1,99,PESOS,"23790,97","23790,97",,161695,Activo,,Activo Corriente,Cuentas por cobrar,Deudores,,,,
3,FONDO DE INVERSION COLETIVA INTERES,161695631,(FI) AGRARIO Cau No. 408203013514,,,1,99,PESOS,"64440,8","134549,64",,161695,Activo,,Activo Corriente,Cuentas por cobrar,Deudores,,,,
3,FONDO DE INVERSION COLETIVA INTERES,161695883,(FI) BANCO W  Cta Cau No. 6900490021,,,1,99,PESOS,"12595803,66","12595803,66",,161695,Activo,,Activo Corriente,Cuentas por cobrar,Deudores,,,,
3,FONDO DE INVERSION COLETIVA INTERES,161695884,(FI) BANCO W  Cta Cau No. 6900490078,,,1,99,PESOS,"677384,0","677384,0",,161695,Activo,,Activo Corriente,Cuentas por cobrar,Deudores,,,,
3,FONDO DE INVERSION COLETIVA INTERES,162825010,EN GARANTIA,,,1,99,PESOS,"20560918758,0","22822914822,0",,162825,Activo,,Activo Corriente,Cuentas por cobrar,Deudores,,,,
3,FONDO DE INVERSION COLETIVA INTERES,192595003,REVISORIA FISCAL                        ,,,1,99,PESOS,"0,0","23835,86",,192595,Activo,,Activo Corriente,Otros activos,Gatos pagados por anticipados,,,,
3,FONDO DE INVERSION COLETIVA INTERES,250110015,COMISION DE ADMINISTRACION              ,,,1,99,PESOS,"-274059653,45","-259935564,14",,250110,Total pasivo + patrimonio,Pasivo,Pasivo Corriente,Cuentas por pagar,Comision de administracion.,,,,
3,FONDO DE INVERSION COLETIVA INTERES,250305011,RENDIMIENTOS FINANCIEROS CAPITALIZADOS  ,,,1,99,PESOS,"-37487992,0","-37878260,0",,250305,Total pasivo + patrimonio,Pasivo,Pasivo Corriente,Cuentas por pagar,Impuestos,,,,
3,FONDO DE INVERSION COLETIVA INTERES,352505010,PARTICIPACIONES EN FDO DE INVERSIÓN COLE,,,1,99,PESOS,"-3806985758757,75","-3613437051405,87",,352505,Total pasivo + patrimonio,Patrimonio,,Patrimonio especiales,Participaciones en fondos de inversión colectiva,,,,
3,FONDO DE INVERSION COLETIVA INTERES,410355010,REND X COMPROMISOS DE TRANSF OP SIM,,,1,99,PESOS,"0,0","-14434339259,34",,410355,Total pasivo + patrimonio,Patrimonio,Utilidad o perdida del ejercicio,Ingresos ordinarios,Otros rendimientos financieros,,,,
3,FONDO DE INVERSION COLETIVA INTERES,410705105,TÍTULOS DE TESORERÍA -TES               ,,,1,99,PESOS,"0,0","-6425252336,76",,410705,Total pasivo + patrimonio,Patrimonio,Utilidad o perdida del ejercicio,Ingresos ordinarios,Valoracion Intrumentos de Deuda,,,,
3,FONDO DE INVERSION COLETIVA INTERES,411495012,(FI) OCCIDENTE Cau No.288810997         ,,,1,99,PESOS,"0,0","-361205655,3",,411495,Total pasivo + patrimonio,Patrimonio,Utilidad o perdida del ejercicio,Ingresos ordinarios,Otros rendimientos financieros,,,,
3,FONDO DE INVERSION COLETIVA INTERES,411495020,(FI) BCO OCCIDENTE Cta No. 219885878,,,1,99,PESOS,"0,0","-3703044958,19",,411495,Total pasivo + patrimonio,Patrimonio,Utilidad o perdida del ejercicio,Ingresos ordinarios,Otros rendimientos financieros,,,,
3,FONDO DE INVERSION COLETIVA INTERES,411495022,(FI) COOPCENTRAL Cta No. 419009424,,,1,99,PESOS,"0,0","-242968,18",,411495,Total pasivo + patrimonio,Patrimonio,Utilidad o perdida del ejercicio,Ingresos ordinarios,Otros rendimientos financieros,,,,
3,FONDO DE INVERSION COLETIVA INTERES,411495031,(FI) BCO DAVIVIENDA Cta No. 482800035982,,,1,99,PESOS,"0,0","-2267400799,08",,411495,Total pasivo + patrimonio,Patrimonio,Utilidad o perdida del ejercicio,Ingresos ordinarios,Otros rendimientos financieros,,,,
3,FONDO DE INVERSION COLETIVA INTERES,411495032,(FI) BCO BOGOTA Cta No. 049335037,,,1,99,PESOS,"0,0","-1389222324,36",,411495,Total pasivo + patrimonio,Patrimonio,Utilidad o perdida del ejercicio,Ingresos ordinarios,Otros rendimientos financieros,,,,
3,FONDO DE INVERSION COLETIVA INTERES,411495036,(FI) BANCO COOPCENTRA Cta No. 419009626,,,1,99,PESOS,"0,0","-57321088,42",,411495,Total pasivo + patrimonio,Patrimonio,Utilidad o perdida del ejercicio,Ingresos ordinarios,Otros rendimientos financieros,,,,
3,FONDO DE INVERSION COLETIVA INTERES,411495041,(FI) BNP PARIBAS Cau No.0500100018800173,,,1,99,PESOS,"0,0","-2088720,63",,411495,Total pasivo + patrimonio,Patrimonio,Utilidad o perdida del ejercicio,Ingresos ordinarios,Otros rendimientos financieros,,,,
3,FONDO DE INVERSION COLETIVA INTERES,411495052,(FI) BANCO POPULAR Cta No. 500805563532,,,1,99,PESOS,"0,0","-307680122,58",,411495,Total pasivo + patrimonio,Patrimonio,Utilidad o perdida del ejercicio,Ingresos ordinarios,Otros rendimientos financieros,,,,
3,FONDO DE INVERSION COLETIVA INTERES,411495053,(FI) BANCOLOMBIA Cta No. 69000008134,,,1,99,PESOS,"0,0","-1789227338,14",,411495,Total pasivo + patrimonio,Patrimonio,Utilidad o perdida del ejercicio,Ingresos ordinarios,Otros rendimientos financieros,,,,
3,FONDO DE INVERSION COLETIVA INTERES,411495056,(FI) AV VILLAS Cau No.065035206         ,,,1,99,PESOS,"0,0","-2168036,36",,411495,Total pasivo + patrimonio,Patrimonio,Utilidad o perdida del ejercicio,Ingresos ordinarios,Otros rendimientos financieros,,,,
3,FONDO DE INVERSION COLETIVA INTERES,411495058,(FI) BCO FALABELLA Cta No.159920000166,,,1,99,PESOS,"0,0","-233822484,56",,411495,Total pasivo + patrimonio,Patrimonio,Utilidad o perdida del ejercicio,Ingresos ordinarios,Otros rendimientos financieros,,,,
3,FONDO DE INVERSION COLETIVA INTERES,411495060,(FI) BANCO CITIBANK Cta No.5060135055,,,1,99,PESOS,"0,0","-270380371,34",,411495,Total pasivo + patrimonio,Patrimonio,Utilidad o perdida del ejercicio,Ingresos ordinarios,Otros rendimientos financieros,,,,
3,FONDO DE INVERSION COLETIVA INTERES,411495071,(FI) HELM BANK S.A. Cau No.007302011    ,,,1,99,PESOS,"0,0","-2861,21",,411495,Total pasivo + patrimonio,Patrimonio,Utilidad o perdida del ejercicio,Ingresos ordinarios,Otros rendimientos financieros,,,,
3,FONDO DE INVERSION COLETIVA INTERES,411495090,(FI) JP MORGAN Cau 2600000083,,,1,99,PESOS,"0,0","-48404334,49",,411495,Total pasivo + patrimonio,Patrimonio,Utilidad o perdida del ejercicio,Ingresos ordinarios,Otros rendimientos financieros,,,,
3,FONDO DE INVERSION COLETIVA INTERES,411495101,(FI) GNB SUDAMERIS Cau No.90060000070   ,,,1,99,PESOS,"0,0","-3478162,64",,411495,Total pasivo + patrimonio,Patrimonio,Utilidad o perdida del ejercicio,Ingresos ordinarios,Otros rendimientos financieros,,,,
3,FONDO DE INVERSION COLETIVA INTERES,411495151,(FI) CORPBANCA Cta No.051006755,,,1,99,PESOS,"0,0","-184314,14",,411495,Total pasivo + patrimonio,Patrimonio,Utilidad o perdida del ejercicio,Ingresos ordinarios,Otros rendimientos financieros,,,,
3,FONDO DE INVERSION COLETIVA INTERES,411495197,(FI)BBVA Cta Cau No.895000586,,,1,99,PESOS,"0,0","-133436262,12",,411495,Total pasivo + patrimonio,Patrimonio,Utilidad o perdida del ejercicio,Ingresos ordinarios,Otros rendimientos financieros,,,,
3,FONDO DE INVERSION COLETIVA INTERES,411495321,(FI) BANCOLOMBIA Cau No.04882033479     ,,,1,99,PESOS,"0,0","-33083069,3",,411495,Total pasivo + patrimonio,Patrimonio,Utilidad o perdida del ejercicio,Ingresos ordinarios,Otros rendimientos financieros,,,,
3,FONDO DE INVERSION COLETIVA INTERES,411495621,(FI) BANCOOMEVA Cau No. 050301555601,,,1,99,PESOS,"0,0","-182983,35",,411495,Total pasivo + patrimonio,Patrimonio,Utilidad o perdida del ejercicio,Ingresos ordinarios,Otros rendimientos financieros,,,,
3,FONDO DE INVERSION COLETIVA INTERES,411495631,(FI) AGRARIO Cta No. 408203013514,,,1,99,PESOS,"0,0","-2866161,84",,411495,Total pasivo + patrimonio,Patrimonio,Utilidad o perdida del ejercicio,Ingresos ordinarios,Otros rendimientos financieros,,,,
3,FONDO DE INVERSION COLETIVA INTERES,411495887,(FI) BANCO W  Cta Cau No.900064598200002,,,1,99,PESOS,"0,0","-14859,78",,411495,Total pasivo + patrimonio,Patrimonio,Utilidad o perdida del ejercicio,Ingresos ordinarios,Otros rendimientos financieros,,,,
3,FONDO DE INVERSION COLETIVA INTERES,411495888,(FI) BANCO W  Cta Cau No.900064598200001,,,1,99,PESOS,"0,0","-169076453,05",,411495,Total pasivo + patrimonio,Patrimonio,Utilidad o perdida del ejercicio,Ingresos ordinarios,Otros rendimientos financieros,,,,
3,FONDO DE INVERSION COLETIVA INTERES,412505105,TÍTULOS DE TESORERÍA -TES,,,1,99,PESOS,"0,0","-259617,32",,412505,Total pasivo + patrimonio,Patrimonio,Utilidad o perdida del ejercicio,Ingresos ordinarios,A valor Razonable Instrumentos de Deuda.,,,,
3,FONDO DE INVERSION COLETIVA INTERES,412505115,OTROS EMISORES NACIONALES,,,1,99,PESOS,"0,0","-2232470900,0",,412505,Total pasivo + patrimonio,Patrimonio,Utilidad o perdida del ejercicio,Ingresos ordinarios,A valor Razonable Instrumentos de Deuda.,,,,
3,FONDO DE INVERSION COLETIVA INTERES,510605115,OTROS EMISORES NACIONALES,,,1,99,PESOS,"0,0","2934921100,0",,510605,Total pasivo + patrimonio,Patrimonio,Utilidad o perdida del ejercicio,Costos y gastos,Gastos de operaciones,Disminucion en el Valor Razonables inst. de Deuda,,,
3,FONDO DE INVERSION COLETIVA INTERES,512505105,TÍTULOS DE TESORERÍA -TES,,,1,99,PESOS,"0,0","2369143,78",,512505,Total pasivo + patrimonio,Patrimonio,Utilidad o perdida del ejercicio,Costos y gastos,Gastos de operaciones,Otras Emisores Nacionales,,,
3,FONDO DE INVERSION COLETIVA INTERES,513015003,REVISORIA FISCAL                        ,,,1,99,PESOS,"0,0","30710581,76",,513015,Total pasivo + patrimonio,Patrimonio,Utilidad o perdida del ejercicio,Costos y gastos,Gastos de operaciones,Revisoría Fiscal,,,
3,FONDO DE INVERSION COLETIVA INTERES,519095006,CUENTAS DE DEPOSITO (CUD),,,1,99,PESOS,"0,0","1718954,7",,519095,Total pasivo + patrimonio,Patrimonio,Utilidad o perdida del ejercicio,Costos y gastos,Gastos de operaciones,Otros gastos de operación,,,
3,FONDO DE INVERSION COLETIVA INTERES,519095007,COMISION SAE CUSTODIO,,,1,99,PESOS,"0,0","3790693,43",,519095,Total pasivo + patrimonio,Patrimonio,Utilidad o perdida del ejercicio,Costos y gastos,Gastos de operaciones,Otros gastos de operación,,,
3,FONDO DE INVERSION COLETIVA INTERES,590505010,CANCELACION DE INGRESOS RF,,,1,99,PESOS,"0,0","8157705469,42",,590505,Total pasivo + patrimonio,Patrimonio,,,,,,,
3,FONDO DE INVERSION COLETIVA INTERES,590505015,CANCELACION DE INGRESOS RV,,,1,99,PESOS,"0,0","8013,29",,590505,Total pasivo + patrimonio,Patrimonio,,,,,,,
3,FONDO DE INVERSION COLETIVA INTERES,810505105,TÍTULOS DE TESORERÍA -TES,,,1,99,PESOS,"184293311057,05","191888706093,73",,810505,,,,,,,,,
3,FONDO DE INVERSION COLETIVA INTERES,821505010,EN TITULOS DE TESORERIA - TES,,,1,99,PESOS,"-565535015300,52","-411027217500,0",,,,,,,,,,,
3,FONDO DE INVERSION COLETIVA INTERES,830505010,DEUDORAS POR CONTRA,,,1,99,PESOS,"-2912316403507,06","-2598783990005,05",,,,,,,,,,,
6,FONDO DE INVERSION COLECTIVA ACCIONES GLOBALES,111505002,(FA) COLPATRIA Cta No.4521024610,,,1,99,PESOS,"145904,47","0,0",,111505,Activo,,Activo Corriente,Efectivo y equivales de efectivo,Bancos nacionales,,,Disponible,
6,FONDO DE INVERSION COLECTIVA ACCIONES GLOBALES,111505003,(FA) BANCOLOMBIA Cta No. 04882034297,,,1,99,PESOS,"5744285,7","14999529,72",,111505,Activo,,Activo Corriente,Efectivo y equivales de efectivo,Bancos nacionales,,,Disponible,
6,FONDO DE INVERSION COLECTIVA ACCIONES GLOBALES,111505005,(FA) DAVIVIENDA Cta No.005069993078,,,1,99,PESOS,"3214451,5","3333367,19",,111505,Activo,,Activo Corriente,Efectivo y equivales de efectivo,Bancos nacionales,,,Disponible,
6,FONDO DE INVERSION COLECTIVA ACCIONES GLOBALES,111505006,(FA) BCO BOGOTÁ Cta No.049335045,,,1,99,PESOS,"46180439,6","47764568,6",,111505,Activo,,Activo Corriente,Efectivo y equivales de efectivo,Bancos nacionales,,,Disponible,
6,FONDO DE INVERSION COLECTIVA ACCIONES GLOBALES,111505007,(FA) BANCOLOMBIA Cta No.69000008135,,,1,99,PESOS,"61820191,09","164857619,37",,111505,Activo,,Activo Corriente,Efectivo y equivales de efectivo,Bancos nacionales,,,Disponible,
6,FONDO DE INVERSION COLECTIVA ACCIONES GLOBALES,111505008,(FA) BANCO COLPATRIA Cta No.0072967710,,,1,99,PESOS,"63055046,45","107499282,2",,111505,Activo,,Activo Corriente,Efectivo y equivales de efectivo,Bancos nacionales,,,Disponible,
3,FONDO DE INVERSION COLETIVA INTERES,111505197,(FI)BBVA Cta No.895000586,,,1,99,PESOS,"23628252476,11","8865163247,83",,111505,Activo,,Activo Corriente,Efectivo y equivales de efectivo,Bancos nacionales,,,Disponible,
3,FONDO DE INVERSION COLETIVA INTERES,111505198,(FI)BBVA Cta No.895000636,,,1,99,PESOS,"24429780,18","24163815,18",,111505,Activo,,Activo Corriente,Efectivo y equivales de efectivo,Bancos nacionales,,,Disponible,
3,FONDO DE INVERSION COLETIVA INTERES,111505202,(FI) Colpatria Cta Cte No.4521024785,,,1,99,PESOS,"435604614,71","570461981,86",,111505,Activo,,Activo Corriente,Efectivo y equivales de efectivo,Bancos nacionales,,,Disponible,
3,FONDO DE INVERSION COLETIVA INTERES,111505203,(FI) Colpatria Cta Cte No.4521024793,,,1,99,PESOS,"106842771,48","142548177,04",,111505,Activo,,Activo Corriente,Efectivo y equivales de efectivo,Bancos nacionales,,,Disponible,
3,FONDO DE INVERSION COLETIVA INTERES,111505204,(FI) Bogotá Cta Cte No.049292014,,,1,99,PESOS,"1007877453,0","1122919036,0",,111505,Activo,,Activo Corriente,Efectivo y equivales de efectivo,Bancos nacionales,,,Disponible,
3,FONDO DE INVERSION COLETIVA INTERES,111505210,(FI) CAJA SOCIAL Cta No.24009362523,,,1,99,PESOS,"25225486,61","25608596,5",,111505,Activo,,Activo Corriente,Efectivo y equivales de efectivo,Bancos nacionales,,,Disponible,
3,FONDO DE INVERSION COLETIVA INTERES,111505216,(FI) AGRARIO Cta Cte No. 308200006572,,,1,99,PESOS,"14064576,4","14064576,4",,111505,Activo,,Activo Corriente,Efectivo y equivales de efectivo,Bancos nacionales,,,Disponible,
3,FONDO DE INVERSION COLETIVA INTERES,111505323,(FI) ITAU CORPBANCA Cta No.007463540,,,1,99,PESOS,"40216982,66","37696217,75",,111505,Activo,,Activo Corriente,Efectivo y equivales de efectivo,Bancos nacionales,,,Disponible,
3,FONDO DE INVERSION COLETIVA INTERES,111505622,(FI) DAVIVIENDA Cta No. 005069994324,,,1,99,PESOS,"57990949,98","161043948,86",,111505,Activo,,Activo Corriente,Efectivo y equivales de efectivo,Bancos nacionales,,,Disponible,
3,FONDO DE INVERSION COLETIVA INTERES,111505631,(FI) AGRARIO Cta No. 408203013514,,,1,99,PESOS,"379962571,61","377909100,61",,111505,Activo,,Activo Corriente,Efectivo y equivales de efectivo,Bancos nacionales,,,Disponible,
3,FONDO DE INVERSION COLETIVA INTERES,111505846,(FI) BOGOTA Cta No. 049265010,,,1,99,PESOS,"21358020,47","21358020,47",,111505,Activo,,Activo Corriente,Efectivo y equivales de efectivo,Bancos nacionales,,,Disponible,
3,FONDO DE INVERSION COLETIVA INTERES,111505847,(FI) BANCO FALABELLA Cta No.156060093761,,,1,99,PESOS,"1010300369,49","1040070833,18",,111505,Activo,,Activo Corriente,Efectivo y equivales de efectivo,Bancos nacionales,,,Disponible,
3,FONDO DE INVERSION COLETIVA INTERES,111505848,(FI) BANCOLOMBIA Cta No.03193322764,,,1,99,PESOS,"3748507,87","635980,1",,111505,Activo,,Activo Corriente,Efectivo y equivales de efectivo,Bancos nacionales,,,Disponible,
3,FONDO DE INVERSION COLETIVA INTERES,111505885,(FI) AGRARIO Cta No.308200007539,,,1,99,PESOS,"546649399,49","203450715,94",,111505,Activo,,Activo Corriente,Efectivo y equivales de efectivo,Bancos nacionales,,,Disponible,
3,FONDO DE INVERSION COLETIVA INTERES,111505887,(FI) BANCO W Cta No. AHO 900064598200002,,,1,99,PESOS,"567384,0","357384,0",,111505,Activo,,Activo Corriente,Efectivo y equivales de efectivo,Bancos nacionales,,,Disponible,
3,FONDO DE INVERSION COLETIVA INTERES,111595010,(FI) CORFICOLOMBIANA Cta No.2111618,,,1,99,PESOS,"1476172979,7","1523073620,7",,111595,Activo,,Activo Corriente,Efectivo y equivales de efectivo,Bancos del Exterior,,,Disponible,
3,FONDO DE INVERSION COLETIVA INTERES,130115115,OTROS EMISORES NACIONALES               ,,,1,99,PESOS,"2728023092450,0","2406895283911,31",,130115,Activo,,Activo no corriente,Inversiones a valor razonable con efectos en resultados,Instrumentos de Deuda,,,Inversiones,
3,FONDO DE INVERSION COLETIVA INTERES,161695012,(FI) OCCIDENTE Cau No.288810997,,,1,99,PESOS,"4411847,76","10963035,62",,161695,Activo,,Activo Corriente,Cuentas por cobrar,Deudores,,,,
3,FONDO DE INVERSION COLETIVA INTERES,161695015,GASTOS VARIOS DE ADMON                  ,,,1,99,PESOS,"2641979,58","23831634,63",,161695,Activo,,Activo Corriente,Cuentas por cobrar,Deudores,,,,
3,FONDO DE INVERSION COLETIVA INTERES,161695018,(FI) IRIS FINANCIERA Cta No.100607692719,,,1,99,PESOS,"15808563,15","15329384,43",,161695,Activo,,Activo Corriente,Cuentas por cobrar,Deudores,,,,
3,FONDO DE INVERSION COLETIVA INTERES,161695020,(FI) BCO OCCIDENTE Cta No. 219885878,,,1,99,PESOS,"8238820,58","52322220,45",,161695,Activo,,Activo Corriente,Cuentas por cobrar,Deudores,,,,
3,FONDO DE INVERSION COLETIVA INTERES,161695022,(FI) COOPCENTRAL Cta No. 419009424,,,1,99,PESOS,"2177600,86","2121013,04",,161695,Activo,,Activo Corriente,Cuentas por cobrar,Deudores,,,,
3,FONDO DE INVERSION COLETIVA INTERES,161695025,(FI) IRIS FINANCIERA Cta No. 10017352055,,,1,99,PESOS,"103127372,33","121985151,98",,161695,Activo,,Activo Corriente,Cuentas por cobrar,Deudores,,,,
3,FONDO DE INVERSION COLETIVA INTERES,161695030,(FI) BCO FINANDINA Cta No. 9990023051,,,1,99,PESOS,"0,0","27752877,53",,161695,Activo,,Activo Corriente,Cuentas por cobrar,Deudores,,,,
3,FONDO DE INVERSION COLETIVA INTERES,161695039,(FI) BANCO W Cta No. 0000100064598200003,,,1,99,PESOS,"10426877,25","20099650,45",,161695,Activo,,Activo Corriente,Cuentas por cobrar,Deudores,,,,
3,FONDO DE INVERSION COLETIVA INTERES,161695040,(FI) BCO CAJA SOCIAL Cta No.24132212302,,,1,99,PESOS,"20605511,8","15692713,04",,161695,Activo,,Activo Corriente,Cuentas por cobrar,Deudores,,,,
3,FONDO DE INVERSION COLETIVA INTERES,161695043,(FI) BCO SANTANDER Cau No. 100000326,,,1,99,PESOS,"3992248,79","3990007,87",,161695,Activo,,Activo Corriente,Cuentas por cobrar,Deudores,,,,
3,FONDO DE INVERSION COLETIVA INTERES,161695044,(FI) BCO SUDAMERIS Cta No. 91000023480,,,1,99,PESOS,"124166040,85","285235216,69",,161695,Activo,,Activo Corriente,Cuentas por cobrar,Deudores,,,,
3,FONDO DE INVERSION COLETIVA INTERES,161695045,CUENTA CORRIENTE                        ,,,1,99,PESOS,"0,0","5672081753,22",,161695,Activo,,Activo Corriente,Cuentas por cobrar,Deudores,,,,
3,FONDO DE INVERSION COLETIVA INTERES,161695050,(FI) BANCO ITAU Cta No. 007075634,,,1,99,PESOS,"1361393,22","633790,8",,161695,Activo,,Activo Corriente,Cuentas por cobrar,Deudores,,,,
3,FONDO DE INVERSION COLETIVA INTERES,161695058,(FI) BCO FALABELLA Cta No.159920000166,,,1,99,PESOS,"11580548,4","2141586,9",,161695,Activo,,Activo Corriente,Cuentas por cobrar,Deudores,,,,
3,FONDO DE INVERSION COLETIVA INTERES,161695059,(FI) BCO AGRARIO Cta No.408203020911,,,1,99,PESOS,"4669540,36","7610116,06",,161695,Activo,,Activo Corriente,Cuentas por cobrar,Deudores,,,,
3,FONDO DE INVERSION COLETIVA INTERES,161695060,(FI) BANCO CITIBANK Cta No.5060135055,,,1,99,PESOS,"30672581,17","58071486,99",,161695,Activo,,Activo Corriente,Cuentas por cobrar,Deudores,,,,
3,FONDO DE INVERSION COLETIVA INTERES,161695071,(FI) HELM BANK S A Cau No.007302011,,,1,99,PESOS,"75,12","37,51",,161695,Activo,,Activo Corriente,Cuentas por cobrar,Deudores,,,,
3,FONDO DE INVERSION COLETIVA INTERES,161695081,(FI) POPULAR Cau No.066720632,,,1,99,PESOS,"3286714,75","3276544,81",,161695,Activo,,Activo Corriente,Cuentas por cobrar,Deudores,,,,
3,FONDO DE INVERSION COLETIVA INTERES,161695101,(FI) GNB SUDAMERIS Cau No.90060000070,,,1,99,PESOS,"685994,44","725356,19",,161695,Activo,,Activo Corriente,Cuentas por cobrar,Deudores,,,,
3,FONDO DE INVERSION COLETIVA INTERES,161695196,(FI) DAVIVIENDA Cta Cau No.005070366637,,,1,99,PESOS,"2361106,16","12590063,22",,161695,Activo,,Activo Corriente,Cuentas por cobrar,Deudores,,,,
3,FONDO DE INVERSION COLETIVA INTERES,161695197,(FI)BBVA Cta Cau No.895000586,,,1,99,PESOS,"3502878,46","482255,58",,161695,Activo,,Activo Corriente,Cuentas por cobrar,Deudores,,,,
3,FONDO DE INVERSION COLETIVA INTERES,161695209,(FI) CAJA SOCIAL Cau No.24009362523,,,1,99,PESOS,"90203,58","87323,88",,161695,Activo,,Activo Corriente,Cuentas por cobrar,Deudores,,,,
3,FONDO DE INVERSION COLETIVA INTERES,161695618,(FI) CITIBANK Cau No.5060135012,,,1,99,PESOS,"1804,26","693,92",,161695,Activo,,Activo Corriente,Cuentas por cobrar,Deudores,,,,
3,FONDO DE INVERSION COLETIVA INTERES,161695621,(FI) BANCOOMEVA Cau No. 050301555601,,,1,99,PESOS,"79524,75","76399,1",,161695,Activo,,Activo Corriente,Cuentas por cobrar,Deudores,,,,
3,FONDO DE INVERSION COLETIVA INTERES,161695847,(FI) FALABELLA Cau No. 156060093761,,,1,99,PESOS,"6900292,08","6911710,74",,161695,Activo,,Activo Corriente,Cuentas por cobrar,Deudores,,,,
6,FONDO DE INVERSION COLECTIVA ACCIONES GLOBALES,111505010,(FA) BCO OCCIDENTE Cta No. 219886793,,,1,99,PESOS,"117217335,22","341071612,72",,111505,Activo,,Activo Corriente,Efectivo y equivales de efectivo,Bancos nacionales,,,Disponible,
6,FONDO DE INVERSION COLECTIVA ACCIONES GLOBALES,111505033,(FA) BOGOTA Cta No.049216492            ,,,1,99,PESOS,"5847386,5","66294590,5",,111505,Activo,,Activo Corriente,Efectivo y equivales de efectivo,Bancos nacionales,,,Disponible,
6,FONDO DE INVERSION COLECTIVA ACCIONES GLOBALES,111505035,(FA) OCCIDENTE Cta No.288821390         ,,,1,99,PESOS,"145195358,02","58777942,8",,111505,Activo,,Activo Corriente,Efectivo y equivales de efectivo,Bancos nacionales,,,Disponible,
6,FONDO DE INVERSION COLECTIVA ACCIONES GLOBALES,111505090,(FA) BOGOTA Cta No.049216047,,,1,99,PESOS,"567002,01","2566996,01",,111505,Activo,,Activo Corriente,Efectivo y equivales de efectivo,Bancos nacionales,,,Disponible,
6,FONDO DE INVERSION COLECTIVA ACCIONES GLOBALES,111505106,(FA) BANCOLOMBIA Cta No.17854125032,,,1,99,PESOS,"5809183,46","5809183,47",,111505,Activo,,Activo Corriente,Efectivo y equivales de efectivo,Bancos nacionales,,,Disponible,
6,FONDO DE INVERSION COLECTIVA ACCIONES GLOBALES,111510001,(AA) Davivienda Panam Ah Cta:10001015157,,,1,99,DÓLAR,"24777923,89","23640485,21",,111510,Activo,,Activo Corriente,Efectivo y equivales de efectivo,Bancos del Exterior,,,Disponible,
6,FONDO DE INVERSION COLECTIVA ACCIONES GLOBALES,111510130,ALL FUNDS CTA: 1110500576003,,,1,99,DÓLAR,"657083852,07","10609978,02",,111510,Activo,,Activo Corriente,Efectivo y equivales de efectivo,Bancos del Exterior,,,Disponible,
6,FONDO DE INVERSION COLECTIVA ACCIONES GLOBALES,111510154,CITIBANK NEW YORK CTA: 27075100,,,1,99,DÓLAR,"72486161,45","12418902,88",,111510,Activo,,Activo Corriente,Efectivo y equivales de efectivo,Bancos del Exterior,,,Disponible,
6,FONDO DE INVERSION COLECTIVA ACCIONES GLOBALES,111510155,BANCOLOMBIA PANAMA CTA: 80100008440,,,1,99,DÓLAR,"30443328,91","24467408,1",,111510,Activo,,Activo Corriente,Efectivo y equivales de efectivo,Bancos del Exterior,,,Disponible,
6,FONDO DE INVERSION COLECTIVA ACCIONES GLOBALES,111510160,OCCIDENTAL BANK BARBADOS CTA: 509078,,,1,99,DÓLAR,"26603929,27","25032546,74",,111510,Activo,,Activo Corriente,Efectivo y equivales de efectivo,Bancos del Exterior,,,Disponible,
6,FONDO DE INVERSION COLECTIVA ACCIONES GLOBALES,130205300,EMISORES  NACIONALES,,,1,99,PESOS,"1185948025,04","-880278914,96",,130205,Activo,,Activo no corriente,Inversiones a valor razonable con efectos en resultados,Instrumentos de patrimonio,,,Inversiones,
6,FONDO DE INVERSION COLECTIVA ACCIONES GLOBALES,130205300,EMISORES  NACIONALES,,,2,99,PESOS,"880278914,96","880278914,96",,130205,Activo,,Activo no corriente,Inversiones a valor razonable con efectos en resultados,Instrumentos de patrimonio,,,Inversiones,
6,FONDO DE INVERSION COLECTIVA ACCIONES GLOBALES,135120300,DERECHO DE VENTA TITULOS,,,2,99,PESOS,"-2593240,0","-2593240,0",,135120,Activo,,Activo no corriente,Inversiones a valor razonable con efectos en resultados,,,,Inversiones,
6,FONDO DE INVERSION COLECTIVA ACCIONES GLOBALES,135140300,OBLIGACION DE COMPRA TITULOS,,,2,99,PESOS,"-5646560,0","-5646560,0",,135140,Activo,,Activo no corriente,Inversiones a valor razonable con efectos en resultados,,,,Inversiones,
6,FONDO DE INVERSION COLECTIVA ACCIONES GLOBALES,135305010,DERECHO DE MONEDAS,,,1,99,PESOS,"7283892000,0","207674000,0",,135305,Activo,,Activo no corriente,Inversiones a valor razonable con efectos en resultados,,,,Inversiones,
6,FONDO DE INVERSION COLECTIVA ACCIONES GLOBALES,135305015,OBLIGACION MONEDAS,,,1,99,PESOS,"-7283892000,0","-207674000,0",,135305,Activo,,Activo no corriente,Inversiones a valor razonable con efectos en resultados,,,,Inversiones,
6,FONDO DE INVERSION COLECTIVA ACCIONES GLOBALES,161695002,(FA) BANCOLOMBIA Cta No.69000008135,,,1,99,PESOS,"34251,26","76319,89",,161695,Activo,,Activo Corriente,Cuentas por cobrar,Deudores,,,,
6,FONDO DE INVERSION COLECTIVA ACCIONES GLOBALES,161695005,(FA) DAVIVIENDA Cta No. 482800035990,,,1,99,PESOS,"67813,51","95214,27",,161695,Activo,,Activo Corriente,Cuentas por cobrar,Deudores,,,,
6,FONDO DE INVERSION COLECTIVA ACCIONES GLOBALES,161695007,(FA) BCO BOGOTÁ Cta No.049335045,,,1,99,PESOS,"328818,29","330699,66",,161695,Activo,,Activo Corriente,Cuentas por cobrar,Deudores,,,,
6,FONDO DE INVERSION COLECTIVA ACCIONES GLOBALES,161695008,(FA) BANCO COLPATRIA Cta No.0072967710,,,1,99,PESOS,"453622,93","521465,12",,161695,Activo,,Activo Corriente,Cuentas por cobrar,Deudores,,,,
6,FONDO DE INVERSION COLECTIVA ACCIONES GLOBALES,161695018,(FA) Colpatria Cta Cau No. 0062513018,,,1,99,PESOS,"46618,96","28050,35",,161695,Activo,,Activo Corriente,Cuentas por cobrar,Deudores,,,,
6,FONDO DE INVERSION COLECTIVA ACCIONES GLOBALES,161695036,(FA) OCCIDENTE Cau No.288821390,,,1,99,PESOS,"577325,75","424054,06",,161695,Activo,,Activo Corriente,Cuentas por cobrar,Deudores,,,,
6,FONDO DE INVERSION COLECTIVA ACCIONES GLOBALES,161695197,(FA) BBVA Cau No. 895000610,,,1,99,PESOS,"31053,76","31341,5",,161695,Activo,,Activo Corriente,Cuentas por cobrar,Deudores,,,,
6,FONDO DE INVERSION COLECTIVA ACCIONES GLOBALES,161695255,(FA) Bancol pan Cau No. 80100008440,,,1,99,DÓLAR,"15101,33","41186,72",,161695,Activo,,Activo Corriente,Cuentas por cobrar,Deudores,,,,
6,FONDO DE INVERSION COLECTIVA ACCIONES GLOBALES,161695491,(FA) POPULAR Cau No.220063102297,,,1,99,PESOS,"36,57","36,57",,161695,Activo,,Activo Corriente,Cuentas por cobrar,Deudores,,,,
6,FONDO DE INVERSION COLECTIVA ACCIONES GLOBALES,161695492,(FA) DAVIVIENDA Cau No.5070350797,,,1,99,PESOS,"11183,17","18701,33",,161695,Activo,,Activo Corriente,Cuentas por cobrar,Deudores,,,,
6,FONDO DE INVERSION COLECTIVA ACCIONES GLOBALES,250110033,COMISION CUSTODIO,,,1,99,PESOS,"-55000,0","-85000,0",,250110,Total pasivo + patrimonio,Pasivo,Pasivo Corriente,Cuentas por pagar,Comision de administracion.,,,,
6,FONDO DE INVERSION COLECTIVA ACCIONES GLOBALES,253105110,CUENTA COMPENSACION,,,1,99,PESOS,"251132449,09","281409585,24",,253105,Total pasivo + patrimonio,Pasivo,Pasivo Corriente,Cuentas por pagar,Acreedores varios,,,,
6,FONDO DE INVERSION COLECTIVA ACCIONES GLOBALES,253105135,CUMPLIMIENTO DERIVADOS,,,1,99,PESOS,"-8629500,0","0,0",,253105,Total pasivo + patrimonio,Pasivo,Pasivo Corriente,Cuentas por pagar,Acreedores varios,,,,
6,FONDO DE INVERSION COLECTIVA ACCIONES GLOBALES,410805200,EMISORES EXTRANJEROS,,,1,99,PESOS,"0,0","-2386779849,59",,410805,Total pasivo + patrimonio,Patrimonio,Utilidad o perdida del ejercicio,Ingresos ordinarios,Por aumento en el valor de mercado Inst. de Pat.,,,,
6,FONDO DE INVERSION COLECTIVA ACCIONES GLOBALES,411405015,INGRESO POR OP REPO,,,1,99,PESOS,"0,0","-12320497,91",,411405,Total pasivo + patrimonio,Patrimonio,Utilidad o perdida del ejercicio,Ingresos ordinarios,,,,,
6,FONDO DE INVERSION COLECTIVA ACCIONES GLOBALES,411415020,DIVIDENDOS                              ,,,1,99,PESOS,"0,0","-5682944,78",,411415,Total pasivo + patrimonio,Patrimonio,Utilidad o perdida del ejercicio,Ingresos ordinarios,Dividendos,,,,
6,FONDO DE INVERSION COLECTIVA ACCIONES GLOBALES,411495002,(FA) BANCOLOMBIA Cta No.69000008135,,,1,99,PESOS,"0,0","-1667629,95",,411495,Total pasivo + patrimonio,Patrimonio,Utilidad o perdida del ejercicio,Ingresos ordinarios,Otros rendimientos financieros,,,,
6,FONDO DE INVERSION COLECTIVA ACCIONES GLOBALES,411495004,(FA) BANCOLOMBIA Cau No.04882034297,,,1,99,PESOS,"0,0","-199119,89",,411495,Total pasivo + patrimonio,Patrimonio,Utilidad o perdida del ejercicio,Ingresos ordinarios,Otros rendimientos financieros,,,,
6,FONDO DE INVERSION COLECTIVA ACCIONES GLOBALES,411495018,(FA) Colpatria Cta No. 0062513018,,,1,99,PESOS,"0,0","-365972,54",,411495,Total pasivo + patrimonio,Patrimonio,Utilidad o perdida del ejercicio,Ingresos ordinarios,Otros rendimientos financieros,,,,
6,FONDO DE INVERSION COLECTIVA ACCIONES GLOBALES,411495034,(FA) BOGOTA Cau No.049216492            ,,,1,99,PESOS,"0,0","-3078289,87",,411495,Total pasivo + patrimonio,Patrimonio,Utilidad o perdida del ejercicio,Ingresos ordinarios,Otros rendimientos financieros,,,,
6,FONDO DE INVERSION COLECTIVA ACCIONES GLOBALES,411495160,(FA) OCCIDENTAL BANK Cau No. 509078,,,1,99,DÓLAR,"0,0","-81492,39",,411495,Total pasivo + patrimonio,Patrimonio,Utilidad o perdida del ejercicio,Ingresos ordinarios,Otros rendimientos financieros,,,,
6,FONDO DE INVERSION COLECTIVA ACCIONES GLOBALES,411495194,(FA) DAVIVIENDA Cta Cau No.005070366652,,,1,99,PESOS,"0,0","-1594266,69",,411495,Total pasivo + patrimonio,Patrimonio,Utilidad o perdida del ejercicio,Ingresos ordinarios,Otros rendimientos financieros,,,,
6,FONDO DE INVERSION COLECTIVA ACCIONES GLOBALES,411495197,(FA)BBVA Cta Cau No.895000610,,,1,99,PESOS,"0,0","-287,74",,411495,Total pasivo + patrimonio,Patrimonio,Utilidad o perdida del ejercicio,Ingresos ordinarios,Otros rendimientos financieros,,,,
6,FONDO DE INVERSION COLECTIVA ACCIONES GLOBALES,411495255,CAUS  BANCOLOMBIA PANAMA 80100008440 AHO,,,1,99,DÓLAR,"0,0","-60609,63",,411495,Total pasivo + patrimonio,Patrimonio,Utilidad o perdida del ejercicio,Ingresos ordinarios,Otros rendimientos financieros,,,,
3,FONDO DE INVERSION COLETIVA INTERES,161695887,(FI) BANCO W  Cta Cau No.900064598200001,,,1,99,PESOS,"38645744,19","38660603,97",,161695,Activo,,Activo Corriente,Cuentas por cobrar,Deudores,,,,
3,FONDO DE INVERSION COLETIVA INTERES,161695888,(FI) BANCO W  Cta Cau No.900064598200001,,,1,99,PESOS,"21219239,08","20494575,04",,161695,Activo,,Activo Corriente,Cuentas por cobrar,Deudores,,,,
3,FONDO DE INVERSION COLETIVA INTERES,192595001,CALIFICADORA DE VALORES                 ,,,1,99,PESOS,"0,0","12481262,4",,192595,Activo,,Activo Corriente,Otros activos,Gatos pagados por anticipados,,,,
3,FONDO DE INVERSION COLETIVA INTERES,250110033,COMISION CUSTODIO,,,1,99,PESOS,"-63216261,28","-55674756,47",,250110,Total pasivo + patrimonio,Pasivo,Pasivo Corriente,Cuentas por pagar,Comision de administracion.,,,,
3,FONDO DE INVERSION COLETIVA INTERES,253105110,CUENTA COMPENSACION,,,1,99,PESOS,"-19835342920,87","0,0",,253105,Total pasivo + patrimonio,Pasivo,Pasivo Corriente,Cuentas por pagar,Acreedores varios,,,,
3,FONDO DE INVERSION COLETIVA INTERES,352510010,PARTICIPACIONES POR IDENTIFICAR,,,1,99,PESOS,"-22632530179,71","-26470819994,65",,352510,Total pasivo + patrimonio,Patrimonio,,Patrimonio especiales,Participaciones en fondos de inversión colectiva,,,,
3,FONDO DE INVERSION COLETIVA INTERES,410705115,OTROS EMISORES NACIONALES               ,,,1,99,PESOS,"0,0","-26037500223,19",,410705,Total pasivo + patrimonio,Patrimonio,Utilidad o perdida del ejercicio,Ingresos ordinarios,Valoracion Intrumentos de Deuda,,,,
3,FONDO DE INVERSION COLETIVA INTERES,411405015,INGRESO POR OP REPO,,,1,99,PESOS,"0,0","-459252609,84",,411405,Total pasivo + patrimonio,Patrimonio,Utilidad o perdida del ejercicio,Ingresos ordinarios,,,,,
3,FONDO DE INVERSION COLETIVA INTERES,411495004,(FI) PICHINCHA Cau No. 410216321        ,,,1,99,PESOS,"0,0","-1346409,75",,411495,Total pasivo + patrimonio,Patrimonio,Utilidad o perdida del ejercicio,Ingresos ordinarios,Otros rendimientos financieros,,,,
3,FONDO DE INVERSION COLETIVA INTERES,411495009,(FI) BOGOTA Cau No.049216468            ,,,1,99,PESOS,"0,0","-7645239,1",,411495,Total pasivo + patrimonio,Patrimonio,Utilidad o perdida del ejercicio,Ingresos ordinarios,Otros rendimientos financieros,,,,
3,FONDO DE INVERSION COLETIVA INTERES,411495014,(FI) CORFICOLOMBIANA Cta No.21110090,,,1,99,PESOS,"0,0","-306884,85",,411495,Total pasivo + patrimonio,Patrimonio,Utilidad o perdida del ejercicio,Ingresos ordinarios,Otros rendimientos financieros,,,,
3,FONDO DE INVERSION COLETIVA INTERES,411495017,(FI) DAVIVIENDA Cau No.005000219997     ,,,1,99,PESOS,"0,0","-33516149,7",,411495,Total pasivo + patrimonio,Patrimonio,Utilidad o perdida del ejercicio,Ingresos ordinarios,Otros rendimientos financieros,,,,
3,FONDO DE INVERSION COLETIVA INTERES,411495019,(FI) IRIS FINANCIERA Cta No.100607692719,,,1,99,PESOS,"0,0","-75079580,91",,411495,Total pasivo + patrimonio,Patrimonio,Utilidad o perdida del ejercicio,Ingresos ordinarios,Otros rendimientos financieros,,,,
3,FONDO DE INVERSION COLETIVA INTERES,411495025,(FI) IRIS FINANCIERA Cta No. 10017352055,,,1,99,PESOS,"0,0","-561243068,61",,411495,Total pasivo + patrimonio,Patrimonio,Utilidad o perdida del ejercicio,Ingresos ordinarios,Otros rendimientos financieros,,,,
3,FONDO DE INVERSION COLETIVA INTERES,411495026,(FI) SERFINANZA Cta No. 212001051872,,,1,99,PESOS,"0,0","-276401,74",,411495,Total pasivo + patrimonio,Patrimonio,Utilidad o perdida del ejercicio,Ingresos ordinarios,Otros rendimientos financieros,,,,
3,FONDO DE INVERSION COLETIVA INTERES,411495028,(FI) BANCOLDEX Cta No. 0000046973,,,1,99,PESOS,"0,0","-52870420,16",,411495,Total pasivo + patrimonio,Patrimonio,Utilidad o perdida del ejercicio,Ingresos ordinarios,Otros rendimientos financieros,,,,
3,FONDO DE INVERSION COLETIVA INTERES,411495029,(FI) BCO FINANDINA Cta No. 9990023042,,,1,99,PESOS,"0,0","-258977,08",,411495,Total pasivo + patrimonio,Patrimonio,Utilidad o perdida del ejercicio,Ingresos ordinarios,Otros rendimientos financieros,,,,
3,FONDO DE INVERSION COLETIVA INTERES,411495030,(FI) BCO FINANDINA Cta No. 9990023051,,,1,99,PESOS,"0,0","-82669361,5",,411495,Total pasivo + patrimonio,Patrimonio,Utilidad o perdida del ejercicio,Ingresos ordinarios,Otros rendimientos financieros,,,,
3,FONDO DE INVERSION COLETIVA INTERES,411495034,(FI) BCO SANTANDER Cta No. 100010895,,,1,99,PESOS,"0,0","-508165191,36",,411495,Total pasivo + patrimonio,Patrimonio,Utilidad o perdida del ejercicio,Ingresos ordinarios,Otros rendimientos financieros,,,,
3,FONDO DE INVERSION COLETIVA INTERES,411495038,(FI) COLPATRIA Cau No.0132160767        ,,,1,99,PESOS,"0,0","-36414714,89",,411495,Total pasivo + patrimonio,Patrimonio,Utilidad o perdida del ejercicio,Ingresos ordinarios,Otros rendimientos financieros,,,,
3,FONDO DE INVERSION COLETIVA INTERES,411495039,(FI) BANCO W Cta No. 0000100064598200003,,,1,99,PESOS,"0,0","-87376442,58",,411495,Total pasivo + patrimonio,Patrimonio,Utilidad o perdida del ejercicio,Ingresos ordinarios,Otros rendimientos financieros,,,,
3,FONDO DE INVERSION COLETIVA INTERES,411495040,(FI) BCO CAJA SOCIAL Cta No.24132212302,,,1,99,PESOS,"0,0","-82093429,52",,411495,Total pasivo + patrimonio,Patrimonio,Utilidad o perdida del ejercicio,Ingresos ordinarios,Otros rendimientos financieros,,,,
3,FONDO DE INVERSION COLETIVA INTERES,411495043,(FI) BCO SANTANDER Cau 100000326        ,,,1,99,PESOS,"0,0","-384654,26",,411495,Total pasivo + patrimonio,Patrimonio,Utilidad o perdida del ejercicio,Ingresos ordinarios,Otros rendimientos financieros,,,,
3,FONDO DE INVERSION COLETIVA INTERES,411495044,(FI) BCO SUDAMERIS Cta No. 91000023480,,,1,99,PESOS,"0,0","-704508711,96",,411495,Total pasivo + patrimonio,Patrimonio,Utilidad o perdida del ejercicio,Ingresos ordinarios,Otros rendimientos financieros,,,,
3,FONDO DE INVERSION COLETIVA INTERES,411495046,(FI) BANCOOMEVA Cta No. 050302983001,,,1,99,PESOS,"0,0","-393081279,86",,411495,Total pasivo + patrimonio,Patrimonio,Utilidad o perdida del ejercicio,Ingresos ordinarios,Otros rendimientos financieros,,,,
3,FONDO DE INVERSION COLETIVA INTERES,411495047,(FI) BNP PARIBAS Cta No 0500100018800367,,,1,99,PESOS,"0,0","-4259,58",,411495,Total pasivo + patrimonio,Patrimonio,Utilidad o perdida del ejercicio,Ingresos ordinarios,Otros rendimientos financieros,,,,
3,FONDO DE INVERSION COLETIVA INTERES,411495048,(FI) BANCO AV VILLAS Cta No. 059040204,,,1,99,PESOS,"0,0","-302323630,57",,411495,Total pasivo + patrimonio,Patrimonio,Utilidad o perdida del ejercicio,Ingresos ordinarios,Otros rendimientos financieros,,,,
3,FONDO DE INVERSION COLETIVA INTERES,411495049,(FI) BCO SERFINANZA Cta No. 212001545415,,,1,99,PESOS,"0,0","-79474916,3",,411495,Total pasivo + patrimonio,Patrimonio,Utilidad o perdida del ejercicio,Ingresos ordinarios,Otros rendimientos financieros,,,,
3,FONDO DE INVERSION COLETIVA INTERES,411495050,(FI) BANCO ITAU Cta No. 007075634,,,1,99,PESOS,"0,0","-149650659,03",,411495,Total pasivo + patrimonio,Patrimonio,Utilidad o perdida del ejercicio,Ingresos ordinarios,Otros rendimientos financieros,,,,
3,FONDO DE INVERSION COLETIVA INTERES,411495054,(FI) ITAU HELM BANK Cta No. 007075999,,,1,99,PESOS,"0,0","-353347086,95",,411495,Total pasivo + patrimonio,Patrimonio,Utilidad o perdida del ejercicio,Ingresos ordinarios,Otros rendimientos financieros,,,,
3,FONDO DE INVERSION COLETIVA INTERES,411495055,(FI) BCO PICHINCHA Cta No.411285380,,,1,99,PESOS,"0,0","-40658551,06",,411495,Total pasivo + patrimonio,Patrimonio,Utilidad o perdida del ejercicio,Ingresos ordinarios,Otros rendimientos financieros,,,,
3,FONDO DE INVERSION COLETIVA INTERES,411495057,(FI) BCO COLPATRIA Cta No.0072967709,,,1,99,PESOS,"0,0","-747608141,34",,411495,Total pasivo + patrimonio,Patrimonio,Utilidad o perdida del ejercicio,Ingresos ordinarios,Otros rendimientos financieros,,,,
3,FONDO DE INVERSION COLETIVA INTERES,411495059,(FI) BCO AGRARIO Cta No.408203020911,,,1,99,PESOS,"0,0","-539430066,7",,411495,Total pasivo + patrimonio,Patrimonio,Utilidad o perdida del ejercicio,Ingresos ordinarios,Otros rendimientos financieros,,,,
3,FONDO DE INVERSION COLETIVA INTERES,411495081,(FI) POPULAR Cau No.066720632           ,,,1,99,PESOS,"0,0","-492542,72",,411495,Total pasivo + patrimonio,Patrimonio,Utilidad o perdida del ejercicio,Ingresos ordinarios,Otros rendimientos financieros,,,,
3,FONDO DE INVERSION COLETIVA INTERES,411495196,(FI) DAVIVIENDA Cta Cau No.005070366637,,,1,99,PESOS,"0,0","-1845452625,17",,411495,Total pasivo + patrimonio,Patrimonio,Utilidad o perdida del ejercicio,Ingresos ordinarios,Otros rendimientos financieros,,,,
3,FONDO DE INVERSION COLETIVA INTERES,411495225,(FI) CAJA SOCIAL Cau No.24009362523     ,,,1,99,PESOS,"0,0","-438188,64",,411495,Total pasivo + patrimonio,Patrimonio,Utilidad o perdida del ejercicio,Ingresos ordinarios,Otros rendimientos financieros,,,,
3,FONDO DE INVERSION COLETIVA INTERES,411495300,INTERESES TÍTULOS,,,1,99,PESOS,"0,0","-94527799954,81",,411495,Total pasivo + patrimonio,Patrimonio,Utilidad o perdida del ejercicio,Ingresos ordinarios,Otros rendimientos financieros,,,,
3,FONDO DE INVERSION COLETIVA INTERES,411495382,(FI) CORFICOLOMBIANA Cau No.2111618     ,,,1,99,PESOS,"0,0","-48464685,32",,411495,Total pasivo + patrimonio,Patrimonio,Utilidad o perdida del ejercicio,Ingresos ordinarios,Otros rendimientos financieros,,,,
3,FONDO DE INVERSION COLETIVA INTERES,411495618,(FI) CITIBANK Cau No.5060135012         ,,,1,99,PESOS,"0,0","-53130,73",,411495,Total pasivo + patrimonio,Patrimonio,Utilidad o perdida del ejercicio,Ingresos ordinarios,Otros rendimientos financieros,,,,
3,FONDO DE INVERSION COLETIVA INTERES,411495847,(FI) FALABELLA Cau No. 156060093761,,,1,99,PESOS,"0,0","-29781882,35",,411495,Total pasivo + patrimonio,Patrimonio,Utilidad o perdida del ejercicio,Ingresos ordinarios,Otros rendimientos financieros,,,,
3,FONDO DE INVERSION COLETIVA INTERES,411495999,OTROS,,,1,99,PESOS,"0,0","-17965661,22",,411495,Total pasivo + patrimonio,Patrimonio,Utilidad o perdida del ejercicio,Ingresos ordinarios,Otros rendimientos financieros,,,,
3,FONDO DE INVERSION COLETIVA INTERES,510440010,COMPDE TRANSFERENCIA EN OPER REPO       ,,,1,99,PESOS,"0,0","31488000,0",,510440,Total pasivo + patrimonio,Patrimonio,Utilidad o perdida del ejercicio,Costos y gastos,Gastos de operaciones,,,,
6,FONDO DE INVERSION COLECTIVA ACCIONES GLOBALES,411495999,OTROS,,,1,99,PESOS,"0,0","-120467,98",,411495,Total pasivo + patrimonio,Patrimonio,Utilidad o perdida del ejercicio,Ingresos ordinarios,Otros rendimientos financieros,,,,
6,FONDO DE INVERSION COLECTIVA ACCIONES GLOBALES,412510010,A VALOR RAZONABLE - INSTS DE PT,,,1,99,PESOS,"0,0","-320159300,77",,412510,Total pasivo + patrimonio,Patrimonio,Utilidad o perdida del ejercicio,Ingresos ordinarios,A valor Razonable Instrumentos de Pat.,,,,
6,FONDO DE INVERSION COLECTIVA ACCIONES GLOBALES,412510200,EMISORES EXTRANJEROS,,,1,99,PESOS,"0,0","-1376975,38",,412510,Total pasivo + patrimonio,Patrimonio,Utilidad o perdida del ejercicio,Ingresos ordinarios,A valor Razonable Instrumentos de Pat.,,,,
6,FONDO DE INVERSION COLECTIVA ACCIONES GLOBALES,413535015,UT/PER REEXPRESIÓN OTROS PASIVOS (OBL VE,,,1,99,PESOS,"0,0","-1805830,0",,413535,Total pasivo + patrimonio,Patrimonio,Utilidad o perdida del ejercicio,Ingresos ordinarios,Por reexpresion de otros pasivos,,,,
6,FONDO DE INVERSION COLECTIVA ACCIONES GLOBALES,511512010,GASTOS BANCARIOS                        ,,,1,99,PESOS,"0,0","4057552,7",,511512,Total pasivo + patrimonio,Patrimonio,Utilidad o perdida del ejercicio,Costos y gastos,Gastos de operaciones,Gastos bancarios,,,
6,FONDO DE INVERSION COLECTIVA ACCIONES GLOBALES,511548010,COMISION DE ADMINISTRACION R.F.         ,,,1,99,PESOS,"0,0","140227872,61",,511548,Total pasivo + patrimonio,Patrimonio,Utilidad o perdida del ejercicio,Costos y gastos,Gastos de operaciones,Comisión administración,,,
6,FONDO DE INVERSION COLECTIVA ACCIONES GLOBALES,512510200,EMISORES EXTRANJEROS,,,1,99,PESOS,"0,0","123741250,76",,512510,Total pasivo + patrimonio,Patrimonio,Utilidad o perdida del ejercicio,Costos y gastos,Gastos de operaciones,,,,
6,FONDO DE INVERSION COLECTIVA ACCIONES GLOBALES,512917020,VALORACION FUTUROS DE MONEDAS,,,1,99,PESOS,"0,0","550798500,0",,512917,Total pasivo + patrimonio,Patrimonio,Utilidad o perdida del ejercicio,Costos y gastos,Gastos de operaciones,,,,
6,FONDO DE INVERSION COLECTIVA ACCIONES GLOBALES,514005011,IMPOVENTAS,,,1,99,PESOS,"0,0","863658,96",,514005,Total pasivo + patrimonio,Patrimonio,Utilidad o perdida del ejercicio,Costos y gastos,Gastos de operaciones,Gravamen a los movimientos financieros,Impuestos y tasas,,
6,FONDO DE INVERSION COLECTIVA ACCIONES GLOBALES,519095004,MERCADO ELECTRONICO COLOMBIANO (MEC),,,1,99,PESOS,"0,0","205974,57",,519095,Total pasivo + patrimonio,Patrimonio,Utilidad o perdida del ejercicio,Costos y gastos,Gastos de operaciones,Otros gastos de operación,,,
6,FONDO DE INVERSION COLECTIVA ACCIONES GLOBALES,519095007,SAE CUSTODIO,,,1,99,PESOS,"0,0","92662,66",,519095,Total pasivo + patrimonio,Patrimonio,Utilidad o perdida del ejercicio,Costos y gastos,Gastos de operaciones,Otros gastos de operación,,,
6,FONDO DE INVERSION COLECTIVA ACCIONES GLOBALES,519095999,OTROS,,,1,99,PESOS,"0,0","535,79",,519095,Total pasivo + patrimonio,Patrimonio,Utilidad o perdida del ejercicio,Costos y gastos,Gastos de operaciones,Otros gastos de operación,,,
6,FONDO DE INVERSION COLECTIVA ACCIONES GLOBALES,590505010,CANCELACION DE INGRESOS RF,,,1,99,PESOS,"0,0","742445406,64",,590505,Total pasivo + patrimonio,Patrimonio,,,,,,,
6,FONDO DE INVERSION COLECTIVA ACCIONES GLOBALES,590505020,UTILIDAD/PERDIDA PAGADA EN REDENCIONES,,,1,99,PESOS,"0,0","-176421610,02",,590505,Total pasivo + patrimonio,Patrimonio,,,,,,,
6,FONDO DE INVERSION COLECTIVA ACCIONES GLOBALES,810505205,EMISORES NACIONALES                     ,,,1,99,PESOS,"2066226940,0","0,0",,810505,,,,,,,,,
6,FONDO DE INVERSION COLECTIVA ACCIONES GLOBALES,810505210,EMISORES EXTRANJEROS,,,1,99,PESOS,"22167622733,59","20429107921,48",,810505,,,,,,,,,
6,FONDO DE INVERSION COLECTIVA ACCIONES GLOBALES,830505010,DEUDORAS POR CONTRA,,,1,99,PESOS,"-24233849673,59","-20429107921,48",,,,,,,,,,,
10,FIC DIVERSIFICADO MODERADO,111505001,(DM) DAVIVIENDA Cta No.482800036014,,,1,99,PESOS,"357828455,57","16561968,65",,111505,Activo,,Activo Corriente,Efectivo y equivales de efectivo,Bancos nacionales,,,Disponible,
10,FIC DIVERSIFICADO MODERADO,111505002,(DM) BCO BOGOTA Cta No.049335060,,,1,99,PESOS,"138449103,59","144238277,19",,111505,Activo,,Activo Corriente,Efectivo y equivales de efectivo,Bancos nacionales,,,Disponible,
10,FIC DIVERSIFICADO MODERADO,111505005,(DM) BANCOLOMBIA Cta No. 69000008137,,,1,99,PESOS,"3706952610,34","208177751,68",,111505,Activo,,Activo Corriente,Efectivo y equivales de efectivo,Bancos nacionales,,,Disponible,
10,FIC DIVERSIFICADO MODERADO,111505087,(FR) BANCOLOMBIA Cta No.04882034670     ,,,1,99,PESOS,"60967618,23","21673852,1",,111505,Activo,,Activo Corriente,Efectivo y equivales de efectivo,Bancos nacionales,,,Disponible,
10,FIC DIVERSIFICADO MODERADO,111505115,(BA) BANCO COLPATRIA Cta No.0062513021,,,1,99,PESOS,"5904827,87","6099423,4",,111505,Activo,,Activo Corriente,Efectivo y equivales de efectivo,Bancos nacionales,,,Disponible,
10,FIC DIVERSIFICADO MODERADO,111505140,(FR) BANCOLOMBIA Cta No.17854124724,,,1,99,PESOS,"99539607,96","99539607,99",,111505,Activo,,Activo Corriente,Efectivo y equivales de efectivo,Bancos nacionales,,,Disponible,
10,FIC DIVERSIFICADO MODERADO,111505142,(FR) OCCIDENTE Cta No. 288854078,,,1,99,PESOS,"1182456642,71","120910834,29",,111505,Activo,,Activo Corriente,Efectivo y equivales de efectivo,Bancos nacionales,,,Disponible,
10,FIC DIVERSIFICADO MODERADO,111505144,(BA) DAVIVIENDA Cta No. 5070361620,,,1,99,PESOS,"38428485,96","1836401,18",,111505,Activo,,Activo Corriente,Efectivo y equivales de efectivo,Bancos nacionales,,,Disponible,
10,FIC DIVERSIFICADO MODERADO,111505192,(BA) DAVIVIENDA Cta No.005070366645,,,1,99,PESOS,"105613839,35","50902090,67",,111505,Activo,,Activo Corriente,Efectivo y equivales de efectivo,Bancos nacionales,,,Disponible,
10,FIC DIVERSIFICADO MODERADO,111505390,(FR) REPUBLICA Cta No.62255450,,,1,99,PESOS,"1000,29","1000,31",,111505,Activo,,Activo Corriente,Efectivo y equivales de efectivo,Bancos nacionales,,,Disponible,
10,FIC DIVERSIFICADO MODERADO,111510001,Davivienda Panama AH CTA: 10001015160,,,1,99,DOLARES,"191227348,71","182413451,71",,111510,Activo,,Activo Corriente,Efectivo y equivales de efectivo,Bancos del Exterior,,,Disponible,
10,FIC DIVERSIFICADO MODERADO,111510125,CITIBANK NEW YORK CTA: 27075300,,,1,99,DOLARES,"211643035,94","2545914135,92",,111510,Activo,,Activo Corriente,Efectivo y equivales de efectivo,Bancos del Exterior,,,Disponible,
10,FIC DIVERSIFICADO MODERADO,111510140,BANCOLOMBIA PANAMA CTA: 80100007240,,,1,99,DOLARES,"32033488,86","28044310,09",,111510,Activo,,Activo Corriente,Efectivo y equivales de efectivo,Bancos del Exterior,,,Disponible,
10,FIC DIVERSIFICADO MODERADO,111510145,BANCO DE BOGOTA MIAMI CTA: 79681,,,1,99,DOLARES,"64527910,25","27402295,6",,111510,Activo,,Activo Corriente,Efectivo y equivales de efectivo,Bancos del Exterior,,,Disponible,
10,FIC DIVERSIFICADO MODERADO,111510150,OCCIDENTAL BANK BARBADOS CTA: 509086,,,1,99,DOLARES,"27954892,81","26303714,5",,111510,Activo,,Activo Corriente,Efectivo y equivales de efectivo,Bancos del Exterior,,,Disponible,
10,FIC DIVERSIFICADO MODERADO,130105105,TÍTULOS DE TESORERÍA -TES               ,,,1,99,PESOS,"23181328088,48","16937823600,0",,130105,Activo,,Activo no corriente,Inversiones a valor razonable con efectos en resultados,Instrumentos de Deuda,,,Inversiones,
10,FIC DIVERSIFICADO MODERADO,130210200,EMISORES EXTRANJEROS,,,1,99,DOLARES,"20608183963,36","18532368451,27",,130210,Activo,,Activo no corriente,Inversiones a valor razonable con efectos en resultados,Instrumentos de patrimonio,,,Inversiones,
10,FIC DIVERSIFICADO MODERADO,135140200,OBLIGACION DE COMPRA TITULOS,,,1,99,DOLARES,"-1226552338,11","0,0",,135140,Activo,,Activo no corriente,Inversiones a valor razonable con efectos en resultados,,,,Inversiones,
10,FIC DIVERSIFICADO MODERADO,161695004,(LD) BCO DAVIVIENDA cta No.482800025215,,,1,99,PESOS,"2313829,09","3141470,24",,161695,Activo,,Activo Corriente,Cuentas por cobrar,Deudores,,,,
10,FIC DIVERSIFICADO MODERADO,161695006,(DM) BANCO COLPATRIA Cta No. 0072967712,,,1,99,PESOS,"730454,5","846359,99",,161695,Activo,,Activo Corriente,Cuentas por cobrar,Deudores,,,,
10,FIC DIVERSIFICADO MODERADO,161695016,(EA) BANCOLOMBIA PMÁ Cau No. 80100001434,,,1,99,PESOS,"47705,03","47705,03",,161695,Activo,,Activo Corriente,Cuentas por cobrar,Deudores,,,,
10,FIC DIVERSIFICADO MODERADO,161695040,(EA) Bancolombia Cta Cau No. 80100007240,,,1,99,PESOS,"168269,19","199630,99",,161695,Activo,,Activo Corriente,Cuentas por cobrar,Deudores,,,,
10,FIC DIVERSIFICADO MODERADO,161695088,(FR) BANCOLOMBIA Cau No.04882034670,,,1,99,PESOS,"91746,73","30303,32",,161695,Activo,,Activo Corriente,Cuentas por cobrar,Deudores,,,,
10,FIC DIVERSIFICADO MODERADO,161695115,(BA) BANCO COLPATRIA Cau No.0062513021,,,1,99,PESOS,"50693,89","49894,28",,161695,Activo,,Activo Corriente,Cuentas por cobrar,Deudores,,,,
10,FIC DIVERSIFICADO MODERADO,161695142,(FR) OCCIDENTE Cau No. 288854078,,,1,99,PESOS,"1307308,87","95119,29",,161695,Activo,,Activo Corriente,Cuentas por cobrar,Deudores,,,,
10,FIC DIVERSIFICADO MODERADO,161695144,(FR) DAVIVIENDACau No. 005070361620,,,1,99,PESOS,"264,95","-15469,35",,161695,Activo,,Activo Corriente,Cuentas por cobrar,Deudores,,,,
3,FONDO DE INVERSION COLETIVA INTERES,510605105,TITULOS DE TESORERIA - TES,,,1,99,PESOS,"0,0","496406718,13",,510605,Total pasivo + patrimonio,Patrimonio,Utilidad o perdida del ejercicio,Costos y gastos,Gastos de operaciones,Disminucion en el Valor Razonables inst. de Deuda,,,
3,FONDO DE INVERSION COLETIVA INTERES,511325010,COMISION CUSTODIA FIJA                  ,,,1,99,PESOS,"0,0","315781412,53",,511325,Total pasivo + patrimonio,Patrimonio,Utilidad o perdida del ejercicio,Costos y gastos,Gastos de operaciones,Comisión custodia fija,,,
3,FONDO DE INVERSION COLETIVA INTERES,511512010,GASTOS BANCARIOS                        ,,,1,99,PESOS,"0,0","2006049143,34",,511512,Total pasivo + patrimonio,Patrimonio,Utilidad o perdida del ejercicio,Costos y gastos,Gastos de operaciones,Gastos bancarios,,,
3,FONDO DE INVERSION COLETIVA INTERES,511548010,COMISION DE ADMINISTRACION R.F.         ,,,1,99,PESOS,"0,0","21375754583,79",,511548,Total pasivo + patrimonio,Patrimonio,Utilidad o perdida del ejercicio,Costos y gastos,Gastos de operaciones,Comisión administración,,,
3,FONDO DE INVERSION COLETIVA INTERES,511595010,COMISION BURSATILES,,,1,99,PESOS,"0,0","7205027,66",,511595,Total pasivo + patrimonio,Patrimonio,Utilidad o perdida del ejercicio,Costos y gastos,Gastos de operaciones,Comisión Bursatil,,,
3,FONDO DE INVERSION COLETIVA INTERES,512505115,OTROS EMISORES NACIONALES,,,1,99,PESOS,"0,0","1091982450,0",,512505,Total pasivo + patrimonio,Patrimonio,Utilidad o perdida del ejercicio,Costos y gastos,Gastos de operaciones,Otras Emisores Nacionales,,,
3,FONDO DE INVERSION COLETIVA INTERES,513095010,CALIFICADORA DE VALORES,,,1,99,PESOS,"0,0","2354745,6",,513095,Total pasivo + patrimonio,Patrimonio,Utilidad o perdida del ejercicio,Costos y gastos,Gastos de operaciones,Otros honorarios,,,
3,FONDO DE INVERSION COLETIVA INTERES,514005010,IMPUESTO A LOS MOVIMIENTOS FINANCIEROS  ,,,1,99,PESOS,"0,0","19533364,05",,514005,Total pasivo + patrimonio,Patrimonio,Utilidad o perdida del ejercicio,Costos y gastos,Gastos de operaciones,Gravamen a los movimientos financieros,Impuestos y tasas,,
3,FONDO DE INVERSION COLETIVA INTERES,514005011,IMPOVENTAS,,,1,99,PESOS,"0,0","5835010,54",,514005,Total pasivo + patrimonio,Patrimonio,Utilidad o perdida del ejercicio,Costos y gastos,Gastos de operaciones,Gravamen a los movimientos financieros,Impuestos y tasas,,
3,FONDO DE INVERSION COLETIVA INTERES,519095004,MERCADO ELECTRONICO COLOMBIANO (MEC),,,1,99,PESOS,"0,0","3853870,32",,519095,Total pasivo + patrimonio,Patrimonio,Utilidad o perdida del ejercicio,Costos y gastos,Gastos de operaciones,Otros gastos de operación,,,
3,FONDO DE INVERSION COLETIVA INTERES,519095999,OTROS,,,1,99,PESOS,"0,0","783,95",,519095,Total pasivo + patrimonio,Patrimonio,Utilidad o perdida del ejercicio,Costos y gastos,Gastos de operaciones,Otros gastos de operación,,,
3,FONDO DE INVERSION COLETIVA INTERES,590505020,UTILIDAD/PERDIDA PAGADA EN REDENCIONES,,,1,99,PESOS,"0,0","125186323109,54",,590505,Total pasivo + patrimonio,Patrimonio,,,,,,,
3,FONDO DE INVERSION COLETIVA INTERES,810505115,OTROS EMISORES NACIONALES               ,,,1,99,PESOS,"2728023092450,0","2406895283911,31",,810505,,,,,,,,,
3,FONDO DE INVERSION COLETIVA INTERES,821510510,VALORES RECIBIDOS EN OP SIMULTANEAS,,,1,99,PESOS,"-21797194300,0","0,0",,,,,,,,,,,
3,FONDO DE INVERSION COLETIVA INTERES,840505010,ACREEDORAS POR CONTRA,,,1,99,PESOS,"587332209600,53","411027217500,01",,840505,,,,,,,,,
6,FONDO DE INVERSION COLECTIVA ACCIONES GLOBALES,111505001,(FA) Colpatria Cta No. 0062513018,,,1,99,PESOS,"16906083,66","2436529,28",,111505,Activo,,Activo Corriente,Efectivo y equivales de efectivo,Bancos nacionales,,,Disponible,
6,FONDO DE INVERSION COLECTIVA ACCIONES GLOBALES,111505012,(FA) BANCO BBVA Cta Ah No. 895000111,,,1,99,PESOS,"0,0","82251,0",,111505,Activo,,Activo Corriente,Efectivo y equivales de efectivo,Bancos nacionales,,,Disponible,
6,FONDO DE INVERSION COLECTIVA ACCIONES GLOBALES,111505092,(FA) OCCIDENTE Cta No.288073695,,,1,99,PESOS,"5,76","0,0",,111505,Activo,,Activo Corriente,Efectivo y equivales de efectivo,Bancos nacionales,,,Disponible,
6,FONDO DE INVERSION COLECTIVA ACCIONES GLOBALES,111505194,(FA) DAVIVIENDA Cta No.005070366652,,,1,99,PESOS,"29761959,18","86064435,9",,111505,Activo,,Activo Corriente,Efectivo y equivales de efectivo,Bancos nacionales,,,Disponible,
6,FONDO DE INVERSION COLECTIVA ACCIONES GLOBALES,111505197,(FA)BBVA Cta No.895000610,,,1,99,PESOS,"82251,0","0,0",,111505,Activo,,Activo Corriente,Efectivo y equivales de efectivo,Bancos nacionales,,,Disponible,
6,FONDO DE INVERSION COLECTIVA ACCIONES GLOBALES,111505385,(FA) REPUBLICA Cta No.62255443,,,1,99,PESOS,"1,11","1,11",,111505,Activo,,Activo Corriente,Efectivo y equivales de efectivo,Bancos nacionales,,,Disponible,
6,FONDO DE INVERSION COLECTIVA ACCIONES GLOBALES,111505492,(FA) DAVIVIENDA Cta No.005070350797,,,1,99,PESOS,"11183,17","18054871,95",,111505,Activo,,Activo Corriente,Efectivo y equivales de efectivo,Bancos nacionales,,,Disponible,
6,FONDO DE INVERSION COLECTIVA ACCIONES GLOBALES,111510156,BCO BOGOTA MIAMI CTA: 90829,,,1,99,DÓLAR,"23522815,25","21614831,2",,111510,Activo,,Activo Corriente,Efectivo y equivales de efectivo,Bancos del Exterior,,,Disponible,
6,FONDO DE INVERSION COLECTIVA ACCIONES GLOBALES,130210200,EMISORES EXTRANJEROS,,,1,99,DÓLAR,"22167622733,59","20429107921,48",,130210,Activo,,Activo no corriente,Inversiones a valor razonable con efectos en resultados,Instrumentos de patrimonio,,,Inversiones,
6,FONDO DE INVERSION COLECTIVA ACCIONES GLOBALES,135120300,DERECHO DE VENTA TITULOS,,,1,99,PESOS,"2593240,0","2593240,0",,135120,Activo,,Activo no corriente,Inversiones a valor razonable con efectos en resultados,,,,Inversiones,
6,FONDO DE INVERSION COLECTIVA ACCIONES GLOBALES,135140300,OBLIGACION DE COMPRA TITULOS,,,1,99,PESOS,"5646560,0","5646560,0",,135140,Activo,,Activo no corriente,Inversiones a valor razonable con efectos en resultados,,,,Inversiones,
6,FONDO DE INVERSION COLECTIVA ACCIONES GLOBALES,161695004,(LD) BCO DAVIVIENDA cta No.482800025215,,,1,99,PESOS,"764281,9","790206,76",,161695,Activo,,Activo Corriente,Cuentas por cobrar,Deudores,,,,
6,FONDO DE INVERSION COLECTIVA ACCIONES GLOBALES,161695010,(FA) BCO OCCIDENTE Cta No. 219886793,,,1,99,PESOS,"129510,92","179744,91",,161695,Activo,,Activo Corriente,Cuentas por cobrar,Deudores,,,,
6,FONDO DE INVERSION COLECTIVA ACCIONES GLOBALES,161695012,(AA) Davivienda Panam Ah Cta.10001015157,,,1,99,PESOS,"0,0","-769,27",,161695,Activo,,Activo Corriente,Cuentas por cobrar,Deudores,,,,
6,FONDO DE INVERSION COLECTIVA ACCIONES GLOBALES,161695016,RENDIMIENTOS INTERSES Y DIVIDENDOS CXC,,,1,99,PESOS,"56870372,0","0,0",,161695,Activo,,Activo Corriente,Cuentas por cobrar,Deudores,,,,
6,FONDO DE INVERSION COLECTIVA ACCIONES GLOBALES,161695034,(FA) BOGOTA Cau No.049216492,,,1,99,PESOS,"15904,94","447990,81",,161695,Activo,,Activo Corriente,Cuentas por cobrar,Deudores,,,,
6,FONDO DE INVERSION COLECTIVA ACCIONES GLOBALES,161695130,(FA) ALL FUNDS Cau No. 1110500576003,,,1,99,DÓLAR,"7397125,08","7598001,76",,161695,Activo,,Activo Corriente,Cuentas por cobrar,Deudores,,,,
6,FONDO DE INVERSION COLECTIVA ACCIONES GLOBALES,161695160,(FA) OCCIDENTAL BANK Cau No. 509078,,,1,99,DÓLAR,"1386214,11","1382859,67",,161695,Activo,,Activo Corriente,Cuentas por cobrar,Deudores,,,,
6,FONDO DE INVERSION COLECTIVA ACCIONES GLOBALES,161695194,(FA) DAVIVIENDA Cta Cau No.005070366652,,,1,99,PESOS,"16302,8","39384,96",,161695,Activo,,Activo Corriente,Cuentas por cobrar,Deudores,,,,
6,FONDO DE INVERSION COLECTIVA ACCIONES GLOBALES,161695494,(FA) DAVIVIENDA Cau No. 005069994274,,,1,99,PESOS,"582,21","582,21",,161695,Activo,,Activo Corriente,Cuentas por cobrar,Deudores,,,,
6,FONDO DE INVERSION COLECTIVA ACCIONES GLOBALES,161795020,OTROS,,,1,99,PESOS,"0,0","2101500,0",,161795,Activo,,Activo Corriente,Cuentas por cobrar,Deudores,,,,
6,FONDO DE INVERSION COLECTIVA ACCIONES GLOBALES,162825010,EN GARANTIA,,,1,99,PESOS,"495271111,0","511400000,0",,162825,Activo,,Activo Corriente,Cuentas por cobrar,Deudores,,,,
6,FONDO DE INVERSION COLECTIVA ACCIONES GLOBALES,250105035,Revisoria Fiscal,,,1,99,PESOS,"0,0","-81040,1",,250105,Total pasivo + patrimonio,Pasivo,Pasivo Corriente,Cuentas por pagar,Comision de administracion.,,,,
6,FONDO DE INVERSION COLECTIVA ACCIONES GLOBALES,250110015,COMISION DE ADMINISTRACION              ,,,1,99,PESOS,"-2086269,67","-1738418,05",,250110,Total pasivo + patrimonio,Pasivo,Pasivo Corriente,Cuentas por pagar,Comision de administracion.,,,,
6,FONDO DE INVERSION COLECTIVA ACCIONES GLOBALES,253105110,CUENTA COMPENSACION,,,2,99,PESOS,"-380822292,76","-380822292,76",,253105,Total pasivo + patrimonio,Pasivo,Pasivo Corriente,Cuentas por pagar,Acreedores varios,,,,
6,FONDO DE INVERSION COLECTIVA ACCIONES GLOBALES,253105220,CUENTA DE COMPENSACION DIVISAS,,,1,99,DÓLAR,"-54667,6","0,0",,253105,Total pasivo + patrimonio,Pasivo,Pasivo Corriente,Cuentas por pagar,Acreedores varios,,,,
10,FIC DIVERSIFICADO MODERADO,161695150,OCCIDENTAL BANK BARBADOS LTD 509086 CTE,,,1,99,DOLARES,"2042935,64","2013714,0",,161695,Activo,,Activo Corriente,Cuentas por cobrar,Deudores,,,,
10,FIC DIVERSIFICADO MODERADO,161795020,OTROS,,,1,99,PESOS,"4968500,0","2101500,0",,161795,Activo,,Activo Corriente,Cuentas por cobrar,Deudores,,,,
10,FIC DIVERSIFICADO MODERADO,162825010,EN GARANTIA,,,1,99,PESOS,"325021667,0","542646111,0",,162825,Activo,,Activo Corriente,Cuentas por cobrar,Deudores,,,,
10,FIC DIVERSIFICADO MODERADO,192595002,CUENTAS DE DEPOSITO (CUD)               ,,,1,99,PESOS,"0,0","11090,17",,192595,Activo,,Activo Corriente,Otros activos,Gatos pagados por anticipados,,,,
10,FIC DIVERSIFICADO MODERADO,225005010,DERECHO DE COMPRA SOBRE DIVISAS,,,1,99,PESOS,"0,0","2477482824,96",,,,,,,,,,,
10,FIC DIVERSIFICADO MODERADO,225020300,DERECHO VENTA TITULOS,,,1,99,PESOS,"1194315058,34","0,0",,225020,Total pasivo + patrimonio,Pasivo,Pasivo Corriente,,,,,,
10,FIC DIVERSIFICADO MODERADO,225045300,OBLIGACION VENTA TITULOS,,,1,99,PESOS,"-1196218929,31","0,0",,225045,Total pasivo + patrimonio,Pasivo,Pasivo Corriente,,,,,,
10,FIC DIVERSIFICADO MODERADO,250105035,REVISORIA FISCAL,,,1,99,PESOS,"0,0","-46352,92",,250105,Total pasivo + patrimonio,Pasivo,Pasivo Corriente,Cuentas por pagar,Comision de administracion.,,,,
10,FIC DIVERSIFICADO MODERADO,250110015,COMISION DE ADMINISTRACION              ,,,1,99,PESOS,"-7442852,15","-5996785,92",,250110,Total pasivo + patrimonio,Pasivo,Pasivo Corriente,Cuentas por pagar,Comision de administracion.,,,,
10,FIC DIVERSIFICADO MODERADO,253105220,CUENTA COMPENSACION DIVISAS,,,1,99,DOLARES,"-1452506,29","-496311,37",,253105,Total pasivo + patrimonio,Pasivo,Pasivo Corriente,Cuentas por pagar,Acreedores varios,,,,
10,FIC DIVERSIFICADO MODERADO,352505010,PARTICIPACIONES EN FDO DE INVERSIÓN COLE,,,1,99,PESOS,"-79740007421,15","-63196204833,5",,352505,Total pasivo + patrimonio,Patrimonio,,Patrimonio especiales,Participaciones en fondos de inversión colectiva,,,,
10,FIC DIVERSIFICADO MODERADO,352510010,PARTICIPACIONES POR IDENTIFICAR,,,1,99,PESOS,"-417375,97","-430846,78",,352510,Total pasivo + patrimonio,Patrimonio,,Patrimonio especiales,Participaciones en fondos de inversión colectiva,,,,
10,FIC DIVERSIFICADO MODERADO,410705105,TÍTULOS DE TESORERÍA -TES               ,,,1,99,PESOS,"0,0","-251000859,28",,410705,Total pasivo + patrimonio,Patrimonio,Utilidad o perdida del ejercicio,Ingresos ordinarios,Valoracion Intrumentos de Deuda,,,,
10,FIC DIVERSIFICADO MODERADO,410805300,EMISORES NACIONALES,,,1,99,PESOS,"0,0","-25611455,44",,410805,Total pasivo + patrimonio,Patrimonio,Utilidad o perdida del ejercicio,Ingresos ordinarios,Por aumento en el valor de mercado Inst. de Pat.,,,,
10,FIC DIVERSIFICADO MODERADO,411495001,(DM) DAVIVIENDA Cta No.482800036014,,,1,99,PESOS,"0,0","-3709331,89",,411495,Total pasivo + patrimonio,Patrimonio,Utilidad o perdida del ejercicio,Ingresos ordinarios,Otros rendimientos financieros,,,,
10,FIC DIVERSIFICADO MODERADO,411495004,(DM) OCCIDENTE Cta No. 219885894,,,1,99,PESOS,"0,0","-61435721,86",,411495,Total pasivo + patrimonio,Patrimonio,Utilidad o perdida del ejercicio,Ingresos ordinarios,Otros rendimientos financieros,,,,
10,FIC DIVERSIFICADO MODERADO,411495007,(DM) Davivienda Panama CTA. 10001015160,,,1,99,PESOS,"0,0","-2510794,06",,411495,Total pasivo + patrimonio,Patrimonio,Utilidad o perdida del ejercicio,Ingresos ordinarios,Otros rendimientos financieros,,,,
10,FIC DIVERSIFICADO MODERADO,411495130,ALL FUNDS Cau. 1160500576000 CTE,,,1,99,DOLARES,"0,0","-288219,63",,411495,Total pasivo + patrimonio,Patrimonio,Utilidad o perdida del ejercicio,Ingresos ordinarios,Otros rendimientos financieros,,,,
10,FIC DIVERSIFICADO MODERADO,411495144,(FR) DAVIVIENDACau No. 005070361620,,,1,99,PESOS,"0,0","-392180,92",,411495,Total pasivo + patrimonio,Patrimonio,Utilidad o perdida del ejercicio,Ingresos ordinarios,Otros rendimientos financieros,,,,
10,FIC DIVERSIFICADO MODERADO,411495150,OCCIDENTAL BANK BARBADOS LTD 509086 CTE,,,1,99,DOLARES,"0,0","-92297,74",,411495,Total pasivo + patrimonio,Patrimonio,Utilidad o perdida del ejercicio,Ingresos ordinarios,Otros rendimientos financieros,,,,
10,FIC DIVERSIFICADO MODERADO,411495192,(BA) DAVIVIENDA Cta Cau No.005070366645,,,1,99,PESOS,"0,0","-1264114,9",,411495,Total pasivo + patrimonio,Patrimonio,Utilidad o perdida del ejercicio,Ingresos ordinarios,Otros rendimientos financieros,,,,
10,FIC DIVERSIFICADO MODERADO,411495193,(BA) BCO BOGOTA Cau No. 049280159,,,1,99,PESOS,"0,0","-199079,96",,411495,Total pasivo + patrimonio,Patrimonio,Utilidad o perdida del ejercicio,Ingresos ordinarios,Otros rendimientos financieros,,,,
10,FIC DIVERSIFICADO MODERADO,412505105,TÍTULOS DE TESORERÍA -TES               ,,,1,99,PESOS,"0,0","-225545800,0",,412505,Total pasivo + patrimonio,Patrimonio,Utilidad o perdida del ejercicio,Ingresos ordinarios,A valor Razonable Instrumentos de Deuda.,,,,
10,FIC DIVERSIFICADO MODERADO,412917010,FUTUROS DE MONEDAS,,,1,99,PESOS,"0,0","-372722000,0",,412917,Total pasivo + patrimonio,Patrimonio,Utilidad o perdida del ejercicio,Ingresos ordinarios,,,,,
10,FIC DIVERSIFICADO MODERADO,412917020,UTILIDAD DERIVADOS DE MONEDA,,,1,99,PESOS,"0,0","-300686000,0",,412917,Total pasivo + patrimonio,Patrimonio,Utilidad o perdida del ejercicio,Ingresos ordinarios,,,,,
10,FIC DIVERSIFICADO MODERADO,510440010,COMP DE TRANSFERENCIA EN OPER REPO,,,1,99,PESOS,"0,0","47250,0",,510440,Total pasivo + patrimonio,Patrimonio,Utilidad o perdida del ejercicio,Costos y gastos,Gastos de operaciones,,,,
10,FIC DIVERSIFICADO MODERADO,510605115,OTROS EMISORES NACIONALES,,,1,99,PESOS,"0,0","41036400,0",,510605,Total pasivo + patrimonio,Patrimonio,Utilidad o perdida del ejercicio,Costos y gastos,Gastos de operaciones,Disminucion en el Valor Razonables inst. de Deuda,,,
10,FIC DIVERSIFICADO MODERADO,510805200,EMISORES EXTRANJEROS,,,1,99,PESOS,"0,0","1685332001,03",,510805,Total pasivo + patrimonio,Patrimonio,Utilidad o perdida del ejercicio,Costos y gastos,Gastos de operaciones,Disminución en el valor de mercado Inst. de Pat.,,,
10,FIC DIVERSIFICADO MODERADO,511325010,COMISION CUSTODIA FIJA                  ,,,1,99,PESOS,"0,0","5144790,51",,511325,Total pasivo + patrimonio,Patrimonio,Utilidad o perdida del ejercicio,Costos y gastos,Gastos de operaciones,Comisión custodia fija,,,
10,FIC DIVERSIFICADO MODERADO,511595070,COMISIONES OP DEL EXTERIOR,,,1,99,PESOS,"0,0","2401934,91",,511595,Total pasivo + patrimonio,Patrimonio,Utilidad o perdida del ejercicio,Costos y gastos,Gastos de operaciones,Comisión Bursatil,,,
10,FIC DIVERSIFICADO MODERADO,513015003,REVISORIA FISCAL                        ,,,1,99,PESOS,"0,0","3001554,66",,513015,Total pasivo + patrimonio,Patrimonio,Utilidad o perdida del ejercicio,Costos y gastos,Gastos de operaciones,Revisoría Fiscal,,,
10,FIC DIVERSIFICADO MODERADO,513535010,POR REEXPRESION DE OTROS ACTIVOS,,,1,99,PESOS,"0,0","267940022,19",,513535,Total pasivo + patrimonio,Patrimonio,Utilidad o perdida del ejercicio,Costos y gastos,Gastos de operaciones,Reexpresion de Activos,,,
10,FIC DIVERSIFICADO MODERADO,514005010,IMPUESTO A LOS MOVIMIENTOS FINANCIEROS  ,,,1,99,PESOS,"0,0","119683,3",,514005,Total pasivo + patrimonio,Patrimonio,Utilidad o perdida del ejercicio,Costos y gastos,Gastos de operaciones,Gravamen a los movimientos financieros,Impuestos y tasas,,
10,FIC DIVERSIFICADO MODERADO,519095030,DESVALORIZACION FONDOS ABIERTOS,,,1,99,PESOS,"0,0","41846368,16",,519095,Total pasivo + patrimonio,Patrimonio,Utilidad o perdida del ejercicio,Costos y gastos,Gastos de operaciones,Otros gastos de operación,,,
10,FIC DIVERSIFICADO MODERADO,590505015,CANCELACION DE INGRESOS RV,,,1,99,PESOS,"0,0","151272308,64",,590505,Total pasivo + patrimonio,Patrimonio,,,,,,,
10,FIC DIVERSIFICADO MODERADO,810505105,TÍTULOS DE TESORERÍA -TES               ,,,1,99,PESOS,"23181328088,48","16937823600,0",,810505,,,,,,,,,
10,FIC DIVERSIFICADO MODERADO,810505115,OTROS EMISORES NACIONALES               ,,,1,99,PESOS,"19335714600,0","15072658700,0",,810505,,,,,,,,,
14,FONDO DE CAPITAL PRIVADO ALTRA FCP1,111505492,(AL) BANCOLOMBIA Cta No.04872906865     ,,,1,99,PESOS,"39300839,4","231267393,48",,111505,Activo,,Activo Corriente,Efectivo y equivales de efectivo,Bancos nacionales,,,Disponible,
14,FONDO DE CAPITAL PRIVADO ALTRA FCP1,111505494,(AI) BANCOLOMBIA Cta No.69000001701,,,1,99,PESOS,"254,12","262,86",,111505,Activo,,Activo Corriente,Efectivo y equivales de efectivo,Bancos nacionales,,,Disponible,
14,FONDO DE CAPITAL PRIVADO ALTRA FCP1,111510002,(AL) BCOLOMBIA PANAMA Cta. 80100004087,,,1,99,DOLARES,"57391656,87","0,0",,111510,Activo,,Activo Corriente,Efectivo y equivales de efectivo,Bancos del Exterior,,,Disponible,
14,FONDO DE CAPITAL PRIVADO ALTRA FCP1,130210300,EMISORES EXTRANJEROS,,,1,99,PESOS,"2710372039,07","1744158852,72",,130210,Activo,,Activo no corriente,Inversiones a valor razonable con efectos en resultados,Instrumentos de patrimonio,,,Inversiones,
14,FONDO DE CAPITAL PRIVADO ALTRA FCP1,161695001,(AL) BANCOLOMBIA Cau No. 80100004087,,,1,99,PESOS,"85187,8","0,0",,161695,Activo,,Activo Corriente,Cuentas por cobrar,Deudores,,,,
14,FONDO DE CAPITAL PRIVADO ALTRA FCP1,161695002,(AL) BCOLOMBIA PANAMA Cta. 80100004087,,,1,99,PESOS,"14472,38","5574,0",,161695,Activo,,Activo Corriente,Cuentas por cobrar,Deudores,,,,
14,FONDO DE CAPITAL PRIVADO ALTRA FCP1,161695045,CUENTA CORRIENTE                        ,,,1,99,PESOS,"0,0","4177,82",,161695,Activo,,Activo Corriente,Cuentas por cobrar,Deudores,,,,
6,FONDO DE INVERSION COLECTIVA ACCIONES GLOBALES,352505010,PARTICIPACIONES EN FDO DE INVERSIÓN COLE,,,1,99,PESOS,"-25993001559,85","-21890476975,3",,352505,Total pasivo + patrimonio,Patrimonio,,Patrimonio especiales,Participaciones en fondos de inversión colectiva,,,,
6,FONDO DE INVERSION COLECTIVA ACCIONES GLOBALES,352510010,PARTICIPACIONES POR IDENTIFICAR,,,1,99,PESOS,"-226142,03","-217285,76",,352510,Total pasivo + patrimonio,Patrimonio,,Patrimonio especiales,Participaciones en fondos de inversión colectiva,,,,
6,FONDO DE INVERSION COLECTIVA ACCIONES GLOBALES,410355010,REND X COMPROMISOS DE TRANSF OP SIM,,,1,99,PESOS,"0,0","-2920646,0",,410355,Total pasivo + patrimonio,Patrimonio,Utilidad o perdida del ejercicio,Ingresos ordinarios,Otros rendimientos financieros,,,,
6,FONDO DE INVERSION COLECTIVA ACCIONES GLOBALES,411495005,(FA) DAVIVIENDA Cta No. 482800035990,,,1,99,PESOS,"0,0","-27400,76",,411495,Total pasivo + patrimonio,Patrimonio,Utilidad o perdida del ejercicio,Ingresos ordinarios,Otros rendimientos financieros,,,,
6,FONDO DE INVERSION COLECTIVA ACCIONES GLOBALES,411495007,(FA) BCO BOGOTÁ Cta No.049335045,,,1,99,PESOS,"0,0","-1586010,37",,411495,Total pasivo + patrimonio,Patrimonio,Utilidad o perdida del ejercicio,Ingresos ordinarios,Otros rendimientos financieros,,,,
6,FONDO DE INVERSION COLECTIVA ACCIONES GLOBALES,411495008,(FA) BANCO COLPATRIA Cta No.0072967710,,,1,99,PESOS,"0,0","-2351016,65",,411495,Total pasivo + patrimonio,Patrimonio,Utilidad o perdida del ejercicio,Ingresos ordinarios,Otros rendimientos financieros,,,,
6,FONDO DE INVERSION COLECTIVA ACCIONES GLOBALES,411495010,(FA) BCO OCCIDENTE Cta No. 219886793,,,1,99,PESOS,"0,0","-12276642,89",,411495,Total pasivo + patrimonio,Patrimonio,Utilidad o perdida del ejercicio,Ingresos ordinarios,Otros rendimientos financieros,,,,
6,FONDO DE INVERSION COLECTIVA ACCIONES GLOBALES,411495012,(AA) Davivienda Panam Ah Cta.10001015157,,,1,99,PESOS,"0,0","-329944,27",,411495,Total pasivo + patrimonio,Patrimonio,Utilidad o perdida del ejercicio,Ingresos ordinarios,Otros rendimientos financieros,,,,
6,FONDO DE INVERSION COLECTIVA ACCIONES GLOBALES,411495036,(FA) OCCIDENTE Cau No.288821390         ,,,1,99,PESOS,"0,0","-5989042,17",,411495,Total pasivo + patrimonio,Patrimonio,Utilidad o perdida del ejercicio,Ingresos ordinarios,Otros rendimientos financieros,,,,
6,FONDO DE INVERSION COLECTIVA ACCIONES GLOBALES,411495130,(FA) ALL FUNDS Cau No. 1110500576003,,,1,99,DÓLAR,"0,0","-737444,05",,411495,Total pasivo + patrimonio,Patrimonio,Utilidad o perdida del ejercicio,Ingresos ordinarios,Otros rendimientos financieros,,,,
6,FONDO DE INVERSION COLECTIVA ACCIONES GLOBALES,411495492,(FA) DAVIVIENDA Cta No.5070350797,,,1,99,PESOS,"0,0","-551206,94",,411495,Total pasivo + patrimonio,Patrimonio,Utilidad o perdida del ejercicio,Ingresos ordinarios,Otros rendimientos financieros,,,,
6,FONDO DE INVERSION COLECTIVA ACCIONES GLOBALES,412917010,FUTUROS DE MONEDAS,,,1,99,PESOS,"0,0","-296261000,0",,412917,Total pasivo + patrimonio,Patrimonio,Utilidad o perdida del ejercicio,Ingresos ordinarios,,,,,
6,FONDO DE INVERSION COLECTIVA ACCIONES GLOBALES,412917020,UTILIDAD DERIVADOS DE MONEDA,,,1,99,PESOS,"0,0","-684134000,0",,412917,Total pasivo + patrimonio,Patrimonio,Utilidad o perdida del ejercicio,Ingresos ordinarios,,,,,
6,FONDO DE INVERSION COLECTIVA ACCIONES GLOBALES,413515010,REEXPRESION DE ACTIVOS,,,1,99,PESOS,"0,0","-87067750,67",,413515,Total pasivo + patrimonio,Patrimonio,Utilidad o perdida del ejercicio,Ingresos ordinarios,Diferencia en cambio,,,,
6,FONDO DE INVERSION COLECTIVA ACCIONES GLOBALES,413535010,REEXPRESION OTROS PASIVOS,,,1,99,PESOS,"0,0","-945300,0",,413535,Total pasivo + patrimonio,Patrimonio,Utilidad o perdida del ejercicio,Ingresos ordinarios,Por reexpresion de otros pasivos,,,,
6,FONDO DE INVERSION COLECTIVA ACCIONES GLOBALES,510805200,EMISORES EXTRANJEROS,,,1,99,PESOS,"0,0","2760310716,01",,510805,Total pasivo + patrimonio,Patrimonio,Utilidad o perdida del ejercicio,Costos y gastos,Gastos de operaciones,Disminución en el valor de mercado Inst. de Pat.,,,
6,FONDO DE INVERSION COLECTIVA ACCIONES GLOBALES,511325002,COMISION CUSTODIA VARIABLE              ,,,1,99,PESOS,"0,0","1200588,56",,511325,Total pasivo + patrimonio,Patrimonio,Utilidad o perdida del ejercicio,Costos y gastos,Gastos de operaciones,Comisión custodia fija,,,
6,FONDO DE INVERSION COLECTIVA ACCIONES GLOBALES,511325010,COMISION CUSTODIA FIJA                  ,,,1,99,PESOS,"0,0","677190,86",,511325,Total pasivo + patrimonio,Patrimonio,Utilidad o perdida del ejercicio,Costos y gastos,Gastos de operaciones,Comisión custodia fija,,,
6,FONDO DE INVERSION COLECTIVA ACCIONES GLOBALES,511595070,COMISIONES OP DEL EXTERIOR,,,1,99,PESOS,"0,0","1292253,17",,511595,Total pasivo + patrimonio,Patrimonio,Utilidad o perdida del ejercicio,Costos y gastos,Gastos de operaciones,Comisión Bursatil,,,
6,FONDO DE INVERSION COLECTIVA ACCIONES GLOBALES,513015003,REVISORIA FISCAL                        ,,,1,99,PESOS,"0,0","4545573,46",,513015,Total pasivo + patrimonio,Patrimonio,Utilidad o perdida del ejercicio,Costos y gastos,Gastos de operaciones,Revisoría Fiscal,,,
6,FONDO DE INVERSION COLECTIVA ACCIONES GLOBALES,513535010,REEXPRESION ACTIVOS,,,1,99,PESOS,"0,0","133963092,35",,513535,Total pasivo + patrimonio,Patrimonio,Utilidad o perdida del ejercicio,Costos y gastos,Gastos de operaciones,Reexpresion de Activos,,,
6,FONDO DE INVERSION COLECTIVA ACCIONES GLOBALES,514005010,IMPUESTO A LOS MOVIMIENTOS FINANCIEROS  ,,,1,99,PESOS,"0,0","183053,1",,514005,Total pasivo + patrimonio,Patrimonio,Utilidad o perdida del ejercicio,Costos y gastos,Gastos de operaciones,Gravamen a los movimientos financieros,Impuestos y tasas,,
6,FONDO DE INVERSION COLECTIVA ACCIONES GLOBALES,514005015,IMPUESTO DE INDUSTRIA Y COMERCIO,,,1,99,PESOS,"0,0","40880,0",,514005,Total pasivo + patrimonio,Patrimonio,Utilidad o perdida del ejercicio,Costos y gastos,Gastos de operaciones,Gravamen a los movimientos financieros,Impuestos y tasas,,
6,FONDO DE INVERSION COLECTIVA ACCIONES GLOBALES,519095006,CUENTAS DE DEPOSITO (CUD),,,1,99,PESOS,"0,0","1718954,7",,519095,Total pasivo + patrimonio,Patrimonio,Utilidad o perdida del ejercicio,Costos y gastos,Gastos de operaciones,Otros gastos de operación,,,
6,FONDO DE INVERSION COLECTIVA ACCIONES GLOBALES,590505015,CANCELACION DE INGRESOS RV,,,1,99,PESOS,"0,0","-459473167,0",,590505,Total pasivo + patrimonio,Patrimonio,,,,,,,
10,FIC DIVERSIFICADO MODERADO,111505004,(DM) OCCIDENTE Cta No. 219885894,,,1,99,PESOS,"2094192836,91","4878156885,97",,111505,Activo,,Activo Corriente,Efectivo y equivales de efectivo,Bancos nacionales,,,Disponible,
10,FIC DIVERSIFICADO MODERADO,111505006,(DM) BANCO COLPATRIA Cta No. 0072967712,,,1,99,PESOS,"119316827,01","131053254,74",,111505,Activo,,Activo Corriente,Efectivo y equivales de efectivo,Bancos nacionales,,,Disponible,
10,FIC DIVERSIFICADO MODERADO,111505147,(FR) DAVIVIENDA Cta No. 005069993326,,,1,99,PESOS,"8947334,89","1000000,0",,111505,Activo,,Activo Corriente,Efectivo y equivales de efectivo,Bancos nacionales,,,Disponible,
10,FIC DIVERSIFICADO MODERADO,111505193,(BA) BCO BOGOTA Cta Ah No. 049280159,,,1,99,PESOS,"5763934,0","5962763,0",,111505,Activo,,Activo Corriente,Efectivo y equivales de efectivo,Bancos nacionales,,,Disponible,
10,FIC DIVERSIFICADO MODERADO,111505196,(EA) DAVIVIENDA Cta Cte. No 005069993052,,,1,99,PESOS,"32661478,73","33449311,46",,111505,Activo,,Activo Corriente,Efectivo y equivales de efectivo,Bancos nacionales,,,Disponible,
10,FIC DIVERSIFICADO MODERADO,111510130,ALL FUNDS CTA: 1160500576000,,,1,99,DOLARES,"52999217,55","18997030,35",,111510,Activo,,Activo Corriente,Efectivo y equivales de efectivo,Bancos del Exterior,,,Disponible,
10,FIC DIVERSIFICADO MODERADO,130115115,OTROS EMISORES NACIONALES               ,,,1,99,PESOS,"19335714600,0","15072658700,0",,130115,Activo,,Activo no corriente,Inversiones a valor razonable con efectos en resultados,Instrumentos de Deuda,,,Inversiones,
10,FIC DIVERSIFICADO MODERADO,130205300,EMISORES  NACIONALES,,,1,99,PESOS,"8077036958,18","4018064469,79",,130205,Activo,,Activo no corriente,Inversiones a valor razonable con efectos en resultados,Instrumentos de patrimonio,,,Inversiones,
10,FIC DIVERSIFICADO MODERADO,135115200,DERECHO DE COMPRA TITULOS,,,1,99,DOLARES,"1227163446,3","0,0",,135115,Activo,,Activo no corriente,Inversiones a valor razonable con efectos en resultados,,,,Inversiones,
10,FIC DIVERSIFICADO MODERADO,135305010,DERECHO DE MONEDAS,,,1,99,PESOS,"4193756000,0","207674000,0",,135305,Activo,,Activo no corriente,Inversiones a valor razonable con efectos en resultados,,,,Inversiones,
10,FIC DIVERSIFICADO MODERADO,135305015,OBLIGACION DE MONEDAS,,,1,99,PESOS,"-4193756000,0","-207674000,0",,135305,Activo,,Activo no corriente,Inversiones a valor razonable con efectos en resultados,,,,Inversiones,
10,FIC DIVERSIFICADO MODERADO,161695001,(DM) DAVIVIENDA Cta No.482800036014,,,1,99,PESOS,"184471,94","37737,22",,161695,Activo,,Activo Corriente,Cuentas por cobrar,Deudores,,,,
10,FIC DIVERSIFICADO MODERADO,161695002,(DM) BCO BOGOTA Cta No.049335060,,,1,99,PESOS,"969864,14","998419,74",,161695,Activo,,Activo Corriente,Cuentas por cobrar,Deudores,,,,
10,FIC DIVERSIFICADO MODERADO,161695005,(DM) BANCOLOMBIA Cta No. 69000008137,,,1,99,PESOS,"940420,16","74095,44",,161695,Activo,,Activo Corriente,Cuentas por cobrar,Deudores,,,,
10,FIC DIVERSIFICADO MODERADO,161695007,(DM) Davivienda Panama CTA. 10001015160,,,1,99,PESOS,"-7511,12","-13768,52",,161695,Activo,,Activo Corriente,Cuentas por cobrar,Deudores,,,,
10,FIC DIVERSIFICADO MODERADO,161695015,GASTOS VARIOS DE ADMON                  ,,,1,99,PESOS,"0,0","1281,44",,161695,Activo,,Activo Corriente,Cuentas por cobrar,Deudores,,,,
10,FIC DIVERSIFICADO MODERADO,161695124,(EA) Bco Popular cau No. 220066149154,,,1,99,PESOS,"152,29","152,29",,161695,Activo,,Activo Corriente,Cuentas por cobrar,Deudores,,,,
14,FONDO DE CAPITAL PRIVADO ALTRA FCP1,253105110,CUENTA COMPENSACION,,,1,99,PESOS,"-0,03","0,0",,253105,Total pasivo + patrimonio,Pasivo,Pasivo Corriente,Cuentas por pagar,Acreedores varios,,,,
14,FONDO DE CAPITAL PRIVADO ALTRA FCP1,411495002,(AL) BCOLOMBIA PANAMA Cta. 80100004087,,,1,99,PESOS,"0,0","-34093,19",,411495,Total pasivo + patrimonio,Patrimonio,Utilidad o perdida del ejercicio,Ingresos ordinarios,Otros rendimientos financieros,,,,
14,FONDO DE CAPITAL PRIVADO ALTRA FCP1,411495494,(AL) BANCOLOMBIA Cau No.69000001701,,,1,99,PESOS,"0,0","-9,64",,411495,Total pasivo + patrimonio,Patrimonio,Utilidad o perdida del ejercicio,Ingresos ordinarios,Otros rendimientos financieros,,,,
14,FONDO DE CAPITAL PRIVADO ALTRA FCP1,510805010,POR DISMINUCION EN EL VALOR RAZONABLE,,,1,99,PESOS,"0,0","813290764,55",,510805,Total pasivo + patrimonio,Patrimonio,Utilidad o perdida del ejercicio,Costos y gastos,Gastos de operaciones,Disminución en el valor de mercado Inst. de Pat.,,,
14,FONDO DE CAPITAL PRIVADO ALTRA FCP1,511548010,COMISION DE ADMINISTRACION R.F.         ,,,1,99,PESOS,"0,0","41666666,65",,511548,Total pasivo + patrimonio,Patrimonio,Utilidad o perdida del ejercicio,Costos y gastos,Gastos de operaciones,Comisión administración,,,
14,FONDO DE CAPITAL PRIVADO ALTRA FCP1,513535010,DIFERENCIA EN CAMBIO,,,1,99,PESOS,"0,0","3452753,6",,513535,Total pasivo + patrimonio,Patrimonio,Utilidad o perdida del ejercicio,Costos y gastos,Gastos de operaciones,Reexpresion de Activos,,,
14,FONDO DE CAPITAL PRIVADO ALTRA FCP1,514005011,IMPOVENTAS                              ,,,1,99,PESOS,"0,0","2821554,0",,514005,Total pasivo + patrimonio,Patrimonio,Utilidad o perdida del ejercicio,Costos y gastos,Gastos de operaciones,Gravamen a los movimientos financieros,Impuestos y tasas,,
14,FONDO DE CAPITAL PRIVADO ALTRA FCP1,519095999,OTROS,,,1,99,PESOS,"0,0","82,64",,519095,Total pasivo + patrimonio,Patrimonio,Utilidad o perdida del ejercicio,Costos y gastos,Gastos de operaciones,Otros gastos de operación,,,
14,FONDO DE CAPITAL PRIVADO ALTRA FCP1,590505010,CANCELACION DE INGRESOS RF,,,1,99,PESOS,"0,0","-917754,79",,590505,Total pasivo + patrimonio,Patrimonio,,,,,,,
14,FONDO DE CAPITAL PRIVADO ALTRA FCP1,830505010,EMISORES EXTRANJEROS,,,1,99,PESOS,"-2710372039,07","-1744158852,72",,,,,,,,,,,
133,FCP CORREDORES CAPITAL  I,111505122,(CK) BANCOLOMBIA CTA CTE 04872908752,,,1,99,PESOS,"587150500,5","1013647160,12",,111505,Activo,,Activo Corriente,Efectivo y equivales de efectivo,Bancos nacionales,,,Disponible,
133,FCP CORREDORES CAPITAL  I,161695045,CUENTA CORRIENTE                        ,,,1,99,PESOS,"0,0","2,18",,161695,Activo,,Activo Corriente,Cuentas por cobrar,Deudores,,,,
133,FCP CORREDORES CAPITAL  I,161695130,(CP) BANCOLOMBIA Cta cau No.69000001707,,,1,99,PESOS,"2,16","2,32",,161695,Activo,,Activo Corriente,Cuentas por cobrar,Deudores,,,,
133,FCP CORREDORES CAPITAL  I,411415010,DIVIDENDOS,,,1,99,PESOS,"0,0","-28360593635,0",,411415,Total pasivo + patrimonio,Patrimonio,Utilidad o perdida del ejercicio,Ingresos ordinarios,Dividendos,,,,
133,FCP CORREDORES CAPITAL  I,411495123,(CK) BANCOLOMBIA Cau No.04872908752     ,,,1,99,PESOS,"0,0","-10885145,69",,411495,Total pasivo + patrimonio,Patrimonio,Utilidad o perdida del ejercicio,Ingresos ordinarios,Otros rendimientos financieros,,,,
133,FCP CORREDORES CAPITAL  I,411495999,OTROS,,,1,99,PESOS,"0,0","-0,25",,411495,Total pasivo + patrimonio,Patrimonio,Utilidad o perdida del ejercicio,Ingresos ordinarios,Otros rendimientos financieros,,,,
133,FCP CORREDORES CAPITAL  I,511325010,COMISION CUSTODIA FIJA                  ,,,1,99,PESOS,"0,0","14138725,0",,511325,Total pasivo + patrimonio,Patrimonio,Utilidad o perdida del ejercicio,Costos y gastos,Gastos de operaciones,Comisión custodia fija,,,
133,FCP CORREDORES CAPITAL  I,511548010,COMISION DE ADMINISTRACION R.F.         ,,,1,99,PESOS,"0,0","291747205,7",,511548,Total pasivo + patrimonio,Patrimonio,Utilidad o perdida del ejercicio,Costos y gastos,Gastos de operaciones,Comisión administración,,,
133,FCP CORREDORES CAPITAL  I,513095090,OTROS HONORARIOS,,,1,99,PESOS,"0,0","8541000,0",,513095,Total pasivo + patrimonio,Patrimonio,Utilidad o perdida del ejercicio,Costos y gastos,Gastos de operaciones,Otros honorarios,,,
133,FCP CORREDORES CAPITAL  I,514005010,IMPUESTO A LOS MOVIMIENTOS FINANCIEROS  ,,,1,99,PESOS,"0,0","136044,25",,514005,Total pasivo + patrimonio,Patrimonio,Utilidad o perdida del ejercicio,Costos y gastos,Gastos de operaciones,Gravamen a los movimientos financieros,Impuestos y tasas,,
133,FCP CORREDORES CAPITAL  I,810505205,EMISORES NACIONALES                     ,,,1,99,PESOS,"505536547750,5","471553677759,86",,810505,,,,,,,,,
139,FCP TEKA COLOMBIA I - COMPARTIMENTO GP,111505525,(TK) BANCOLOMBIA Cta No.04872907349     ,,,1,99,PESOS,"13780790,14","14486029,07",,111505,Activo,,Activo Corriente,Efectivo y equivales de efectivo,Bancos nacionales,,,Disponible,
139,FCP TEKA COLOMBIA I - COMPARTIMENTO GP,130205300,EMISORES  NACIONALES,,,1,99,PESOS,"4087895,79","4362407,3",,130205,Activo,,Activo no corriente,Inversiones a valor razonable con efectos en resultados,Instrumentos de patrimonio,,,Inversiones,
139,FCP TEKA COLOMBIA I - COMPARTIMENTO GP,136000300,INVERSIONES DERECHOS FIDUCIARIOS,,,1,99,PESOS,"41459729,46","25269469,93",,136000,Activo,,Activo no corriente,Inversiones a valor razonable con efectos en resultados,Inversiones derechos fiduciarios,,,Inversiones,
139,FCP TEKA COLOMBIA I - COMPARTIMENTO GP,161695045,CUENTA CORRIENTE                        ,,,1,99,PESOS,"0,0","58,92",,161695,Activo,,Activo Corriente,Cuentas por cobrar,Deudores,,,,
139,FCP TEKA COLOMBIA I - COMPARTIMENTO GP,250105010,HONORARIOS,,,1,99,PESOS,"0,0","-33879,0",,250105,Total pasivo + patrimonio,Pasivo,Pasivo Corriente,Cuentas por pagar,Comision de administracion.,,,,
139,FCP TEKA COLOMBIA I - COMPARTIMENTO GP,410395010,OTROS RENDIMIENTOS FINANCIEROS,,,1,99,PESOS,"0,0","-794171,11",,410395,Total pasivo + patrimonio,Patrimonio,Utilidad o perdida del ejercicio,Ingresos ordinarios,Otros rendimientos financieros,,,,
139,FCP TEKA COLOMBIA I - COMPARTIMENTO GP,510805010,POR DISMINUCION EN EL VALOR RAZONABLE,,,1,99,PESOS,"0,0","14127720,82",,510805,Total pasivo + patrimonio,Patrimonio,Utilidad o perdida del ejercicio,Costos y gastos,Gastos de operaciones,Disminución en el valor de mercado Inst. de Pat.,,,
139,FCP TEKA COLOMBIA I - COMPARTIMENTO GP,511548010,COMISION DE ADMINISTRACION R.F.         ,,,1,99,PESOS,"0,0","844828,99",,511548,Total pasivo + patrimonio,Patrimonio,Utilidad o perdida del ejercicio,Costos y gastos,Gastos de operaciones,Comisión administración,,,
139,FCP TEKA COLOMBIA I - COMPARTIMENTO GP,514005011,IMPOVENTAS                              ,,,1,99,PESOS,"0,0","174607,51",,514005,Total pasivo + patrimonio,Patrimonio,Utilidad o perdida del ejercicio,Costos y gastos,Gastos de operaciones,Gravamen a los movimientos financieros,Impuestos y tasas,,
139,FCP TEKA COLOMBIA I - COMPARTIMENTO GP,830505010,OTRAS TIT. VENDIDOS POR ENTREGAR,,,1,99,PESOS,"-45547625,25","-29631877,23",,,,,,,,,,,
139,FCP TEKA COLOMBIA I - COMPARTIMENTO GP,840505998,ACREEDORAS POR CONTRA PESOS,,,1,99,PESOS,"1180000000,0","1180000000,0",,840505,,,,,,,,,
141,FCP TEKA COLOMBIA I - COMPARTIMIENTO LP,111505027,(TK) BANCOLOMBIA Cta No.04872907942     ,,,1,99,PESOS,"3372437844,32","2758896440,87",,111505,Activo,,Activo Corriente,Efectivo y equivales de efectivo,Bancos nacionales,,,Disponible,
141,FCP TEKA COLOMBIA I - COMPARTIMIENTO LP,136000300,INVERSIONES DERECHOS FIDUCIARIOS,,,1,99,PESOS,"4145992758,04","1521303947,07",,136000,Activo,,Activo no corriente,Inversiones a valor razonable con efectos en resultados,Inversiones derechos fiduciarios,,,Inversiones,
141,FCP TEKA COLOMBIA I - COMPARTIMIENTO LP,161695045,CUENTA CORRIENTE                        ,,,1,99,PESOS,"0,0","296470,39",,161695,Activo,,Activo Corriente,Cuentas por cobrar,Deudores,,,,
141,FCP TEKA COLOMBIA I - COMPARTIMIENTO LP,250105010,HONORARIOS,,,1,99,PESOS,"0,0","-3354051,0",,250105,Total pasivo + patrimonio,Pasivo,Pasivo Corriente,Cuentas por pagar,Comision de administracion.,,,,
141,FCP TEKA COLOMBIA I - COMPARTIMIENTO LP,410395010,OTROS RENDIMIENTOS FINANCIEROS,,,1,99,PESOS,"0,0","-79713581,75",,410395,Total pasivo + patrimonio,Patrimonio,Utilidad o perdida del ejercicio,Ingresos ordinarios,Otros rendimientos financieros,,,,
141,FCP TEKA COLOMBIA I - COMPARTIMIENTO LP,411495028,(TK) BANCOLOMBIA Cau No.04872907942     ,,,1,99,PESOS,"0,0","-46681403,53",,411495,Total pasivo + patrimonio,Patrimonio,Utilidad o perdida del ejercicio,Ingresos ordinarios,Otros rendimientos financieros,,,,
141,FCP TEKA COLOMBIA I - COMPARTIMIENTO LP,510805010,POR DISMINUCION EN EL VALOR RAZONABLE,,,1,99,PESOS,"0,0","1412782019,49",,510805,Total pasivo + patrimonio,Patrimonio,Utilidad o perdida del ejercicio,Costos y gastos,Gastos de operaciones,Disminución en el valor de mercado Inst. de Pat.,,,
141,FCP TEKA COLOMBIA I - COMPARTIMIENTO LP,511325010,COMISION CUSTODIA FIJA                  ,,,1,99,PESOS,"0,0","13849504,95",,511325,Total pasivo + patrimonio,Patrimonio,Utilidad o perdida del ejercicio,Costos y gastos,Gastos de operaciones,Comisión custodia fija,,,
141,FCP TEKA COLOMBIA I - COMPARTIMIENTO LP,511548010,COMISION DE ADMINISTRACION R.F.         ,,,1,99,PESOS,"0,0","84482866,67",,511548,Total pasivo + patrimonio,Patrimonio,Utilidad o perdida del ejercicio,Costos y gastos,Gastos de operaciones,Comisión administración,,,
141,FCP TEKA COLOMBIA I - COMPARTIMIENTO LP,511595011,COMISION GESTOR PROFESIONAL             ,,,1,99,PESOS,"0,0","493618196,91",,511595,Total pasivo + patrimonio,Patrimonio,Utilidad o perdida del ejercicio,Costos y gastos,Gastos de operaciones,Comisión Bursatil,,,
141,FCP TEKA COLOMBIA I - COMPARTIMIENTO LP,513095090,OTROS HONORARIOS,,,1,99,PESOS,"0,0","5637341,88",,513095,Total pasivo + patrimonio,Patrimonio,Utilidad o perdida del ejercicio,Costos y gastos,Gastos de operaciones,Otros honorarios,,,
10,FIC DIVERSIFICADO MODERADO,161695130,ALL FUNDS Cau. 1160500576000 CTE,,,1,99,DOLARES,"15176598,08","14566718,16",,161695,Activo,,Activo Corriente,Cuentas por cobrar,Deudores,,,,
10,FIC DIVERSIFICADO MODERADO,161695143,(FR) BBVA Cau No. 870002821,,,1,99,PESOS,"1574,28","1574,28",,161695,Activo,,Activo Corriente,Cuentas por cobrar,Deudores,,,,
10,FIC DIVERSIFICADO MODERADO,161695149,(EA) Bco Citibank Cau No. 5082432118,,,1,99,PESOS,"146468,28","146468,28",,161695,Activo,,Activo Corriente,Cuentas por cobrar,Deudores,,,,
10,FIC DIVERSIFICADO MODERADO,161695192,(BA) DAVIVIENDA Cta Cau No.005070366645,,,1,99,PESOS,"67023,76","42887,34",,161695,Activo,,Activo Corriente,Cuentas por cobrar,Deudores,,,,
10,FIC DIVERSIFICADO MODERADO,161695193,(BA) BCO BOGOTA Cau No. 049280159,,,1,99,PESOS,"281644,81","281895,77",,161695,Activo,,Activo Corriente,Cuentas por cobrar,Deudores,,,,
10,FIC DIVERSIFICADO MODERADO,161695197,(BA) BBVA Cta Cau No.895000594,,,1,99,PESOS,"1120,84","1120,84",,161695,Activo,,Activo Corriente,Cuentas por cobrar,Deudores,,,,
10,FIC DIVERSIFICADO MODERADO,225030010,OBLIGACIÓN DE COMPRA SOBRE DIVISAS,,,1,99,PESOS,"0,0","-2481469578,93",,,,,,,,,,,
10,FIC DIVERSIFICADO MODERADO,250110033,COMISION CUSTODIO,,,1,99,PESOS,"-495084,7","-1083598,71",,250110,Total pasivo + patrimonio,Pasivo,Pasivo Corriente,Cuentas por pagar,Comision de administracion.,,,,
10,FIC DIVERSIFICADO MODERADO,250305011,RENDIMIENTOS FINANCIEROS CAPITALIZADOS  ,,,1,99,PESOS,"-318201,0","0,0",,250305,Total pasivo + patrimonio,Pasivo,Pasivo Corriente,Cuentas por pagar,Impuestos,,,,
10,FIC DIVERSIFICADO MODERADO,253105110,CUENTA COMPENSACION,,,1,99,PESOS,"-342753105,86","-468614109,93",,253105,Total pasivo + patrimonio,Pasivo,Pasivo Corriente,Cuentas por pagar,Acreedores varios,,,,
10,FIC DIVERSIFICADO MODERADO,410705115,OTROS EMISORES NACIONALES               ,,,1,99,PESOS,"0,0","-289342350,0",,410705,Total pasivo + patrimonio,Patrimonio,Utilidad o perdida del ejercicio,Ingresos ordinarios,Valoracion Intrumentos de Deuda,,,,
10,FIC DIVERSIFICADO MODERADO,410805200,EMISORES EXTRANJEROS,,,1,99,PESOS,"0,0","-1538366855,25",,410805,Total pasivo + patrimonio,Patrimonio,Utilidad o perdida del ejercicio,Ingresos ordinarios,Por aumento en el valor de mercado Inst. de Pat.,,,,
10,FIC DIVERSIFICADO MODERADO,411405015,INGRESO POR OP REPO,,,1,99,PESOS,"0,0","-12150423,03",,411405,Total pasivo + patrimonio,Patrimonio,Utilidad o perdida del ejercicio,Ingresos ordinarios,,,,,
10,FIC DIVERSIFICADO MODERADO,411415020,DIVIDENDOS                              ,,,1,99,PESOS,"0,0","-302369484,53",,411415,Total pasivo + patrimonio,Patrimonio,Utilidad o perdida del ejercicio,Ingresos ordinarios,Dividendos,,,,
10,FIC DIVERSIFICADO MODERADO,411495002,(DM) BCO BOGOTA Cta No.049335060,,,1,99,PESOS,"0,0","-4882336,6",,411495,Total pasivo + patrimonio,Patrimonio,Utilidad o perdida del ejercicio,Ingresos ordinarios,Otros rendimientos financieros,,,,
10,FIC DIVERSIFICADO MODERADO,411495005,(DM) BANCOLOMBIA Cta No. 69000008137,,,1,99,PESOS,"0,0","-9076368,71",,411495,Total pasivo + patrimonio,Patrimonio,Utilidad o perdida del ejercicio,Ingresos ordinarios,Otros rendimientos financieros,,,,
10,FIC DIVERSIFICADO MODERADO,411495006,(DM) BANCO COLPATRIA Cta No. 0072967712,,,1,99,PESOS,"0,0","-3795079,79",,411495,Total pasivo + patrimonio,Patrimonio,Utilidad o perdida del ejercicio,Ingresos ordinarios,Otros rendimientos financieros,,,,
10,FIC DIVERSIFICADO MODERADO,411495015,RENDIMIENTOS INVERSIONES EN FICS,,,1,99,PESOS,"0,0","-24085488,65",,411495,Total pasivo + patrimonio,Patrimonio,Utilidad o perdida del ejercicio,Ingresos ordinarios,Otros rendimientos financieros,,,,
10,FIC DIVERSIFICADO MODERADO,411495040,(EA) Bancolombia cau No. 80100007240,,,1,99,PESOS,"0,0","-69974,55",,411495,Total pasivo + patrimonio,Patrimonio,Utilidad o perdida del ejercicio,Ingresos ordinarios,Otros rendimientos financieros,,,,
10,FIC DIVERSIFICADO MODERADO,411495088,(FR) BANCOLOMBIA Cau No.04882034670     ,,,1,99,PESOS,"0,0","-644790,46",,411495,Total pasivo + patrimonio,Patrimonio,Utilidad o perdida del ejercicio,Ingresos ordinarios,Otros rendimientos financieros,,,,
10,FIC DIVERSIFICADO MODERADO,411495115,(BA) BANCO COLPATRIA Cau No.0062513021,,,1,99,PESOS,"0,0","-193795,92",,411495,Total pasivo + patrimonio,Patrimonio,Utilidad o perdida del ejercicio,Ingresos ordinarios,Otros rendimientos financieros,,,,
10,FIC DIVERSIFICADO MODERADO,411495142,(FR) OCCIDENTES Cau No. 288854078,,,1,99,PESOS,"0,0","-14332819,17",,411495,Total pasivo + patrimonio,Patrimonio,Utilidad o perdida del ejercicio,Ingresos ordinarios,Otros rendimientos financieros,,,,
10,FIC DIVERSIFICADO MODERADO,411495300,INTERESES TÍTULOS,,,1,99,PESOS,"0,0","-1008056422,49",,411495,Total pasivo + patrimonio,Patrimonio,Utilidad o perdida del ejercicio,Ingresos ordinarios,Otros rendimientos financieros,,,,
10,FIC DIVERSIFICADO MODERADO,411495999,OTROS,,,1,99,PESOS,"0,0","-94,27",,411495,Total pasivo + patrimonio,Patrimonio,Utilidad o perdida del ejercicio,Ingresos ordinarios,Otros rendimientos financieros,,,,
10,FIC DIVERSIFICADO MODERADO,412505115,OTROS EMISORES NACIONALES               ,,,1,99,PESOS,"0,0","-16414300,0",,412505,Total pasivo + patrimonio,Patrimonio,Utilidad o perdida del ejercicio,Ingresos ordinarios,A valor Razonable Instrumentos de Deuda.,,,,
10,FIC DIVERSIFICADO MODERADO,412510200,EMISORES EXTRANJEROS,,,1,99,PESOS,"0,0","-843789898,88",,412510,Total pasivo + patrimonio,Patrimonio,Utilidad o perdida del ejercicio,Ingresos ordinarios,A valor Razonable Instrumentos de Pat.,,,,
10,FIC DIVERSIFICADO MODERADO,413515010,POR REEXPRESION DE OTROS ACTIVOS,,,1,99,PESOS,"0,0","-197453430,35",,413515,Total pasivo + patrimonio,Patrimonio,Utilidad o perdida del ejercicio,Ingresos ordinarios,Diferencia en cambio,,,,
10,FIC DIVERSIFICADO MODERADO,413515015,UT/PER REEXPRESIÓN OTROS ACTIVOS (DER CO,,,1,99,PESOS,"0,0","-9657750,0",,413515,Total pasivo + patrimonio,Patrimonio,Utilidad o perdida del ejercicio,Ingresos ordinarios,Diferencia en cambio,,,,
10,FIC DIVERSIFICADO MODERADO,413535015,UT/PER REEXPRESIÓN OTROS PASIVOS (OBL VE,,,1,99,PESOS,"0,0","-3650020,0",,413535,Total pasivo + patrimonio,Patrimonio,Utilidad o perdida del ejercicio,Ingresos ordinarios,Por reexpresion de otros pasivos,,,,
10,FIC DIVERSIFICADO MODERADO,510605105,TÍTULOS DE TESORERÍA -TES,,,1,99,PESOS,"0,0","65656800,0",,510605,Total pasivo + patrimonio,Patrimonio,Utilidad o perdida del ejercicio,Costos y gastos,Gastos de operaciones,Disminucion en el Valor Razonables inst. de Deuda,,,
10,FIC DIVERSIFICADO MODERADO,511512010,GASTOS BANCARIOS                        ,,,1,99,PESOS,"0,0","5258594,61",,511512,Total pasivo + patrimonio,Patrimonio,Utilidad o perdida del ejercicio,Costos y gastos,Gastos de operaciones,Gastos bancarios,,,
10,FIC DIVERSIFICADO MODERADO,511548010,COMISION DE ADMINISTRACION R.F.         ,,,1,99,PESOS,"0,0","501790266,88",,511548,Total pasivo + patrimonio,Patrimonio,Utilidad o perdida del ejercicio,Costos y gastos,Gastos de operaciones,Comisión administración,,,
10,FIC DIVERSIFICADO MODERADO,511595010,COMISIONES BURSATILES,,,1,99,PESOS,"0,0","510787,5",,511595,Total pasivo + patrimonio,Patrimonio,Utilidad o perdida del ejercicio,Costos y gastos,Gastos de operaciones,Comisión Bursatil,,,
10,FIC DIVERSIFICADO MODERADO,512505105,TÍTULOS DE TESORERÍA -TES               ,,,1,99,PESOS,"0,0","1237371,82",,512505,Total pasivo + patrimonio,Patrimonio,Utilidad o perdida del ejercicio,Costos y gastos,Gastos de operaciones,Otras Emisores Nacionales,,,
10,FIC DIVERSIFICADO MODERADO,512505115,OTROS EMISORES NACIONALES               ,,,1,99,PESOS,"0,0","14934950,0",,512505,Total pasivo + patrimonio,Patrimonio,Utilidad o perdida del ejercicio,Costos y gastos,Gastos de operaciones,Otras Emisores Nacionales,,,
10,FIC DIVERSIFICADO MODERADO,512510200,EMISORES EXTRANJEROS,,,1,99,PESOS,"0,0","129123540,18",,512510,Total pasivo + patrimonio,Patrimonio,Utilidad o perdida del ejercicio,Costos y gastos,Gastos de operaciones,,,,
10,FIC DIVERSIFICADO MODERADO,512917010,PERDIDA FUTUROS DE MONEDAS,,,1,99,PESOS,"0,0","369180000,0",,512917,Total pasivo + patrimonio,Patrimonio,Utilidad o perdida del ejercicio,Costos y gastos,Gastos de operaciones,,,,
10,FIC DIVERSIFICADO MODERADO,512917020,VALORACION FUTUROS DE MONEDAS,,,1,99,PESOS,"0,0","389639500,0",,512917,Total pasivo + patrimonio,Patrimonio,Utilidad o perdida del ejercicio,Costos y gastos,Gastos de operaciones,,,,
10,FIC DIVERSIFICADO MODERADO,514005011,IMPOVENTAS,,,1,99,PESOS,"0,0","570295,38",,514005,Total pasivo + patrimonio,Patrimonio,Utilidad o perdida del ejercicio,Costos y gastos,Gastos de operaciones,Gravamen a los movimientos financieros,Impuestos y tasas,,
10,FIC DIVERSIFICADO MODERADO,519095004,MERCADO ELECTRONICO COLOMBIANO (MEC),,,1,99,PESOS,"0,0","2900555,98",,519095,Total pasivo + patrimonio,Patrimonio,Utilidad o perdida del ejercicio,Costos y gastos,Gastos de operaciones,Otros gastos de operación,,,
10,FIC DIVERSIFICADO MODERADO,519095006,CUENTA DE DEPOSITO (CUD),,,1,99,PESOS,"0,0","1707864,76",,519095,Total pasivo + patrimonio,Patrimonio,Utilidad o perdida del ejercicio,Costos y gastos,Gastos de operaciones,Otros gastos de operación,,,
10,FIC DIVERSIFICADO MODERADO,519095007,SAE CUSTODIO,,,1,99,PESOS,"0,0","110092,59",,519095,Total pasivo + patrimonio,Patrimonio,Utilidad o perdida del ejercicio,Costos y gastos,Gastos de operaciones,Otros gastos de operación,,,
10,FIC DIVERSIFICADO MODERADO,519095999,OTROS,,,1,99,PESOS,"0,0","0,75",,519095,Total pasivo + patrimonio,Patrimonio,Utilidad o perdida del ejercicio,Costos y gastos,Gastos de operaciones,Otros gastos de operación,,,
10,FIC DIVERSIFICADO MODERADO,590505010,CANCELACION DE INGRESOS RF,,,1,99,PESOS,"0,0","838616110,6",,590505,Total pasivo + patrimonio,Patrimonio,,,,,,,
10,FIC DIVERSIFICADO MODERADO,590505020,UTILIDAD/PERDIDA PAGADA EN REDENCIONES,,,1,99,PESOS,"0,0","1004410493,88",,590505,Total pasivo + patrimonio,Patrimonio,,,,,,,
141,FCP TEKA COLOMBIA I - COMPARTIMIENTO LP,514005010,IMPUESTO A LOS MOVIMIENTOS FINANCIEROS  ,,,1,99,PESOS,"0,0","3475495,79",,514005,Total pasivo + patrimonio,Patrimonio,Utilidad o perdida del ejercicio,Costos y gastos,Gastos de operaciones,Gravamen a los movimientos financieros,Impuestos y tasas,,
141,FCP TEKA COLOMBIA I - COMPARTIMIENTO LP,514005011,IMPOVENTAS                              ,,,1,99,PESOS,"0,0","17452996,49",,514005,Total pasivo + patrimonio,Patrimonio,Utilidad o perdida del ejercicio,Costos y gastos,Gastos de operaciones,Gravamen a los movimientos financieros,Impuestos y tasas,,
141,FCP TEKA COLOMBIA I - COMPARTIMIENTO LP,514005015,IVA COMISION GESTOR PROFESIONAL,,,1,99,PESOS,"0,0","93787457,43",,514005,Total pasivo + patrimonio,Patrimonio,Utilidad o perdida del ejercicio,Costos y gastos,Gastos de operaciones,Gravamen a los movimientos financieros,Impuestos y tasas,,
141,FCP TEKA COLOMBIA I - COMPARTIMIENTO LP,810505205,EMISORES NACIONALES                     ,,,1,99,PESOS,"4554749570,02","2963164830,82",,810505,,,,,,,,,
141,FCP TEKA COLOMBIA I - COMPARTIMIENTO LP,840505998,ACREEDORAS POR CONTRA PESOS,,,1,99,PESOS,"118000000000,0","118000000000,0",,840505,,,,,,,,,
152,FCP INVERSOR COMPARTIMIENTO A,111505005,(IA) BANCOLOMBIA Cta No.69000001708,,,1,99,PESOS,"11,6","10012,67",,111505,Activo,,Activo Corriente,Efectivo y equivales de efectivo,Bancos nacionales,,,Disponible,
152,FCP INVERSOR COMPARTIMIENTO A,161620010,INTERESES,,,1,99,PESOS,"373834512,98","0,0",,161620,Activo,,Activo Corriente,Cuentas por cobrar,Deudores,,,,
152,FCP INVERSOR COMPARTIMIENTO A,161695005,(IA) BANCOLOMBIA Cta cau No.69000001708,,,1,99,PESOS,"0,0","27,0",,161695,Activo,,Activo Corriente,Cuentas por cobrar,Deudores,,,,
152,FCP INVERSOR COMPARTIMIENTO A,192595015,COMISION DE GESTION,,,1,99,PESOS,"0,0","44081186,5",,192595,Activo,,Activo Corriente,Otros activos,Gatos pagados por anticipados,,,,
152,FCP INVERSOR COMPARTIMIENTO A,352505010,PARTICIPACIONES EN FDO DE INVERSIÓN COLE,,,1,99,PESOS,"-25853491187,13","-25142998157,12",,352505,Total pasivo + patrimonio,Patrimonio,,Patrimonio especiales,Participaciones en fondos de inversión colectiva,,,,
152,FCP INVERSOR COMPARTIMIENTO A,411495005,(IA) BANCOLOMBIA Cta cau No.69000001708,,,1,99,PESOS,"0,0","-28,07",,411495,Total pasivo + patrimonio,Patrimonio,Utilidad o perdida del ejercicio,Ingresos ordinarios,Otros rendimientos financieros,,,,
152,FCP INVERSOR COMPARTIMIENTO A,510805010,POR DISMINUCION EN EL VALOR DE MERCADO,,,1,99,PESOS,"0,0","1293134060,37",,510805,Total pasivo + patrimonio,Patrimonio,Utilidad o perdida del ejercicio,Costos y gastos,Gastos de operaciones,Disminución en el valor de mercado Inst. de Pat.,,,
152,FCP INVERSOR COMPARTIMIENTO A,511325010,COMISION CUSTODIA FIJA,,,1,99,PESOS,"0,0","2850325,17",,511325,Total pasivo + patrimonio,Patrimonio,Utilidad o perdida del ejercicio,Costos y gastos,Gastos de operaciones,Comisión custodia fija,,,
152,FCP INVERSOR COMPARTIMIENTO A,513015003,REVISORIA FISCAL,,,1,99,PESOS,"0,0","4791715,91",,513015,Total pasivo + patrimonio,Patrimonio,Utilidad o perdida del ejercicio,Costos y gastos,Gastos de operaciones,Revisoría Fiscal,,,
152,FCP INVERSOR COMPARTIMIENTO A,513095090,OTROS HONORARIOS,,,1,99,PESOS,"0,0","16261,0",,513095,Total pasivo + patrimonio,Patrimonio,Utilidad o perdida del ejercicio,Costos y gastos,Gastos de operaciones,Otros honorarios,,,
152,FCP INVERSOR COMPARTIMIENTO A,514005010,IMPUESTO A LOS MOVIMIENTOS FINANCIEROS,,,1,99,PESOS,"0,0","1094389,61",,514005,Total pasivo + patrimonio,Patrimonio,Utilidad o perdida del ejercicio,Costos y gastos,Gastos de operaciones,Gravamen a los movimientos financieros,Impuestos y tasas,,
152,FCP INVERSOR COMPARTIMIENTO A,590505015,CANCELACION DE INGRESOS RV,,,1,99,PESOS,"0,0","-675683371,06",,590505,Total pasivo + patrimonio,Patrimonio,,,,,,,
152,FCP INVERSOR COMPARTIMIENTO A,810505205,EMISORES NACIONALES,,,1,99,PESOS,"25583437849,32","24353687823,71",,810505,,,,,,,,,
152,FCP INVERSOR COMPARTIMIENTO A,829595998,OTRAS CUENTAS DE ORDEN ACREEDORAS PESOS,,,1,99,PESOS,"-22410000000,0","-22410000000,0",,829595,,,,,,,,,
165,FCP INVERSOR COMPARTIMENTO B,111505425,(IN) BANCOLOMBIA Cta No.04872908574     ,,,1,99,PESOS,"8230823,93","22566602,47",,111505,Activo,,Activo Corriente,Efectivo y equivales de efectivo,Bancos nacionales,,,Disponible,
165,FCP INVERSOR COMPARTIMENTO B,136000010,INVERSIONES DERECHOS FIDUCIARIOS,,,1,99,PESOS,"1110168441,3","0,0",,136000,Activo,,Activo no corriente,Inversiones a valor razonable con efectos en resultados,Inversiones derechos fiduciarios,,,Inversiones,
165,FCP INVERSOR COMPARTIMENTO B,136000300,INVERSIONES DERECHOS FIDUCIARIOS,,,1,99,PESOS,"0,0","1021377363,35",,136000,Activo,,Activo no corriente,Inversiones a valor razonable con efectos en resultados,Inversiones derechos fiduciarios,,,Inversiones,
165,FCP INVERSOR COMPARTIMENTO B,161695045,CUENTA CORRIENTE                        ,,,1,99,PESOS,"0,0","0,02",,161695,Activo,,Activo Corriente,Cuentas por cobrar,Deudores,,,,
165,FCP INVERSOR COMPARTIMENTO B,161695427,(IB) BANCOLOMBIA Cta cau No.69000001709,,,1,99,PESOS,"0,0","28,89",,161695,Activo,,Activo Corriente,Cuentas por cobrar,Deudores,,,,
165,FCP INVERSOR COMPARTIMENTO B,192595030,COMISION ADMINISTRACION                 ,,,1,99,PESOS,"0,0","535821,84",,192595,Activo,,Activo Corriente,Otros activos,Gatos pagados por anticipados,,,,
165,FCP INVERSOR COMPARTIMENTO B,253105426,(IN) BANCOLOMBIA Cau No.04872908574,,,1,99,PESOS,"-1871,53","0,0",,253105,Total pasivo + patrimonio,Pasivo,Pasivo Corriente,Cuentas por pagar,Acreedores varios,,,,
165,FCP INVERSOR COMPARTIMENTO B,410395010,OTROS RENDIMIENTOS FINANCIEROS,,,1,99,PESOS,"0,0","-45912960,5",,410395,Total pasivo + patrimonio,Patrimonio,Utilidad o perdida del ejercicio,Ingresos ordinarios,Otros rendimientos financieros,,,,
165,FCP INVERSOR COMPARTIMENTO B,411495015,RENDIMIENTOS INVERSIONES EN FICS,,,1,99,PESOS,"0,0","-197654,7",,411495,Total pasivo + patrimonio,Patrimonio,Utilidad o perdida del ejercicio,Ingresos ordinarios,Otros rendimientos financieros,,,,
165,FCP INVERSOR COMPARTIMENTO B,411495427,(IB) BANCOLOMBIA Cta No.69000001709,,,1,99,PESOS,"0,0","-28,89",,411495,Total pasivo + patrimonio,Patrimonio,Utilidad o perdida del ejercicio,Ingresos ordinarios,Otros rendimientos financieros,,,,
165,FCP INVERSOR COMPARTIMENTO B,411495999,OTROS,,,1,99,PESOS,"0,0","-0,09",,411495,Total pasivo + patrimonio,Patrimonio,Utilidad o perdida del ejercicio,Ingresos ordinarios,Otros rendimientos financieros,,,,
165,FCP INVERSOR COMPARTIMENTO B,511548010,COMISION DE ADMINISTRACION R.F.         ,,,1,99,PESOS,"0,0","2679109,15",,511548,Total pasivo + patrimonio,Patrimonio,Utilidad o perdida del ejercicio,Costos y gastos,Gastos de operaciones,Comisión administración,,,
165,FCP INVERSOR COMPARTIMENTO B,511595011,COMISION GESTOR PROFESIONAL             ,,,1,99,PESOS,"0,0","12397260,3",,511595,Total pasivo + patrimonio,Patrimonio,Utilidad o perdida del ejercicio,Costos y gastos,Gastos de operaciones,Comisión Bursatil,,,
165,FCP INVERSOR COMPARTIMENTO B,514005011,IMPOVENTAS                              ,,,1,99,PESOS,"0,0","97245,09",,514005,Total pasivo + patrimonio,Patrimonio,Utilidad o perdida del ejercicio,Costos y gastos,Gastos de operaciones,Gravamen a los movimientos financieros,Impuestos y tasas,,
165,FCP INVERSOR COMPARTIMENTO B,514005015,IVA COMISION GESTOR PROFESIONAL         ,,,1,99,PESOS,"0,0","2355479,45",,514005,Total pasivo + patrimonio,Patrimonio,Utilidad o perdida del ejercicio,Costos y gastos,Gastos de operaciones,Gravamen a los movimientos financieros,Impuestos y tasas,,
165,FCP INVERSOR COMPARTIMENTO B,519095999,OTROS,,,1,99,PESOS,"0,0","0,04",,519095,Total pasivo + patrimonio,Patrimonio,Utilidad o perdida del ejercicio,Costos y gastos,Gastos de operaciones,Otros gastos de operación,,,
165,FCP INVERSOR COMPARTIMENTO B,810505205,EMISORES NACIONALES,,,1,99,PESOS,"1110168441,3","1021377363,35",,810505,,,,,,,,,
165,FCP INVERSOR COMPARTIMENTO B,830505010,DEUDORAS POR CONTRA,,,1,99,PESOS,"-1110168441,3","-1021377363,35",,,,,,,,,,,
165,FCP INVERSOR COMPARTIMENTO B,840505998,ACREEDORAS POR CONTRA PESOS,,,1,99,PESOS,"1500000000,0","1500000000,0",,840505,,,,,,,,,
167,FDO DE CAPITAL PRIVADO ENERGETICO ANDINO-COMPART. A,161695045,CUENTA CORRIENTE                        ,,,1,99,PESOS,"682,06","682,59",,161695,Activo,,Activo Corriente,Cuentas por cobrar,Deudores,,,,
167,FDO DE CAPITAL PRIVADO ENERGETICO ANDINO-COMPART. A,352505010,PARTICIPACIONES EN FDO DE INVERSIÓN COLE,,,1,99,PESOS,"-959928210,53","-746662516,64",,352505,Total pasivo + patrimonio,Patrimonio,,Patrimonio especiales,Participaciones en fondos de inversión colectiva,,,,
167,FDO DE CAPITAL PRIVADO ENERGETICO ANDINO-COMPART. A,510805010,POR DISMINUCION EN EL VALOR RAZONABLE,,,1,99,PESOS,"0,0","194947778,04",,510805,Total pasivo + patrimonio,Patrimonio,Utilidad o perdida del ejercicio,Costos y gastos,Gastos de operaciones,Disminución en el valor de mercado Inst. de Pat.,,,
167,FDO DE CAPITAL PRIVADO ENERGETICO ANDINO-COMPART. A,511325010,COMISION CUSTODIA FIJA                  ,,,1,99,PESOS,"0,0","8010272,66",,511325,Total pasivo + patrimonio,Patrimonio,Utilidad o perdida del ejercicio,Costos y gastos,Gastos de operaciones,Comisión custodia fija,,,
167,FDO DE CAPITAL PRIVADO ENERGETICO ANDINO-COMPART. A,511548010,COMISION DE ADMINISTRACION R.F.         ,,,1,99,PESOS,"0,0","404776,65",,511548,Total pasivo + patrimonio,Patrimonio,Utilidad o perdida del ejercicio,Costos y gastos,Gastos de operaciones,Comisión administración,,,
167,FDO DE CAPITAL PRIVADO ENERGETICO ANDINO-COMPART. A,513095090,OTROS HONORARIOS,,,1,99,PESOS,"0,0","11388000,01",,513095,Total pasivo + patrimonio,Patrimonio,Utilidad o perdida del ejercicio,Costos y gastos,Gastos de operaciones,Otros honorarios,,,
167,FDO DE CAPITAL PRIVADO ENERGETICO ANDINO-COMPART. A,514005010,IMPUESTO A LOS MOVIMIENTOS FINANCIEROS  ,,,1,99,PESOS,"0,0","114672,46",,514005,Total pasivo + patrimonio,Patrimonio,Utilidad o perdida del ejercicio,Costos y gastos,Gastos de operaciones,Gravamen a los movimientos financieros,Impuestos y tasas,,
167,FDO DE CAPITAL PRIVADO ENERGETICO ANDINO-COMPART. A,810505210,OTROS                                   ,,,1,99,PESOS,"431116457,77","238579943,19",,810505,,,,,,,,,
167,FDO DE CAPITAL PRIVADO ENERGETICO ANDINO-COMPART. A,829595999,OTRAS CUENTAS DE ORDEN ACREEDORAS USD,,,1,99,DOLARES,"-168309830395,8","-158368474549,44",,829595,,,,,,,,,
167,FDO DE CAPITAL PRIVADO ENERGETICO ANDINO-COMPART. A,840505999,OTRAS CUENTAS DE ORDEN ACREEDORAS USD,,,1,99,PESOS,"168309830395,8","158368474549,44",,840505,,,,,,,,,
173,FONDO DE CAPITAL PRIVADO ALTRA II,111505527,(AII) BANCOLOMBIA Cta No.69000001710,,,1,99,PESOS,"1009077,32","1025241,35",,111505,Activo,,Activo Corriente,Efectivo y equivales de efectivo,Bancos nacionales,,,Disponible,
173,FONDO DE CAPITAL PRIVADO ALTRA II,130210300,EMISORES EXTRANJEROS,,,1,99,PESOS,"8412668268,73","8460103594,55",,130210,Activo,,Activo no corriente,Inversiones a valor razonable con efectos en resultados,Instrumentos de patrimonio,,,Inversiones,
173,FONDO DE CAPITAL PRIVADO ALTRA II,192595030,AMORTIZACION COMISION DE ADMON,,,1,99,PESOS,"0,0","5000000,0",,192595,Activo,,Activo Corriente,Otros activos,Gatos pagados por anticipados,,,,
173,FONDO DE CAPITAL PRIVADO ALTRA II,250195010,COMISION DE GESTION,,,1,99,PESOS,"0,0","-62415222,8",,250195,Total pasivo + patrimonio,Pasivo,Pasivo Corriente,Cuentas por pagar,Comisión de gestión.,,,,
173,FONDO DE CAPITAL PRIVADO ALTRA II,253105110,CUENTA COMPENSACION,,,1,99,PESOS,"0,0","-0,23",,253105,Total pasivo + patrimonio,Pasivo,Pasivo Corriente,Cuentas por pagar,Acreedores varios,,,,
173,FONDO DE CAPITAL PRIVADO ALTRA II,411495999,OTROS,,,1,99,PESOS,"0,0","-0,03",,411495,Total pasivo + patrimonio,Patrimonio,Utilidad o perdida del ejercicio,Ingresos ordinarios,Otros rendimientos financieros,,,,
173,FONDO DE CAPITAL PRIVADO ALTRA II,511548010,COMISION DE ADMINISTRACION R.F.         ,,,1,99,PESOS,"0,0","25000000,0",,511548,Total pasivo + patrimonio,Patrimonio,Utilidad o perdida del ejercicio,Costos y gastos,Gastos de operaciones,Comisión administración,,,
173,FONDO DE CAPITAL PRIVADO ALTRA II,511595011,COMISION GESTOR PROFESIONAL             ,,,1,99,PESOS,"0,0","52449767,05",,511595,Total pasivo + patrimonio,Patrimonio,Utilidad o perdida del ejercicio,Costos y gastos,Gastos de operaciones,Comisión Bursatil,,,
173,FONDO DE CAPITAL PRIVADO ALTRA II,514005011,IMPOVENTAS                              ,,,1,99,PESOS,"0,0","3759727,0",,514005,Total pasivo + patrimonio,Patrimonio,Utilidad o perdida del ejercicio,Costos y gastos,Gastos de operaciones,Gravamen a los movimientos financieros,Impuestos y tasas,,
173,FONDO DE CAPITAL PRIVADO ALTRA II,514005015,IVA COMISION GESTOR PROFESIONAL         ,,,1,99,PESOS,"0,0","9965455,75",,514005,Total pasivo + patrimonio,Patrimonio,Utilidad o perdida del ejercicio,Costos y gastos,Gastos de operaciones,Gravamen a los movimientos financieros,Impuestos y tasas,,
173,FONDO DE CAPITAL PRIVADO ALTRA II,519095999,OTROS,,,1,99,PESOS,"0,0","0,1",,519095,Total pasivo + patrimonio,Patrimonio,Utilidad o perdida del ejercicio,Costos y gastos,Gastos de operaciones,Otros gastos de operación,,,
173,FONDO DE CAPITAL PRIVADO ALTRA II,590505010,CANCELACION DE INGRESOS RF,,,1,99,PESOS,"0,0","3035510,27",,590505,Total pasivo + patrimonio,Patrimonio,,,,,,,
173,FONDO DE CAPITAL PRIVADO ALTRA II,810505210,EMISORES EXTRANJEROS,,,1,99,PESOS,"8412668268,73","8460103594,55",,810505,,,,,,,,,
173,FONDO DE CAPITAL PRIVADO ALTRA II,830505010,EMISORES EXTRANJEROS,,,1,99,PESOS,"-8412668268,73","-8460103594,55",,,,,,,,,,,
175,FCP TC LATAM COMPARTIMENTO A,111505436,(TA) BANCOLOMBIA Cta No. 03141537163,,,1,99,PESOS,"87108388,21","56692206,82",,111505,Activo,,Activo Corriente,Efectivo y equivales de efectivo,Bancos nacionales,,,Disponible,
175,FCP TC LATAM COMPARTIMENTO A,111510002,(LA) BANCOLOMBIA PANAMA CTA: 80100001881,,,1,99,DOLARES,"416781429,27","449534721,55",,111510,Activo,,Activo Corriente,Efectivo y equivales de efectivo,Bancos del Exterior,,,Disponible,
175,FCP TC LATAM COMPARTIMENTO A,130115115,OTROS EMISORES NACIONALES,,,1,99,PESOS,"3698896248,2","3698896248,2",,130115,Activo,,Activo no corriente,Inversiones a valor razonable con efectos en resultados,Instrumentos de Deuda,,,Inversiones,
175,FCP TC LATAM COMPARTIMENTO A,130120120,EMISORES EXTRANJEROS,,,1,99,PESOS,"5280445326,96","0,0",,130120,Activo,,Activo no corriente,Inversiones a valor razonable con efectos en resultados,Instrumentos de Deuda,,,Inversiones,
175,FCP TC LATAM COMPARTIMENTO A,161625010,REDENCIONES,,,1,99,PESOS,"0,0","4902112348,34",,161625,Activo,,Activo Corriente,Cuentas por cobrar,Deudores,,,,
175,FCP TC LATAM COMPARTIMENTO A,161695001,(LT) BANCOLOMBIA Cta No.69000002514,,,1,99,PESOS,"4079,54","-401,08",,161695,Activo,,Activo Corriente,Cuentas por cobrar,Deudores,,,,
175,FCP TC LATAM COMPARTIMENTO A,161695435,(TA) BANCOLOMBIA Cau No.80100001881,,,1,99,PESOS,"464447,18","0,0",,161695,Activo,,Activo Corriente,Cuentas por cobrar,Deudores,,,,
175,FCP TC LATAM COMPARTIMENTO A,169895010,DETERIORO OTRAS CUENTAS POR COBRAR,,,1,99,PESOS,"0,0","-4524260866,98",,169895,Activo,,Activo Corriente,Cuentas por cobrar,Deudores,,,,
175,FCP TC LATAM COMPARTIMENTO A,182705010,PROPIEDADES DE INVERSION,,,1,99,PESOS,"224497385,8","224497385,8",,182705,Activo,,Activo no corriente,Activos Materiales,Propiedades de Inversión,,,,
175,FCP TC LATAM COMPARTIMENTO A,192595030,AMORTIZACIÓN COMISIÓN DE ADMÓN,,,1,99,PESOS,"0,0","1092455,1",,192595,Activo,,Activo Corriente,Otros activos,Gatos pagados por anticipados,,,,
175,FCP TC LATAM COMPARTIMENTO A,250340010,SOBRE LAS VENTAS POR PAGAR 19%,,,1,99,PESOS,"-1235684,4","-252539,4",,250340,Total pasivo + patrimonio,Pasivo,Pasivo Corriente,Cuentas por pagar,Acreedores varios,,,,
175,FCP TC LATAM COMPARTIMENTO A,253105110,CUENTA COMPENSACION,,,1,99,PESOS,"-1006950,92","-21478670,63",,253105,Total pasivo + patrimonio,Pasivo,Pasivo Corriente,Cuentas por pagar,Acreedores varios,,,,
175,FCP TC LATAM COMPARTIMENTO A,352505010,PARTICIPACIONES EN FDO DE INVERSIÓN COLE,,,1,99,PESOS,"-8690391250,92","-7862229281,42",,352505,Total pasivo + patrimonio,Patrimonio,,Patrimonio especiales,Participaciones en fondos de inversión colectiva,,,,
175,FCP TC LATAM COMPARTIMENTO A,411495002,(LA) BANCOLOMBIA PANAMA CTA.80100001881,,,1,99,PESOS,"0,0","-58899,44",,411495,Total pasivo + patrimonio,Patrimonio,Utilidad o perdida del ejercicio,Ingresos ordinarios,Otros rendimientos financieros,,,,
175,FCP TC LATAM COMPARTIMENTO A,411495999,OTROS,,,1,99,PESOS,"0,0","-1,36",,411495,Total pasivo + patrimonio,Patrimonio,Utilidad o perdida del ejercicio,Ingresos ordinarios,Otros rendimientos financieros,,,,
175,FCP TC LATAM COMPARTIMENTO A,413515010,DIFERENCIA EN CAMBIO,,,1,99,PESOS,"0,0","-104207546,36",,413515,Total pasivo + patrimonio,Patrimonio,Utilidad o perdida del ejercicio,Ingresos ordinarios,Diferencia en cambio,,,,
175,FCP TC LATAM COMPARTIMENTO A,414515010,ARRENDAMIENTO INMUEBLES IVA 19%,,,1,99,PESOS,"0,0","-7057511,26",,414515,Total pasivo + patrimonio,Patrimonio,Utilidad o perdida del ejercicio,Ingresos ordinarios,Arrendamientos,,,,
175,FCP TC LATAM COMPARTIMENTO A,510605120,EMISORES EXTRANJEROS,,,1,99,PESOS,"0,0","394928728,12",,510605,Total pasivo + patrimonio,Patrimonio,Utilidad o perdida del ejercicio,Costos y gastos,Gastos de operaciones,Disminucion en el Valor Razonables inst. de Deuda,,,
175,FCP TC LATAM COMPARTIMENTO A,510805010,POR DISMINUCION EN EL VALOR RAZONABLE,,,1,99,PESOS,"0,0","274015580,22",,510805,Total pasivo + patrimonio,Patrimonio,Utilidad o perdida del ejercicio,Costos y gastos,Gastos de operaciones,Disminución en el valor de mercado Inst. de Pat.,,,
175,FCP TC LATAM COMPARTIMENTO A,511325010,COMISION CUSTODIA FIJA                  ,,,1,99,PESOS,"0,0","1664076,79",,511325,Total pasivo + patrimonio,Patrimonio,Utilidad o perdida del ejercicio,Costos y gastos,Gastos de operaciones,Comisión custodia fija,,,
175,FCP TC LATAM COMPARTIMENTO A,511512010,GASTOS BANCARIOS                        ,,,1,99,PESOS,"0,0","563835,79",,511512,Total pasivo + patrimonio,Patrimonio,Utilidad o perdida del ejercicio,Costos y gastos,Gastos de operaciones,Gastos bancarios,,,
175,FCP TC LATAM COMPARTIMENTO A,511548010,COMISION DE ADMINISTRACION R.F.         ,,,1,99,PESOS,"0,0","5462275,49",,511548,Total pasivo + patrimonio,Patrimonio,Utilidad o perdida del ejercicio,Costos y gastos,Gastos de operaciones,Comisión administración,,,
175,FCP TC LATAM COMPARTIMENTO A,511805010,NOTARIALES,,,1,99,PESOS,"0,0","7624461,66",,511805,Total pasivo + patrimonio,Patrimonio,Utilidad o perdida del ejercicio,Costos y gastos,Gastos de operaciones,Gastos legales,,,
175,FCP TC LATAM COMPARTIMENTO A,513095090,OTROS HONORARIOS,,,1,99,PESOS,"0,0","5395212,94",,513095,Total pasivo + patrimonio,Patrimonio,Utilidad o perdida del ejercicio,Costos y gastos,Gastos de operaciones,Otros honorarios,,,
175,FCP TC LATAM COMPARTIMENTO A,514005010,IMPUESTO A LOS MOVIMIENTOS FINANCIEROS  ,,,1,99,PESOS,"0,0","368146,71",,514005,Total pasivo + patrimonio,Patrimonio,Utilidad o perdida del ejercicio,Costos y gastos,Gastos de operaciones,Gravamen a los movimientos financieros,Impuestos y tasas,,
10,FIC DIVERSIFICADO MODERADO,810505205,OTROS,,,1,99,PESOS,"8077044958,18","2330819889,41",,810505,,,,,,,,,
10,FIC DIVERSIFICADO MODERADO,810505210,EMISORES EXTRANJEROS,,,1,99,PESOS,"20608175963,35","18532360451,3",,810505,,,,,,,,,
10,FIC DIVERSIFICADO MODERADO,830505010,DEUDORAS POR CONTRA,,,1,99,PESOS,"-71202263610,01","-52873662640,71",,,,,,,,,,,
14,FONDO DE CAPITAL PRIVADO ALTRA FCP1,161695493,(AL) BANCOLOMBIA Cau No.04872906865,,,1,99,PESOS,"21899,4","336774,16",,161695,Activo,,Activo Corriente,Cuentas por cobrar,Deudores,,,,
14,FONDO DE CAPITAL PRIVADO ALTRA FCP1,161695494,(AL) BANCOLOMBIA Cau No.69000001701,,,1,99,PESOS,"255,18","1,71",,161695,Activo,,Activo Corriente,Cuentas por cobrar,Deudores,,,,
14,FONDO DE CAPITAL PRIVADO ALTRA FCP1,192595020,COMISION ADMINISTRACION                 ,,,1,99,PESOS,"41666666,67","0,0",,192595,Activo,,Activo Corriente,Otros activos,Gatos pagados por anticipados,,,,
14,FONDO DE CAPITAL PRIVADO ALTRA FCP1,352505010,PARTICIPACIONES EN FDO DE INVERSIÓN COLE,,,1,99,PESOS,"-2848853270,86","-1975773036,75",,352505,Total pasivo + patrimonio,Patrimonio,,Patrimonio especiales,Participaciones en fondos de inversión colectiva,,,,
14,FONDO DE CAPITAL PRIVADO ALTRA FCP1,411495493,(AL) BANCOLOMBIA Cau No.04872906865     ,,,1,99,PESOS,"0,0","-3038450,81",,411495,Total pasivo + patrimonio,Patrimonio,Utilidad o perdida del ejercicio,Ingresos ordinarios,Otros rendimientos financieros,,,,
14,FONDO DE CAPITAL PRIVADO ALTRA FCP1,511325010,COMISION CUSTODIA FIJA                  ,,,1,99,PESOS,"0,0","3041110,0",,511325,Total pasivo + patrimonio,Patrimonio,Utilidad o perdida del ejercicio,Costos y gastos,Gastos de operaciones,Comisión custodia fija,,,
14,FONDO DE CAPITAL PRIVADO ALTRA FCP1,513015003,REVISORIA FISCAL                        ,,,1,99,PESOS,"0,0","3268169,0",,513015,Total pasivo + patrimonio,Patrimonio,Utilidad o perdida del ejercicio,Costos y gastos,Gastos de operaciones,Revisoría Fiscal,,,
14,FONDO DE CAPITAL PRIVADO ALTRA FCP1,513095090,OTROS HONORARIOS,,,1,99,PESOS,"0,0","8541000,0",,513095,Total pasivo + patrimonio,Patrimonio,Utilidad o perdida del ejercicio,Costos y gastos,Gastos de operaciones,Otros honorarios,,,
14,FONDO DE CAPITAL PRIVADO ALTRA FCP1,514005010,IMPUESTO A LOS MOVIMIENTOS FINANCIEROS  ,,,1,99,PESOS,"0,0","70687,31",,514005,Total pasivo + patrimonio,Patrimonio,Utilidad o perdida del ejercicio,Costos y gastos,Gastos de operaciones,Gravamen a los movimientos financieros,Impuestos y tasas,,
14,FONDO DE CAPITAL PRIVADO ALTRA FCP1,590505015,CANCELACION DE INGRESOS RV,,,1,99,PESOS,"0,0","-872162479,32",,590505,Total pasivo + patrimonio,Patrimonio,,,,,,,
14,FONDO DE CAPITAL PRIVADO ALTRA FCP1,810505210,OTROS                                   ,,,1,99,PESOS,"2710372039,07","1744158852,72",,810505,,,,,,,,,
133,FCP CORREDORES CAPITAL  I,111505130,(CP) BANCOLOMBIA Cta No.69000001707,,,1,99,PESOS,"774,93","787,01",,111505,Activo,,Activo Corriente,Efectivo y equivales de efectivo,Bancos nacionales,,,Disponible,
133,FCP CORREDORES CAPITAL  I,130205300,EMISORES  NACIONALES,,,1,99,PESOS,"505536547750,5","471553677759,86",,130205,Activo,,Activo no corriente,Inversiones a valor razonable con efectos en resultados,Instrumentos de patrimonio,,,Inversiones,
133,FCP CORREDORES CAPITAL  I,161695123,(CK) BANCOLOMBIA Cau No.04872908752,,,1,99,PESOS,"315485,09","653511,14",,161695,Activo,,Activo Corriente,Cuentas por cobrar,Deudores,,,,
133,FCP CORREDORES CAPITAL  I,192595030,AMORTIZACION COMISION DE ADMON,,,1,99,PESOS,"58349441,12","116698882,26",,192595,Activo,,Activo Corriente,Otros activos,Gatos pagados por anticipados,,,,
133,FCP CORREDORES CAPITAL  I,352505010,PARTICIPACIONES EN FDO DE INVERSIÓN COLE,,,1,99,PESOS,"-506182363954,3","-472684678104,89",,352505,Total pasivo + patrimonio,Patrimonio,,Patrimonio especiales,Participaciones en fondos de inversión colectiva,,,,
133,FCP CORREDORES CAPITAL  I,410805300,EMISORES NACIONALES,,,1,99,PESOS,"0,0","-10131070103,33",,410805,Total pasivo + patrimonio,Patrimonio,Utilidad o perdida del ejercicio,Ingresos ordinarios,Por aumento en el valor de mercado Inst. de Pat.,,,,
133,FCP CORREDORES CAPITAL  I,411495130,(CP) BANCOLOMBIA Cta cau No.69000001707,,,1,99,PESOS,"0,0","-12,24",,411495,Total pasivo + patrimonio,Patrimonio,Utilidad o perdida del ejercicio,Ingresos ordinarios,Otros rendimientos financieros,,,,
133,FCP CORREDORES CAPITAL  I,510805010,POR DISMINUCION EN EL VALOR DE MERCADO,,,1,99,PESOS,"0,0","44113940093,97",,510805,Total pasivo + patrimonio,Patrimonio,Utilidad o perdida del ejercicio,Costos y gastos,Gastos de operaciones,Disminución en el valor de mercado Inst. de Pat.,,,
133,FCP CORREDORES CAPITAL  I,513015003,REVISORIA FISCAL                        ,,,1,99,PESOS,"0,0","5900997,0",,513015,Total pasivo + patrimonio,Patrimonio,Utilidad o perdida del ejercicio,Costos y gastos,Gastos de operaciones,Revisoría Fiscal,,,
133,FCP CORREDORES CAPITAL  I,514005011,IMPOVENTAS                              ,,,1,99,PESOS,"0,0","5430339,0",,514005,Total pasivo + patrimonio,Patrimonio,Utilidad o perdida del ejercicio,Costos y gastos,Gastos de operaciones,Gravamen a los movimientos financieros,Impuestos y tasas,,
133,FCP CORREDORES CAPITAL  I,590505010,CANCELACION DE INGRESOS RF,,,1,99,PESOS,"0,0","263024240,98",,590505,Total pasivo + patrimonio,Patrimonio,,,,,,,
133,FCP CORREDORES CAPITAL  I,590505015,CANCELACION DE INGRESOS RV,,,1,99,PESOS,"0,0","-33760710090,39",,590505,Total pasivo + patrimonio,Patrimonio,,,,,,,
133,FCP CORREDORES CAPITAL  I,590505020,UTILIDAD/PERDIDA PAGADA EN REDENCIÓN,,,1,99,PESOS,"0,0","27560400341,0",,590505,Total pasivo + patrimonio,Patrimonio,,,,,,,
133,FCP CORREDORES CAPITAL  I,830505010,DEUDORAS POR CONTRA,,,1,99,PESOS,"-505536547750,5","-471553677759,86",,,,,,,,,,,
139,FCP TEKA COLOMBIA I - COMPARTIMENTO GP,161695526,(TK) BANCOLOMBIA Cau No.04872907349,,,1,99,PESOS,"1154,43","14999,98",,161695,Activo,,Activo Corriente,Cuentas por cobrar,Deudores,,,,
139,FCP TEKA COLOMBIA I - COMPARTIMENTO GP,192595025,COMISION DE ADMINISTRACION,,,1,99,PESOS,"0,0","171596,0",,192595,Activo,,Activo Corriente,Otros activos,Gatos pagados por anticipados,,,,
139,FCP TEKA COLOMBIA I - COMPARTIMENTO GP,352505010,PARTICIPACIONES EN FDO DE INVERSIÓN COLE,,,1,99,PESOS,"-59329569,82","-44270682,2",,352505,Total pasivo + patrimonio,Patrimonio,,Patrimonio especiales,Participaciones en fondos de inversión colectiva,,,,
139,FCP TEKA COLOMBIA I - COMPARTIMENTO GP,411495526,(TK) BANCOLOMBIA Cau No.04872907349     ,,,1,99,PESOS,"0,0","-217867,71",,411495,Total pasivo + patrimonio,Patrimonio,Utilidad o perdida del ejercicio,Ingresos ordinarios,Otros rendimientos financieros,,,,
139,FCP TEKA COLOMBIA I - COMPARTIMENTO GP,511325010,COMISION CUSTODIA FIJA                  ,,,1,99,PESOS,"0,0","138495,05",,511325,Total pasivo + patrimonio,Patrimonio,Utilidad o perdida del ejercicio,Costos y gastos,Gastos de operaciones,Comisión custodia fija,,,
139,FCP TEKA COLOMBIA I - COMPARTIMENTO GP,513015003,REVISORIA FISCAL                        ,,,1,99,PESOS,"0,0","62004,96",,513015,Total pasivo + patrimonio,Patrimonio,Utilidad o perdida del ejercicio,Costos y gastos,Gastos de operaciones,Revisoría Fiscal,,,
139,FCP TEKA COLOMBIA I - COMPARTIMENTO GP,513025010,ASESORIAS LEGALES Y/O JURIDICAS,,,1,99,PESOS,"0,0","660123,97",,513025,Total pasivo + patrimonio,Patrimonio,Utilidad o perdida del ejercicio,Costos y gastos,Gastos de operaciones,Asesoria Legal o Jurídica,,,
139,FCP TEKA COLOMBIA I - COMPARTIMENTO GP,513095090,OTROS HONORARIOS,,,1,99,PESOS,"0,0","56658,12",,513095,Total pasivo + patrimonio,Patrimonio,Utilidad o perdida del ejercicio,Costos y gastos,Gastos de operaciones,Otros honorarios,,,
139,FCP TEKA COLOMBIA I - COMPARTIMENTO GP,514005010,IMPUESTO A LOS MOVIMIENTOS FINANCIEROS,,,1,99,PESOS,"0,0","6487,02",,514005,Total pasivo + patrimonio,Patrimonio,Utilidad o perdida del ejercicio,Costos y gastos,Gastos de operaciones,Gravamen a los movimientos financieros,Impuestos y tasas,,
139,FCP TEKA COLOMBIA I - COMPARTIMENTO GP,590505010,UTILIDAD DEL EJERCICIO,,,1,99,PESOS,"0,0","-1189012,6",,590505,Total pasivo + patrimonio,Patrimonio,,,,,,,
139,FCP TEKA COLOMBIA I - COMPARTIMENTO GP,590505015,CANCELACION DE INGRESOS RV,,,1,99,PESOS,"0,0","-13869875,02",,590505,Total pasivo + patrimonio,Patrimonio,,,,,,,
139,FCP TEKA COLOMBIA I - COMPARTIMENTO GP,810505205,EMISORES NACIONALES                     ,,,1,99,PESOS,"45547625,25","29631877,23",,810505,,,,,,,,,
139,FCP TEKA COLOMBIA I - COMPARTIMENTO GP,829595998,OTRAS CUENTAS DE ORDEN ACREEDORAS PESOS,,,1,99,PESOS,"-1180000000,0","-1180000000,0",,829595,,,,,,,,,
141,FCP TEKA COLOMBIA I - COMPARTIMIENTO LP,130205300,EMISORES  NACIONALES,,,1,99,PESOS,"408756811,98","1441860883,92",,130205,Activo,,Activo no corriente,Inversiones a valor razonable con efectos en resultados,Instrumentos de patrimonio,,,Inversiones,
141,FCP TEKA COLOMBIA I - COMPARTIMIENTO LP,161695028,(TK) BANCOLOMBIA Cau No.04872907942,,,1,99,PESOS,"1794494,82","2611548,62",,161695,Activo,,Activo Corriente,Cuentas por cobrar,Deudores,,,,
175,FCP TC LATAM COMPARTIMENTO A,519095010,ADMINISTRACION DE ARRENDAMIENTOS,,,1,99,PESOS,"0,0","900848,89",,519095,Total pasivo + patrimonio,Patrimonio,Utilidad o perdida del ejercicio,Costos y gastos,Gastos de operaciones,Otros gastos de operación,,,
175,FCP TC LATAM COMPARTIMENTO A,519095050,GASTOS REEMBOLSABLES,,,1,99,PESOS,"0,0","112044381,96",,519095,Total pasivo + patrimonio,Patrimonio,Utilidad o perdida del ejercicio,Costos y gastos,Gastos de operaciones,Otros gastos de operación,,,
175,FCP TC LATAM COMPARTIMENTO A,810505115,OTROS EMISORES NACIONALES,,,1,99,PESOS,"3698896248,2","3698896248,2",,810505,,,,,,,,,
175,FCP TC LATAM COMPARTIMENTO A,810505205,EMISORES NACIONALES,,,1,99,PESOS,"1123149194,48","1108819591,96",,810505,,,,,,,,,
175,FCP TC LATAM COMPARTIMENTO A,829595999,OTRAS CUENTAS DE ORDEN ACREEDORAS USD,,,1,99,DOLARES,"-77160125000,0","-72602600000,0",,829595,,,,,,,,,
175,FCP TC LATAM COMPARTIMENTO A,840505999,OTRAS CUENTAS DE ORDEN ACREEDORAS USD,,,1,99,PESOS,"77160125000,0","72602600000,0",,840505,,,,,,,,,
176,FCP TC LATAM - COMPARTIMENTO B,130115115,OTROS EMISORES NACIONALES,,,1,99,PESOS,"1056316088,8","1056316088,8",,130115,Activo,,Activo no corriente,Inversiones a valor razonable con efectos en resultados,Instrumentos de Deuda,,,Inversiones,
176,FCP TC LATAM - COMPARTIMENTO B,161625010,REDENCIONES,,,1,99,PESOS,"0,0","1412122909,47",,161625,Activo,,Activo Corriente,Cuentas por cobrar,Deudores,,,,
176,FCP TC LATAM - COMPARTIMENTO B,161695529,(TB) BANCOLOMBIA Cau No.03141537287,,,1,99,PESOS,"42456,03","2176,25",,161695,Activo,,Activo Corriente,Cuentas por cobrar,Deudores,,,,
176,FCP TC LATAM - COMPARTIMENTO B,182705010,PROPIEDADES DE INVERSION,,,1,99,PESOS,"64136859,2","64136859,2",,182705,Activo,,Activo no corriente,Activos Materiales,Propiedades de Inversión,,,,
176,FCP TC LATAM - COMPARTIMENTO B,192595030,AMORTIZACIÓN COMISIÓN DE ADMÓN,,,1,99,PESOS,"0,0","588481,9",,192595,Activo,,Activo Corriente,Otros activos,Gatos pagados por anticipados,,,,
176,FCP TC LATAM - COMPARTIMENTO B,250340010,SOBRE LAS VENTAS POR PAGAR 19%,,,1,99,PESOS,"-353023,6","-72148,2",,250340,Total pasivo + patrimonio,Pasivo,Pasivo Corriente,Cuentas por pagar,Acreedores varios,,,,
176,FCP TC LATAM - COMPARTIMENTO B,352505010,PARTICIPACIONES EN FDO DE INVERSIÓN COLE,,,1,99,PESOS,"-2408484072,02","-2174570037,71",,352505,Total pasivo + patrimonio,Patrimonio,,Patrimonio especiales,Participaciones en fondos de inversión colectiva,,,,
176,FCP TC LATAM - COMPARTIMENTO B,413515010,DIFERENCIA EN CAMBIO,,,1,99,PESOS,"0,0","-10615184,61",,413515,Total pasivo + patrimonio,Patrimonio,Utilidad o perdida del ejercicio,Ingresos ordinarios,Diferencia en cambio,,,,
176,FCP TC LATAM - COMPARTIMENTO B,510805010,POR DISMINUCION EN EL VALOR RAZONABLE,,,1,99,PESOS,"0,0","70087357,98",,510805,Total pasivo + patrimonio,Patrimonio,Utilidad o perdida del ejercicio,Costos y gastos,Gastos de operaciones,Disminución en el valor de mercado Inst. de Pat.,,,
176,FCP TC LATAM - COMPARTIMENTO B,511325010,COMISION CUSTODIA FIJA                  ,,,1,99,PESOS,"0,0","475450,5",,511325,Total pasivo + patrimonio,Patrimonio,Utilidad o perdida del ejercicio,Costos y gastos,Gastos de operaciones,Comisión custodia fija,,,
176,FCP TC LATAM - COMPARTIMENTO B,511512010,GASTOS BANCARIOS                        ,,,1,99,PESOS,"0,0","612303,59",,511512,Total pasivo + patrimonio,Patrimonio,Utilidad o perdida del ejercicio,Costos y gastos,Gastos de operaciones,Gastos bancarios,,,
176,FCP TC LATAM - COMPARTIMENTO B,511805010,NOTARIALES,,,1,99,PESOS,"0,0","2178242,13",,511805,Total pasivo + patrimonio,Patrimonio,Utilidad o perdida del ejercicio,Costos y gastos,Gastos de operaciones,Gastos legales,,,
176,FCP TC LATAM - COMPARTIMENTO B,513015003,REVISORIA FISCAL                        ,,,1,99,PESOS,"0,0","1403259,9",,513015,Total pasivo + patrimonio,Patrimonio,Utilidad o perdida del ejercicio,Costos y gastos,Gastos de operaciones,Revisoría Fiscal,,,
176,FCP TC LATAM - COMPARTIMENTO B,513095090,OTROS HONORARIOS,,,1,99,PESOS,"0,0","1541478,6",,513095,Total pasivo + patrimonio,Patrimonio,Utilidad o perdida del ejercicio,Costos y gastos,Gastos de operaciones,Otros honorarios,,,
176,FCP TC LATAM - COMPARTIMENTO B,513535010,POR REEXPRESION DE OTROS ACTIVOS,,,1,99,PESOS,"0,0","11578017,96",,513535,Total pasivo + patrimonio,Patrimonio,Utilidad o perdida del ejercicio,Costos y gastos,Gastos de operaciones,Reexpresion de Activos,,,
176,FCP TC LATAM - COMPARTIMENTO B,514005010,IMPUESTO A LOS MOVIMIENTOS FINANCIEROS  ,,,1,99,PESOS,"0,0","87100,41",,514005,Total pasivo + patrimonio,Patrimonio,Utilidad o perdida del ejercicio,Costos y gastos,Gastos de operaciones,Gravamen a los movimientos financieros,Impuestos y tasas,,
176,FCP TC LATAM - COMPARTIMENTO B,519095010,ADMINISTRACION DE ARRENDAMIENTOS,,,1,99,PESOS,"0,0","257364,61",,519095,Total pasivo + patrimonio,Patrimonio,Utilidad o perdida del ejercicio,Costos y gastos,Gastos de operaciones,Otros gastos de operación,,,
176,FCP TC LATAM - COMPARTIMENTO B,519095050,GASTOS REEMBOLSABLES,,,1,99,PESOS,"0,0","32468087,55",,519095,Total pasivo + patrimonio,Patrimonio,Utilidad o perdida del ejercicio,Costos y gastos,Gastos de operaciones,Otros gastos de operación,,,
176,FCP TC LATAM - COMPARTIMENTO B,810505115,OTROS EMISORES NACIONALES,,,1,99,PESOS,"1056316088,8","1056316088,8",,810505,,,,,,,,,
176,FCP TC LATAM - COMPARTIMENTO B,810505205,EMISORES NACIONALES                     ,,,1,99,PESOS,"320873501,04","316787367,15",,810505,,,,,,,,,
176,FCP TC LATAM - COMPARTIMENTO B,829595999,OTRAS CUENTAS DE ORDEN ACREEDORAS USD,,,1,99,DOLARES,"-22045750000,0","-20743600000,0",,829595,,,,,,,,,
176,FCP TC LATAM - COMPARTIMENTO B,840505999,OTRAS CUENTAS DE ORDEN ACREEDORAS USD,,,1,99,PESOS,"22045750000,0","20743600000,0",,840505,,,,,,,,,
178,FIC RENTA FIJA MEDIANO PLAZO MULTIESCALA,111505001,(FE) DAVIVIENDA Cta No.482800036006,,,1,99,PESOS,"1466653801,53","4919226272,67",,111505,Activo,,Activo Corriente,Efectivo y equivales de efectivo,Bancos nacionales,,,Disponible,
178,FIC RENTA FIJA MEDIANO PLAZO MULTIESCALA,111505003,(FE) OCCIDENTE Cta No. 219885886,,,1,99,PESOS,"310795232,14","10894544504,51",,111505,Activo,,Activo Corriente,Efectivo y equivales de efectivo,Bancos nacionales,,,Disponible,
178,FIC RENTA FIJA MEDIANO PLAZO MULTIESCALA,111505004,(FE) BANCOLOMBIA Cta No. 69000008136,,,1,99,PESOS,"257836013,03","2542612989,66",,111505,Activo,,Activo Corriente,Efectivo y equivales de efectivo,Bancos nacionales,,,Disponible,
178,FIC RENTA FIJA MEDIANO PLAZO MULTIESCALA,111505005,(FE) BANCO COLPATRIA Cta No. 0072967711,,,1,99,PESOS,"249970843,47","456424887,1",,111505,Activo,,Activo Corriente,Efectivo y equivales de efectivo,Bancos nacionales,,,Disponible,
178,FIC RENTA FIJA MEDIANO PLAZO MULTIESCALA,111505082,(60) OCCIDENTE Cta No.288839293,,,1,99,PESOS,"157082370,74","77711249,26",,111505,Activo,,Activo Corriente,Efectivo y equivales de efectivo,Bancos nacionales,,,Disponible,
178,FIC RENTA FIJA MEDIANO PLAZO MULTIESCALA,111505102,(60) OCCIDENTE Cta No.288073679,,,1,99,PESOS,"19933102,22","0,0",,111505,Activo,,Activo Corriente,Efectivo y equivales de efectivo,Bancos nacionales,,,Disponible,
178,FIC RENTA FIJA MEDIANO PLAZO MULTIESCALA,111505192,DAVIVIENDA CTA NO. 005069993060,,,1,99,PESOS,"269004621,63","268990525,83",,111505,Activo,,Activo Corriente,Efectivo y equivales de efectivo,Bancos nacionales,,,Disponible,
178,FIC RENTA FIJA MEDIANO PLAZO MULTIESCALA,111505195,(60) BANCOLOMBIA Cta No.17823311257,,,1,99,PESOS,"73686645,64","104003243,54",,111505,Activo,,Activo Corriente,Efectivo y equivales de efectivo,Bancos nacionales,,,Disponible,
178,FIC RENTA FIJA MEDIANO PLAZO MULTIESCALA,111505350,(60) COLPATRIA Cta No. 0132098160,,,1,99,PESOS,"7661744,33","7915140,39",,111505,Activo,,Activo Corriente,Efectivo y equivales de efectivo,Bancos nacionales,,,Disponible,
178,FIC RENTA FIJA MEDIANO PLAZO MULTIESCALA,130105105,TÍTULOS DE TESORERÍA -TES               ,,,1,99,PESOS,"71529811513,64","63730678875,04",,130105,Activo,,Activo no corriente,Inversiones a valor razonable con efectos en resultados,Instrumentos de Deuda,,,Inversiones,
178,FIC RENTA FIJA MEDIANO PLAZO MULTIESCALA,161695001,(FE) DAVIVIENDA Cta No.482800036006,,,1,99,PESOS,"629715,86","2049702,94",,161695,Activo,,Activo Corriente,Cuentas por cobrar,Deudores,,,,
178,FIC RENTA FIJA MEDIANO PLAZO MULTIESCALA,161695002,(FE) BCO BOGOTA Cta No.049335052,,,1,99,PESOS,"3798399,51","7629381,5",,161695,Activo,,Activo Corriente,Cuentas por cobrar,Deudores,,,,
178,FIC RENTA FIJA MEDIANO PLAZO MULTIESCALA,161695004,(LD) BCO DAVIVIENDA cta No.482800025215,,,1,99,PESOS,"112095,58","745603,42",,161695,Activo,,Activo Corriente,Cuentas por cobrar,Deudores,,,,
178,FIC RENTA FIJA MEDIANO PLAZO MULTIESCALA,161695007,(FE) BANCO BBVA Cta No. 895000075,,,1,99,PESOS,"0,0","16847,9",,161695,Activo,,Activo Corriente,Cuentas por cobrar,Deudores,,,,
178,FIC RENTA FIJA MEDIANO PLAZO MULTIESCALA,161695025,RETENCION EN LA FUENTE,,,1,99,PESOS,"10584560,0","10584560,0",,161695,Activo,,Activo Corriente,Cuentas por cobrar,Deudores,,,,
178,FIC RENTA FIJA MEDIANO PLAZO MULTIESCALA,161695196,(60) BANCOLOMBIA Cau No.17823311257,,,1,99,PESOS,"39424,68","33509,55",,161695,Activo,,Activo Corriente,Cuentas por cobrar,Deudores,,,,
178,FIC RENTA FIJA MEDIANO PLAZO MULTIESCALA,161695198,(60) BBVA Cta cau No.895000602,,,1,99,PESOS,"470734,51","470734,51",,161695,Activo,,Activo Corriente,Cuentas por cobrar,Deudores,,,,
178,FIC RENTA FIJA MEDIANO PLAZO MULTIESCALA,161695206,(60) BOGOTA Cau No.049126758,,,1,99,PESOS,"94423,88","765019,26",,161695,Activo,,Activo Corriente,Cuentas por cobrar,Deudores,,,,
178,FIC RENTA FIJA MEDIANO PLAZO MULTIESCALA,161695207,(60) DAVIVIENDA Cau No.005070350045,,,1,99,PESOS,"1599,9","1376,9",,161695,Activo,,Activo Corriente,Cuentas por cobrar,Deudores,,,,
178,FIC RENTA FIJA MEDIANO PLAZO MULTIESCALA,162825010,EN GARANTIA,,,1,99,PESOS,"1063153724,0","1063153724,0",,162825,Activo,,Activo Corriente,Cuentas por cobrar,Deudores,,,,
178,FIC RENTA FIJA MEDIANO PLAZO MULTIESCALA,250105035,REVISORIA FISCAL,,,1,99,PESOS,"0,0","-62012,91",,250105,Total pasivo + patrimonio,Pasivo,Pasivo Corriente,Cuentas por pagar,Comision de administracion.,,,,
178,FIC RENTA FIJA MEDIANO PLAZO MULTIESCALA,250110015,COMISION DE ADMINISTRACION              ,,,1,99,PESOS,"-27796297,68","-26515714,39",,250110,Total pasivo + patrimonio,Pasivo,Pasivo Corriente,Cuentas por pagar,Comision de administracion.,,,,
178,FIC RENTA FIJA MEDIANO PLAZO MULTIESCALA,250305011,RENDIMIENTOS FINANCIEROS CAPITALIZADOS  ,,,1,99,PESOS,"-375358,0","-1433597,0",,250305,Total pasivo + patrimonio,Pasivo,Pasivo Corriente,Cuentas por pagar,Impuestos,,,,
178,FIC RENTA FIJA MEDIANO PLAZO MULTIESCALA,352505010,PARTICIPACIONES EN FDO DE INVERSIÓN COLE,,,1,99,PESOS,"-382653705227,26","-352007477838,85",,352505,Total pasivo + patrimonio,Patrimonio,,Patrimonio especiales,Participaciones en fondos de inversión colectiva,,,,
178,FIC RENTA FIJA MEDIANO PLAZO MULTIESCALA,410705105,TÍTULOS DE TESORERÍA -TES               ,,,1,99,PESOS,"0,0","-821869705,7",,410705,Total pasivo + patrimonio,Patrimonio,Utilidad o perdida del ejercicio,Ingresos ordinarios,Valoracion Intrumentos de Deuda,,,,
178,FIC RENTA FIJA MEDIANO PLAZO MULTIESCALA,411405015,INGRESO OP REPO,,,1,99,PESOS,"0,0","-25583177,97",,411405,Total pasivo + patrimonio,Patrimonio,Utilidad o perdida del ejercicio,Ingresos ordinarios,,,,,
178,FIC RENTA FIJA MEDIANO PLAZO MULTIESCALA,411495001,(FE) DAVIVIENDA Cta No.482800036006,,,1,99,PESOS,"0,0","-33930608,72",,411495,Total pasivo + patrimonio,Patrimonio,Utilidad o perdida del ejercicio,Ingresos ordinarios,Otros rendimientos financieros,,,,
178,FIC RENTA FIJA MEDIANO PLAZO MULTIESCALA,411495003,(FE) OCCIDENTE Cta No. 219885886,,,1,99,PESOS,"0,0","-243493887,12",,411495,Total pasivo + patrimonio,Patrimonio,Utilidad o perdida del ejercicio,Ingresos ordinarios,Otros rendimientos financieros,,,,
178,FIC RENTA FIJA MEDIANO PLAZO MULTIESCALA,411495005,(FE) BANCO COLPATRIA Cta No. 0072967711,,,1,99,PESOS,"0,0","-5119701,99",,411495,Total pasivo + patrimonio,Patrimonio,Utilidad o perdida del ejercicio,Ingresos ordinarios,Otros rendimientos financieros,,,,
178,FIC RENTA FIJA MEDIANO PLAZO MULTIESCALA,411495197,(60) DAVIVIENDA Cta Cau No.005070366660,,,1,99,PESOS,"0,0","-47692,0",,411495,Total pasivo + patrimonio,Patrimonio,Utilidad o perdida del ejercicio,Ingresos ordinarios,Otros rendimientos financieros,,,,
178,FIC RENTA FIJA MEDIANO PLAZO MULTIESCALA,411495206,(60) BOGOTA Cau No.049126758            ,,,1,99,PESOS,"0,0","-670595,38",,411495,Total pasivo + patrimonio,Patrimonio,Utilidad o perdida del ejercicio,Ingresos ordinarios,Otros rendimientos financieros,,,,
178,FIC RENTA FIJA MEDIANO PLAZO MULTIESCALA,411495207,(60) DAVIVIENDA Cau No.005070350045,,,1,99,PESOS,"0,0","-117988,33",,411495,Total pasivo + patrimonio,Patrimonio,Utilidad o perdida del ejercicio,Ingresos ordinarios,Otros rendimientos financieros,,,,
178,FIC RENTA FIJA MEDIANO PLAZO MULTIESCALA,411495350,(60) BANCOLOMBIA Cta Cau No.0132098160,,,1,99,PESOS,"0,0","-248277,18",,411495,Total pasivo + patrimonio,Patrimonio,Utilidad o perdida del ejercicio,Ingresos ordinarios,Otros rendimientos financieros,,,,
178,FIC RENTA FIJA MEDIANO PLAZO MULTIESCALA,412505105,TÍTULOS DE TESORERÍA -TES               ,,,1,99,PESOS,"0,0","-147945602,17",,412505,Total pasivo + patrimonio,Patrimonio,Utilidad o perdida del ejercicio,Ingresos ordinarios,A valor Razonable Instrumentos de Deuda.,,,,
178,FIC RENTA FIJA MEDIANO PLAZO MULTIESCALA,412505115,OTROS EMISORES NACIONALES               ,,,1,99,PESOS,"0,0","-386626250,0",,412505,Total pasivo + patrimonio,Patrimonio,Utilidad o perdida del ejercicio,Ingresos ordinarios,A valor Razonable Instrumentos de Deuda.,,,,
178,FIC RENTA FIJA MEDIANO PLAZO MULTIESCALA,510605115,OTROS EMISORES NACIONALES,,,1,99,PESOS,"0,0","598400450,0",,510605,Total pasivo + patrimonio,Patrimonio,Utilidad o perdida del ejercicio,Costos y gastos,Gastos de operaciones,Disminucion en el Valor Razonables inst. de Deuda,,,
178,FIC RENTA FIJA MEDIANO PLAZO MULTIESCALA,512505105,TÍTULOS DE TESORERÍA -TES               ,,,1,99,PESOS,"0,0","9815636,5",,512505,Total pasivo + patrimonio,Patrimonio,Utilidad o perdida del ejercicio,Costos y gastos,Gastos de operaciones,Otras Emisores Nacionales,,,
178,FIC RENTA FIJA MEDIANO PLAZO MULTIESCALA,513015003,REVISORIA FISCAL                        ,,,1,99,PESOS,"0,0","5013501,83",,513015,Total pasivo + patrimonio,Patrimonio,Utilidad o perdida del ejercicio,Costos y gastos,Gastos de operaciones,Revisoría Fiscal,,,
178,FIC RENTA FIJA MEDIANO PLAZO MULTIESCALA,513095010,CALIFICADORA,,,1,99,PESOS,"0,0","2722155,84",,513095,Total pasivo + patrimonio,Patrimonio,Utilidad o perdida del ejercicio,Costos y gastos,Gastos de operaciones,Otros honorarios,,,
178,FIC RENTA FIJA MEDIANO PLAZO MULTIESCALA,514005010,IMPUESTO A LOS MOVIMIENTOS FINANCIEROS  ,,,1,99,PESOS,"0,0","1264187,01",,514005,Total pasivo + patrimonio,Patrimonio,Utilidad o perdida del ejercicio,Costos y gastos,Gastos de operaciones,Gravamen a los movimientos financieros,Impuestos y tasas,,
178,FIC RENTA FIJA MEDIANO PLAZO MULTIESCALA,519095006,CUENTAS DE DEPOSITO (CUD),,,1,99,PESOS,"0,0","1718954,77",,519095,Total pasivo + patrimonio,Patrimonio,Utilidad o perdida del ejercicio,Costos y gastos,Gastos de operaciones,Otros gastos de operación,,,
178,FIC RENTA FIJA MEDIANO PLAZO MULTIESCALA,590505010,CANCELACION DE INGRESOS RF,,,1,99,PESOS,"0,0","4824085342,5",,590505,Total pasivo + patrimonio,Patrimonio,,,,,,,
178,FIC RENTA FIJA MEDIANO PLAZO MULTIESCALA,810505105,TÍTULOS DE TESORERÍA -TES               ,,,1,99,PESOS,"71529811513,64","63730678875,02",,810505,,,,,,,,,
178,FIC RENTA FIJA MEDIANO PLAZO MULTIESCALA,810505115,OTROS EMISORES NACIONALES               ,,,1,99,PESOS,"307711821850,0","268044539150,0",,810505,,,,,,,,,
178,FIC RENTA FIJA MEDIANO PLAZO MULTIESCALA,830505010,DEUDORAS POR CONTRA,,,1,99,PESOS,"-379241633363,64","-331775218025,02",,,,,,,,,,,
186,FCP TC LATAM COMPARTIMENTO C,111505003,(LC) BANCOLOMBIA Cta No. 69000002515,,,1,99,PESOS,"983308,24","996596,79",,111505,Activo,,Activo Corriente,Efectivo y equivales de efectivo,Bancos nacionales,,,Disponible,
186,FCP TC LATAM COMPARTIMENTO C,182705010,PROPIEDADES DE INVERSION,,,1,99,PESOS,"2138890786,0","2138890786,0",,182705,Activo,,Activo no corriente,Activos Materiales,Propiedades de Inversión,,,,
186,FCP TC LATAM COMPARTIMENTO C,250340010,SOBRE LAS VENTAS POR PAGAR 19%,,,1,99,PESOS,"-11772938,0","-2406060,1",,250340,Total pasivo + patrimonio,Pasivo,Pasivo Corriente,Cuentas por pagar,Acreedores varios,,,,
186,FCP TC LATAM COMPARTIMENTO C,253105522,(TC) BANCOLOMBIA Cau No.03141537601,,,1,99,PESOS,"-82703,0","0,0",,253105,Total pasivo + patrimonio,Pasivo,Pasivo Corriente,Cuentas por pagar,Acreedores varios,,,,
186,FCP TC LATAM COMPARTIMENTO C,352505010,PARTICIPACIONES EN FDO DE INVERSIÓN COLE,,,1,99,PESOS,"-15597582030,69","-15456391578,25",,352505,Total pasivo + patrimonio,Patrimonio,,Patrimonio especiales,Participaciones en fondos de inversión colectiva,,,,
186,FCP TC LATAM COMPARTIMENTO C,411495003,(LT) BANCOLOMBIA Cta No.69000002515,,,1,99,PESOS,"0,0","-15900,44",,411495,Total pasivo + patrimonio,Patrimonio,Utilidad o perdida del ejercicio,Ingresos ordinarios,Otros rendimientos financieros,,,,
186,FCP TC LATAM COMPARTIMENTO C,414515020,ARRENDAMIENTO INMUEBLES EXCLUIDO,,,1,99,PESOS,"0,0","-1848108,56",,414515,Total pasivo + patrimonio,Patrimonio,Utilidad o perdida del ejercicio,Ingresos ordinarios,Arrendamientos,,,,
186,FCP TC LATAM COMPARTIMENTO C,511325010,COMISION CUSTODIA FIJA                  ,,,1,99,PESOS,"0,0","1141081,24",,511325,Total pasivo + patrimonio,Patrimonio,Utilidad o perdida del ejercicio,Costos y gastos,Gastos de operaciones,Comisión custodia fija,,,
186,FCP TC LATAM COMPARTIMENTO C,511805010,NOTARIALES,,,1,99,PESOS,"0,0","72641721,07",,511805,Total pasivo + patrimonio,Patrimonio,Utilidad o perdida del ejercicio,Costos y gastos,Gastos de operaciones,Gastos legales,,,
186,FCP TC LATAM COMPARTIMENTO C,513015003,REVISORIA FISCAL                        ,,,1,99,PESOS,"0,0","3367823,77",,513015,Total pasivo + patrimonio,Patrimonio,Utilidad o perdida del ejercicio,Costos y gastos,Gastos de operaciones,Revisoría Fiscal,,,
186,FCP TC LATAM COMPARTIMENTO C,513095090,OTROS HONORARIOS,,,1,99,PESOS,"0,0","8055284,02",,513095,Total pasivo + patrimonio,Patrimonio,Utilidad o perdida del ejercicio,Costos y gastos,Gastos de operaciones,Otros honorarios,,,
186,FCP TC LATAM COMPARTIMENTO C,514005010,IMPUESTO A LOS MOVIMIENTOS FINANCIEROS  ,,,1,99,PESOS,"0,0","1206478,98",,514005,Total pasivo + patrimonio,Patrimonio,Utilidad o perdida del ejercicio,Costos y gastos,Gastos de operaciones,Gravamen a los movimientos financieros,Impuestos y tasas,,
141,FCP TEKA COLOMBIA I - COMPARTIMIENTO LP,192595015,COMISION DE GESTIÓN,,,1,99,PESOS,"0,0","119309876,66",,192595,Activo,,Activo Corriente,Otros activos,Gatos pagados por anticipados,,,,
141,FCP TEKA COLOMBIA I - COMPARTIMIENTO LP,192595025,COMISION ADMINISTRACION                 ,,,1,99,PESOS,"0,0","17159590,34",,192595,Activo,,Activo Corriente,Otros activos,Gatos pagados por anticipados,,,,
141,FCP TEKA COLOMBIA I - COMPARTIMIENTO LP,352505010,PARTICIPACIONES EN FDO DE INVERSIÓN COLE,,,1,99,PESOS,"-7928981909,16","-5858084706,87",,352505,Total pasivo + patrimonio,Patrimonio,,Patrimonio especiales,Participaciones en fondos de inversión colectiva,,,,
141,FCP TEKA COLOMBIA I - COMPARTIMIENTO LP,513015003,REVISORIA FISCAL                        ,,,1,99,PESOS,"0,0","6187995,04",,513015,Total pasivo + patrimonio,Patrimonio,Utilidad o perdida del ejercicio,Costos y gastos,Gastos de operaciones,Revisoría Fiscal,,,
141,FCP TEKA COLOMBIA I - COMPARTIMIENTO LP,513025010,ASESORIAS LEGALES Y/O JURIDICAS,,,1,99,PESOS,"0,0","66018312,92",,513025,Total pasivo + patrimonio,Patrimonio,Utilidad o perdida del ejercicio,Costos y gastos,Gastos de operaciones,Asesoria Legal o Jurídica,,,
141,FCP TEKA COLOMBIA I - COMPARTIMIENTO LP,590505010,CANCELACION DE INGRESOS RF,,,1,99,PESOS,"0,0","-337186638,07",,590505,Total pasivo + patrimonio,Patrimonio,,,,,,,
141,FCP TEKA COLOMBIA I - COMPARTIMIENTO LP,590505015,CANCELACION DE INGRESOS RV,,,1,99,PESOS,"0,0","-1733710564,22",,590505,Total pasivo + patrimonio,Patrimonio,,,,,,,
141,FCP TEKA COLOMBIA I - COMPARTIMIENTO LP,829595998,OTRAS CUENTAS DE ORDEN ACREEDORAS PESOS,,,1,99,PESOS,"-118000000000,0","-118000000000,0",,829595,,,,,,,,,
141,FCP TEKA COLOMBIA I - COMPARTIMIENTO LP,830505010,DEUDORAS POR CONTRA,,,1,99,PESOS,"-4554749570,02","-2963164830,82",,,,,,,,,,,
152,FCP INVERSOR COMPARTIMIENTO A,111505001,(IN) BANCOLOMBIA Cta No.04872908426,,,1,99,PESOS,"8031778,81","21380488,83",,111505,Activo,,Activo Corriente,Efectivo y equivales de efectivo,Bancos nacionales,,,Disponible,
152,FCP INVERSOR COMPARTIMIENTO A,130205300,EMISORES  NACIONALES,,,1,99,PESOS,"6638123191,35","6658389868,38",,130205,Activo,,Activo no corriente,Inversiones a valor razonable con efectos en resultados,Instrumentos de patrimonio,,,Inversiones,
152,FCP INVERSOR COMPARTIMIENTO A,136000010,INVERSIONES DERECHOS FIDUCIARIOS,,,1,99,PESOS,"19611864059,32","0,0",,136000,Activo,,Activo no corriente,Inversiones a valor razonable con efectos en resultados,Inversiones derechos fiduciarios,,,Inversiones,
152,FCP INVERSOR COMPARTIMIENTO A,136000300,INVERSIONES DERECHOS FIDUCIARIOS,,,1,99,PESOS,"0,0","18043310598,71",,136000,Activo,,Activo no corriente,Inversiones a valor razonable con efectos en resultados,Inversiones derechos fiduciarios,,,Inversiones,
152,FCP INVERSOR COMPARTIMIENTO A,161625010,REDENCIONES,,,1,99,PESOS,"575652616,0","0,0",,161625,Activo,,Activo Corriente,Cuentas por cobrar,Deudores,,,,
152,FCP INVERSOR COMPARTIMIENTO A,161695002,(IN) DAVIVIENDA Cta No.482800051880,,,1,99,PESOS,"4796,08","0,0",,161695,Activo,,Activo Corriente,Cuentas por cobrar,Deudores,,,,
152,FCP INVERSOR COMPARTIMIENTO A,161695045,CUENTA CORRIENTE,,,1,99,PESOS,"0,0","367820796,88",,161695,Activo,,Activo Corriente,Cuentas por cobrar,Deudores,,,,
152,FCP INVERSOR COMPARTIMIENTO A,169895010,DETERIORO PROVISION OTRAS CUENTAS POR CO,,,1,99,PESOS,"-949487128,98","0,0",,169895,Activo,,Activo Corriente,Cuentas por cobrar,Deudores,,,,
152,FCP INVERSOR COMPARTIMIENTO A,192595030,COMISION ADMINISTRACION,,,1,99,PESOS,"0,0","8005178,15",,192595,Activo,,Activo Corriente,Otros activos,Gatos pagados por anticipados,,,,
152,FCP INVERSOR COMPARTIMIENTO A,253105110,CUENTA COMPENSACION,,,1,99,PESOS,"-404532650,03","0,0",,253105,Total pasivo + patrimonio,Pasivo,Pasivo Corriente,Cuentas por pagar,Acreedores varios,,,,
152,FCP INVERSOR COMPARTIMIENTO A,410395010,OTROS RENDIMIENTOS FINANCIEROS,,,1,99,PESOS,"0,0","-811256711,57",,410395,Total pasivo + patrimonio,Patrimonio,Utilidad o perdida del ejercicio,Ingresos ordinarios,Otros rendimientos financieros,,,,
152,FCP INVERSOR COMPARTIMIENTO A,411495002,(IN) DAVIVIENDA Cta No.482800051880,,,1,99,PESOS,"0,0","-4970881,56",,411495,Total pasivo + patrimonio,Patrimonio,Utilidad o perdida del ejercicio,Ingresos ordinarios,Otros rendimientos financieros,,,,
152,FCP INVERSOR COMPARTIMIENTO A,411495015,RENDIMIENTOS INVERSIONES EN FICS,,,1,99,PESOS,"0,0","-23289324,45",,411495,Total pasivo + patrimonio,Patrimonio,Utilidad o perdida del ejercicio,Ingresos ordinarios,Otros rendimientos financieros,,,,
152,FCP INVERSOR COMPARTIMIENTO A,419805010,REINTEGRO PROVISIONES CUENTAS POR COBRAR,,,1,99,PESOS,"0,0","-1153760587,0",,419805,Total pasivo + patrimonio,Patrimonio,Utilidad o perdida del ejercicio,Ingresos ordinarios,Reintegro provisiones,,,,
152,FCP INVERSOR COMPARTIMIENTO A,511548010,COMISION DE ADMINISTRACION R.F.,,,1,99,PESOS,"0,0","40025890,85",,511548,Total pasivo + patrimonio,Patrimonio,Utilidad o perdida del ejercicio,Costos y gastos,Gastos de operaciones,Comisión administración,,,
152,FCP INVERSOR COMPARTIMIENTO A,511595011,COMISION GESTOR PROFESIONAL,,,1,99,PESOS,"0,0","185215068,5",,511595,Total pasivo + patrimonio,Patrimonio,Utilidad o perdida del ejercicio,Costos y gastos,Gastos de operaciones,Comisión Bursatil,,,
152,FCP INVERSOR COMPARTIMIENTO A,514005011,IMPOVENTAS,,,1,99,PESOS,"0,0","1451987,91",,514005,Total pasivo + patrimonio,Patrimonio,Utilidad o perdida del ejercicio,Costos y gastos,Gastos de operaciones,Gravamen a los movimientos financieros,Impuestos y tasas,,
152,FCP INVERSOR COMPARTIMIENTO A,514005015,IVA COMISION GESTOR PROFESIONAL,,,1,99,PESOS,"0,0","35190863,0",,514005,Total pasivo + patrimonio,Patrimonio,Utilidad o perdida del ejercicio,Costos y gastos,Gastos de operaciones,Gravamen a los movimientos financieros,Impuestos y tasas,,
152,FCP INVERSOR COMPARTIMIENTO A,519095999,OTROS,,,1,99,PESOS,"0,0","0,32",,519095,Total pasivo + patrimonio,Patrimonio,Utilidad o perdida del ejercicio,Costos y gastos,Gastos de operaciones,Otros gastos de operación,,,
152,FCP INVERSOR COMPARTIMIENTO A,590505010,CANCELACION DE INGRESOS RF,,,1,99,PESOS,"0,0","1105190341,07",,590505,Total pasivo + patrimonio,Patrimonio,,,,,,,
152,FCP INVERSOR COMPARTIMIENTO A,830505010,DEUDORAS POR CONTRA,,,1,99,PESOS,"-25583437849,32","-24353687823,71",,,,,,,,,,,
152,FCP INVERSOR COMPARTIMIENTO A,840505998,ACREEDORAS POR CONTRA PESOS,,,1,99,PESOS,"22410000000,0","22410000000,0",,840505,,,,,,,,,
165,FCP INVERSOR COMPARTIMENTO B,111505427,(IB) BANCOLOMBIA Cta No.69000001709,,,1,99,PESOS,"0,0","10000,0",,111505,Activo,,Activo Corriente,Efectivo y equivales de efectivo,Bancos nacionales,,,Disponible,
165,FCP INVERSOR COMPARTIMENTO B,130205300,EMISORES  NACIONALES,,,1,99,PESOS,"8766279,42","4131920,73",,130205,Activo,,Activo no corriente,Inversiones a valor razonable con efectos en resultados,Instrumentos de patrimonio,,,Inversiones,
165,FCP INVERSOR COMPARTIMENTO B,192595015,COMISION DE GESTION,,,1,99,PESOS,"0,0","2950547,25",,192595,Activo,,Activo Corriente,Otros activos,Gatos pagados por anticipados,,,,
165,FCP INVERSOR COMPARTIMENTO B,352505010,PARTICIPACIONES EN FDO DE INVERSIÓN COLE,,,1,99,PESOS,"-1127163673,12","-1051572284,55",,352505,Total pasivo + patrimonio,Patrimonio,,Patrimonio especiales,Participaciones en fondos de inversión colectiva,,,,
165,FCP INVERSOR COMPARTIMENTO B,411495426,(IN) BANCOLOMBIA Cau No.04872908574     ,,,1,99,PESOS,"0,0","-201903,94",,411495,Total pasivo + patrimonio,Patrimonio,Utilidad o perdida del ejercicio,Ingresos ordinarios,Otros rendimientos financieros,,,,
165,FCP INVERSOR COMPARTIMENTO B,510805010,POR DISMINUCION SOBRE EL VALOR RAZONABLE,,,1,99,PESOS,"0,0","88789776,36",,510805,Total pasivo + patrimonio,Patrimonio,Utilidad o perdida del ejercicio,Costos y gastos,Gastos de operaciones,Disminución en el valor de mercado Inst. de Pat.,,,
165,FCP INVERSOR COMPARTIMENTO B,511325010,COMISION CUSTODIA FIJA                  ,,,1,99,PESOS,"0,0","190784,83",,511325,Total pasivo + patrimonio,Patrimonio,Utilidad o perdida del ejercicio,Costos y gastos,Gastos de operaciones,Comisión custodia fija,,,
165,FCP INVERSOR COMPARTIMENTO B,513015003,REVISORIA FISCAL                        ,,,1,99,PESOS,"0,0","321032,09",,513015,Total pasivo + patrimonio,Patrimonio,Utilidad o perdida del ejercicio,Costos y gastos,Gastos de operaciones,Revisoría Fiscal,,,
165,FCP INVERSOR COMPARTIMENTO B,514005010,IMPUESTO A LOS MOVIMIENTOS FINANCIEROS  ,,,1,99,PESOS,"0,0","73249,38",,514005,Total pasivo + patrimonio,Patrimonio,Utilidad o perdida del ejercicio,Costos y gastos,Gastos de operaciones,Gravamen a los movimientos financieros,Impuestos y tasas,,
165,FCP INVERSOR COMPARTIMENTO B,590505010,CANCELACION DE INGRESOS RF,,,1,99,PESOS,"0,0","-3671215,66",,590505,Total pasivo + patrimonio,Patrimonio,,,,,,,
165,FCP INVERSOR COMPARTIMENTO B,590505015,CANCELACION DE INGRESOS RV,,,1,99,PESOS,"0,0","-56920172,91",,590505,Total pasivo + patrimonio,Patrimonio,,,,,,,
165,FCP INVERSOR COMPARTIMENTO B,829595998,OTRAS CUENTAS DE ORDEN ACREEDORAS PESOS,,,1,99,PESOS,"-1500000000,0","-1500000000,0",,829595,,,,,,,,,
167,FDO DE CAPITAL PRIVADO ENERGETICO ANDINO-COMPART. A,111505072,(EA) BANCOLOMBIA Cta No.04872907098     ,,,1,99,PESOS,"528525023,04","507782705,83",,111505,Activo,,Activo Corriente,Efectivo y equivales de efectivo,Bancos nacionales,,,Disponible,
186,FCP TC LATAM COMPARTIMENTO C,519095050,GASTOS REEMBOLSABLES,,,1,99,PESOS,"0,0","78038637,55",,519095,Total pasivo + patrimonio,Patrimonio,Utilidad o perdida del ejercicio,Costos y gastos,Gastos de operaciones,Otros gastos de operación,,,
186,FCP TC LATAM COMPARTIMENTO C,590505010,CANCELACION DE INGRESOS RF,,,1,99,PESOS,"0,0","-141190452,44",,590505,Total pasivo + patrimonio,Patrimonio,,,,,,,
186,FCP TC LATAM COMPARTIMENTO C,810505115,OTROS EMISORES NACIONALES,,,1,99,PESOS,"35795014576,0","35795014576,0",,810505,,,,,,,,,
186,FCP TC LATAM COMPARTIMENTO C,829595999,OTRAS CUENTAS DE ORDEN ACREEDORAS USD,,,1,99,DOLARES,"-52909800000,0","-49281480000,0",,829595,,,,,,,,,
186,FCP TC LATAM COMPARTIMENTO C,830505010,DEUDORAS POR CONTRA,,,1,99,PESOS,"-35795014576,0","-35795014576,0",,,,,,,,,,,
186,FCP TC LATAM COMPARTIMENTO C,840505999,OTRAS CUENTAS DE ORDEN ACREEDORAS USD,,,1,99,PESOS,"52909800000,0","49281480000,0",,840505,,,,,,,,,
187,FCP TC LATAM COMPARTIMENTO D,111510005,(LD) BANCOLOMBIA PANAMA CTA: 80100001883,,,1,99,DOLARES,"332524248,27","332585872,65",,111510,Activo,,Activo Corriente,Efectivo y equivales de efectivo,Bancos del Exterior,,,Disponible,
187,FCP TC LATAM COMPARTIMENTO D,130205300,EMISORES  NACIONALES,,,1,99,PESOS,"394793929,36","389735038,41",,130205,Activo,,Activo no corriente,Inversiones a valor razonable con efectos en resultados,Instrumentos de patrimonio,,,Inversiones,
187,FCP TC LATAM COMPARTIMENTO D,130210300,EMISORES EXTRANJEROS,,,1,99,PESOS,"1649331588,67","1502299826,97",,130210,Activo,,Activo no corriente,Inversiones a valor razonable con efectos en resultados,Instrumentos de patrimonio,,,Inversiones,
187,FCP TC LATAM COMPARTIMENTO D,139005010,INSTRUMENTOS DE DEUDA,,,1,99,PESOS,"-2341615642,37","-836673103,0",,139005,Activo,,Activo no corriente,Inversiones a valor razonable con efectos en resultados,Deterioro inversiones,,,Inversiones,
187,FCP TC LATAM COMPARTIMENTO D,161695005,(LD) BANCOLOMBIA PANAMA CTA.80100001883,,,1,99,PESOS,"91369,36","66943,75",,161695,Activo,,Activo Corriente,Cuentas por cobrar,Deudores,,,,
187,FCP TC LATAM COMPARTIMENTO D,161695430,(TED) BANCOLOMBIA Cau No.80100001883,,,1,99,PESOS,"516329,98","0,0",,161695,Activo,,Activo Corriente,Cuentas por cobrar,Deudores,,,,
187,FCP TC LATAM COMPARTIMENTO D,161695431,(TD) BANCOLOMBIA Cau No.03141537767,,,1,99,PESOS,"103036,78","42025,31",,161695,Activo,,Activo Corriente,Cuentas por cobrar,Deudores,,,,
187,FCP TC LATAM COMPARTIMENTO D,163035010,IVA DESCONTABLE 19%,,,1,99,PESOS,"49375,2","9692,6",,163035,Activo,,Activo Corriente,Cuentas por cobrar,Deudores,,,,
187,FCP TC LATAM COMPARTIMENTO D,192595025,COMISION ADMINISTRACION                 ,,,1,99,PESOS,"0,0","757308,26",,192595,Activo,,Activo Corriente,Otros activos,Gatos pagados por anticipados,,,,
187,FCP TC LATAM COMPARTIMENTO D,352505010,PARTICIPACIONES EN FDO DE INVERSIÓN COLE,,,1,99,PESOS,"-3351156010,82","-3055300435,04",,352505,Total pasivo + patrimonio,Patrimonio,,Patrimonio especiales,Participaciones en fondos de inversión colectiva,,,,
187,FCP TC LATAM COMPARTIMENTO D,411495431,(TD) BANCOLOMBIA Cau No.03141537767,,,1,99,PESOS,"0,0","-2352052,69",,411495,Total pasivo + patrimonio,Patrimonio,Utilidad o perdida del ejercicio,Ingresos ordinarios,Otros rendimientos financieros,,,,
187,FCP TC LATAM COMPARTIMENTO D,413515010,DIFERENCIA EN CAMBIO,,,1,99,PESOS,"0,0","-83027996,92",,413515,Total pasivo + patrimonio,Patrimonio,Utilidad o perdida del ejercicio,Ingresos ordinarios,Diferencia en cambio,,,,
187,FCP TC LATAM COMPARTIMENTO D,414515020,ARRENDAMIENTO INMUEBLES EXCLUIDO,,,1,99,PESOS,"0,0","-68184,14",,414515,Total pasivo + patrimonio,Patrimonio,Utilidad o perdida del ejercicio,Ingresos ordinarios,Arrendamientos,,,,
187,FCP TC LATAM COMPARTIMENTO D,513015003,REVISORIA FISCAL                        ,,,1,99,PESOS,"0,0","1726009,68",,513015,Total pasivo + patrimonio,Patrimonio,Utilidad o perdida del ejercicio,Costos y gastos,Gastos de operaciones,Revisoría Fiscal,,,
187,FCP TC LATAM COMPARTIMENTO D,514005020,IMPUESTOS ASUMIDOS,,,1,99,PESOS,"0,0","167131,4",,514005,Total pasivo + patrimonio,Patrimonio,Utilidad o perdida del ejercicio,Costos y gastos,Gastos de operaciones,Gravamen a los movimientos financieros,Impuestos y tasas,,
187,FCP TC LATAM COMPARTIMENTO D,519095045,OTROS GTOS OPERACIONALES,,,1,99,PESOS,"0,0","750,02",,519095,Total pasivo + patrimonio,Patrimonio,Utilidad o perdida del ejercicio,Costos y gastos,Gastos de operaciones,Otros gastos de operación,,,
187,FCP TC LATAM COMPARTIMENTO D,519095050,GASTOS REEMBOLSADOS,,,1,99,PESOS,"0,0","39593834,69",,519095,Total pasivo + patrimonio,Patrimonio,Utilidad o perdida del ejercicio,Costos y gastos,Gastos de operaciones,Otros gastos de operación,,,
187,FCP TC LATAM COMPARTIMENTO D,590505010,CANCELACION DE INGRESOS RF,,,1,99,PESOS,"0,0","-160353084,38",,590505,Total pasivo + patrimonio,Patrimonio,,,,,,,
187,FCP TC LATAM COMPARTIMENTO D,590505015,CANCELACION DE INGRESOS RV,,,1,99,PESOS,"0,0","-135502491,4",,590505,Total pasivo + patrimonio,Patrimonio,,,,,,,
187,FCP TC LATAM COMPARTIMENTO D,810505120,EMISORES EXTRANJEROS,,,1,99,PESOS,"3405809887,32","1502299826,97",,810505,,,,,,,,,
187,FCP TC LATAM COMPARTIMENTO D,830505010,DEUDORAS POR CONTRA,,,1,99,PESOS,"-5139728762,68","-3231159811,38",,,,,,,,,,,
200,FCP ENERGETICO ANDINO COMPARTIMENTO C,111505086,(EC) BANCOLOMBIA Cta No.69000001704,,,1,99,PESOS,"15885,43","258660,67",,111505,Activo,,Activo Corriente,Efectivo y equivales de efectivo,Bancos nacionales,,,Disponible,
200,FCP ENERGETICO ANDINO COMPARTIMENTO C,161695085,(EAC) BANCOLOMBIA Cau No.03130741559,,,1,99,PESOS,"72201,5","227737,45",,161695,Activo,,Activo Corriente,Cuentas por cobrar,Deudores,,,,
200,FCP ENERGETICO ANDINO COMPARTIMENTO C,161695086,(EC) BANCOLOMBIA Cta No.69000001704,,,1,99,PESOS,"300,49","667,18",,161695,Activo,,Activo Corriente,Cuentas por cobrar,Deudores,,,,
200,FCP ENERGETICO ANDINO COMPARTIMENTO C,250195010,COMISIÓN DE GESTIÓN,,,1,99,PESOS,"-2444403,5","0,0",,250195,Total pasivo + patrimonio,Pasivo,Pasivo Corriente,Cuentas por pagar,Comisión de gestión.,,,,
200,FCP ENERGETICO ANDINO COMPARTIMENTO C,253105110,CUENTA COMPENSACION,,,1,99,PESOS,"-0,05","-1,82",,253105,Total pasivo + patrimonio,Pasivo,Pasivo Corriente,Cuentas por pagar,Acreedores varios,,,,
200,FCP ENERGETICO ANDINO COMPARTIMENTO C,352505010,PARTICIPACIONES EN FDO DE INVERSION COLE,,,1,99,PESOS,"-5483007736,31","-402223033,48",,352505,Total pasivo + patrimonio,Patrimonio,,Patrimonio especiales,Participaciones en fondos de inversión colectiva,,,,
200,FCP ENERGETICO ANDINO COMPARTIMENTO C,411495086,(EC) BANCOLOMBIA Cta Cau No.69000001704,,,1,99,PESOS,"0,0","-182947,68",,411495,Total pasivo + patrimonio,Patrimonio,Utilidad o perdida del ejercicio,Ingresos ordinarios,Otros rendimientos financieros,,,,
200,FCP ENERGETICO ANDINO COMPARTIMENTO C,411495999,OTROS,,,1,99,PESOS,"0,0","-0,28",,411495,Total pasivo + patrimonio,Patrimonio,Utilidad o perdida del ejercicio,Ingresos ordinarios,Otros rendimientos financieros,,,,
200,FCP ENERGETICO ANDINO COMPARTIMENTO C,510805010,POR DISMINUCION EN VALOR DE MERCADO,,,1,99,PESOS,"0,0","2572246368,56",,510805,Total pasivo + patrimonio,Patrimonio,Utilidad o perdida del ejercicio,Costos y gastos,Gastos de operaciones,Disminución en el valor de mercado Inst. de Pat.,,,
200,FCP ENERGETICO ANDINO COMPARTIMENTO C,511325010,COMISION CUSTODIA FIJA,,,1,99,PESOS,"0,0","5977727,34",,511325,Total pasivo + patrimonio,Patrimonio,Utilidad o perdida del ejercicio,Costos y gastos,Gastos de operaciones,Comisión custodia fija,,,
200,FCP ENERGETICO ANDINO COMPARTIMENTO C,513095090,OTROS HONORARIOS,,,1,99,PESOS,"0,0","11388000,01",,513095,Total pasivo + patrimonio,Patrimonio,Utilidad o perdida del ejercicio,Costos y gastos,Gastos de operaciones,Otros honorarios,,,
200,FCP ENERGETICO ANDINO COMPARTIMENTO C,514005010,IMPUESTO A LOS MOVIMIENTOS FINANCIEROS,,,1,99,PESOS,"0,0","10799422,54",,514005,Total pasivo + patrimonio,Patrimonio,Utilidad o perdida del ejercicio,Costos y gastos,Gastos de operaciones,Gravamen a los movimientos financieros,Impuestos y tasas,,
200,FCP ENERGETICO ANDINO COMPARTIMENTO C,840505999,OTRAS CUENTAS DE ORDEN ACREEDORAS USD,,,1,99,PESOS,"176366000000,0","165948800000,0",,840505,,,,,,,,,
240,FCP TC LATAM - COMPARTIMENTO E,111505005,(LT) BANCOLOMBIA Cta No.69000002518,,,1,99,PESOS,"729,64","0,0",,111505,Activo,,Activo Corriente,Efectivo y equivales de efectivo,Bancos nacionales,,,Disponible,
240,FCP TC LATAM - COMPARTIMENTO E,111505531,(TE) BANCOLOMBIA Cta. 03141537881,,,1,99,PESOS,"2209350548,48","2158348619,74",,111505,Activo,,Activo Corriente,Efectivo y equivales de efectivo,Bancos nacionales,,,Disponible,
240,FCP TC LATAM - COMPARTIMENTO E,111510006,(LE) BANCOLOMBIA PANAMA CTA: 80100005498,,,1,99,DOLARES,"184367637,17","1286530767,07",,111510,Activo,,Activo Corriente,Efectivo y equivales de efectivo,Bancos del Exterior,,,Disponible,
240,FCP TC LATAM - COMPARTIMENTO E,130120120,EMISORES EXTRANJEROS,,,1,99,PESOS,"7863985512,03","6903067427,91",,130120,Activo,,Activo no corriente,Inversiones a valor razonable con efectos en resultados,Instrumentos de Deuda,,,Inversiones,
240,FCP TC LATAM - COMPARTIMENTO E,130210300,EMISORES EXTRANJEROS,,,1,99,PESOS,"55761934957,68","53073318500,77",,130210,Activo,,Activo no corriente,Inversiones a valor razonable con efectos en resultados,Instrumentos de patrimonio,,,Inversiones,
240,FCP TC LATAM - COMPARTIMENTO E,136005010,INVERSIONES DERECHOS FIDUCIARIOS,,,1,99,PESOS,"30790775734,15","29474786980,0",,136005,Activo,,Activo no corriente,Inversiones a valor razonable con efectos en resultados,Inversiones derechos fiduciarios,,,Inversiones,
240,FCP TC LATAM - COMPARTIMENTO E,161695005,(LT) BANCOLOMBIA Cta No.69000002518,,,1,99,PESOS,"2,22","0,48",,161695,Activo,,Activo Corriente,Cuentas por cobrar,Deudores,,,,
240,FCP TC LATAM - COMPARTIMENTO E,161695006,(LE) BANCOLOMBIA PANAMA CTA.80100005498,,,1,99,PESOS,"69410,79","263531,37",,161695,Activo,,Activo Corriente,Cuentas por cobrar,Deudores,,,,
240,FCP TC LATAM - COMPARTIMENTO E,161695531,(TE) BANCOLOMBIA Cau No.03141537881,,,1,99,PESOS,"895351,4","695779,66",,161695,Activo,,Activo Corriente,Cuentas por cobrar,Deudores,,,,
240,FCP TC LATAM - COMPARTIMENTO E,253105015,CUENTA POR PAGAR ZETTA DATA CENTER,,,1,99,PESOS,"-22408979,46","-21035566,96",,253105,Total pasivo + patrimonio,Pasivo,Pasivo Corriente,Cuentas por pagar,Acreedores varios,,,,
240,FCP TC LATAM - COMPARTIMENTO E,253105110,CUENTA COMPENSACION,,,1,99,PESOS,"-5680842508,37","-5255550066,98",,253105,Total pasivo + patrimonio,Pasivo,Pasivo Corriente,Cuentas por pagar,Acreedores varios,,,,
240,FCP TC LATAM - COMPARTIMENTO E,411495005,(LT) BANCOLOMBIA Cta No.69000002518,,,1,99,PESOS,"0,0","-0,36",,411495,Total pasivo + patrimonio,Patrimonio,Utilidad o perdida del ejercicio,Ingresos ordinarios,Otros rendimientos financieros,,,,
240,FCP TC LATAM - COMPARTIMENTO E,411495006,(LE) BANCOLOMBIA PANAMA CTA.80100005498,,,1,99,PESOS,"0,0","-424532,87",,411495,Total pasivo + patrimonio,Patrimonio,Utilidad o perdida del ejercicio,Ingresos ordinarios,Otros rendimientos financieros,,,,
240,FCP TC LATAM - COMPARTIMENTO E,411495531,(TE) BANCOLOMBIA CAU 03141537881,,,1,99,PESOS,"0,0","-39459357,07",,411495,Total pasivo + patrimonio,Patrimonio,Utilidad o perdida del ejercicio,Ingresos ordinarios,Otros rendimientos financieros,,,,
240,FCP TC LATAM - COMPARTIMENTO E,411495999,OTROS,,,1,99,PESOS,"0,0","-37,78",,411495,Total pasivo + patrimonio,Patrimonio,Utilidad o perdida del ejercicio,Ingresos ordinarios,Otros rendimientos financieros,,,,
240,FCP TC LATAM - COMPARTIMENTO E,412505120,EMISORES EXTRANJEROS                    ,,,1,99,PESOS,"0,0","-325211416,19",,412505,Total pasivo + patrimonio,Patrimonio,Utilidad o perdida del ejercicio,Ingresos ordinarios,A valor Razonable Instrumentos de Deuda.,,,,
240,FCP TC LATAM - COMPARTIMENTO E,510605120,EMISORES EXTRANJEROS,,,1,99,PESOS,"0,0","343537510,02",,510605,Total pasivo + patrimonio,Patrimonio,Utilidad o perdida del ejercicio,Costos y gastos,Gastos de operaciones,Disminucion en el Valor Razonables inst. de Deuda,,,
240,FCP TC LATAM - COMPARTIMENTO E,510805010,POR DISMINUCION EN EL VALOR RAZONABLE,,,1,99,PESOS,"0,0","2561864703,6",,510805,Total pasivo + patrimonio,Patrimonio,Utilidad o perdida del ejercicio,Costos y gastos,Gastos de operaciones,Disminución en el valor de mercado Inst. de Pat.,,,
240,FCP TC LATAM - COMPARTIMENTO E,511512010,GASTOS BANCARIOS                        ,,,1,99,PESOS,"0,0","1360515,88",,511512,Total pasivo + patrimonio,Patrimonio,Utilidad o perdida del ejercicio,Costos y gastos,Gastos de operaciones,Gastos bancarios,,,
240,FCP TC LATAM - COMPARTIMENTO E,511548010,COMISION DE ADMINISTRACION R.F.         ,,,1,99,PESOS,"0,0","81463194,31",,511548,Total pasivo + patrimonio,Patrimonio,Utilidad o perdida del ejercicio,Costos y gastos,Gastos de operaciones,Comisión administración,,,
240,FCP TC LATAM - COMPARTIMENTO E,511595011,COMISION DE GESTION,,,1,99,PESOS,"0,0","427926852,39",,511595,Total pasivo + patrimonio,Patrimonio,Utilidad o perdida del ejercicio,Costos y gastos,Gastos de operaciones,Comisión Bursatil,,,
240,FCP TC LATAM - COMPARTIMENTO E,511595015,OTRAS COMISIONES,,,1,99,PESOS,"0,0","423017,0",,511595,Total pasivo + patrimonio,Patrimonio,Utilidad o perdida del ejercicio,Costos y gastos,Gastos de operaciones,Comisión Bursatil,,,
240,FCP TC LATAM - COMPARTIMENTO E,514005011,IMPOVENTAS                              ,,,1,99,PESOS,"0,0","2309280,52",,514005,Total pasivo + patrimonio,Patrimonio,Utilidad o perdida del ejercicio,Costos y gastos,Gastos de operaciones,Gravamen a los movimientos financieros,Impuestos y tasas,,
240,FCP TC LATAM - COMPARTIMENTO E,514005015,IVA COMISION GESTOR PROFESIONAL,,,1,99,PESOS,"0,0","81306101,96",,514005,Total pasivo + patrimonio,Patrimonio,Utilidad o perdida del ejercicio,Costos y gastos,Gastos de operaciones,Gravamen a los movimientos financieros,Impuestos y tasas,,
240,FCP TC LATAM - COMPARTIMENTO E,519095999,OTROS,,,1,99,PESOS,"0,0","97,94",,519095,Total pasivo + patrimonio,Patrimonio,Utilidad o perdida del ejercicio,Costos y gastos,Gastos de operaciones,Otros gastos de operación,,,
240,FCP TC LATAM - COMPARTIMENTO E,590505010,CANCELACION DE INGRESOS RF,,,1,99,PESOS,"0,0","-113776160,64",,590505,Total pasivo + patrimonio,Patrimonio,,,,,,,
240,FCP TC LATAM - COMPARTIMENTO E,810505205,EMISORES NACIONALES                     ,,,1,99,PESOS,"33180000648,02","31824085937,5",,810505,,,,,,,,,
240,FCP TC LATAM - COMPARTIMENTO E,830505010,DEUDORAS POR CONTRA,,,1,99,PESOS,"-96805921117,73","-91800471866,18",,,,,,,,,,,
257,FIC INMOBILIARIO DE RENTA DAVIVIENDA CORREDORES,111505001,(FIR) Davivienda CTA AH 005000311323,,,1,99,PESOS,"11985956,71","4582402,93",,111505,Activo,,Activo Corriente,Efectivo y equivales de efectivo,Bancos nacionales,,,Disponible,
257,FIC INMOBILIARIO DE RENTA DAVIVIENDA CORREDORES,111505002,(FIR) DAVIVIENDA CTA CTE 005069993482,,,1,99,PESOS,"1778,15","0,0",,111505,Activo,,Activo Corriente,Efectivo y equivales de efectivo,Bancos nacionales,,,Disponible,
257,FIC INMOBILIARIO DE RENTA DAVIVIENDA CORREDORES,111505010,(FIR) Occidente CTA CTE 288857493,,,1,99,PESOS,"16132336,99","76216577,91",,111505,Activo,,Activo Corriente,Efectivo y equivales de efectivo,Bancos nacionales,,,Disponible,
257,FIC INMOBILIARIO DE RENTA DAVIVIENDA CORREDORES,111505012,(FIR) Bco de Bogota Cta. Aho 049316169,,,1,99,PESOS,"3104587,0","3211681,0",,111505,Activo,,Activo Corriente,Efectivo y equivales de efectivo,Bancos nacionales,,,Disponible,
257,FIC INMOBILIARIO DE RENTA DAVIVIENDA CORREDORES,111505013,(FIR) Bco de Bogota Cta. cte 049316151,,,1,99,PESOS,"32522398,56","32522398,56",,111505,Activo,,Activo Corriente,Efectivo y equivales de efectivo,Bancos nacionales,,,Disponible,
257,FIC INMOBILIARIO DE RENTA DAVIVIENDA CORREDORES,111505015,(FIR) Davivienda CTA AH 482800036030,,,1,99,PESOS,"14636372,47","3959544,28",,111505,Activo,,Activo Corriente,Efectivo y equivales de efectivo,Bancos nacionales,,,Disponible,
257,FIC INMOBILIARIO DE RENTA DAVIVIENDA CORREDORES,136000300,INVERSIONES DERECHOS FIDUCIARIOS,,,1,99,PESOS,"672130833490,86","689806662550,43",,136000,Activo,,Activo no corriente,Inversiones a valor razonable con efectos en resultados,Inversiones derechos fiduciarios,,,Inversiones,
257,FIC INMOBILIARIO DE RENTA DAVIVIENDA CORREDORES,161205010,ARRENDAMIENTOS DE BIENES PROPIOS,,,1,99,PESOS,"233123832,88","357671568,07",,161205,Activo,,Activo Corriente,Cuentas por cobrar,Deudores,,,,
257,FIC INMOBILIARIO DE RENTA DAVIVIENDA CORREDORES,161695006,(FIR) BANCO SUDAMERIS CTA AH 91000023490,,,1,99,PESOS,"79311923,27","6552047,61",,161695,Activo,,Activo Corriente,Cuentas por cobrar,Deudores,,,,
257,FIC INMOBILIARIO DE RENTA DAVIVIENDA CORREDORES,161695011,(FIR) Sudameris Cta Aho 91000017850,,,1,99,PESOS,"-102253,88","-190829,26",,161695,Activo,,Activo Corriente,Cuentas por cobrar,Deudores,,,,
257,FIC INMOBILIARIO DE RENTA DAVIVIENDA CORREDORES,161695014,(FIR) Banco Popular Cta. 500804743994,,,1,99,PESOS,"13289,46","5659,77",,161695,Activo,,Activo Corriente,Cuentas por cobrar,Deudores,,,,
257,FIC INMOBILIARIO DE RENTA DAVIVIENDA CORREDORES,161695019,(FIR) BANCOLOMBIA CTA No. 69000008139,,,1,99,PESOS,"81349,29","28199,66",,161695,Activo,,Activo Corriente,Cuentas por cobrar,Deudores,,,,
257,FIC INMOBILIARIO DE RENTA DAVIVIENDA CORREDORES,161695045,CUENTA CORRIENTE                        ,,,1,99,PESOS,"33898278,0","0,0",,161695,Activo,,Activo Corriente,Cuentas por cobrar,Deudores,,,,
257,FIC INMOBILIARIO DE RENTA DAVIVIENDA CORREDORES,161695050,SERV. PUBLICOS,,,1,99,PESOS,"106925864,86","82816317,58",,161695,Activo,,Activo Corriente,Cuentas por cobrar,Deudores,,,,
257,FIC INMOBILIARIO DE RENTA DAVIVIENDA CORREDORES,163020010,IMPUESTO A LAS VENTAS RETENIDO SOBRE 19%,,,1,99,PESOS,"107929026,0","17505229,0",,163020,Activo,,Activo Corriente,Cuentas por cobrar,Deudores,,,,
257,FIC INMOBILIARIO DE RENTA DAVIVIENDA CORREDORES,163035010,IVA DESCONTABLE 19%,,,1,99,PESOS,"39130969,68","41404984,57",,163035,Activo,,Activo Corriente,Cuentas por cobrar,Deudores,,,,
257,FIC INMOBILIARIO DE RENTA DAVIVIENDA CORREDORES,163035020,IVA DESCONTABLE 19%,"800175087,0",,1,99,PESOS,"2470000,0","2470000,0",,163035,Activo,,Activo Corriente,Cuentas por cobrar,Deudores,,,,
257,FIC INMOBILIARIO DE RENTA DAVIVIENDA CORREDORES,163035020,IVA DESCONTABLE 19%,"800197268,0",,1,99,PESOS,"0,0","-61728873,14",,163035,Activo,,Activo Corriente,Cuentas por cobrar,Deudores,,,,
167,FDO DE CAPITAL PRIVADO ENERGETICO ANDINO-COMPART. A,130210300,EMISORES EXTRANJEROS,,,1,99,PESOS,"431116457,77","238579943,2",,130210,Activo,,Activo no corriente,Inversiones a valor razonable con efectos en resultados,Instrumentos de patrimonio,,,Inversiones,
167,FDO DE CAPITAL PRIVADO ENERGETICO ANDINO-COMPART. A,161695073,(EA) BANCOLOMBIA Cau No.04872907098,,,1,99,PESOS,"286047,66","218229,7",,161695,Activo,,Activo Corriente,Cuentas por cobrar,Deudores,,,,
167,FDO DE CAPITAL PRIVADO ENERGETICO ANDINO-COMPART. A,192595030,AMORTIZACION COMISION DE ADMON,,,1,99,PESOS,"0,0","80955,32",,192595,Activo,,Activo Corriente,Otros activos,Gatos pagados por anticipados,,,,
167,FDO DE CAPITAL PRIVADO ENERGETICO ANDINO-COMPART. A,410805300,EMISORES NACIONALES,,,1,99,PESOS,"0,0","-2411263,48",,410805,Total pasivo + patrimonio,Patrimonio,Utilidad o perdida del ejercicio,Ingresos ordinarios,Por aumento en el valor de mercado Inst. de Pat.,,,,
167,FDO DE CAPITAL PRIVADO ENERGETICO ANDINO-COMPART. A,411495073,(EA) BANCOLOMBIA Cau No.04872907098     ,,,1,99,PESOS,"0,0","-8458391,72",,411495,Total pasivo + patrimonio,Patrimonio,Utilidad o perdida del ejercicio,Ingresos ordinarios,Otros rendimientos financieros,,,,
167,FDO DE CAPITAL PRIVADO ENERGETICO ANDINO-COMPART. A,513015003,REVISORIA FISCAL                        ,,,1,99,PESOS,"0,0","4692584,0",,513015,Total pasivo + patrimonio,Patrimonio,Utilidad o perdida del ejercicio,Costos y gastos,Gastos de operaciones,Revisoría Fiscal,,,
167,FDO DE CAPITAL PRIVADO ENERGETICO ANDINO-COMPART. A,514005011,IMPOVENTAS                              ,,,1,99,PESOS,"0,0","4577264,82",,514005,Total pasivo + patrimonio,Patrimonio,Utilidad o perdida del ejercicio,Costos y gastos,Gastos de operaciones,Gravamen a los movimientos financieros,Impuestos y tasas,,
167,FDO DE CAPITAL PRIVADO ENERGETICO ANDINO-COMPART. A,519095999,OTROS,,,1,99,PESOS,"0,0","0,45",,519095,Total pasivo + patrimonio,Patrimonio,Utilidad o perdida del ejercicio,Costos y gastos,Gastos de operaciones,Otros gastos de operación,,,
167,FDO DE CAPITAL PRIVADO ENERGETICO ANDINO-COMPART. A,590505010,CANCELACION DE INGRESOS RF,,,1,99,PESOS,"0,0","5816911,05",,590505,Total pasivo + patrimonio,Patrimonio,,,,,,,
167,FDO DE CAPITAL PRIVADO ENERGETICO ANDINO-COMPART. A,590505015,CANCELACION DE INGRESOS RV,,,1,99,PESOS,"0,0","-219082604,94",,590505,Total pasivo + patrimonio,Patrimonio,,,,,,,
167,FDO DE CAPITAL PRIVADO ENERGETICO ANDINO-COMPART. A,830505010,EMISORES EXTRANJEROS,,,1,99,PESOS,"-431116457,77","-238579943,19",,,,,,,,,,,
173,FONDO DE CAPITAL PRIVADO ALTRA II,111505525,(ALTII) BANCOLOMBIA Cta No.17891607288,,,1,99,PESOS,"79686605,69","217061820,71",,111505,Activo,,Activo Corriente,Efectivo y equivales de efectivo,Bancos nacionales,,,Disponible,
173,FONDO DE CAPITAL PRIVADO ALTRA II,161695001,(ALTII) BANCOLOMBIA Cta No. 80100008101,,,1,99,PESOS,"262956,01","97933,6",,161695,Activo,,Activo Corriente,Cuentas por cobrar,Deudores,,,,
173,FONDO DE CAPITAL PRIVADO ALTRA II,161695526,(ALII) BANCOLOMBIA Cau No.17891607288,,,1,99,PESOS,"42845,55","112028,55",,161695,Activo,,Activo Corriente,Cuentas por cobrar,Deudores,,,,
173,FONDO DE CAPITAL PRIVADO ALTRA II,161695527,(AII) BANCOLOMBIA Cau No.69000001710,,,1,99,PESOS,"0,0","6125,75",,161695,Activo,,Activo Corriente,Cuentas por cobrar,Deudores,,,,
173,FONDO DE CAPITAL PRIVADO ALTRA II,352505010,PARTICIPACIONES EN FDO DE INVERSIÓN COLE,,,1,99,PESOS,"-8493669753,3","-8620991521,48",,352505,Total pasivo + patrimonio,Patrimonio,,Patrimonio especiales,Participaciones en fondos de inversión colectiva,,,,
173,FONDO DE CAPITAL PRIVADO ALTRA II,410805300,EMISORES NACIONALES,,,1,99,PESOS,"0,0","-235268731,67",,410805,Total pasivo + patrimonio,Patrimonio,Utilidad o perdida del ejercicio,Ingresos ordinarios,Por aumento en el valor de mercado Inst. de Pat.,,,,
173,FONDO DE CAPITAL PRIVADO ALTRA II,411495526,(ALTII) BANCOLOMBIA Cta No.17891607288,,,1,99,PESOS,"0,0","-3087924,67",,411495,Total pasivo + patrimonio,Patrimonio,Utilidad o perdida del ejercicio,Ingresos ordinarios,Otros rendimientos financieros,,,,
173,FONDO DE CAPITAL PRIVADO ALTRA II,411495527,(AII) BANCOLOMBIA Cau No.69000001710,,,1,99,PESOS,"0,0","-22289,78",,411495,Total pasivo + patrimonio,Patrimonio,Utilidad o perdida del ejercicio,Ingresos ordinarios,Otros rendimientos financieros,,,,
173,FONDO DE CAPITAL PRIVADO ALTRA II,511325010,COMISION CUSTODIA FIJA                  ,,,1,99,PESOS,"0,0","13988000,0",,511325,Total pasivo + patrimonio,Patrimonio,Utilidad o perdida del ejercicio,Costos y gastos,Gastos de operaciones,Comisión custodia fija,,,
173,FONDO DE CAPITAL PRIVADO ALTRA II,513015003,REVISORIA FISCAL                        ,,,1,99,PESOS,"0,0","2953037,0",,513015,Total pasivo + patrimonio,Patrimonio,Utilidad o perdida del ejercicio,Costos y gastos,Gastos de operaciones,Revisoría Fiscal,,,
173,FONDO DE CAPITAL PRIVADO ALTRA II,513095090,OTROS HONORARIOS,,,1,99,PESOS,"0,0","2847000,0",,513095,Total pasivo + patrimonio,Patrimonio,Utilidad o perdida del ejercicio,Costos y gastos,Gastos de operaciones,Otros honorarios,,,
173,FONDO DE CAPITAL PRIVADO ALTRA II,514005010,IMPUESTO A LOS MOVIMIENTOS FINANCIEROS  ,,,1,99,PESOS,"0,0","94191,06",,514005,Total pasivo + patrimonio,Patrimonio,Utilidad o perdida del ejercicio,Costos y gastos,Gastos de operaciones,Gravamen a los movimientos financieros,Impuestos y tasas,,
173,FONDO DE CAPITAL PRIVADO ALTRA II,590505015,CANCELACION DE INGRESOS RV,,,1,99,PESOS,"0,0","124286257,92",,590505,Total pasivo + patrimonio,Patrimonio,,,,,,,
173,FONDO DE CAPITAL PRIVADO ALTRA II,829595999,OTRAS CUENTAS DE ORDEN ACREEDORAS USD,,,1,99,DOLARES,"-95502189000,0","-89861275200,0",,829595,,,,,,,,,
173,FONDO DE CAPITAL PRIVADO ALTRA II,840505999,OTRAS CUENTAS DE ORDEN ACREEDORAS USD,,,1,99,PESOS,"95502189000,0","89861275200,0",,840505,,,,,,,,,
175,FCP TC LATAM COMPARTIMENTO A,111505001,(LT) BANCOLOMBIA Cta No.69000002514,,,1,99,PESOS,"1349490,02","1371562,51",,111505,Activo,,Activo Corriente,Efectivo y equivales de efectivo,Bancos nacionales,,,Disponible,
175,FCP TC LATAM COMPARTIMENTO A,130205300,EMISORES  NACIONALES,,,1,99,PESOS,"1123149194,48","1108819591,96",,130205,Activo,,Activo no corriente,Inversiones a valor razonable con efectos en resultados,Instrumentos de patrimonio,,,Inversiones,
175,FCP TC LATAM COMPARTIMENTO A,130210300,EMISORES EXTRANJEROS,,,1,99,PESOS,"4693596382,86","4274808254,91",,130210,Activo,,Activo no corriente,Inversiones a valor razonable con efectos en resultados,Instrumentos de patrimonio,,,Inversiones,
175,FCP TC LATAM COMPARTIMENTO A,139005010,INSTRUMENTOS DE DEUDA,,,1,99,PESOS,"-6833998934,98","-2309738068,0",,139005,Activo,,Activo no corriente,Inversiones a valor razonable con efectos en resultados,Deterioro inversiones,,,Inversiones,
175,FCP TC LATAM COMPARTIMENTO A,161695002,(LA) BANCOLOMBIA PANAMA CTA.80100001881,,,1,99,PESOS,"124851,53","89202,09",,161695,Activo,,Activo Corriente,Cuentas por cobrar,Deudores,,,,
175,FCP TC LATAM COMPARTIMENTO A,161695436,(TA) BANCOLOMBIA Cau No.03141537163,,,1,99,PESOS,"75129,46","18275,63",,161695,Activo,,Activo Corriente,Cuentas por cobrar,Deudores,,,,
175,FCP TC LATAM COMPARTIMENTO A,163035010,IVA DESCONTABLE 19%,,,1,99,PESOS,"140467,71","27574,6",,163035,Activo,,Activo Corriente,Cuentas por cobrar,Deudores,,,,
175,FCP TC LATAM COMPARTIMENTO A,411495001,(LT) BANCOLOMBIA Cta No.69000002514,,,1,99,PESOS,"0,0","-17591,87",,411495,Total pasivo + patrimonio,Patrimonio,Utilidad o perdida del ejercicio,Ingresos ordinarios,Otros rendimientos financieros,,,,
175,FCP TC LATAM COMPARTIMENTO A,411495436,(TA) BANCOLOMBIA Cau No.03141537163,,,1,99,PESOS,"0,0","-2088569,51",,411495,Total pasivo + patrimonio,Patrimonio,Utilidad o perdida del ejercicio,Ingresos ordinarios,Otros rendimientos financieros,,,,
175,FCP TC LATAM COMPARTIMENTO A,414515020,ARRENDAMIENTO INMUEBLES EXCLUIDO,,,1,99,PESOS,"0,0","-193977,14",,414515,Total pasivo + patrimonio,Patrimonio,Utilidad o perdida del ejercicio,Ingresos ordinarios,Arrendamientos,,,,
175,FCP TC LATAM COMPARTIMENTO A,511595015,OTRAS COMISIONES,,,1,99,PESOS,"0,0","1037843,4",,511595,Total pasivo + patrimonio,Patrimonio,Utilidad o perdida del ejercicio,Costos y gastos,Gastos de operaciones,Comisión Bursatil,,,
175,FCP TC LATAM COMPARTIMENTO A,513015003,REVISORIA FISCAL                        ,,,1,99,PESOS,"0,0","4911409,66",,513015,Total pasivo + patrimonio,Patrimonio,Utilidad o perdida del ejercicio,Costos y gastos,Gastos de operaciones,Revisoría Fiscal,,,
175,FCP TC LATAM COMPARTIMENTO A,513535010,POR REEXPRESION DE  OTROS ACTIVOS,,,1,99,PESOS,"0,0","128944295,8",,513535,Total pasivo + patrimonio,Patrimonio,Utilidad o perdida del ejercicio,Costos y gastos,Gastos de operaciones,Reexpresion de Activos,,,
175,FCP TC LATAM COMPARTIMENTO A,514005011,IMPOVENTAS                              ,,,1,99,PESOS,"0,0","1743591,02",,514005,Total pasivo + patrimonio,Patrimonio,Utilidad o perdida del ejercicio,Costos y gastos,Gastos de operaciones,Gravamen a los movimientos financieros,Impuestos y tasas,,
175,FCP TC LATAM COMPARTIMENTO A,514005020,IMPUESTOS ASUMIDOS,,,1,99,PESOS,"0,0","475472,3",,514005,Total pasivo + patrimonio,Patrimonio,Utilidad o perdida del ejercicio,Costos y gastos,Gastos de operaciones,Gravamen a los movimientos financieros,Impuestos y tasas,,
175,FCP TC LATAM COMPARTIMENTO A,516060010,MANTENIMIENTO Y REPARACIONES,,,1,99,PESOS,"0,0","1703672,1",,516060,Total pasivo + patrimonio,Patrimonio,Utilidad o perdida del ejercicio,Costos y gastos,Gastos de operaciones,Mantenimiento y Reparaciones,,,
257,FIC INMOBILIARIO DE RENTA DAVIVIENDA CORREDORES,163035020,IVA DESCONTABLE 19%,"830033457,0",,1,99,PESOS,"3075635,83","3075635,83",,163035,Activo,,Activo Corriente,Cuentas por cobrar,Deudores,,,,
257,FIC INMOBILIARIO DE RENTA DAVIVIENDA CORREDORES,163035020,IVA DESCONTABLE 19%,"830069056,0",,1,99,PESOS,"4145454,58","4145454,58",,163035,Activo,,Activo Corriente,Cuentas por cobrar,Deudores,,,,
257,FIC INMOBILIARIO DE RENTA DAVIVIENDA CORREDORES,163035020,IVA DESCONTABLE 19%,"830142201,0",,1,99,PESOS,"16088014,21","16088014,21",,163035,Activo,,Activo Corriente,Cuentas por cobrar,Deudores,,,,
257,FIC INMOBILIARIO DE RENTA DAVIVIENDA CORREDORES,163035020,IVA DESCONTABLE 19%,"860000846,0",,1,99,PESOS,"254156,73","254156,73",,163035,Activo,,Activo Corriente,Cuentas por cobrar,Deudores,,,,
257,FIC INMOBILIARIO DE RENTA DAVIVIENDA CORREDORES,163035020,IVA DESCONTABLE 19%,"860005289,0",,1,99,PESOS,"1285000,97","1285000,97",,163035,Activo,,Activo Corriente,Cuentas por cobrar,Deudores,,,,
257,FIC INMOBILIARIO DE RENTA DAVIVIENDA CORREDORES,163035020,IVA DESCONTABLE 19%,"860045700,0",,1,99,PESOS,"632073,0","632073,0",,163035,Activo,,Activo Corriente,Cuentas por cobrar,Deudores,,,,
257,FIC INMOBILIARIO DE RENTA DAVIVIENDA CORREDORES,163035020,IVA DESCONTABLE 19%,"890903407,0",,1,99,PESOS,"10905658,57","10905658,57",,163035,Activo,,Activo Corriente,Cuentas por cobrar,Deudores,,,,
257,FIC INMOBILIARIO DE RENTA DAVIVIENDA CORREDORES,163035020,IVA DESCONTABLE 19%,"900038616,0",,1,99,PESOS,"730760,33","730760,33",,163035,Activo,,Activo Corriente,Cuentas por cobrar,Deudores,,,,
257,FIC INMOBILIARIO DE RENTA DAVIVIENDA CORREDORES,163035020,IVA DESCONTABLE 19%,"900281388,0",,1,99,PESOS,"1201636,0","1201636,0",,163035,Activo,,Activo Corriente,Cuentas por cobrar,Deudores,,,,
257,FIC INMOBILIARIO DE RENTA DAVIVIENDA CORREDORES,163035020,IVA DESCONTABLE 19%,"900470621,0",,1,99,PESOS,"741000,0","741000,0",,163035,Activo,,Activo Corriente,Cuentas por cobrar,Deudores,,,,
257,FIC INMOBILIARIO DE RENTA DAVIVIENDA CORREDORES,163035020,IVA DESCONTABLE 19%,"900520484,0",,1,99,PESOS,"494000,0","494000,0",,163035,Activo,,Activo Corriente,Cuentas por cobrar,Deudores,,,,
257,FIC INMOBILIARIO DE RENTA DAVIVIENDA CORREDORES,163035020,IVA DESCONTABLE 19%,"900957534,0",,1,99,PESOS,"584630,0","584630,0",,163035,Activo,,Activo Corriente,Cuentas por cobrar,Deudores,,,,
257,FIC INMOBILIARIO DE RENTA DAVIVIENDA CORREDORES,163035020,IVA DESCONTABLE 19%,"900985947,0",,1,99,PESOS,"562685,0","562685,0",,163035,Activo,,Activo Corriente,Cuentas por cobrar,Deudores,,,,
257,FIC INMOBILIARIO DE RENTA DAVIVIENDA CORREDORES,163035020,IVA DESCONTABLE 19%,"901094828,0",,1,99,PESOS,"160438,85","160438,85",,163035,Activo,,Activo Corriente,Cuentas por cobrar,Deudores,,,,
257,FIC INMOBILIARIO DE RENTA DAVIVIENDA CORREDORES,163035020,IVA DESCONTABLE 19%,"901121826,0",,1,99,PESOS,"256652,0","256652,0",,163035,Activo,,Activo Corriente,Cuentas por cobrar,Deudores,,,,
257,FIC INMOBILIARIO DE RENTA DAVIVIENDA CORREDORES,182715010,VALORACION DE PROPIEDADES DE INVERSION,,,1,99,PESOS,"103820201752,0","127883772213,0",,182715,Activo,,Activo no corriente,Activos Materiales,Valoracion de Propiedades de Inversión,,,,
257,FIC INMOBILIARIO DE RENTA DAVIVIENDA CORREDORES,192595005,IMPUESTO PREDIAL,,,1,99,PESOS,"0,0","1959355059,43",,192595,Activo,,Activo Corriente,Otros activos,Gatos pagados por anticipados,,,,
257,FIC INMOBILIARIO DE RENTA DAVIVIENDA CORREDORES,243505010,CRÉDITOS,,,1,99,PESOS,"-105577305523,62","-102077305523,62",,243505,Total pasivo + patrimonio,Pasivo,Pasivo Corriente,Créditos de bancos y otras obligaciones financieras,Otras obligaciones financieras,,,,
257,FIC INMOBILIARIO DE RENTA DAVIVIENDA CORREDORES,250225010,GASTOS FINANCIEROS,,,1,99,PESOS,"-2118541179,44","-2042804343,26",,250225,Total pasivo + patrimonio,Pasivo,Pasivo Corriente,Cuentas por pagar,Acreedores varios,,,,
257,FIC INMOBILIARIO DE RENTA DAVIVIENDA CORREDORES,253105110,CUENTA COMPENSACION,,,1,99,PESOS,"-4194623041,56","-5303095497,82",,253105,Total pasivo + patrimonio,Pasivo,Pasivo Corriente,Cuentas por pagar,Acreedores varios,,,,
257,FIC INMOBILIARIO DE RENTA DAVIVIENDA CORREDORES,411495004,(FIR) BANCOLOMBIA Cau No.03151159060,,,1,99,PESOS,"0,0","-81289634,08",,411495,Total pasivo + patrimonio,Patrimonio,Utilidad o perdida del ejercicio,Ingresos ordinarios,Otros rendimientos financieros,,,,
257,FIC INMOBILIARIO DE RENTA DAVIVIENDA CORREDORES,411495006,(FIR) BANCO SUDAMERIS CTA AH 91000023490,,,1,99,PESOS,"0,0","-106465970,31",,411495,Total pasivo + patrimonio,Patrimonio,Utilidad o perdida del ejercicio,Ingresos ordinarios,Otros rendimientos financieros,,,,
257,FIC INMOBILIARIO DE RENTA DAVIVIENDA CORREDORES,411495008,(FIR) OCCIDENTE Cau No.288857402,,,1,99,PESOS,"0,0","-285797,61",,411495,Total pasivo + patrimonio,Patrimonio,Utilidad o perdida del ejercicio,Ingresos ordinarios,Otros rendimientos financieros,,,,
257,FIC INMOBILIARIO DE RENTA DAVIVIENDA CORREDORES,411495011,(FIR) Sudameris Cta Aho 91000017850,,,1,99,PESOS,"0,0","-23839,7",,411495,Total pasivo + patrimonio,Patrimonio,Utilidad o perdida del ejercicio,Ingresos ordinarios,Otros rendimientos financieros,,,,
257,FIC INMOBILIARIO DE RENTA DAVIVIENDA CORREDORES,411495015,RENDIMIENTOS INVERSIONES EN FICS,,,1,99,PESOS,"0,0","-638701095,35",,411495,Total pasivo + patrimonio,Patrimonio,Utilidad o perdida del ejercicio,Ingresos ordinarios,Otros rendimientos financieros,,,,
257,FIC INMOBILIARIO DE RENTA DAVIVIENDA CORREDORES,411495019,(FIR) BANCOLOMBIA CTA No. 69000008139,,,1,99,PESOS,"0,0","-655195,02",,411495,Total pasivo + patrimonio,Patrimonio,Utilidad o perdida del ejercicio,Ingresos ordinarios,Otros rendimientos financieros,,,,
257,FIC INMOBILIARIO DE RENTA DAVIVIENDA CORREDORES,411495999,OTROS,,,1,99,PESOS,"0,0","-22,45",,411495,Total pasivo + patrimonio,Patrimonio,Utilidad o perdida del ejercicio,Ingresos ordinarios,Otros rendimientos financieros,,,,
257,FIC INMOBILIARIO DE RENTA DAVIVIENDA CORREDORES,414515010,ARRENDAMIENTO INMUEBLES IVA 19%,,,1,99,PESOS,"0,0","-17187516359,09",,414515,Total pasivo + patrimonio,Patrimonio,Utilidad o perdida del ejercicio,Ingresos ordinarios,Arrendamientos,,,,
257,FIC INMOBILIARIO DE RENTA DAVIVIENDA CORREDORES,414515020,ARRENDAMIENTO INMUEBLES NO GRAVADOS,,,1,99,PESOS,"0,0","-675909181,29",,414515,Total pasivo + patrimonio,Patrimonio,Utilidad o perdida del ejercicio,Ingresos ordinarios,Arrendamientos,,,,
257,FIC INMOBILIARIO DE RENTA DAVIVIENDA CORREDORES,419595110,ADMINISTRACION PH,,,1,99,PESOS,"0,0","-558811265,48",,419595,Total pasivo + patrimonio,Patrimonio,Utilidad o perdida del ejercicio,Ingresos ordinarios,Valoración Propiedades de Inversión,,,,
257,FIC INMOBILIARIO DE RENTA DAVIVIENDA CORREDORES,510310010,CRÉDITOS BANCOS,,,1,99,PESOS,"0,0","4206615619,54",,510310,Total pasivo + patrimonio,Patrimonio,Utilidad o perdida del ejercicio,Costos y gastos,Gastos de operaciones,Credito bancos,,,
257,FIC INMOBILIARIO DE RENTA DAVIVIENDA CORREDORES,511512010,GASTOS BANCARIOS                        ,,,1,99,PESOS,"0,0","112893,74",,511512,Total pasivo + patrimonio,Patrimonio,Utilidad o perdida del ejercicio,Costos y gastos,Gastos de operaciones,Gastos bancarios,,,
257,FIC INMOBILIARIO DE RENTA DAVIVIENDA CORREDORES,511548010,COMISION DE ADMINISTRACION,,,1,99,PESOS,"0,0","6739283213,02",,511548,Total pasivo + patrimonio,Patrimonio,Utilidad o perdida del ejercicio,Costos y gastos,Gastos de operaciones,Comisión administración,,,
257,FIC INMOBILIARIO DE RENTA DAVIVIENDA CORREDORES,513095010,HONORARIOS MTS,,,1,99,PESOS,"0,0","377233502,0",,513095,Total pasivo + patrimonio,Patrimonio,Utilidad o perdida del ejercicio,Costos y gastos,Gastos de operaciones,Otros honorarios,,,
257,FIC INMOBILIARIO DE RENTA DAVIVIENDA CORREDORES,513095090,OTROS,,,1,99,PESOS,"0,0","1241048586,46",,513095,Total pasivo + patrimonio,Patrimonio,Utilidad o perdida del ejercicio,Costos y gastos,Gastos de operaciones,Otros honorarios,,,
257,FIC INMOBILIARIO DE RENTA DAVIVIENDA CORREDORES,514005011,IMPOVENTAS                              ,,,1,99,PESOS,"0,0","272460,0",,514005,Total pasivo + patrimonio,Patrimonio,Utilidad o perdida del ejercicio,Costos y gastos,Gastos de operaciones,Gravamen a los movimientos financieros,Impuestos y tasas,,
257,FIC INMOBILIARIO DE RENTA DAVIVIENDA CORREDORES,515525010,SEGURO DE RESPONSABILIDAD CIVIL,,,1,99,PESOS,"0,0","272360102,14",,515525,Total pasivo + patrimonio,Patrimonio,Utilidad o perdida del ejercicio,Costos y gastos,Gastos de operaciones,Seguros,,,
257,FIC INMOBILIARIO DE RENTA DAVIVIENDA CORREDORES,516070010,PROPIEDADES DE INVERSIÓN,,,1,99,PESOS,"0,0","738508124,9",,516070,Total pasivo + patrimonio,Patrimonio,Utilidad o perdida del ejercicio,Costos y gastos,Gastos de operaciones,Mantenimiento propiedades de inversion,,,
257,FIC INMOBILIARIO DE RENTA DAVIVIENDA CORREDORES,519095012,GASTOS PUBLICIDAD,,,1,99,PESOS,"0,0","5226336,0",,519095,Total pasivo + patrimonio,Patrimonio,Utilidad o perdida del ejercicio,Costos y gastos,Gastos de operaciones,Otros gastos de operación,,,
257,FIC INMOBILIARIO DE RENTA DAVIVIENDA CORREDORES,519095045,OTROS GTOS OPERACIONALES,,,1,99,PESOS,"0,0","6032160,57",,519095,Total pasivo + patrimonio,Patrimonio,Utilidad o perdida del ejercicio,Costos y gastos,Gastos de operaciones,Otros gastos de operación,,,
257,FIC INMOBILIARIO DE RENTA DAVIVIENDA CORREDORES,519095999,OTROS,,,1,99,PESOS,"0,0","27,49",,519095,Total pasivo + patrimonio,Patrimonio,Utilidad o perdida del ejercicio,Costos y gastos,Gastos de operaciones,Otros gastos de operación,,,
175,FCP TC LATAM COMPARTIMENTO A,519095045,OTROS GTOS OPERACIONALES,,,1,99,PESOS,"0,0","2133,76",,519095,Total pasivo + patrimonio,Patrimonio,Utilidad o perdida del ejercicio,Costos y gastos,Gastos de operaciones,Otros gastos de operación,,,
175,FCP TC LATAM COMPARTIMENTO A,519095999,OTROS,,,1,99,PESOS,"0,0","99,83",,519095,Total pasivo + patrimonio,Patrimonio,Utilidad o perdida del ejercicio,Costos y gastos,Gastos de operaciones,Otros gastos de operación,,,
175,FCP TC LATAM COMPARTIMENTO A,590505010,CANCELACION DE INGRESOS RF,,,1,99,PESOS,"0,0","-439995393,14",,590505,Total pasivo + patrimonio,Patrimonio,,,,,,,
175,FCP TC LATAM COMPARTIMENTO A,590505015,CANCELACION DE INGRESOS RV,,,1,99,PESOS,"0,0","-388166576,36",,590505,Total pasivo + patrimonio,Patrimonio,,,,,,,
175,FCP TC LATAM COMPARTIMENTO A,810505120,EMISORES EXTRANJEROS,,,1,99,PESOS,"9974041709,82","4274808254,91",,810505,,,,,,,,,
175,FCP TC LATAM COMPARTIMENTO A,830505010,DEUDORAS POR CONTRA,,,1,99,PESOS,"-14796087152,5","-9082524095,07",,,,,,,,,,,
176,FCP TC LATAM - COMPARTIMENTO B,111505529,(TB) BANCOLOMBIA Cta No.03141537287,,,1,99,PESOS,"46950190,51","11439047,9",,111505,Activo,,Activo Corriente,Efectivo y equivales de efectivo,Bancos nacionales,,,Disponible,
176,FCP TC LATAM - COMPARTIMENTO B,111510004,(LB) BANCOLOMBIA PANAMA CTA: 80100001882,,,1,99,DOLARES,"21336405,99","60659845,68",,111510,Activo,,Activo Corriente,Efectivo y equivales de efectivo,Bancos del Exterior,,,Disponible,
176,FCP TC LATAM - COMPARTIMENTO B,130120120,EMISORES EXTRANJEROS,,,1,99,PESOS,"1521106936,1","0,0",,130120,Activo,,Activo no corriente,Inversiones a valor razonable con efectos en resultados,Instrumentos de Deuda,,,Inversiones,
176,FCP TC LATAM - COMPARTIMENTO B,130205300,EMISORES  NACIONALES,,,1,99,PESOS,"320873501,04","316787367,15",,130205,Activo,,Activo no corriente,Inversiones a valor razonable con efectos en resultados,Instrumentos de patrimonio,,,Inversiones,
176,FCP TC LATAM - COMPARTIMENTO B,130210300,EMISORES EXTRANJEROS,,,1,99,PESOS,"1341109394,72","1221557492,74",,130210,Activo,,Activo no corriente,Inversiones a valor razonable con efectos en resultados,Instrumentos de patrimonio,,,Inversiones,
176,FCP TC LATAM - COMPARTIMENTO B,139005010,INSTRUMENTOS DE DEUDA,,,1,99,PESOS,"-1962878122,7","-659600686,0",,139005,Activo,,Activo no corriente,Inversiones a valor razonable con efectos en resultados,Deterioro inversiones,,,Inversiones,
176,FCP TC LATAM - COMPARTIMENTO B,161695004,(LD) BCO DAVIVIENDA cta No.482800025215,,,1,99,PESOS,"9680,28","12744,49",,161695,Activo,,Activo Corriente,Cuentas por cobrar,Deudores,,,,
176,FCP TC LATAM - COMPARTIMENTO B,161695528,(TB) BANCOLOMBIA Cau No.80100001882,,,1,99,PESOS,"81061,62","0,0",,161695,Activo,,Activo Corriente,Cuentas por cobrar,Deudores,,,,
176,FCP TC LATAM - COMPARTIMENTO B,163035010,IVA DESCONTABLE 19%,,,1,99,PESOS,"40130,3","7877,8",,163035,Activo,,Activo Corriente,Cuentas por cobrar,Deudores,,,,
176,FCP TC LATAM - COMPARTIMENTO B,169895010,DETERIORO OTRAS CUENTAS POR COBRAR,,,1,99,PESOS,"0,0","-1303277436,7",,169895,Activo,,Activo Corriente,Cuentas por cobrar,Deudores,,,,
176,FCP TC LATAM - COMPARTIMENTO B,253105110,CUENTA COMPENSACION,,,1,99,PESOS,"-287486,27","-6110582,77",,253105,Total pasivo + patrimonio,Pasivo,Pasivo Corriente,Cuentas por pagar,Acreedores varios,,,,
176,FCP TC LATAM - COMPARTIMENTO B,411495004,(LB) BANCOLOMBIA PANAMA CTA.80100001882,,,1,99,PESOS,"0,0","40372,5",,411495,Total pasivo + patrimonio,Patrimonio,Utilidad o perdida del ejercicio,Ingresos ordinarios,Otros rendimientos financieros,,,,
176,FCP TC LATAM - COMPARTIMENTO B,411495529,(TB) BANCOLOMBIA Cau No.03141537287,,,1,99,PESOS,"0,0","-414607,4",,411495,Total pasivo + patrimonio,Patrimonio,Utilidad o perdida del ejercicio,Ingresos ordinarios,Otros rendimientos financieros,,,,
176,FCP TC LATAM - COMPARTIMENTO B,411495999,OTROS,,,1,99,PESOS,"0,0","-29,14",,411495,Total pasivo + patrimonio,Patrimonio,Utilidad o perdida del ejercicio,Ingresos ordinarios,Otros rendimientos financieros,,,,
176,FCP TC LATAM - COMPARTIMENTO B,414515010,ARRENDAMIENTO INMUEBLES IVA 19%,,,1,99,PESOS,"0,0","-2016268,91",,414515,Total pasivo + patrimonio,Patrimonio,Utilidad o perdida del ejercicio,Ingresos ordinarios,Arrendamientos,,,,
176,FCP TC LATAM - COMPARTIMENTO B,414515020,ARRENDAMIENTO INMUEBLES EXCLUIDO,,,1,99,PESOS,"0,0","-55417,56",,414515,Total pasivo + patrimonio,Patrimonio,Utilidad o perdida del ejercicio,Ingresos ordinarios,Arrendamientos,,,,
176,FCP TC LATAM - COMPARTIMENTO B,510605120,EMISORES EXTRANJEROS,,,1,99,PESOS,"0,0","121926247,83",,510605,Total pasivo + patrimonio,Patrimonio,Utilidad o perdida del ejercicio,Costos y gastos,Gastos de operaciones,Disminucion en el Valor Razonables inst. de Deuda,,,
176,FCP TC LATAM - COMPARTIMENTO B,511548010,COMISION DE ADMINISTRACION R.F.         ,,,1,99,PESOS,"0,0","2942409,5",,511548,Total pasivo + patrimonio,Patrimonio,Utilidad o perdida del ejercicio,Costos y gastos,Gastos de operaciones,Comisión administración,,,
176,FCP TC LATAM - COMPARTIMENTO B,511595015,OTRAS COMISIONES,,,1,99,PESOS,"0,0","296502,7",,511595,Total pasivo + patrimonio,Patrimonio,Utilidad o perdida del ejercicio,Costos y gastos,Gastos de operaciones,Comisión Bursatil,,,
176,FCP TC LATAM - COMPARTIMENTO B,514005011,IMPOVENTAS                              ,,,1,99,PESOS,"0,0","498168,38",,514005,Total pasivo + patrimonio,Patrimonio,Utilidad o perdida del ejercicio,Costos y gastos,Gastos de operaciones,Gravamen a los movimientos financieros,Impuestos y tasas,,
176,FCP TC LATAM - COMPARTIMENTO B,514005020,IMPUESTOS ASUMIDOS,,,1,99,PESOS,"0,0","135838,3",,514005,Total pasivo + patrimonio,Patrimonio,Utilidad o perdida del ejercicio,Costos y gastos,Gastos de operaciones,Gravamen a los movimientos financieros,Impuestos y tasas,,
176,FCP TC LATAM - COMPARTIMENTO B,516060010,MANTENIMIENTO Y REPARACIONES,,,1,99,PESOS,"0,0","486724,1",,516060,Total pasivo + patrimonio,Patrimonio,Utilidad o perdida del ejercicio,Costos y gastos,Gastos de operaciones,Mantenimiento y Reparaciones,,,
176,FCP TC LATAM - COMPARTIMENTO B,519095045,OTROS GTOS OPERACIONALES,,,1,99,PESOS,"0,0","609,59",,519095,Total pasivo + patrimonio,Patrimonio,Utilidad o perdida del ejercicio,Costos y gastos,Gastos de operaciones,Otros gastos de operación,,,
176,FCP TC LATAM - COMPARTIMENTO B,519095999,OTROS,,,1,99,PESOS,"0,0","5,8",,519095,Total pasivo + patrimonio,Patrimonio,Utilidad o perdida del ejercicio,Costos y gastos,Gastos de operaciones,Otros gastos de operación,,,
176,FCP TC LATAM - COMPARTIMENTO B,590505010,CANCELACION DE INGRESOS RF,,,1,99,PESOS,"0,0","-119782075,31",,590505,Total pasivo + patrimonio,Patrimonio,,,,,,,
176,FCP TC LATAM - COMPARTIMENTO B,590505015,CANCELACION DE INGRESOS RV,,,1,99,PESOS,"0,0","-114131959,0",,590505,Total pasivo + patrimonio,Patrimonio,,,,,,,
176,FCP TC LATAM - COMPARTIMENTO B,810505120,EMISORES EXTRANJEROS,,,1,99,PESOS,"2862301724,72","1221557492,74",,810505,,,,,,,,,
176,FCP TC LATAM - COMPARTIMENTO B,830505010,DEUDORAS POR CONTRA,,,1,99,PESOS,"-4239491314,56","-2594660948,69",,,,,,,,,,,
178,FIC RENTA FIJA MEDIANO PLAZO MULTIESCALA,111505002,(FE) BCO BOGOTA Cta No.049335052,,,1,99,PESOS,"341051316,87","1067929404,87",,111505,Activo,,Activo Corriente,Efectivo y equivales de efectivo,Bancos nacionales,,,Disponible,
178,FIC RENTA FIJA MEDIANO PLAZO MULTIESCALA,111505007,(FE) BANCO BBVA Cta No. 895000075,,,1,99,PESOS,"374307695,39","309004782,74",,111505,Activo,,Activo Corriente,Efectivo y equivales de efectivo,Bancos nacionales,,,Disponible,
178,FIC RENTA FIJA MEDIANO PLAZO MULTIESCALA,111505103,(60) BANCOLOMBIA Cta No.17854124126,,,1,99,PESOS,"29135259,41","44763012,39",,111505,Activo,,Activo Corriente,Efectivo y equivales de efectivo,Bancos nacionales,,,Disponible,
178,FIC RENTA FIJA MEDIANO PLAZO MULTIESCALA,111505197,(60) DAVIVIENDA Cta No.005070366660,,,1,99,PESOS,"1454462,82","1502153,4",,111505,Activo,,Activo Corriente,Efectivo y equivales de efectivo,Bancos nacionales,,,Disponible,
178,FIC RENTA FIJA MEDIANO PLAZO MULTIESCALA,111505207,(60) DAVIVIENDA Cta No.005070350045,,,1,99,PESOS,"3726292,87","3304504,2",,111505,Activo,,Activo Corriente,Efectivo y equivales de efectivo,Bancos nacionales,,,Disponible,
178,FIC RENTA FIJA MEDIANO PLAZO MULTIESCALA,111505208,(60) DAVIVIENDA Cta No.005069994357,,,1,99,PESOS,"21000000,0","34500000,0",,111505,Activo,,Activo Corriente,Efectivo y equivales de efectivo,Bancos nacionales,,,Disponible,
178,FIC RENTA FIJA MEDIANO PLAZO MULTIESCALA,111505400,(60) REPUBLICA Cta No.62255476,,,1,99,PESOS,"1000,2","1000,2",,111505,Activo,,Activo Corriente,Efectivo y equivales de efectivo,Bancos nacionales,,,Disponible,
178,FIC RENTA FIJA MEDIANO PLAZO MULTIESCALA,130115115,OTROS EMISORES NACIONALES               ,,,1,99,PESOS,"307711821850,0","268044539150,0",,130115,Activo,,Activo no corriente,Inversiones a valor razonable con efectos en resultados,Instrumentos de Deuda,,,Inversiones,
178,FIC RENTA FIJA MEDIANO PLAZO MULTIESCALA,161695003,(FE) OCCIDENTE Cta No. 219885886,,,1,99,PESOS,"343391,03","7015946,4",,161695,Activo,,Activo Corriente,Cuentas por cobrar,Deudores,,,,
178,FIC RENTA FIJA MEDIANO PLAZO MULTIESCALA,161695005,(FE) BANCO COLPATRIA Cta No. 0072967711,,,1,99,PESOS,"-6647018,24","-7550637,52",,161695,Activo,,Activo Corriente,Cuentas por cobrar,Deudores,,,,
257,FIC INMOBILIARIO DE RENTA DAVIVIENDA CORREDORES,810505205,EMISORES NACIONALES                     ,,,1,99,PESOS,"672130833490,85","689806662550,45",,810505,,,,,,,,,
273,FCP INMOBILIARIO GRUPO PEGASUS COLOMBIA FONDO I - COMPARTIMENTO I,111505010,(PG) Bancolombia Cta No. 03183436880,,,1,99,PESOS,"55360291,23","71788448,4",,111505,Activo,,Activo Corriente,Efectivo y equivales de efectivo,Bancos nacionales,,,Disponible,
273,FCP INMOBILIARIO GRUPO PEGASUS COLOMBIA FONDO I - COMPARTIMENTO I,130115115,OTROS EMISORES NACIONALES,,,1,99,PESOS,"375768147,91","457573074,43",,130115,Activo,,Activo no corriente,Inversiones a valor razonable con efectos en resultados,Instrumentos de Deuda,,,Inversiones,
273,FCP INMOBILIARIO GRUPO PEGASUS COLOMBIA FONDO I - COMPARTIMENTO I,130205300,EMISORES  NACIONALES,,,1,99,PESOS,"40957604129,68","38323075035,64",,130205,Activo,,Activo no corriente,Inversiones a valor razonable con efectos en resultados,Instrumentos de patrimonio,,,Inversiones,
273,FCP INMOBILIARIO GRUPO PEGASUS COLOMBIA FONDO I - COMPARTIMENTO I,136000010,INVERSIONES DERECHOS FIDUCIARIOS,,,1,99,PESOS,"219004011548,94","0,0",,136000,Activo,,Activo no corriente,Inversiones a valor razonable con efectos en resultados,Inversiones derechos fiduciarios,,,Inversiones,
273,FCP INMOBILIARIO GRUPO PEGASUS COLOMBIA FONDO I - COMPARTIMENTO I,136000300,INVERSIONES DERECHOS FIDUCIARIOS,,,1,99,PESOS,"0,0","221994990402,99",,136000,Activo,,Activo no corriente,Inversiones a valor razonable con efectos en resultados,Inversiones derechos fiduciarios,,,Inversiones,
273,FCP INMOBILIARIO GRUPO PEGASUS COLOMBIA FONDO I - COMPARTIMENTO I,161695011,(PG) Bancolombia Cau No. 03183436880,,,1,99,PESOS,"48270,31","77964,02",,161695,Activo,,Activo Corriente,Cuentas por cobrar,Deudores,,,,
273,FCP INMOBILIARIO GRUPO PEGASUS COLOMBIA FONDO I - COMPARTIMENTO I,163205015,OTROS ANTICIPOS FIDEICOMISO PEGASUS,"832000235,0",,1,99,PESOS,"1096000000,0","1096000000,0",,163205,Activo,,Activo Corriente,Cuentas por cobrar,Deudores,,,,
273,FCP INMOBILIARIO GRUPO PEGASUS COLOMBIA FONDO I - COMPARTIMENTO I,192595030,AMORTIZACION COMISION DE ADMON,,,1,99,PESOS,"0,0","14958904,11",,192595,Activo,,Activo Corriente,Otros activos,Gatos pagados por anticipados,,,,
273,FCP INMOBILIARIO GRUPO PEGASUS COLOMBIA FONDO I - COMPARTIMENTO I,253105110,CUENTA COMPENSACION,,,1,99,PESOS,"-15841836804,0","-15841836739,32",,253105,Total pasivo + patrimonio,Pasivo,Pasivo Corriente,Cuentas por pagar,Acreedores varios,,,,
273,FCP INMOBILIARIO GRUPO PEGASUS COLOMBIA FONDO I - COMPARTIMENTO I,410705115,OTROS EMISORES NACIONALES               ,,,1,99,PESOS,"0,0","-3415432,25",,410705,Total pasivo + patrimonio,Patrimonio,Utilidad o perdida del ejercicio,Ingresos ordinarios,Valoracion Intrumentos de Deuda,,,,
273,FCP INMOBILIARIO GRUPO PEGASUS COLOMBIA FONDO I - COMPARTIMENTO I,411495011,(PG) Bancolombia Cau No. 03183436880,,,1,99,PESOS,"0,0","-2576594,28",,411495,Total pasivo + patrimonio,Patrimonio,Utilidad o perdida del ejercicio,Ingresos ordinarios,Otros rendimientos financieros,,,,
273,FCP INMOBILIARIO GRUPO PEGASUS COLOMBIA FONDO I - COMPARTIMENTO I,411495015,RENDIMIENTOS INVERSIONES EN FICS,,,1,99,PESOS,"0,0","-184015473,81",,411495,Total pasivo + patrimonio,Patrimonio,Utilidad o perdida del ejercicio,Ingresos ordinarios,Otros rendimientos financieros,,,,
273,FCP INMOBILIARIO GRUPO PEGASUS COLOMBIA FONDO I - COMPARTIMENTO I,411495999,OTROS,,,1,99,PESOS,"0,0","-60,12",,411495,Total pasivo + patrimonio,Patrimonio,Utilidad o perdida del ejercicio,Ingresos ordinarios,Otros rendimientos financieros,,,,
273,FCP INMOBILIARIO GRUPO PEGASUS COLOMBIA FONDO I - COMPARTIMENTO I,412505115,OTROS EMISORES NACIONALES               ,,,1,99,PESOS,"0,0","-4734802,54",,412505,Total pasivo + patrimonio,Patrimonio,Utilidad o perdida del ejercicio,Ingresos ordinarios,A valor Razonable Instrumentos de Deuda.,,,,
273,FCP INMOBILIARIO GRUPO PEGASUS COLOMBIA FONDO I - COMPARTIMENTO I,511512010,GASTOS BANCARIOS                        ,,,1,99,PESOS,"0,0","1129,31",,511512,Total pasivo + patrimonio,Patrimonio,Utilidad o perdida del ejercicio,Costos y gastos,Gastos de operaciones,Gastos bancarios,,,
273,FCP INMOBILIARIO GRUPO PEGASUS COLOMBIA FONDO I - COMPARTIMENTO I,511548010,COMISION DE ADMINISTRACION R.F.         ,,,1,99,PESOS,"0,0","74301369,87",,511548,Total pasivo + patrimonio,Patrimonio,Utilidad o perdida del ejercicio,Costos y gastos,Gastos de operaciones,Comisión administración,,,
273,FCP INMOBILIARIO GRUPO PEGASUS COLOMBIA FONDO I - COMPARTIMENTO I,511595011,COMISION GESTOR PROFESIONAL             ,,,1,99,PESOS,"0,0","992589736,65",,511595,Total pasivo + patrimonio,Patrimonio,Utilidad o perdida del ejercicio,Costos y gastos,Gastos de operaciones,Comisión Bursatil,,,
273,FCP INMOBILIARIO GRUPO PEGASUS COLOMBIA FONDO I - COMPARTIMENTO I,514005011,IMPOVENTAS                              ,,,1,99,PESOS,"0,0","12411750,0",,514005,Total pasivo + patrimonio,Patrimonio,Utilidad o perdida del ejercicio,Costos y gastos,Gastos de operaciones,Gravamen a los movimientos financieros,Impuestos y tasas,,
273,FCP INMOBILIARIO GRUPO PEGASUS COLOMBIA FONDO I - COMPARTIMENTO I,514005015,IVA COMISION GESTOR PROFESIONAL         ,,,1,99,PESOS,"0,0","188592049,95",,514005,Total pasivo + patrimonio,Patrimonio,Utilidad o perdida del ejercicio,Costos y gastos,Gastos de operaciones,Gravamen a los movimientos financieros,Impuestos y tasas,,
273,FCP INMOBILIARIO GRUPO PEGASUS COLOMBIA FONDO I - COMPARTIMENTO I,515525010,RESPONSABILIDAD CIVIL,,,1,99,PESOS,"0,0","1087339,0",,515525,Total pasivo + patrimonio,Patrimonio,Utilidad o perdida del ejercicio,Costos y gastos,Gastos de operaciones,Seguros,,,
273,FCP INMOBILIARIO GRUPO PEGASUS COLOMBIA FONDO I - COMPARTIMENTO I,519095999,OTROS,,,1,99,PESOS,"0,0","0,06",,519095,Total pasivo + patrimonio,Patrimonio,Utilidad o perdida del ejercicio,Costos y gastos,Gastos de operaciones,Otros gastos de operación,,,
273,FCP INMOBILIARIO GRUPO PEGASUS COLOMBIA FONDO I - COMPARTIMENTO I,590505010,CANCELACION DE INGRESOS RF,,,1,99,PESOS,"0,0","1718983801,18",,590505,Total pasivo + patrimonio,Patrimonio,,,,,,,
273,FCP INMOBILIARIO GRUPO PEGASUS COLOMBIA FONDO I - COMPARTIMENTO I,830505010,DEUDORAS POR CONTRA,,,1,99,PESOS,"-253162788490,06","-260775638513,06",,,,,,,,,,,
273,FCP INMOBILIARIO GRUPO PEGASUS COLOMBIA FONDO I - COMPARTIMENTO I,840505998,ACREEDORAS POR CONTRA PESOS,,,1,99,PESOS,"136066543866,0","136066543866,0",,840505,,,,,,,,,
282,FCP TC LATAM - COMPARTIMENTO G,111505012,(TG) BANCOLOMBIA Cta No.03173150724,,,1,99,PESOS,"4862187469,92","3242273214,57",,111505,Activo,,Activo Corriente,Efectivo y equivales de efectivo,Bancos nacionales,,,Disponible,
282,FCP TC LATAM - COMPARTIMENTO G,136005010,INVERSIONES DERECHOS FIDUCIARIOS,,,1,99,PESOS,"96416476914,58","93508812827,0",,136005,Activo,,Activo no corriente,Inversiones a valor razonable con efectos en resultados,Inversiones derechos fiduciarios,,,Inversiones,
282,FCP TC LATAM - COMPARTIMENTO G,161695045,CUENTA CORRIENTE                        ,,,1,99,PESOS,"47898860,8","0,0",,161695,Activo,,Activo Corriente,Cuentas por cobrar,Deudores,,,,
282,FCP TC LATAM - COMPARTIMENTO G,161695437,(LG) BANCOLOMBIA Cau No. 80100009221,,,1,99,PESOS,"1540715,3","0,0",,161695,Activo,,Activo Corriente,Cuentas por cobrar,Deudores,,,,
282,FCP TC LATAM - COMPARTIMENTO G,192595030,AMORTIZACIÓN COMISIÓN DE ADMÓN,,,1,99,PESOS,"0,0","9350951,17",,192595,Activo,,Activo Corriente,Otros activos,Gatos pagados por anticipados,,,,
282,FCP TC LATAM - COMPARTIMENTO G,253105015,CUENTA POR PAGAR ZETTA DATA CENTER,,,1,99,PESOS,"-6312738517,01","-5894801850,35",,253105,Total pasivo + patrimonio,Pasivo,Pasivo Corriente,Cuentas por pagar,Acreedores varios,,,,
282,FCP TC LATAM - COMPARTIMENTO G,253105110,CUENTA COMPENSACION,,,1,99,PESOS,"-9154043956,17","-9092877002,64",,253105,Total pasivo + patrimonio,Pasivo,Pasivo Corriente,Cuentas por pagar,Acreedores varios,,,,
282,FCP TC LATAM - COMPARTIMENTO G,411495012,(TG) BANCOLOMBIA Cau No.03173150724,,,1,99,PESOS,"0,0","-56874175,24",,411495,Total pasivo + patrimonio,Patrimonio,Utilidad o perdida del ejercicio,Ingresos ordinarios,Otros rendimientos financieros,,,,
282,FCP TC LATAM - COMPARTIMENTO G,411495999,OTROS,,,1,99,PESOS,"0,0","-0,07",,411495,Total pasivo + patrimonio,Patrimonio,Utilidad o perdida del ejercicio,Ingresos ordinarios,Otros rendimientos financieros,,,,
282,FCP TC LATAM - COMPARTIMENTO G,511512010,GASTOS BANCARIOS                        ,,,1,99,PESOS,"0,0","272929,52",,511512,Total pasivo + patrimonio,Patrimonio,Utilidad o perdida del ejercicio,Costos y gastos,Gastos de operaciones,Gastos bancarios,,,
282,FCP TC LATAM - COMPARTIMENTO G,511548010,COMISION DE ADMINISTRACION R.F.         ,,,1,99,PESOS,"0,0","46754755,75",,511548,Total pasivo + patrimonio,Patrimonio,Utilidad o perdida del ejercicio,Costos y gastos,Gastos de operaciones,Comisión administración,,,
282,FCP TC LATAM - COMPARTIMENTO G,511595015,OTRAS COMISIONES,,,1,99,PESOS,"0,0","2964913,0",,511595,Total pasivo + patrimonio,Patrimonio,Utilidad o perdida del ejercicio,Costos y gastos,Gastos de operaciones,Comisión Bursatil,,,
282,FCP TC LATAM - COMPARTIMENTO G,514005011,IMPOVENTAS                              ,,,1,99,PESOS,"0,0","1432077,35",,514005,Total pasivo + patrimonio,Patrimonio,Utilidad o perdida del ejercicio,Costos y gastos,Gastos de operaciones,Gravamen a los movimientos financieros,Impuestos y tasas,,
282,FCP TC LATAM - COMPARTIMENTO G,519095999,OTROS,,,1,99,PESOS,"0,0","0,08",,519095,Total pasivo + patrimonio,Patrimonio,Utilidad o perdida del ejercicio,Costos y gastos,Gastos de operaciones,Otros gastos de operación,,,
178,FIC RENTA FIJA MEDIANO PLAZO MULTIESCALA,161695016,60) CORFICOLOMBIANA Cau No.2111600,,,1,99,PESOS,"432636,76","432636,76",,161695,Activo,,Activo Corriente,Cuentas por cobrar,Deudores,,,,
178,FIC RENTA FIJA MEDIANO PLAZO MULTIESCALA,161695072,(60) CITIBANK Cta Cau No.5082432029,,,1,99,PESOS,"135140,85","135140,85",,161695,Activo,,Activo Corriente,Cuentas por cobrar,Deudores,,,,
178,FIC RENTA FIJA MEDIANO PLAZO MULTIESCALA,161695083,(60) OCCIDENTE Cau No.288839293,,,1,99,PESOS,"173557,0","50045,05",,161695,Activo,,Activo Corriente,Cuentas por cobrar,Deudores,,,,
178,FIC RENTA FIJA MEDIANO PLAZO MULTIESCALA,161695197,(60) DAVIVIENDA Cta Cau No.005070366660,,,1,99,PESOS,"624,48","625,9",,161695,Activo,,Activo Corriente,Cuentas por cobrar,Deudores,,,,
178,FIC RENTA FIJA MEDIANO PLAZO MULTIESCALA,161695350,(60) BANCOLOMBIA Cta Cau No.0132098160,,,1,99,PESOS,"10416,85","5297,97",,161695,Activo,,Activo Corriente,Cuentas por cobrar,Deudores,,,,
178,FIC RENTA FIJA MEDIANO PLAZO MULTIESCALA,192595001,CALIFICADORA DE VALORES                 ,,,1,99,PESOS,"0,0","14428709,16",,192595,Activo,,Activo Corriente,Otros activos,Gatos pagados por anticipados,,,,
178,FIC RENTA FIJA MEDIANO PLAZO MULTIESCALA,250105040,CALIFICADORA,,,1,99,PESOS,"-96774,37","0,0",,250105,Total pasivo + patrimonio,Pasivo,Pasivo Corriente,Cuentas por pagar,Comision de administracion.,,,,
178,FIC RENTA FIJA MEDIANO PLAZO MULTIESCALA,250110033,COMISION CUSTODIO,,,1,99,PESOS,"-7466839,04","-7581804,92",,250110,Total pasivo + patrimonio,Pasivo,Pasivo Corriente,Cuentas por pagar,Comision de administracion.,,,,
178,FIC RENTA FIJA MEDIANO PLAZO MULTIESCALA,253105003,CUENTA CORRIENTE IBA                    ,,,1,99,PESOS,"0,0","-4564,0",,253105,Total pasivo + patrimonio,Pasivo,Pasivo Corriente,Cuentas por pagar,Acreedores varios,,,,
178,FIC RENTA FIJA MEDIANO PLAZO MULTIESCALA,253105110,CUENTA COMPENSACION,,,1,99,PESOS,"-950376087,0","-1458052819,65",,253105,Total pasivo + patrimonio,Pasivo,Pasivo Corriente,Cuentas por pagar,Acreedores varios,,,,
178,FIC RENTA FIJA MEDIANO PLAZO MULTIESCALA,352510010,PARTICIPACIONES POR IDENTIFICAR,,,1,99,PESOS,"-258450609,23","-106491568,63",,352510,Total pasivo + patrimonio,Patrimonio,,Patrimonio especiales,Participaciones en fondos de inversión colectiva,,,,
178,FIC RENTA FIJA MEDIANO PLAZO MULTIESCALA,410705115,OTROS EMISORES NACIONALES               ,,,1,99,PESOS,"0,0","-2028786900,0",,410705,Total pasivo + patrimonio,Patrimonio,Utilidad o perdida del ejercicio,Ingresos ordinarios,Valoracion Intrumentos de Deuda,,,,
178,FIC RENTA FIJA MEDIANO PLAZO MULTIESCALA,411495002,(FE) BCO BOGOTA Cta No.049335052,,,1,99,PESOS,"0,0","-33317538,99",,411495,Total pasivo + patrimonio,Patrimonio,Utilidad o perdida del ejercicio,Ingresos ordinarios,Otros rendimientos financieros,,,,
178,FIC RENTA FIJA MEDIANO PLAZO MULTIESCALA,411495004,(FE) BANCOLOMBIA Cta No. 69000008136,,,1,99,PESOS,"0,0","-37024463,97",,411495,Total pasivo + patrimonio,Patrimonio,Utilidad o perdida del ejercicio,Ingresos ordinarios,Otros rendimientos financieros,,,,
178,FIC RENTA FIJA MEDIANO PLAZO MULTIESCALA,411495007,(FE) BANCO BBVA Cta No. 895000075,,,1,99,PESOS,"0,0","-34621,9",,411495,Total pasivo + patrimonio,Patrimonio,Utilidad o perdida del ejercicio,Ingresos ordinarios,Otros rendimientos financieros,,,,
178,FIC RENTA FIJA MEDIANO PLAZO MULTIESCALA,411495083,(60) OCCIDENTE Cta No.288839293,,,1,99,PESOS,"0,0","-3042510,91",,411495,Total pasivo + patrimonio,Patrimonio,Utilidad o perdida del ejercicio,Ingresos ordinarios,Otros rendimientos financieros,,,,
178,FIC RENTA FIJA MEDIANO PLAZO MULTIESCALA,411495196,(60) BANCOLOMBIA Cau No.17823311257     ,,,1,99,PESOS,"0,0","-1291997,4",,411495,Total pasivo + patrimonio,Patrimonio,Utilidad o perdida del ejercicio,Ingresos ordinarios,Otros rendimientos financieros,,,,
178,FIC RENTA FIJA MEDIANO PLAZO MULTIESCALA,411495300,INTERESES TÍTULOS,,,1,99,PESOS,"0,0","-13689295438,0",,411495,Total pasivo + patrimonio,Patrimonio,Utilidad o perdida del ejercicio,Ingresos ordinarios,Otros rendimientos financieros,,,,
178,FIC RENTA FIJA MEDIANO PLAZO MULTIESCALA,411495999,OTROS,,,1,99,PESOS,"0,0","-1,32",,411495,Total pasivo + patrimonio,Patrimonio,Utilidad o perdida del ejercicio,Ingresos ordinarios,Otros rendimientos financieros,,,,
178,FIC RENTA FIJA MEDIANO PLAZO MULTIESCALA,419595025,PENALIZACIONES,,,1,99,PESOS,"0,0","-9593802,73",,419595,Total pasivo + patrimonio,Patrimonio,Utilidad o perdida del ejercicio,Ingresos ordinarios,Valoración Propiedades de Inversión,,,,
178,FIC RENTA FIJA MEDIANO PLAZO MULTIESCALA,510440010,COMPDE TRANSFERENCIA EN OPER REPO       ,,,1,99,PESOS,"0,0","227400,0",,510440,Total pasivo + patrimonio,Patrimonio,Utilidad o perdida del ejercicio,Costos y gastos,Gastos de operaciones,,,,
178,FIC RENTA FIJA MEDIANO PLAZO MULTIESCALA,510605105,TÍTULOS DE TESORERÍA -TES,,,1,99,PESOS,"0,0","1098909931,98",,510605,Total pasivo + patrimonio,Patrimonio,Utilidad o perdida del ejercicio,Costos y gastos,Gastos de operaciones,Disminucion en el Valor Razonables inst. de Deuda,,,
178,FIC RENTA FIJA MEDIANO PLAZO MULTIESCALA,511325010,COMISION CUSTODIA FIJA                  ,,,1,99,PESOS,"0,0","32935539,96",,511325,Total pasivo + patrimonio,Patrimonio,Utilidad o perdida del ejercicio,Costos y gastos,Gastos de operaciones,Comisión custodia fija,,,
178,FIC RENTA FIJA MEDIANO PLAZO MULTIESCALA,511512010,GASTOS BANCARIOS                        ,,,1,99,PESOS,"0,0","6923437,88",,511512,Total pasivo + patrimonio,Patrimonio,Utilidad o perdida del ejercicio,Costos y gastos,Gastos de operaciones,Gastos bancarios,,,
178,FIC RENTA FIJA MEDIANO PLAZO MULTIESCALA,511548010,COMISION DE ADMINISTRACION R.F.         ,,,1,99,PESOS,"0,0","2036998232,55",,511548,Total pasivo + patrimonio,Patrimonio,Utilidad o perdida del ejercicio,Costos y gastos,Gastos de operaciones,Comisión administración,,,
178,FIC RENTA FIJA MEDIANO PLAZO MULTIESCALA,511595010,COMISION BURSATIL,,,1,99,PESOS,"0,0","3043606,56",,511595,Total pasivo + patrimonio,Patrimonio,Utilidad o perdida del ejercicio,Costos y gastos,Gastos de operaciones,Comisión Bursatil,,,
178,FIC RENTA FIJA MEDIANO PLAZO MULTIESCALA,512505115,OTROS EMISORES NACIONALES               ,,,1,99,PESOS,"0,0","376499900,0",,512505,Total pasivo + patrimonio,Patrimonio,Utilidad o perdida del ejercicio,Costos y gastos,Gastos de operaciones,Otras Emisores Nacionales,,,
178,FIC RENTA FIJA MEDIANO PLAZO MULTIESCALA,514005011,IMPOVENTAS,,,1,99,PESOS,"0,0","952565,35",,514005,Total pasivo + patrimonio,Patrimonio,Utilidad o perdida del ejercicio,Costos y gastos,Gastos de operaciones,Gravamen a los movimientos financieros,Impuestos y tasas,,
178,FIC RENTA FIJA MEDIANO PLAZO MULTIESCALA,519095004,MERCADO ELECTRONICO COLOMBIA (MEC),,,1,99,PESOS,"0,0","249053,36",,519095,Total pasivo + patrimonio,Patrimonio,Utilidad o perdida del ejercicio,Costos y gastos,Gastos de operaciones,Otros gastos de operación,,,
178,FIC RENTA FIJA MEDIANO PLAZO MULTIESCALA,519095007,SAE CUSTODIO,,,1,99,PESOS,"0,0","745227,28",,519095,Total pasivo + patrimonio,Patrimonio,Utilidad o perdida del ejercicio,Costos y gastos,Gastos de operaciones,Otros gastos de operación,,,
178,FIC RENTA FIJA MEDIANO PLAZO MULTIESCALA,590505020,UTILIDAD/PERDIDA PAGADA EN REDENCIONES,,,1,99,PESOS,"0,0","8467535638,41",,590505,Total pasivo + patrimonio,Patrimonio,,,,,,,
186,FCP TC LATAM COMPARTIMENTO C,111505522,(TC) BANCOLOMBIA Cta No.03141537601,,,1,99,PESOS,"32420744,0","84819621,95",,111505,Activo,,Activo Corriente,Efectivo y equivales de efectivo,Bancos nacionales,,,Disponible,
186,FCP TC LATAM COMPARTIMENTO C,130115115,OTROS EMISORES NACIONALES,,,1,99,PESOS,"35795014576,0","35795014576,0",,130115,Activo,,Activo no corriente,Inversiones a valor razonable con efectos en resultados,Instrumentos de Deuda,,,Inversiones,
186,FCP TC LATAM COMPARTIMENTO C,139005010,INSTRUMENTOS DE DEUDA,,,1,99,PESOS,"-22358520268,0","-22358520268,0",,139005,Activo,,Activo no corriente,Inversiones a valor razonable con efectos en resultados,Deterioro inversiones,,,Inversiones,
186,FCP TC LATAM COMPARTIMENTO C,161695003,(LC) BANCOLOMBIA Cta No. 69000002515,,,1,99,PESOS,"707,56","3319,45",,161695,Activo,,Activo Corriente,Cuentas por cobrar,Deudores,,,,
186,FCP TC LATAM COMPARTIMENTO C,161695522,(TC) BANCOLOMBIA Cau No.03141537601,,,1,99,PESOS,"0,0","27342,87",,161695,Activo,,Activo Corriente,Cuentas por cobrar,Deudores,,,,
186,FCP TC LATAM COMPARTIMENTO C,163035010,IVA DESCONTABLE 19%,,,1,99,PESOS,"1338302,5","262715,8",,163035,Activo,,Activo Corriente,Cuentas por cobrar,Deudores,,,,
186,FCP TC LATAM COMPARTIMENTO C,192595030,AMORTIZACIÓN COMISIÓN DE ADMÓN,,,1,99,PESOS,"0,0","1076219,35",,192595,Activo,,Activo Corriente,Otros activos,Gatos pagados por anticipados,,,,
186,FCP TC LATAM COMPARTIMENTO C,253105110,CUENTA COMPENSACION,,,1,99,PESOS,"-690484,61","-203773271,86",,253105,Total pasivo + patrimonio,Pasivo,Pasivo Corriente,Cuentas por pagar,Acreedores varios,,,,
186,FCP TC LATAM COMPARTIMENTO C,411495522,(TC) BANCOLOMBIA Cau No.03141537601,,,1,99,PESOS,"0,0","-698363,45",,411495,Total pasivo + patrimonio,Patrimonio,Utilidad o perdida del ejercicio,Ingresos ordinarios,Otros rendimientos financieros,,,,
186,FCP TC LATAM COMPARTIMENTO C,411495999,OTROS,,,1,99,PESOS,"0,0","-0,37",,411495,Total pasivo + patrimonio,Patrimonio,Utilidad o perdida del ejercicio,Ingresos ordinarios,Otros rendimientos financieros,,,,
186,FCP TC LATAM COMPARTIMENTO C,414515010,ARRENDAMIENTO INMUEBLES IVA 19%,,,1,99,PESOS,"0,0","-67240123,81",,414515,Total pasivo + patrimonio,Patrimonio,Utilidad o perdida del ejercicio,Ingresos ordinarios,Arrendamientos,,,,
186,FCP TC LATAM COMPARTIMENTO C,511512010,GASTOS BANCARIOS                        ,,,1,99,PESOS,"0,0","460176,5",,511512,Total pasivo + patrimonio,Patrimonio,Utilidad o perdida del ejercicio,Costos y gastos,Gastos de operaciones,Gastos bancarios,,,
282,FCP TC LATAM - COMPARTIMENTO G,810505205,EMISORES NACIONALES,,,1,99,PESOS,"113213102646,86","110024754306,87",,810505,,,,,,,,,
284,FCP MALLPLAZA COMPARTIMENTO UNO,111505001,(M1) SCOTIABANK Cta No.92097629,,,1,99,PESOS,"5737561420,25","22208871131,95",,111505,Activo,,Activo Corriente,Efectivo y equivales de efectivo,Bancos nacionales,,,Disponible,
284,FCP MALLPLAZA COMPARTIMENTO UNO,130115115,OTROS EMISORES NACIONALES,,,1,99,PESOS,"113540278846,0","108760212314,0",,130115,Activo,,Activo no corriente,Inversiones a valor razonable con efectos en resultados,Instrumentos de Deuda,,,Inversiones,
284,FCP MALLPLAZA COMPARTIMENTO UNO,136000300,INVERSIONES DERECHOS FIDUCIARIOS,,,1,99,PESOS,"0,0","1683461432551,88",,136000,Activo,,Activo no corriente,Inversiones a valor razonable con efectos en resultados,Inversiones derechos fiduciarios,,,Inversiones,
284,FCP MALLPLAZA COMPARTIMENTO UNO,161620010,INTERESES,,,1,99,PESOS,"2754604115,0","1573073976,0",,161620,Activo,,Activo Corriente,Cuentas por cobrar,Deudores,,,,
284,FCP MALLPLAZA COMPARTIMENTO UNO,163205010,ANTICIPOS A CONTRATOS Y PROVEEDORES,,,1,99,PESOS,"98400000000,0","98400000000,0",,163205,Activo,,Activo Corriente,Cuentas por cobrar,Deudores,,,,
284,FCP MALLPLAZA COMPARTIMENTO UNO,352505010,PARTICIPACIONES EN FDO DE INVERSIÓN COLE,,,1,99,PESOS,"-1387432059329,85","-1528051068475,14",,352505,Total pasivo + patrimonio,Patrimonio,,Patrimonio especiales,Participaciones en fondos de inversión colectiva,,,,
284,FCP MALLPLAZA COMPARTIMENTO UNO,410395010,OTROS INTERESES,,,1,99,PESOS,"0,0","-5764928262,0",,410395,Total pasivo + patrimonio,Patrimonio,Utilidad o perdida del ejercicio,Ingresos ordinarios,Otros rendimientos financieros,,,,
284,FCP MALLPLAZA COMPARTIMENTO UNO,411495001,(M1) SCOTIABANK Cta No.92097629,,,1,99,PESOS,"0,0","-531600385,21",,411495,Total pasivo + patrimonio,Patrimonio,Utilidad o perdida del ejercicio,Ingresos ordinarios,Otros rendimientos financieros,,,,
284,FCP MALLPLAZA COMPARTIMENTO UNO,411495005,(M1) BANCOLOMBIA Cau No.03191346156,,,1,99,PESOS,"0,0","-346557359,61",,411495,Total pasivo + patrimonio,Patrimonio,Utilidad o perdida del ejercicio,Ingresos ordinarios,Otros rendimientos financieros,,,,
284,FCP MALLPLAZA COMPARTIMENTO UNO,411495015,RENDIMIENTOS INVERSIONES EN FICS,,,1,99,PESOS,"0,0","-42671836,08",,411495,Total pasivo + patrimonio,Patrimonio,Utilidad o perdida del ejercicio,Ingresos ordinarios,Otros rendimientos financieros,,,,
284,FCP MALLPLAZA COMPARTIMENTO UNO,510310010,CREDITOS BANCOS,,,1,99,PESOS,"0,0","8717329914,0",,510310,Total pasivo + patrimonio,Patrimonio,Utilidad o perdida del ejercicio,Costos y gastos,Gastos de operaciones,Credito bancos,,,
284,FCP MALLPLAZA COMPARTIMENTO UNO,511325010,COMISION CUSTODIA FIJA                  ,,,1,99,PESOS,"0,0","104301859,36",,511325,Total pasivo + patrimonio,Patrimonio,Utilidad o perdida del ejercicio,Costos y gastos,Gastos de operaciones,Comisión custodia fija,,,
284,FCP MALLPLAZA COMPARTIMENTO UNO,511548010,COMISION DE ADMINISTRACION R.F.         ,,,1,99,PESOS,"0,0","349905375,61",,511548,Total pasivo + patrimonio,Patrimonio,Utilidad o perdida del ejercicio,Costos y gastos,Gastos de operaciones,Comisión administración,,,
284,FCP MALLPLAZA COMPARTIMENTO UNO,511805010,NOTARIALES,,,1,99,PESOS,"0,0","259000,0",,511805,Total pasivo + patrimonio,Patrimonio,Utilidad o perdida del ejercicio,Costos y gastos,Gastos de operaciones,Gastos legales,,,
284,FCP MALLPLAZA COMPARTIMENTO UNO,513025010,ASESORIAS LEGALES Y/O JURIDICAS,,,1,99,PESOS,"0,0","75490838,0",,513025,Total pasivo + patrimonio,Patrimonio,Utilidad o perdida del ejercicio,Costos y gastos,Gastos de operaciones,Asesoria Legal o Jurídica,,,
284,FCP MALLPLAZA COMPARTIMENTO UNO,513095090,OTROS HONORARIOS,,,1,99,PESOS,"0,0","47357000,0",,513095,Total pasivo + patrimonio,Patrimonio,Utilidad o perdida del ejercicio,Costos y gastos,Gastos de operaciones,Otros honorarios,,,
284,FCP MALLPLAZA COMPARTIMENTO UNO,514005010,IMPUESTO A LOS MOVIMIENTOS FINANCIEROS  ,,,1,99,PESOS,"0,0","157856736,05",,514005,Total pasivo + patrimonio,Patrimonio,Utilidad o perdida del ejercicio,Costos y gastos,Gastos de operaciones,Gravamen a los movimientos financieros,Impuestos y tasas,,
284,FCP MALLPLAZA COMPARTIMENTO UNO,810505115,OTROS EMISORES NACIONALES,,,1,99,PESOS,"113540278846,0","108760212314,0",,810505,,,,,,,,,
284,FCP MALLPLAZA COMPARTIMENTO UNO,810505205,EMISORES NACIONALES,,,1,99,PESOS,"1554905857744,44","1683461432551,88",,810505,,,,,,,,,
285,FCP MALLPLAZA COMPARTIMENTO FARO INMOBILIARIO,250110015,COMISION DE ADMINISTRACION,,,1,99,PESOS,"0,0","-874299,5",,250110,Total pasivo + patrimonio,Pasivo,Pasivo Corriente,Cuentas por pagar,Comision de administracion.,,,,
285,FCP MALLPLAZA COMPARTIMENTO FARO INMOBILIARIO,352505010,PARTICIPACIONES EN FDO DE INVERSIÓN COLE,,,1,99,PESOS,"-15376681275,1","-18902460052,06",,352505,Total pasivo + patrimonio,Patrimonio,,Patrimonio especiales,Participaciones en fondos de inversión colectiva,,,,
285,FCP MALLPLAZA COMPARTIMENTO FARO INMOBILIARIO,410805300,EMISORES NACIONALES,,,1,99,PESOS,"0,0","-3534988113,07",,410805,Total pasivo + patrimonio,Patrimonio,Utilidad o perdida del ejercicio,Ingresos ordinarios,Por aumento en el valor de mercado Inst. de Pat.,,,,
285,FCP MALLPLAZA COMPARTIMENTO FARO INMOBILIARIO,411495008,(MFI) BANCOLOMBIA Cau No.03191346172,,,1,99,PESOS,"0,0","-397619,05",,411495,Total pasivo + patrimonio,Patrimonio,Utilidad o perdida del ejercicio,Ingresos ordinarios,Otros rendimientos financieros,,,,
285,FCP MALLPLAZA COMPARTIMENTO FARO INMOBILIARIO,411495009,(MFA) BANCOLOMBIA Cau No.69000001720,,,1,99,PESOS,"0,0","-4010,14",,411495,Total pasivo + patrimonio,Patrimonio,Utilidad o perdida del ejercicio,Ingresos ordinarios,Otros rendimientos financieros,,,,
285,FCP MALLPLAZA COMPARTIMENTO FARO INMOBILIARIO,511325010,COMISION CUSTODIA FIJA                  ,,,1,99,PESOS,"0,0","1267944,34",,511325,Total pasivo + patrimonio,Patrimonio,Utilidad o perdida del ejercicio,Costos y gastos,Gastos de operaciones,Comisión custodia fija,,,
285,FCP MALLPLAZA COMPARTIMENTO FARO INMOBILIARIO,513015003,REVISORIA FISCAL                        ,,,1,99,PESOS,"0,0","3274587,0",,513015,Total pasivo + patrimonio,Patrimonio,Utilidad o perdida del ejercicio,Costos y gastos,Gastos de operaciones,Revisoría Fiscal,,,
285,FCP MALLPLAZA COMPARTIMENTO FARO INMOBILIARIO,514005010,IMPUESTO A LOS MOVIMIENTOS FINANCIEROS  ,,,1,99,PESOS,"0,0","21622,46",,514005,Total pasivo + patrimonio,Patrimonio,Utilidad o perdida del ejercicio,Costos y gastos,Gastos de operaciones,Gravamen a los movimientos financieros,Impuestos y tasas,,
285,FCP MALLPLAZA COMPARTIMENTO FARO INMOBILIARIO,810505205,EMISORES NACIONALES,,,1,99,PESOS,"15348086847,6","18883074960,67",,810505,,,,,,,,,
286,FCP MALLPLAZA COMPARTIMENTO AS CONSTRUCCIONES,111505006,(MAC) BANCOLOMBIA Cta No.03191346199,,,1,99,PESOS,"8824923,84","35944397,89",,111505,Activo,,Activo Corriente,Efectivo y equivales de efectivo,Bancos nacionales,,,Disponible,
286,FCP MALLPLAZA COMPARTIMENTO AS CONSTRUCCIONES,161695006,(MAC) BANCOLOMBIA Cau No.03191346199,,,1,99,PESOS,"948,32","15450,32",,161695,Activo,,Activo Corriente,Cuentas por cobrar,Deudores,,,,
286,FCP MALLPLAZA COMPARTIMENTO AS CONSTRUCCIONES,250110015,COMISION DE ADMINISTRACION,,,1,99,PESOS,"0,0","-2815528,26",,250110,Total pasivo + patrimonio,Pasivo,Pasivo Corriente,Cuentas por pagar,Comision de administracion.,,,,
286,FCP MALLPLAZA COMPARTIMENTO AS CONSTRUCCIONES,253105006,(MAC) Bancolombia cau No. 03191346199,,,1,99,PESOS,"-266,81","0,0",,253105,Total pasivo + patrimonio,Pasivo,Pasivo Corriente,Cuentas por pagar,Acreedores varios,,,,
286,FCP MALLPLAZA COMPARTIMENTO AS CONSTRUCCIONES,352505010,PARTICIPACIONES EN FDO DE INVERSIÓN COLE,,,1,99,PESOS,"-47728179966,98","-62389352525,9",,352505,Total pasivo + patrimonio,Patrimonio,,Patrimonio especiales,Participaciones en fondos de inversión colectiva,,,,
286,FCP MALLPLAZA COMPARTIMENTO AS CONSTRUCCIONES,410805300,EMISORES NACIONALES,,,1,99,PESOS,"0,0","-15438091152,46",,410805,Total pasivo + patrimonio,Patrimonio,Utilidad o perdida del ejercicio,Ingresos ordinarios,Por aumento en el valor de mercado Inst. de Pat.,,,,
286,FCP MALLPLAZA COMPARTIMENTO AS CONSTRUCCIONES,411495006,(MAC) BANCOLOMBIA Cau No.03191346199,,,1,99,PESOS,"0,0","-2984198,52",,411495,Total pasivo + patrimonio,Patrimonio,Utilidad o perdida del ejercicio,Ingresos ordinarios,Otros rendimientos financieros,,,,
286,FCP MALLPLAZA COMPARTIMENTO AS CONSTRUCCIONES,510310010,CREDITOS BANCOS,,,1,99,PESOS,"0,0","2953515037,54",,510310,Total pasivo + patrimonio,Patrimonio,Utilidad o perdida del ejercicio,Costos y gastos,Gastos de operaciones,Credito bancos,,,
286,FCP MALLPLAZA COMPARTIMENTO AS CONSTRUCCIONES,511325010,COMISION CUSTODIA FIJA                  ,,,1,99,PESOS,"0,0","4086897,3",,511325,Total pasivo + patrimonio,Patrimonio,Utilidad o perdida del ejercicio,Costos y gastos,Gastos de operaciones,Comisión custodia fija,,,
286,FCP MALLPLAZA COMPARTIMENTO AS CONSTRUCCIONES,513015003,REVISORIA FISCAL                        ,,,1,99,PESOS,"0,0","3274587,0",,513015,Total pasivo + patrimonio,Patrimonio,Utilidad o perdida del ejercicio,Costos y gastos,Gastos de operaciones,Revisoría Fiscal,,,
286,FCP MALLPLAZA COMPARTIMENTO AS CONSTRUCCIONES,513095090,OTROS HONORARIOS,,,1,99,PESOS,"0,0","2847000,0",,513095,Total pasivo + patrimonio,Patrimonio,Utilidad o perdida del ejercicio,Costos y gastos,Gastos de operaciones,Otros honorarios,,,
286,FCP MALLPLAZA COMPARTIMENTO AS CONSTRUCCIONES,514005010,IMPUESTO A LOS MOVIMIENTOS FINANCIEROS  ,,,1,99,PESOS,"0,0","24146461,01",,514005,Total pasivo + patrimonio,Patrimonio,Utilidad o perdida del ejercicio,Costos y gastos,Gastos de operaciones,Gravamen a los movimientos financieros,Impuestos y tasas,,
286,FCP MALLPLAZA COMPARTIMENTO AS CONSTRUCCIONES,590505015,CANCELACION DE INGRESOS RV,,,1,99,PESOS,"0,0","15433704831,1",,590505,Total pasivo + patrimonio,Patrimonio,,,,,,,
186,FCP TC LATAM COMPARTIMENTO C,511548010,COMISION DE ADMINISTRACION R.F.         ,,,1,99,PESOS,"0,0","5381096,76",,511548,Total pasivo + patrimonio,Patrimonio,Utilidad o perdida del ejercicio,Costos y gastos,Gastos de operaciones,Comisión administración,,,
186,FCP TC LATAM COMPARTIMENTO C,511595015,OTRAS COMISIONES,,,1,99,PESOS,"0,0","9888007,1",,511595,Total pasivo + patrimonio,Patrimonio,Utilidad o perdida del ejercicio,Costos y gastos,Gastos de operaciones,Comisión Bursatil,,,
186,FCP TC LATAM COMPARTIMENTO C,514005011,IMPOVENTAS                              ,,,1,99,PESOS,"0,0","1447812,9",,514005,Total pasivo + patrimonio,Patrimonio,Utilidad o perdida del ejercicio,Costos y gastos,Gastos de operaciones,Gravamen a los movimientos financieros,Impuestos y tasas,,
186,FCP TC LATAM COMPARTIMENTO C,514005020,IMPUESTOS ASUMIDOS,,,1,99,PESOS,"0,0","4530041,6",,514005,Total pasivo + patrimonio,Patrimonio,Utilidad o perdida del ejercicio,Costos y gastos,Gastos de operaciones,Gravamen a los movimientos financieros,Impuestos y tasas,,
186,FCP TC LATAM COMPARTIMENTO C,516060010,MANTENIMIENTO Y REPARACIONES,,,1,99,PESOS,"0,0","16231660,3",,516060,Total pasivo + patrimonio,Patrimonio,Utilidad o perdida del ejercicio,Costos y gastos,Gastos de operaciones,Mantenimiento y Reparaciones,,,
186,FCP TC LATAM COMPARTIMENTO C,519095010,ADMINISTRACION DE ARRENDAMIENTOS,,,1,99,PESOS,"0,0","8582798,03",,519095,Total pasivo + patrimonio,Patrimonio,Utilidad o perdida del ejercicio,Costos y gastos,Gastos de operaciones,Otros gastos de operación,,,
186,FCP TC LATAM COMPARTIMENTO C,519095045,OTROS GTOS OPERACIONALES,,,1,99,PESOS,"0,0","20329,25",,519095,Total pasivo + patrimonio,Patrimonio,Utilidad o perdida del ejercicio,Costos y gastos,Gastos de operaciones,Otros gastos de operación,,,
187,FCP TC LATAM COMPARTIMENTO D,111505431,(TED) BANCOLOMBIA Cta No.03141537767,,,1,99,PESOS,"141634464,67","130364649,32",,111505,Activo,,Activo Corriente,Efectivo y equivales de efectivo,Bancos nacionales,,,Disponible,
187,FCP TC LATAM COMPARTIMENTO D,130115115,OTROS EMISORES NACIONALES,,,1,99,PESOS,"1339124946,0","1339124946,0",,130115,Activo,,Activo no corriente,Inversiones a valor razonable con efectos en resultados,Instrumentos de Deuda,,,Inversiones,
187,FCP TC LATAM COMPARTIMENTO D,130120120,EMISORES EXTRANJEROS,,,1,99,PESOS,"1756478298,65","0,0",,130120,Activo,,Activo no corriente,Inversiones a valor razonable con efectos en resultados,Instrumentos de Deuda,,,Inversiones,
187,FCP TC LATAM COMPARTIMENTO D,161625010,REDENCIONES,,,1,99,PESOS,"0,0","1630630420,74",,161625,Activo,,Activo Corriente,Cuentas por cobrar,Deudores,,,,
187,FCP TC LATAM COMPARTIMENTO D,169895010,DETERIORO OTRAS CUENTAS POR COBRAR,,,1,99,PESOS,"0,0","-1504942539,37",,169895,Activo,,Activo Corriente,Cuentas por cobrar,Deudores,,,,
187,FCP TC LATAM COMPARTIMENTO D,182705010,PROPIEDADES DE INVERSION,,,1,99,PESOS,"78912228,0","78912228,0",,182705,Activo,,Activo no corriente,Activos Materiales,Propiedades de Inversión,,,,
187,FCP TC LATAM COMPARTIMENTO D,250340010,SOBRE LAS VENTAS POR PAGAR 19%,,,1,99,PESOS,"-434350,8","-88769,2",,250340,Total pasivo + patrimonio,Pasivo,Pasivo Corriente,Cuentas por pagar,Acreedores varios,,,,
187,FCP TC LATAM COMPARTIMENTO D,253105110,CUENTA COMPENSACION,,,1,99,PESOS,"-353810,95","-7524105,4",,253105,Total pasivo + patrimonio,Pasivo,Pasivo Corriente,Cuentas por pagar,Acreedores varios,,,,
187,FCP TC LATAM COMPARTIMENTO D,411495005,(LD) BANCOLOMBIA PANAMA CTA.80100001883,,,1,99,PESOS,"0,0","140840,44",,411495,Total pasivo + patrimonio,Patrimonio,Utilidad o perdida del ejercicio,Ingresos ordinarios,Otros rendimientos financieros,,,,
187,FCP TC LATAM COMPARTIMENTO D,411495999,OTROS,,,1,99,PESOS,"0,0","-196,07",,411495,Total pasivo + patrimonio,Patrimonio,Utilidad o perdida del ejercicio,Ingresos ordinarios,Otros rendimientos financieros,,,,
187,FCP TC LATAM COMPARTIMENTO D,414515010,ARRENDAMIENTO INMUEBLES IVA 19%,,,1,99,PESOS,"0,0","-2480757,92",,414515,Total pasivo + patrimonio,Patrimonio,Utilidad o perdida del ejercicio,Ingresos ordinarios,Arrendamientos,,,,
187,FCP TC LATAM COMPARTIMENTO D,510605120,EMISORES EXTRANJEROS,,,1,99,PESOS,"0,0","143197489,36",,510605,Total pasivo + patrimonio,Patrimonio,Utilidad o perdida del ejercicio,Costos y gastos,Gastos de operaciones,Disminucion en el Valor Razonables inst. de Deuda,,,
187,FCP TC LATAM COMPARTIMENTO D,510805010,POR DISMINUCION EN EL VALOR RAZONABLE,,,1,99,PESOS,"0,0","84795900,99",,510805,Total pasivo + patrimonio,Patrimonio,Utilidad o perdida del ejercicio,Costos y gastos,Gastos de operaciones,Disminución en el valor de mercado Inst. de Pat.,,,
187,FCP TC LATAM COMPARTIMENTO D,511325010,COMISION CUSTODIA FIJA                  ,,,1,99,PESOS,"0,0","584804,13",,511325,Total pasivo + patrimonio,Patrimonio,Utilidad o perdida del ejercicio,Costos y gastos,Gastos de operaciones,Comisión custodia fija,,,
187,FCP TC LATAM COMPARTIMENTO D,511512010,GASTOS BANCARIOS                        ,,,1,99,PESOS,"0,0","509594,4",,511512,Total pasivo + patrimonio,Patrimonio,Utilidad o perdida del ejercicio,Costos y gastos,Gastos de operaciones,Gastos bancarios,,,
187,FCP TC LATAM COMPARTIMENTO D,511548010,COMISION DE ADMINISTRACION R.F.         ,,,1,99,PESOS,"0,0","3786541,29",,511548,Total pasivo + patrimonio,Patrimonio,Utilidad o perdida del ejercicio,Costos y gastos,Gastos de operaciones,Comisión administración,,,
187,FCP TC LATAM COMPARTIMENTO D,511595015,OTRAS COMISIONES,,,1,99,PESOS,"0,0","364808,3",,511595,Total pasivo + patrimonio,Patrimonio,Utilidad o perdida del ejercicio,Costos y gastos,Gastos de operaciones,Comisión Bursatil,,,
187,FCP TC LATAM COMPARTIMENTO D,511805010,NOTARIALES,,,1,99,PESOS,"0,0","2680045,33",,511805,Total pasivo + patrimonio,Patrimonio,Utilidad o perdida del ejercicio,Costos y gastos,Gastos de operaciones,Gastos legales,,,
187,FCP TC LATAM COMPARTIMENTO D,513095090,OTROS HONORARIOS,,,1,99,PESOS,"0,0","1896070,56",,513095,Total pasivo + patrimonio,Patrimonio,Utilidad o perdida del ejercicio,Costos y gastos,Gastos de operaciones,Otros honorarios,,,
187,FCP TC LATAM COMPARTIMENTO D,513535010,POR REEXPRESION DE OTROS ACTIVOS,,,1,99,PESOS,"0,0","102682931,58",,513535,Total pasivo + patrimonio,Patrimonio,Utilidad o perdida del ejercicio,Costos y gastos,Gastos de operaciones,Reexpresion de Activos,,,
187,FCP TC LATAM COMPARTIMENTO D,514005010,IMPUESTO A LOS MOVIMIENTOS FINANCIEROS  ,,,1,99,PESOS,"0,0","107947,84",,514005,Total pasivo + patrimonio,Patrimonio,Utilidad o perdida del ejercicio,Costos y gastos,Gastos de operaciones,Gravamen a los movimientos financieros,Impuestos y tasas,,
187,FCP TC LATAM COMPARTIMENTO D,514005011,IMPOVENTAS                              ,,,1,99,PESOS,"0,0","612756,87",,514005,Total pasivo + patrimonio,Patrimonio,Utilidad o perdida del ejercicio,Costos y gastos,Gastos de operaciones,Gravamen a los movimientos financieros,Impuestos y tasas,,
187,FCP TC LATAM COMPARTIMENTO D,516060010,MANTENIMIENTO Y REPARACIONES,,,1,99,PESOS,"0,0","598851,2",,516060,Total pasivo + patrimonio,Patrimonio,Utilidad o perdida del ejercicio,Costos y gastos,Gastos de operaciones,Mantenimiento y Reparaciones,,,
187,FCP TC LATAM COMPARTIMENTO D,519095010,ADMINISTRACION DE ARRENDAMIENTOS,,,1,99,PESOS,"0,0","338384,57",,519095,Total pasivo + patrimonio,Patrimonio,Utilidad o perdida del ejercicio,Costos y gastos,Gastos de operaciones,Otros gastos de operación,,,
187,FCP TC LATAM COMPARTIMENTO D,519095999,OTROS,,,1,99,PESOS,"0,0","70,87",,519095,Total pasivo + patrimonio,Patrimonio,Utilidad o perdida del ejercicio,Costos y gastos,Gastos de operaciones,Otros gastos de operación,,,
187,FCP TC LATAM COMPARTIMENTO D,810505115,OTROS EMISORES NACIONALES,,,1,99,PESOS,"1339124946,0","1339124946,0",,810505,,,,,,,,,
187,FCP TC LATAM COMPARTIMENTO D,810505205,EMISORES NACIONALES                     ,,,1,99,PESOS,"394793929,36","389735038,41",,810505,,,,,,,,,
200,FCP ENERGETICO ANDINO COMPARTIMENTO C,111505085,(EAC) BANCOLOMBIA Cta No.03130741559,,,1,99,PESOS,"40097937,9","211930383,92",,111505,Activo,,Activo Corriente,Efectivo y equivales de efectivo,Bancos nacionales,,,Disponible,
200,FCP ENERGETICO ANDINO COMPARTIMENTO C,130210300,EMISORES EXTRANJEROS,,,1,99,PESOS,"5445265814,54","189005020,99",,130210,Activo,,Activo no corriente,Inversiones a valor razonable con efectos en resultados,Instrumentos de patrimonio,,,Inversiones,
200,FCP ENERGETICO ANDINO COMPARTIMENTO C,192595025,COMISION ADMINISTRACION,,,1,99,PESOS,"0,0","800565,09",,192595,Activo,,Activo Corriente,Otros activos,Gatos pagados por anticipados,,,,
200,FCP ENERGETICO ANDINO COMPARTIMENTO C,410805300,EMISORES NACIONALES,,,1,99,PESOS,"0,0","-1910223,04",,410805,Total pasivo + patrimonio,Patrimonio,Utilidad o perdida del ejercicio,Ingresos ordinarios,Por aumento en el valor de mercado Inst. de Pat.,,,,
200,FCP ENERGETICO ANDINO COMPARTIMENTO C,411495085,(EAC) BANCOLOMBIA Cau No.03130741559,,,1,99,PESOS,"0,0","-4682867,9",,411495,Total pasivo + patrimonio,Patrimonio,Utilidad o perdida del ejercicio,Ingresos ordinarios,Otros rendimientos financieros,,,,
200,FCP ENERGETICO ANDINO COMPARTIMENTO C,419595030,OTROS,,,1,99,PESOS,"0,0","-2444403,47",,419595,Total pasivo + patrimonio,Patrimonio,Utilidad o perdida del ejercicio,Ingresos ordinarios,Valoración Propiedades de Inversión,,,,
200,FCP ENERGETICO ANDINO COMPARTIMENTO C,511548010,COMISION ADMINISTRACION R.F.,,,1,99,PESOS,"0,0","4002825,55",,511548,Total pasivo + patrimonio,Patrimonio,Utilidad o perdida del ejercicio,Costos y gastos,Gastos de operaciones,Comisión administración,,,
200,FCP ENERGETICO ANDINO COMPARTIMENTO C,513015003,REVISORIA FISCAL,,,1,99,PESOS,"0,0","3333331,0",,513015,Total pasivo + patrimonio,Patrimonio,Utilidad o perdida del ejercicio,Costos y gastos,Gastos de operaciones,Revisoría Fiscal,,,
200,FCP ENERGETICO ANDINO COMPARTIMENTO C,514005011,IMPOVENTAS,,,1,99,PESOS,"0,0","3932822,2",,514005,Total pasivo + patrimonio,Patrimonio,Utilidad o perdida del ejercicio,Costos y gastos,Gastos de operaciones,Gravamen a los movimientos financieros,Impuestos y tasas,,
200,FCP ENERGETICO ANDINO COMPARTIMENTO C,590505010,CANCELACION DE INGRESOS RF,,,1,99,PESOS,"0,0","-4815518636,27",,590505,Total pasivo + patrimonio,Patrimonio,,,,,,,
200,FCP ENERGETICO ANDINO COMPARTIMENTO C,590505020,UTILIDAD/PERDIDA PAGADA EN REDENCIONES,,,1,99,PESOS,"0,0","2213058581,44",,590505,Total pasivo + patrimonio,Patrimonio,,,,,,,
286,FCP MALLPLAZA COMPARTIMENTO AS CONSTRUCCIONES,829595998,OTRAS CUENTAS DE ORDEN ACREEDORAS PESOS,,,1,99,PESOS,"-66865672611,9","-66865672611,9",,829595,,,,,,,,,
292,FCP PALADIN REALTY COLOMBIA - COMPARTIMENTO A,111505005,BANCOLOMBIA Cta. No.03183435387,,,1,99,PESOS,"819367261,28","693302232,54",,111505,Activo,,Activo Corriente,Efectivo y equivales de efectivo,Bancos nacionales,,,Disponible,
292,FCP PALADIN REALTY COLOMBIA - COMPARTIMENTO A,130115115,OTROS EMISORES NACIONALES,,,1,99,PESOS,"10490438,67","10490438,67",,130115,Activo,,Activo no corriente,Inversiones a valor razonable con efectos en resultados,Instrumentos de Deuda,,,Inversiones,
292,FCP PALADIN REALTY COLOMBIA - COMPARTIMENTO A,136000300,INVERSIONES DERECHOS FIDUCIARIOS,,,1,99,PESOS,"0,0","1277808434,06",,136000,Activo,,Activo no corriente,Inversiones a valor razonable con efectos en resultados,Inversiones derechos fiduciarios,,,Inversiones,
292,FCP PALADIN REALTY COLOMBIA - COMPARTIMENTO A,161695045,CUENTA CORRIENTE                        ,,,1,99,PESOS,"54126126,38","579876765,77",,161695,Activo,,Activo Corriente,Cuentas por cobrar,Deudores,,,,
292,FCP PALADIN REALTY COLOMBIA - COMPARTIMENTO A,192595015,COMISION DE GESTION,,,1,99,PESOS,"0,0","12602344,1",,192595,Activo,,Activo Corriente,Otros activos,Gatos pagados por anticipados,,,,
292,FCP PALADIN REALTY COLOMBIA - COMPARTIMENTO A,253105110,CUENTA COMPENSACION,,,1,99,PESOS,"-336031326,3","-71396326,44",,253105,Total pasivo + patrimonio,Pasivo,Pasivo Corriente,Cuentas por pagar,Acreedores varios,,,,
292,FCP PALADIN REALTY COLOMBIA - COMPARTIMENTO A,352505010,PARTICIPACIONES EN FDO DE INVERSIÓN COLE,,,1,99,PESOS,"-5580985774,58","-5898316833,02",,352505,Total pasivo + patrimonio,Patrimonio,,Patrimonio especiales,Participaciones en fondos de inversión colectiva,,,,
292,FCP PALADIN REALTY COLOMBIA - COMPARTIMENTO A,411495999,OTROS,,,1,99,PESOS,"0,0","-0,47",,411495,Total pasivo + patrimonio,Patrimonio,Utilidad o perdida del ejercicio,Ingresos ordinarios,Otros rendimientos financieros,,,,
292,FCP PALADIN REALTY COLOMBIA - COMPARTIMENTO A,510805010,POR DISMINUCION EN EL VALOR RAZONABLE,,,1,99,PESOS,"0,0","242872526,14",,510805,Total pasivo + patrimonio,Patrimonio,Utilidad o perdida del ejercicio,Costos y gastos,Gastos de operaciones,Disminución en el valor de mercado Inst. de Pat.,,,
292,FCP PALADIN REALTY COLOMBIA - COMPARTIMENTO A,511325010,COMISION CUSTODIA FIJA                  ,,,1,99,PESOS,"0,0","751073,35",,511325,Total pasivo + patrimonio,Patrimonio,Utilidad o perdida del ejercicio,Costos y gastos,Gastos de operaciones,Comisión custodia fija,,,
292,FCP PALADIN REALTY COLOMBIA - COMPARTIMENTO A,511512010,GASTOS BANCARIOS                        ,,,1,99,PESOS,"0,0","1129,31",,511512,Total pasivo + patrimonio,Patrimonio,Utilidad o perdida del ejercicio,Costos y gastos,Gastos de operaciones,Gastos bancarios,,,
292,FCP PALADIN REALTY COLOMBIA - COMPARTIMENTO A,511548010,COMISION DE ADMINISTRACION R.F.         ,,,1,99,PESOS,"0,0","5628340,39",,511548,Total pasivo + patrimonio,Patrimonio,Utilidad o perdida del ejercicio,Costos y gastos,Gastos de operaciones,Comisión administración,,,
292,FCP PALADIN REALTY COLOMBIA - COMPARTIMENTO A,511595011,COMISION GESTOR PROFESIONAL             ,,,1,99,PESOS,"0,0","54231218,99",,511595,Total pasivo + patrimonio,Patrimonio,Utilidad o perdida del ejercicio,Costos y gastos,Gastos de operaciones,Comisión Bursatil,,,
292,FCP PALADIN REALTY COLOMBIA - COMPARTIMENTO A,513095090,OTROS HONORARIOS,,,1,99,PESOS,"0,0","2416164,92",,513095,Total pasivo + patrimonio,Patrimonio,Utilidad o perdida del ejercicio,Costos y gastos,Gastos de operaciones,Otros honorarios,,,
292,FCP PALADIN REALTY COLOMBIA - COMPARTIMENTO A,514005010,IMPUESTO A LOS MOVIMIENTOS FINANCIEROS  ,,,1,99,PESOS,"0,0","3104374,41",,514005,Total pasivo + patrimonio,Patrimonio,Utilidad o perdida del ejercicio,Costos y gastos,Gastos de operaciones,Gravamen a los movimientos financieros,Impuestos y tasas,,
292,FCP PALADIN REALTY COLOMBIA - COMPARTIMENTO A,514005015,IVA COMISION GESTOR PROFESIONAL         ,,,1,99,PESOS,"0,0","10303931,6",,514005,Total pasivo + patrimonio,Patrimonio,Utilidad o perdida del ejercicio,Costos y gastos,Gastos de operaciones,Gravamen a los movimientos financieros,Impuestos y tasas,,
292,FCP PALADIN REALTY COLOMBIA - COMPARTIMENTO A,810505115,OTROS EMISORES NACIONALES,,,1,99,PESOS,"10490438,67","10490438,67",,810505,,,,,,,,,
292,FCP PALADIN REALTY COLOMBIA - COMPARTIMENTO A,810505205,EMISORES NACIONALES                     ,,,1,99,PESOS,"1557486389,13","1434926309,27",,810505,,,,,,,,,
292,FCP PALADIN REALTY COLOMBIA - COMPARTIMENTO A,829595998,OTRAS CUENTAS DE ORDEN ACREEDORAS USD,,,1,99,DOLAR,"-8818300000,0","-8297440000,0",,829595,,,,,,,,,
292,FCP PALADIN REALTY COLOMBIA - COMPARTIMENTO A,840505999,OTRAS CUENTAS DE ORDEN ACREEDORAS USD,,,1,99,PESOS,"8818300000,0","8297440000,0",,840505,,,,,,,,,
293,FCP PALADIN REALTY COLOMBIA - COMPARTIMENTO B,111505006,BANCOLOMBIA Cta No.03183435808,,,1,99,PESOS,"29091795,55","471937664,72",,111505,Activo,,Activo Corriente,Efectivo y equivales de efectivo,Bancos nacionales,,,Disponible,
293,FCP PALADIN REALTY COLOMBIA - COMPARTIMENTO B,130115115,OTROS EMISORES NACIONALES,,,1,99,PESOS,"550748030,14","550748030,14",,130115,Activo,,Activo no corriente,Inversiones a valor razonable con efectos en resultados,Instrumentos de Deuda,,,Inversiones,
293,FCP PALADIN REALTY COLOMBIA - COMPARTIMENTO B,250110025,OTRAS COMISIONES,,,1,99,PESOS,"-675226853,32","-1759683414,98",,250110,Total pasivo + patrimonio,Pasivo,Pasivo Corriente,Cuentas por pagar,Comision de administracion.,,,,
293,FCP PALADIN REALTY COLOMBIA - COMPARTIMENTO B,352505010,PARTICIPACIONES EN FDO DE INVERSIÓN COLE,,,1,99,PESOS,"-64118922174,11","-62780085853,87",,352505,Total pasivo + patrimonio,Patrimonio,,Patrimonio especiales,Participaciones en fondos de inversión colectiva,,,,
293,FCP PALADIN REALTY COLOMBIA - COMPARTIMENTO B,411495006,BANCOLOMBIA Cta No.03183435808,,,1,99,PESOS,"0,0","-6001244,44",,411495,Total pasivo + patrimonio,Patrimonio,Utilidad o perdida del ejercicio,Ingresos ordinarios,Otros rendimientos financieros,,,,
293,FCP PALADIN REALTY COLOMBIA - COMPARTIMENTO B,510805010,POR DISMINUCION EN EL VALOR RAZONABLE,,,1,99,PESOS,"0,0","257823696,4",,510805,Total pasivo + patrimonio,Patrimonio,Utilidad o perdida del ejercicio,Costos y gastos,Gastos de operaciones,Disminución en el valor de mercado Inst. de Pat.,,,
293,FCP PALADIN REALTY COLOMBIA - COMPARTIMENTO B,511325010,COMISION CUSTODIA FIJA                  ,,,1,99,PESOS,"0,0","11795606,77",,511325,Total pasivo + patrimonio,Patrimonio,Utilidad o perdida del ejercicio,Costos y gastos,Gastos de operaciones,Comisión custodia fija,,,
293,FCP PALADIN REALTY COLOMBIA - COMPARTIMENTO B,513015003,REVISORIA FISCAL                        ,,,1,99,PESOS,"0,0","7264189,44",,513015,Total pasivo + patrimonio,Patrimonio,Utilidad o perdida del ejercicio,Costos y gastos,Gastos de operaciones,Revisoría Fiscal,,,
293,FCP PALADIN REALTY COLOMBIA - COMPARTIMENTO B,513095090,OTROS HONORARIOS,,,1,99,PESOS,"0,0","37945720,84",,513095,Total pasivo + patrimonio,Patrimonio,Utilidad o perdida del ejercicio,Costos y gastos,Gastos de operaciones,Otros honorarios,,,
293,FCP PALADIN REALTY COLOMBIA - COMPARTIMENTO B,514005010,IMPUESTO A LOS MOVIMIENTOS FINANCIEROS  ,,,1,99,PESOS,"0,0","3974143,75",,514005,Total pasivo + patrimonio,Patrimonio,Utilidad o perdida del ejercicio,Costos y gastos,Gastos de operaciones,Gravamen a los movimientos financieros,Impuestos y tasas,,
293,FCP PALADIN REALTY COLOMBIA - COMPARTIMENTO B,514005015,IVA COMISION GESTOR PROFESIONAL         ,,,1,99,PESOS,"0,0","183114094,99",,514005,Total pasivo + patrimonio,Patrimonio,Utilidad o perdida del ejercicio,Costos y gastos,Gastos de operaciones,Gravamen a los movimientos financieros,Impuestos y tasas,,
293,FCP PALADIN REALTY COLOMBIA - COMPARTIMENTO B,810505115,OTROS EMISORES NACIONALES,,,1,99,PESOS,"550748030,14","550748030,14",,810505,,,,,,,,,
293,FCP PALADIN REALTY COLOMBIA - COMPARTIMENTO B,810505205,EMISORES NACIONALES                     ,,,1,99,PESOS,"81776883146,8","75342478954,33",,810505,,,,,,,,,
293,FCP PALADIN REALTY COLOMBIA - COMPARTIMENTO B,840505999,OTRAS CUENTAS DE ORDEN ACREEDORAS USD,,,1,99,PESOS,"138491401500,0","130311295200,0",,840505,,,,,,,,,
294,FCP PALADIN REALTY COLOMBIA - COMPARTIMENTO C,111505012,BANCOLOMBIA Cta No. 03198020221,,,1,99,PESOS,"1348408906,03","1373583192,51",,111505,Activo,,Activo Corriente,Efectivo y equivales de efectivo,Bancos nacionales,,,Disponible,
294,FCP PALADIN REALTY COLOMBIA - COMPARTIMENTO C,161695012,BANCOLOMBIA Cta No. 03198020221,,,1,99,PESOS,"724437,62","442794,15",,161695,Activo,,Activo Corriente,Cuentas por cobrar,Deudores,,,,
294,FCP PALADIN REALTY COLOMBIA - COMPARTIMENTO C,192595015,COMISION DE GESTION,,,1,99,PESOS,"0,0","19855060,28",,192595,Activo,,Activo Corriente,Otros activos,Gatos pagados por anticipados,,,,
294,FCP PALADIN REALTY COLOMBIA - COMPARTIMENTO C,352505010,PARTICIPACIONES EN FDO DE INVERSIÓN COLE,,,1,99,PESOS,"-10471039475,77","-11357763985,39",,352505,Total pasivo + patrimonio,Patrimonio,,Patrimonio especiales,Participaciones en fondos de inversión colectiva,,,,
294,FCP PALADIN REALTY COLOMBIA - COMPARTIMENTO C,511325010,COMISION CUSTODIA FIJA                  ,,,1,99,PESOS,"0,0","1441319,88",,511325,Total pasivo + patrimonio,Patrimonio,Utilidad o perdida del ejercicio,Costos y gastos,Gastos de operaciones,Comisión custodia fija,,,
200,FCP ENERGETICO ANDINO COMPARTIMENTO C,810505210,OTROS,,,1,99,PESOS,"5445265814,54","189005020,99",,810505,,,,,,,,,
200,FCP ENERGETICO ANDINO COMPARTIMENTO C,829595997,OTRAS CUENTAS DE ORDEN ACREEDORAS USD,,,1,99,DOLARES,"-176366000000,0","-165948800000,0",,829595,,,,,,,,,
200,FCP ENERGETICO ANDINO COMPARTIMENTO C,830505010,DEUDORAS POR CONTRA,,,1,99,PESOS,"-5445265814,54","-189005020,99",,,,,,,,,,,
240,FCP TC LATAM - COMPARTIMENTO E,130205300,EMISORES  NACIONALES,,,1,99,PESOS,"2389224913,87","2349298957,5",,130205,Activo,,Activo no corriente,Inversiones a valor razonable con efectos en resultados,Instrumentos de patrimonio,,,Inversiones,
240,FCP TC LATAM - COMPARTIMENTO E,161695533,(TE) BANCOLOMBIA Cau No.80100005498,,,1,99,PESOS,"422410,32","0,0",,161695,Activo,,Activo Corriente,Cuentas por cobrar,Deudores,,,,
240,FCP TC LATAM - COMPARTIMENTO E,192595015,COMISION DE GESTION,,,1,99,PESOS,"0,0","97429509,66",,192595,Activo,,Activo Corriente,Otros activos,Gatos pagados por anticipados,,,,
240,FCP TC LATAM - COMPARTIMENTO E,192595030,AMORTIZACIÓN COMISIÓN DE ADMÓN,,,1,99,PESOS,"0,0","16292638,83",,192595,Activo,,Activo Corriente,Otros activos,Gatos pagados por anticipados,,,,
240,FCP TC LATAM - COMPARTIMENTO E,253105220,CUENTA COMPENSACION DIVISAS,,,1,99,DOLARES,"-89043,34","0,0",,253105,Total pasivo + patrimonio,Pasivo,Pasivo Corriente,Cuentas por pagar,Acreedores varios,,,,
240,FCP TC LATAM - COMPARTIMENTO E,352505010,PARTICIPACIONES EN FDO DE INVERSIÓN COLE,,,1,99,PESOS,"-93497686676,58","-90083447079,05",,352505,Total pasivo + patrimonio,Patrimonio,,Patrimonio especiales,Participaciones en fondos de inversión colectiva,,,,
240,FCP TC LATAM - COMPARTIMENTO E,413515010,POR REEXPRESIÓN DE OTROS ACTIVOS,,,1,99,PESOS,"0,0","-167011538,18",,413515,Total pasivo + patrimonio,Patrimonio,Utilidad o perdida del ejercicio,Ingresos ordinarios,Diferencia en cambio,,,,
240,FCP TC LATAM - COMPARTIMENTO E,419595030,OTROS INGRESOS EJERCICIOS ANTERIORES,,,1,99,PESOS,"0,0","-40541257,0",,419595,Total pasivo + patrimonio,Patrimonio,Utilidad o perdida del ejercicio,Ingresos ordinarios,Valoración Propiedades de Inversión,,,,
240,FCP TC LATAM - COMPARTIMENTO E,511325010,COMISION CUSTODIA FIJA                  ,,,1,99,PESOS,"0,0","3185518,44",,511325,Total pasivo + patrimonio,Patrimonio,Utilidad o perdida del ejercicio,Costos y gastos,Gastos de operaciones,Comisión custodia fija,,,
240,FCP TC LATAM - COMPARTIMENTO E,513015003,REVISORIA FISCAL                        ,,,1,99,PESOS,"0,0","3274587,0",,513015,Total pasivo + patrimonio,Patrimonio,Utilidad o perdida del ejercicio,Costos y gastos,Gastos de operaciones,Revisoría Fiscal,,,
240,FCP TC LATAM - COMPARTIMENTO E,513025010,ASESORIAS LEGALES Y/O JURIDICAS,,,1,99,PESOS,"0,0","116622538,0",,513025,Total pasivo + patrimonio,Patrimonio,Utilidad o perdida del ejercicio,Costos y gastos,Gastos de operaciones,Asesoria Legal o Jurídica,,,
240,FCP TC LATAM - COMPARTIMENTO E,513095090,OTROS HONORARIOS,,,1,99,PESOS,"0,0","11388000,01",,513095,Total pasivo + patrimonio,Patrimonio,Utilidad o perdida del ejercicio,Costos y gastos,Gastos de operaciones,Otros honorarios,,,
240,FCP TC LATAM - COMPARTIMENTO E,513535010,POR REEXPRESION DE OTROS ACTIVOS,,,1,99,PESOS,"0,0","179499736,08",,513535,Total pasivo + patrimonio,Patrimonio,Utilidad o perdida del ejercicio,Costos y gastos,Gastos de operaciones,Reexpresion de Activos,,,
240,FCP TC LATAM - COMPARTIMENTO E,514005010,IMPUESTO A LOS MOVIMIENTOS FINANCIEROS  ,,,1,99,PESOS,"0,0","3429691,05",,514005,Total pasivo + patrimonio,Patrimonio,Utilidad o perdida del ejercicio,Costos y gastos,Gastos de operaciones,Gravamen a los movimientos financieros,Impuestos y tasas,,
240,FCP TC LATAM - COMPARTIMENTO E,519095050,GASTOS REEMBOLSADOS,,,1,99,PESOS,"0,0","169296392,78",,519095,Total pasivo + patrimonio,Patrimonio,Utilidad o perdida del ejercicio,Costos y gastos,Gastos de operaciones,Otros gastos de operación,,,
240,FCP TC LATAM - COMPARTIMENTO E,590505015,CANCELACION DE INGRESOS RV,,,1,99,PESOS,"0,0","-3300463436,89",,590505,Total pasivo + patrimonio,Patrimonio,,,,,,,
240,FCP TC LATAM - COMPARTIMENTO E,810505120,EMISORES EXTRANJEROS,,,1,99,PESOS,"63625920469,71","59976385928,68",,810505,,,,,,,,,
240,FCP TC LATAM - COMPARTIMENTO E,829595999,OTRAS CUENTAS DE ORDEN ACREEDORAS USD,,,1,99,DOLARES,"-147706525000,0","-138982120000,0",,829595,,,,,,,,,
240,FCP TC LATAM - COMPARTIMENTO E,840505999,OTRAS CUENTAS DE ORDEN ACREEDORAS USD,,,1,99,PESOS,"147706525000,0","138982120000,0",,840505,,,,,,,,,
257,FIC INMOBILIARIO DE RENTA DAVIVIENDA CORREDORES,111505003,(FIR) DAVIVIENDA Cta No. 005069993474,,,1,99,PESOS,"611560,76","631612,87",,111505,Activo,,Activo Corriente,Efectivo y equivales de efectivo,Bancos nacionales,,,Disponible,
257,FIC INMOBILIARIO DE RENTA DAVIVIENDA CORREDORES,111505004,(FIR) Bancolombia CTA AH 03151159060,,,1,99,PESOS,"501478557,86","1817502610,56",,111505,Activo,,Activo Corriente,Efectivo y equivales de efectivo,Bancos nacionales,,,Disponible,
257,FIC INMOBILIARIO DE RENTA DAVIVIENDA CORREDORES,111505005,(FIR) Bancolombia CTA CTE 03164963055,,,1,99,PESOS,"12500381,82","81258146,46",,111505,Activo,,Activo Corriente,Efectivo y equivales de efectivo,Bancos nacionales,,,Disponible,
257,FIC INMOBILIARIO DE RENTA DAVIVIENDA CORREDORES,111505006,(FIR) Bancolombia CTA CTE 03164961182,,,1,99,PESOS,"18964413,0","100000,0",,111505,Activo,,Activo Corriente,Efectivo y equivales de efectivo,Bancos nacionales,,,Disponible,
257,FIC INMOBILIARIO DE RENTA DAVIVIENDA CORREDORES,111505008,(FIR) Occidente CTA AH 288857402,,,1,99,PESOS,"8455087,0","8744615,39",,111505,Activo,,Activo Corriente,Efectivo y equivales de efectivo,Bancos nacionales,,,Disponible,
257,FIC INMOBILIARIO DE RENTA DAVIVIENDA CORREDORES,111505014,(FIR) Banco Popular Cta. 500804743994,,,1,99,PESOS,"8265683,92","8268938,23",,111505,Activo,,Activo Corriente,Efectivo y equivales de efectivo,Bancos nacionales,,,Disponible,
257,FIC INMOBILIARIO DE RENTA DAVIVIENDA CORREDORES,111505017,(FIR) GNB SUDAMERIS CTA AH 91000023490,,,1,99,PESOS,"4730983665,0","910322647,75",,111505,Activo,,Activo Corriente,Efectivo y equivales de efectivo,Bancos nacionales,,,Disponible,
257,FIC INMOBILIARIO DE RENTA DAVIVIENDA CORREDORES,111505018,(FIR) BANCO POPULAR CTA No. 500805563596,,,1,99,PESOS,"5314580,07","5495439,86",,111505,Activo,,Activo Corriente,Efectivo y equivales de efectivo,Bancos nacionales,,,Disponible,
257,FIC INMOBILIARIO DE RENTA DAVIVIENDA CORREDORES,111505019,(FIR) BANCOLOMBIA CTA No. 69000008139,,,1,99,PESOS,"79222131,82","16014184,92",,111505,Activo,,Activo Corriente,Efectivo y equivales de efectivo,Bancos nacionales,,,Disponible,
257,FIC INMOBILIARIO DE RENTA DAVIVIENDA CORREDORES,130205300,EMISORES  NACIONALES,,,1,99,PESOS,"11992503138,52","22991204233,85",,130205,Activo,,Activo no corriente,Inversiones a valor razonable con efectos en resultados,Instrumentos de patrimonio,,,Inversiones,
257,FIC INMOBILIARIO DE RENTA DAVIVIENDA CORREDORES,161695001,(FIR) DAVIVIENDA Cta Cau No.005000311323,,,1,99,PESOS,"1225998,28","1219425,98",,161695,Activo,,Activo Corriente,Cuentas por cobrar,Deudores,,,,
257,FIC INMOBILIARIO DE RENTA DAVIVIENDA CORREDORES,161695004,(LD) BCO DAVIVIENDA cta No.482800025215,,,1,99,PESOS,"200448,88","366768,39",,161695,Activo,,Activo Corriente,Cuentas por cobrar,Deudores,,,,
257,FIC INMOBILIARIO DE RENTA DAVIVIENDA CORREDORES,161695008,(FIR) Occidente CTA CAU AH 288857402,,,1,99,PESOS,"-1428286,13","-1432016,91",,161695,Activo,,Activo Corriente,Cuentas por cobrar,Deudores,,,,
257,FIC INMOBILIARIO DE RENTA DAVIVIENDA CORREDORES,161695012,(FIR) Bco de Bogota Cta. Aho 049316169,,,1,99,PESOS,"22105,38","21532,24",,161695,Activo,,Activo Corriente,Cuentas por cobrar,Deudores,,,,
257,FIC INMOBILIARIO DE RENTA DAVIVIENDA CORREDORES,161695017,(FIR) Davivienda CTA AH 482800036030,,,1,99,PESOS,"6284,2","-1523,48",,161695,Activo,,Activo Corriente,Cuentas por cobrar,Deudores,,,,
257,FIC INMOBILIARIO DE RENTA DAVIVIENDA CORREDORES,161695018,(FIR) BANCO POPULAR CTA No. 500805563596,,,1,99,PESOS,"6004,58","2337,88",,161695,Activo,,Activo Corriente,Cuentas por cobrar,Deudores,,,,
257,FIC INMOBILIARIO DE RENTA DAVIVIENDA CORREDORES,163035020,IVA DESCONTABLE 19%,"800155413,0",,1,99,PESOS,"247000,0","247000,0",,163035,Activo,,Activo Corriente,Cuentas por cobrar,Deudores,,,,
257,FIC INMOBILIARIO DE RENTA DAVIVIENDA CORREDORES,163035020,IVA DESCONTABLE 19%,"830136915,0",,1,99,PESOS,"2216467,8","2216467,8",,163035,Activo,,Activo Corriente,Cuentas por cobrar,Deudores,,,,
257,FIC INMOBILIARIO DE RENTA DAVIVIENDA CORREDORES,163035020,IVA DESCONTABLE 19%,"860038933,0",,1,99,PESOS,"5942602,83","5942602,83",,163035,Activo,,Activo Corriente,Cuentas por cobrar,Deudores,,,,
257,FIC INMOBILIARIO DE RENTA DAVIVIENDA CORREDORES,163035020,IVA DESCONTABLE 19%,"860518583,0",,1,99,PESOS,"3085600,0","3085600,0",,163035,Activo,,Activo Corriente,Cuentas por cobrar,Deudores,,,,
294,FCP PALADIN REALTY COLOMBIA - COMPARTIMENTO C,513015003,REVISORIA FISCAL                        ,,,1,99,PESOS,"0,0","887607,04",,513015,Total pasivo + patrimonio,Patrimonio,Utilidad o perdida del ejercicio,Costos y gastos,Gastos de operaciones,Revisoría Fiscal,,,
294,FCP PALADIN REALTY COLOMBIA - COMPARTIMENTO C,513095090,OTROS HONORARIOS,,,1,99,PESOS,"0,0","4636614,03",,513095,Total pasivo + patrimonio,Patrimonio,Utilidad o perdida del ejercicio,Costos y gastos,Gastos de operaciones,Otros honorarios,,,
294,FCP PALADIN REALTY COLOMBIA - COMPARTIMENTO C,514005010,IMPUESTO A LOS MOVIMIENTOS FINANCIEROS  ,,,1,99,PESOS,"0,0","5910789,62",,514005,Total pasivo + patrimonio,Patrimonio,Utilidad o perdida del ejercicio,Costos y gastos,Gastos de operaciones,Gravamen a los movimientos financieros,Impuestos y tasas,,
294,FCP PALADIN REALTY COLOMBIA - COMPARTIMENTO C,590505015,CANCELACION DE INGRESOS RV,,,1,99,PESOS,"0,0","-513702576,21",,590505,Total pasivo + patrimonio,Patrimonio,,,,,,,
294,FCP PALADIN REALTY COLOMBIA - COMPARTIMENTO C,810505115,OTROS EMISORES NACIONALES,,,1,99,PESOS,"20131298,71","20131298,71",,810505,,,,,,,,,
294,FCP PALADIN REALTY COLOMBIA - COMPARTIMENTO C,810505205,EMISORES NACIONALES                     ,,,1,99,PESOS,"2989051072,7","2753856567,3",,810505,,,,,,,,,
294,FCP PALADIN REALTY COLOMBIA - COMPARTIMENTO C,840505999,OTRAS CUENTAS DE ORDEN ACREEDORAS USD,,,1,99,PESOS,"16922436747,05","15922899375,44",,840505,,,,,,,,,
302,FIC DIVERSIFICADO INTERNACIONAL,111505002,(BG) Bancolombia cta Ah No. 03196256902,,,1,99,PESOS,"117775575,93","59329815,79",,111505,Activo,,Activo Corriente,Efectivo y equivales de efectivo,Bancos nacionales,,,Disponible,
302,FIC DIVERSIFICADO INTERNACIONAL,111505004,(BG) Davivienda cta aho No 005070376248,,,1,99,PESOS,"85649,68","0,0",,111505,Activo,,Activo Corriente,Efectivo y equivales de efectivo,Bancos nacionales,,,Disponible,
302,FIC DIVERSIFICADO INTERNACIONAL,111505007,(BG) Occidente cta Aho No 288859887,,,1,99,PESOS,"523349473,6","155961290,95",,111505,Activo,,Activo Corriente,Efectivo y equivales de efectivo,Bancos nacionales,,,Disponible,
302,FIC DIVERSIFICADO INTERNACIONAL,111505010,(BG) Bogotá cta aho No 049285885,,,1,99,PESOS,"418156,0","432562,0",,111505,Activo,,Activo Corriente,Efectivo y equivales de efectivo,Bancos nacionales,,,Disponible,
302,FIC DIVERSIFICADO INTERNACIONAL,111505012,(DI) Bco Bogotá cta aho No 049335086,,,1,99,PESOS,"107734778,59","139315912,13",,111505,Activo,,Activo Corriente,Efectivo y equivales de efectivo,Bancos nacionales,,,Disponible,
302,FIC DIVERSIFICADO INTERNACIONAL,111505014,(DI) Bancolombia cta Ah No. 69000008141,,,1,99,PESOS,"478304291,31","78480968,31",,111505,Activo,,Activo Corriente,Efectivo y equivales de efectivo,Bancos nacionales,,,Disponible,
302,FIC DIVERSIFICADO INTERNACIONAL,111505018,BG) Davivienda cta ah No 482800017147,,,1,99,PESOS,"1240720,62","1281402,68",,111505,Activo,,Activo Corriente,Efectivo y equivales de efectivo,Bancos nacionales,,,Disponible,
302,FIC DIVERSIFICADO INTERNACIONAL,111510002,(DI) Davivienda Panamá Cta: 10001015161,,,1,99,DOLARES,"59191383,71","56463166,45",,111510,Activo,,Activo Corriente,Efectivo y equivales de efectivo,Bancos del Exterior,,,Disponible,
302,FIC DIVERSIFICADO INTERNACIONAL,111510101,BANCOLOMBIA PANAMA CTA: 80100007496,,,1,99,DOLARES,"26693346,87","25034289,25",,111510,Activo,,Activo Corriente,Efectivo y equivales de efectivo,Bancos del Exterior,,,Disponible,
302,FIC DIVERSIFICADO INTERNACIONAL,111510130,ALL FUNDS CTA: 1150500576002,,,1,99,DOLARES,"28795409,05","2588718,23",,111510,Activo,,Activo Corriente,Efectivo y equivales de efectivo,Bancos del Exterior,,,Disponible,
302,FIC DIVERSIFICADO INTERNACIONAL,111510135,CITIBANK NEW YORK CTA: 27075000,,,1,99,DOLARES,"114341516,9","11915912,04",,111510,Activo,,Activo Corriente,Efectivo y equivales de efectivo,Bancos del Exterior,,,Disponible,
302,FIC DIVERSIFICADO INTERNACIONAL,111510145,OCCIDENTAL BANK BARBADOS CTA: 509060,,,1,99,DOLARES,"28312518,96","51221383,19",,111510,Activo,,Activo Corriente,Efectivo y equivales de efectivo,Bancos del Exterior,,,Disponible,
302,FIC DIVERSIFICADO INTERNACIONAL,130210200,EMISORES EXTRANJEROS,,,1,99,DOLARES,"18650728444,14","18214242603,09",,130210,Activo,,Activo no corriente,Inversiones a valor razonable con efectos en resultados,Instrumentos de patrimonio,,,Inversiones,
302,FIC DIVERSIFICADO INTERNACIONAL,135140200,OBLIGACION DE COMPRA TITULOS,,,1,99,DOLARES,"-1895580886,17","0,0",,135140,Activo,,Activo no corriente,Inversiones a valor razonable con efectos en resultados,,,,Inversiones,
302,FIC DIVERSIFICADO INTERNACIONAL,135305010,DERECHO DERIVADOS DE MONEDAS,,,1,99,PESOS,"6094032000,0","5697188000,0",,135305,Activo,,Activo no corriente,Inversiones a valor razonable con efectos en resultados,,,,Inversiones,
302,FIC DIVERSIFICADO INTERNACIONAL,161695004,(LD) BCO DAVIVIENDA cta No.482800025215,,,1,99,PESOS,"13784,14","16098,53",,161695,Activo,,Activo Corriente,Cuentas por cobrar,Deudores,,,,
302,FIC DIVERSIFICADO INTERNACIONAL,161695008,(DI) Davivienda Panamá Cta. 10001015161,,,1,99,PESOS,"-8704,77","-10643,89",,161695,Activo,,Activo Corriente,Cuentas por cobrar,Deudores,,,,
302,FIC DIVERSIFICADO INTERNACIONAL,161695010,(BG) Bogotá cta aho Cau No. 049285885,,,1,99,PESOS,"-47,79","65,66",,161695,Activo,,Activo Corriente,Cuentas por cobrar,Deudores,,,,
302,FIC DIVERSIFICADO INTERNACIONAL,161695013,(DI) Bco Bogotá cta aho No 049335086,,,1,99,PESOS,"767270,88","964496,49",,161695,Activo,,Activo Corriente,Cuentas por cobrar,Deudores,,,,
302,FIC DIVERSIFICADO INTERNACIONAL,161695018,BG) Davivienda cta ah No 482800017147,,,1,99,PESOS,"196166,46","196434,57",,161695,Activo,,Activo Corriente,Cuentas por cobrar,Deudores,,,,
302,FIC DIVERSIFICADO INTERNACIONAL,161695145,OCCIDENTAL BANK BARBADOS Cau. 509060 CTE,,,1,99,DOLARES,"1543944,87","1533791,1",,161695,Activo,,Activo Corriente,Cuentas por cobrar,Deudores,,,,
302,FIC DIVERSIFICADO INTERNACIONAL,162825010,EN GARANTIA,,,1,99,PESOS,"441976111,0","512946667,0",,162825,Activo,,Activo Corriente,Cuentas por cobrar,Deudores,,,,
302,FIC DIVERSIFICADO INTERNACIONAL,225020300,DERECHO VENTA TITULOS,,,1,99,PESOS,"1927831393,39","0,0",,225020,Total pasivo + patrimonio,Pasivo,Pasivo Corriente,,,,,,
302,FIC DIVERSIFICADO INTERNACIONAL,225045300,OBLIGACION VENTA TITULOS,,,1,99,PESOS,"-1930904570,94","0,0",,225045,Total pasivo + patrimonio,Pasivo,Pasivo Corriente,,,,,,
302,FIC DIVERSIFICADO INTERNACIONAL,250105035,REVISORIA FISCAL,,,1,99,PESOS,"0,0","-29382,93",,250105,Total pasivo + patrimonio,Pasivo,Pasivo Corriente,Cuentas por pagar,Comision de administracion.,,,,
302,FIC DIVERSIFICADO INTERNACIONAL,250110015,COMISION DE ADMINISTRACION              ,,,1,99,PESOS,"-2030418,13","-1889764,49",,250110,Total pasivo + patrimonio,Pasivo,Pasivo Corriente,Cuentas por pagar,Comision de administracion.,,,,
302,FIC DIVERSIFICADO INTERNACIONAL,253105135,LIQUIDACION DERIVADOS,,,1,99,PESOS,"-7322000,0","-58842000,0",,253105,Total pasivo + patrimonio,Pasivo,Pasivo Corriente,Cuentas por pagar,Acreedores varios,,,,
302,FIC DIVERSIFICADO INTERNACIONAL,253105220,CUENTA COMPENSACION DIVISAS,,,1,99,DOLARES,"-2312416,42","0,0",,253105,Total pasivo + patrimonio,Pasivo,Pasivo Corriente,Cuentas por pagar,Acreedores varios,,,,
302,FIC DIVERSIFICADO INTERNACIONAL,352505010,PARTICIPACIONES EN FDO DE INVERSIÓN COLE,,,1,99,PESOS,"-21315013900,42","-19978402699,99",,352505,Total pasivo + patrimonio,Patrimonio,,Patrimonio especiales,Participaciones en fondos de inversión colectiva,,,,
302,FIC DIVERSIFICADO INTERNACIONAL,411405015,INGRESO POR OP REPO,,,1,99,PESOS,"0,0","-11013666,22",,411405,Total pasivo + patrimonio,Patrimonio,Utilidad o perdida del ejercicio,Ingresos ordinarios,,,,,
302,FIC DIVERSIFICADO INTERNACIONAL,411495002,(BG) Bancolombia cta Ah No. 03196256902,,,1,99,PESOS,"0,0","-1359527,14",,411495,Total pasivo + patrimonio,Patrimonio,Utilidad o perdida del ejercicio,Ingresos ordinarios,Otros rendimientos financieros,,,,
302,FIC DIVERSIFICADO INTERNACIONAL,411495008,(DI) Davivienda Panamá Cta. 10001015161,,,1,99,PESOS,"0,0","-777154,94",,411495,Total pasivo + patrimonio,Patrimonio,Utilidad o perdida del ejercicio,Ingresos ordinarios,Otros rendimientos financieros,,,,
302,FIC DIVERSIFICADO INTERNACIONAL,411495013,(DI) Bco Bogotá cta aho No 049335086,,,1,99,PESOS,"0,0","-3930726,61",,411495,Total pasivo + patrimonio,Patrimonio,Utilidad o perdida del ejercicio,Ingresos ordinarios,Otros rendimientos financieros,,,,
302,FIC DIVERSIFICADO INTERNACIONAL,411495014,(DI) Bancolombia cta Ah No. 69000008141,,,1,99,PESOS,"0,0","-2876496,82",,411495,Total pasivo + patrimonio,Patrimonio,Utilidad o perdida del ejercicio,Ingresos ordinarios,Otros rendimientos financieros,,,,
302,FIC DIVERSIFICADO INTERNACIONAL,411495018,BG) Davivienda cta ah No 482800017147,,,1,99,PESOS,"0,0","-40950,17",,411495,Total pasivo + patrimonio,Patrimonio,Utilidad o perdida del ejercicio,Ingresos ordinarios,Otros rendimientos financieros,,,,
302,FIC DIVERSIFICADO INTERNACIONAL,411495130,ALL FUNDS Cau. 1150500576002 CTE,,,1,99,DOLARES,"0,0","-315994,35",,411495,Total pasivo + patrimonio,Patrimonio,Utilidad o perdida del ejercicio,Ingresos ordinarios,Otros rendimientos financieros,,,,
257,FIC INMOBILIARIO DE RENTA DAVIVIENDA CORREDORES,163035020,IVA DESCONTABLE 19%,"900050036,0",,1,99,PESOS,"1396500,0","1396500,0",,163035,Activo,,Activo Corriente,Cuentas por cobrar,Deudores,,,,
257,FIC INMOBILIARIO DE RENTA DAVIVIENDA CORREDORES,163035020,IVA DESCONTABLE 19%,"900129333,0",,1,99,PESOS,"113159,44","113159,44",,163035,Activo,,Activo Corriente,Cuentas por cobrar,Deudores,,,,
257,FIC INMOBILIARIO DE RENTA DAVIVIENDA CORREDORES,163035020,IVA DESCONTABLE 19%,"900193055,0",,1,99,PESOS,"3005268,0","3005268,0",,163035,Activo,,Activo Corriente,Cuentas por cobrar,Deudores,,,,
257,FIC INMOBILIARIO DE RENTA DAVIVIENDA CORREDORES,163035020,IVA DESCONTABLE 19%,"900704681,0",,1,99,PESOS,"1617565,0","1617565,0",,163035,Activo,,Activo Corriente,Cuentas por cobrar,Deudores,,,,
257,FIC INMOBILIARIO DE RENTA DAVIVIENDA CORREDORES,163035020,IVA DESCONTABLE 19%,"901023283,0",,1,99,PESOS,"101650,0","101650,0",,163035,Activo,,Activo Corriente,Cuentas por cobrar,Deudores,,,,
257,FIC INMOBILIARIO DE RENTA DAVIVIENDA CORREDORES,163035020,IVA DESCONTABLE 19%,"901317525,0",,1,99,PESOS,"305064,0","305064,0",,163035,Activo,,Activo Corriente,Cuentas por cobrar,Deudores,,,,
257,FIC INMOBILIARIO DE RENTA DAVIVIENDA CORREDORES,163035020,IVA DESCONTABLE 19%,"901745377,0",,1,99,PESOS,"110200,0","110200,0",,163035,Activo,,Activo Corriente,Cuentas por cobrar,Deudores,,,,
257,FIC INMOBILIARIO DE RENTA DAVIVIENDA CORREDORES,182705010,PROPIEDADES DE INVERSION,,,1,99,PESOS,"381308796966,0","380967883013,0",,182705,Activo,,Activo no corriente,Activos Materiales,Propiedades de Inversión,,,,
257,FIC INMOBILIARIO DE RENTA DAVIVIENDA CORREDORES,250110015,COMISION DE ADMINISTRACION,,,1,99,PESOS,"-86632191,6","-91097352,81",,250110,Total pasivo + patrimonio,Pasivo,Pasivo Corriente,Cuentas por pagar,Comision de administracion.,,,,
257,FIC INMOBILIARIO DE RENTA DAVIVIENDA CORREDORES,250340010,SOBRE LAS VENTAS POR PAGAR 19%,,,1,99,PESOS,"-1325312140,41","-682040589,13",,250340,Total pasivo + patrimonio,Pasivo,Pasivo Corriente,Cuentas por pagar,Acreedores varios,,,,
257,FIC INMOBILIARIO DE RENTA DAVIVIENDA CORREDORES,352505010,PARTICIPACIONES EN FDO DE INVERSIÓN COLE,,,1,99,PESOS,"-1062056174469,77","-1116887334264,89",,352505,Total pasivo + patrimonio,Patrimonio,,Patrimonio especiales,Participaciones en fondos de inversión colectiva,,,,
257,FIC INMOBILIARIO DE RENTA DAVIVIENDA CORREDORES,410805300,EMISORES NACIONALES,,,1,99,PESOS,"0,0","-39240719380,8",,410805,Total pasivo + patrimonio,Patrimonio,Utilidad o perdida del ejercicio,Ingresos ordinarios,Por aumento en el valor de mercado Inst. de Pat.,,,,
257,FIC INMOBILIARIO DE RENTA DAVIVIENDA CORREDORES,411495001,(FIR) Davivienda CTA AH 005000311323,,,1,99,PESOS,"0,0","-1188432,04",,411495,Total pasivo + patrimonio,Patrimonio,Utilidad o perdida del ejercicio,Ingresos ordinarios,Otros rendimientos financieros,,,,
257,FIC INMOBILIARIO DE RENTA DAVIVIENDA CORREDORES,411495012,(FIR) Bco de Bogota Cta. Aho 049316169,,,1,99,PESOS,"0,0","-106520,86",,411495,Total pasivo + patrimonio,Patrimonio,Utilidad o perdida del ejercicio,Ingresos ordinarios,Otros rendimientos financieros,,,,
257,FIC INMOBILIARIO DE RENTA DAVIVIENDA CORREDORES,411495014,(FIR) Banco Popular Cta. 500804743994,,,1,99,PESOS,"0,0","4375,38",,411495,Total pasivo + patrimonio,Patrimonio,Utilidad o perdida del ejercicio,Ingresos ordinarios,Otros rendimientos financieros,,,,
257,FIC INMOBILIARIO DE RENTA DAVIVIENDA CORREDORES,411495017,(FIR) Davivienda CTA AH 482800036030,,,1,99,PESOS,"0,0","-317556,02",,411495,Total pasivo + patrimonio,Patrimonio,Utilidad o perdida del ejercicio,Ingresos ordinarios,Otros rendimientos financieros,,,,
257,FIC INMOBILIARIO DE RENTA DAVIVIENDA CORREDORES,411495018,(FIR) BANCO POPULAR CTA No. 500805563596,,,1,99,PESOS,"0,0","-177193,09",,411495,Total pasivo + patrimonio,Patrimonio,Utilidad o perdida del ejercicio,Ingresos ordinarios,Otros rendimientos financieros,,,,
257,FIC INMOBILIARIO DE RENTA DAVIVIENDA CORREDORES,419595120,INGRESO PARQUEADEROS OXO 69,,,1,99,PESOS,"0,0","-69079412,0",,419595,Total pasivo + patrimonio,Patrimonio,Utilidad o perdida del ejercicio,Ingresos ordinarios,Valoración Propiedades de Inversión,,,,
257,FIC INMOBILIARIO DE RENTA DAVIVIENDA CORREDORES,419595705,VALORACION PROPIEDADES DE INVERSION,,,1,99,PESOS,"0,0","-24242656508,0",,419595,Total pasivo + patrimonio,Patrimonio,Utilidad o perdida del ejercicio,Ingresos ordinarios,Valoración Propiedades de Inversión,,,,
257,FIC INMOBILIARIO DE RENTA DAVIVIENDA CORREDORES,511325010,COMISION CUSTODIA FIJA                  ,,,1,99,PESOS,"0,0","82597896,0",,511325,Total pasivo + patrimonio,Patrimonio,Utilidad o perdida del ejercicio,Costos y gastos,Gastos de operaciones,Comisión custodia fija,,,
257,FIC INMOBILIARIO DE RENTA DAVIVIENDA CORREDORES,511595015,COMISION ADMON FIDEICOMISOS,,,1,99,PESOS,"0,0","381019902,43",,511595,Total pasivo + patrimonio,Patrimonio,Utilidad o perdida del ejercicio,Costos y gastos,Gastos de operaciones,Comisión Bursatil,,,
257,FIC INMOBILIARIO DE RENTA DAVIVIENDA CORREDORES,513015003,REVISORIA FISCAL                        ,,,1,99,PESOS,"0,0","6881001,0",,513015,Total pasivo + patrimonio,Patrimonio,Utilidad o perdida del ejercicio,Costos y gastos,Gastos de operaciones,Revisoría Fiscal,,,
257,FIC INMOBILIARIO DE RENTA DAVIVIENDA CORREDORES,513025010,ASESORIAS LEGALES Y/O JURIDICAS,,,1,99,PESOS,"0,0","88501684,0",,513025,Total pasivo + patrimonio,Patrimonio,Utilidad o perdida del ejercicio,Costos y gastos,Gastos de operaciones,Asesoria Legal o Jurídica,,,
257,FIC INMOBILIARIO DE RENTA DAVIVIENDA CORREDORES,514005010,IMPUESTO A LOS MOVIMIENTOS FINANCIEROS  ,,,1,99,PESOS,"0,0","60347449,44",,514005,Total pasivo + patrimonio,Patrimonio,Utilidad o perdida del ejercicio,Costos y gastos,Gastos de operaciones,Gravamen a los movimientos financieros,Impuestos y tasas,,
257,FIC INMOBILIARIO DE RENTA DAVIVIENDA CORREDORES,514005020,IMPUESTOS PREDIAL,,,1,99,PESOS,"0,0","1218373163,96",,514005,Total pasivo + patrimonio,Patrimonio,Utilidad o perdida del ejercicio,Costos y gastos,Gastos de operaciones,Gravamen a los movimientos financieros,Impuestos y tasas,,
257,FIC INMOBILIARIO DE RENTA DAVIVIENDA CORREDORES,514005035,IMPUESTOS DE TIMBRE,,,1,99,PESOS,"0,0","63711985,0",,514005,Total pasivo + patrimonio,Patrimonio,Utilidad o perdida del ejercicio,Costos y gastos,Gastos de operaciones,Gravamen a los movimientos financieros,Impuestos y tasas,,
257,FIC INMOBILIARIO DE RENTA DAVIVIENDA CORREDORES,515595010,OTROS SEGUROS,,,1,99,PESOS,"0,0","71259162,0",,515595,Total pasivo + patrimonio,Patrimonio,Utilidad o perdida del ejercicio,Costos y gastos,Gastos de operaciones,Seguros,,,
257,FIC INMOBILIARIO DE RENTA DAVIVIENDA CORREDORES,519025010,SERVICIOS PÚBLICOS,,,1,99,PESOS,"0,0","61429363,77",,519025,Total pasivo + patrimonio,Patrimonio,Utilidad o perdida del ejercicio,Costos y gastos,Gastos de operaciones,Otros gastos de operación,,,
257,FIC INMOBILIARIO DE RENTA DAVIVIENDA CORREDORES,519095070,GASTOS PARQUEADEROS OXO 69,,,1,99,PESOS,"0,0","40208686,0",,519095,Total pasivo + patrimonio,Patrimonio,Utilidad o perdida del ejercicio,Costos y gastos,Gastos de operaciones,Otros gastos de operación,,,
257,FIC INMOBILIARIO DE RENTA DAVIVIENDA CORREDORES,519095080,SERVICIO DE VIGILANCIA,,,1,99,PESOS,"0,0","241483851,68",,519095,Total pasivo + patrimonio,Patrimonio,Utilidad o perdida del ejercicio,Costos y gastos,Gastos de operaciones,Otros gastos de operación,,,
257,FIC INMOBILIARIO DE RENTA DAVIVIENDA CORREDORES,590505010,CANCELACION DE INGRESOS RF,,,1,99,PESOS,"0,0","16555756336,76",,590505,Total pasivo + patrimonio,Patrimonio,,,,,,,
257,FIC INMOBILIARIO DE RENTA DAVIVIENDA CORREDORES,590505015,CANCELACION DE INGRESOS RV,,,1,99,PESOS,"0,0","38275403457,56",,590505,Total pasivo + patrimonio,Patrimonio,,,,,,,
257,FIC INMOBILIARIO DE RENTA DAVIVIENDA CORREDORES,590505020,UTILIDAD/PERDIDA PAGADA EN REDENCIÓN,,,1,99,PESOS,"0,0","12070232022,35",,590505,Total pasivo + patrimonio,Patrimonio,,,,,,,
257,FIC INMOBILIARIO DE RENTA DAVIVIENDA CORREDORES,830505010,DEUDORAS POR CONTRA,,,1,99,PESOS,"-672130833490,85","-689806662550,45",,,,,,,,,,,
273,FCP INMOBILIARIO GRUPO PEGASUS COLOMBIA FONDO I - COMPARTIMENTO I,192595015,COMISION DE GESTION,,,1,99,PESOS,"0,0","237804298,5",,192595,Activo,,Activo Corriente,Otros activos,Gatos pagados por anticipados,,,,
273,FCP INMOBILIARIO GRUPO PEGASUS COLOMBIA FONDO I - COMPARTIMENTO I,352505010,PARTICIPACIONES EN FDO DE INVERSIÓN COLE,,,1,99,PESOS,"-245646955584,07","-246354431388,77",,352505,Total pasivo + patrimonio,Patrimonio,,Patrimonio especiales,Participaciones en fondos de inversión colectiva,,,,
273,FCP INMOBILIARIO GRUPO PEGASUS COLOMBIA FONDO I - COMPARTIMENTO I,410805300,EMISORES NACIONALES,,,1,99,PESOS,"0,0","-1866088978,18",,410805,Total pasivo + patrimonio,Patrimonio,Utilidad o perdida del ejercicio,Ingresos ordinarios,Por aumento en el valor de mercado Inst. de Pat.,,,,
273,FCP INMOBILIARIO GRUPO PEGASUS COLOMBIA FONDO I - COMPARTIMENTO I,511325010,COMISION CUSTODIA FIJA                  ,,,1,99,PESOS,"0,0","13988000,0",,511325,Total pasivo + patrimonio,Patrimonio,Utilidad o perdida del ejercicio,Costos y gastos,Gastos de operaciones,Comisión custodia fija,,,
273,FCP INMOBILIARIO GRUPO PEGASUS COLOMBIA FONDO I - COMPARTIMENTO I,513015003,REVISORIA FISCAL                        ,,,1,99,PESOS,"0,0","6489997,0",,513015,Total pasivo + patrimonio,Patrimonio,Utilidad o perdida del ejercicio,Costos y gastos,Gastos de operaciones,Revisoría Fiscal,,,
273,FCP INMOBILIARIO GRUPO PEGASUS COLOMBIA FONDO I - COMPARTIMENTO I,513095090,OTROS HONORARIOS,,,1,99,PESOS,"0,0","52095253,02",,513095,Total pasivo + patrimonio,Patrimonio,Utilidad o perdida del ejercicio,Costos y gastos,Gastos de operaciones,Otros honorarios,,,
273,FCP INMOBILIARIO GRUPO PEGASUS COLOMBIA FONDO I - COMPARTIMENTO I,514005010,IMPUESTO A LOS MOVIMIENTOS FINANCIEROS  ,,,1,99,PESOS,"0,0","10186682,62",,514005,Total pasivo + patrimonio,Patrimonio,Utilidad o perdida del ejercicio,Costos y gastos,Gastos de operaciones,Gravamen a los movimientos financieros,Impuestos y tasas,,
273,FCP INMOBILIARIO GRUPO PEGASUS COLOMBIA FONDO I - COMPARTIMENTO I,519095050,GASTOS REEMBOLSABLES,,,1,99,PESOS,"0,0","1612229,0",,519095,Total pasivo + patrimonio,Patrimonio,Utilidad o perdida del ejercicio,Costos y gastos,Gastos de operaciones,Otros gastos de operación,,,
273,FCP INMOBILIARIO GRUPO PEGASUS COLOMBIA FONDO I - COMPARTIMENTO I,590505015,CANCELACION DE INGRESOS RV,,,1,99,PESOS,"0,0","-1011507996,48",,590505,Total pasivo + patrimonio,Patrimonio,,,,,,,
273,FCP INMOBILIARIO GRUPO PEGASUS COLOMBIA FONDO I - COMPARTIMENTO I,810505115,EMISORES NACIONALES,,,1,99,PESOS,"375768147,91","457573074,43",,810505,,,,,,,,,
273,FCP INMOBILIARIO GRUPO PEGASUS COLOMBIA FONDO I - COMPARTIMENTO I,810505205,EMISORES NACIONALES                     ,,,1,99,PESOS,"252787020342,15","260318065438,63",,810505,,,,,,,,,
273,FCP INMOBILIARIO GRUPO PEGASUS COLOMBIA FONDO I - COMPARTIMENTO I,829595998,OTRAS CUENTAS DE ORDEN ACREEDORAS PESOS,,,1,99,PESOS,"-136066543866,0","-136066543866,0",,829595,,,,,,,,,
282,FCP TC LATAM - COMPARTIMENTO G,111510007,(LG) BANCOLOMBIA PANAMÁ CTA: 80100009221,,,1,99,DOLARES,"14842594572,33","109488247,21",,111510,Activo,,Activo Corriente,Efectivo y equivales de efectivo,Bancos del Exterior,,,Disponible,
282,FCP TC LATAM - COMPARTIMENTO G,130205300,EMISORES  NACIONALES,,,1,99,PESOS,"16796625732,28","16515941479,87",,130205,Activo,,Activo no corriente,Inversiones a valor razonable con efectos en resultados,Instrumentos de patrimonio,,,Inversiones,
282,FCP TC LATAM - COMPARTIMENTO G,161695007,(LG) BANCOLOMBIA PANAMÁ CTA.80100009221,,,1,99,PESOS,"5016479,43","209060,37",,161695,Activo,,Activo Corriente,Cuentas por cobrar,Deudores,,,,
282,FCP TC LATAM - COMPARTIMENTO G,161695012,(TG) BANCOLOMBIA Cau No.03173150724,,,1,99,PESOS,"2123182,77","1045097,36",,161695,Activo,,Activo Corriente,Cuentas por cobrar,Deudores,,,,
282,FCP TC LATAM - COMPARTIMENTO G,352505010,PARTICIPACIONES EN FDO DE INVERSIÓN COLE,,,1,99,PESOS,"-117507681454,23","-98399442024,56",,352505,Total pasivo + patrimonio,Patrimonio,,Patrimonio especiales,Participaciones en fondos de inversión colectiva,,,,
282,FCP TC LATAM - COMPARTIMENTO G,410805300,EMISORES NACIONALES,,,1,99,PESOS,"0,0","-2137087939,87",,410805,Total pasivo + patrimonio,Patrimonio,Utilidad o perdida del ejercicio,Ingresos ordinarios,Por aumento en el valor de mercado Inst. de Pat.,,,,
282,FCP TC LATAM - COMPARTIMENTO G,411495007,(LG) BANCOLOMBIA PANAMÁ CTA.80100009221,,,1,99,PESOS,"0,0","-6412506,2",,411495,Total pasivo + patrimonio,Patrimonio,Utilidad o perdida del ejercicio,Ingresos ordinarios,Otros rendimientos financieros,,,,
282,FCP TC LATAM - COMPARTIMENTO G,413515010,DIFERENCIA EN CAMBIO,,,1,99,PESOS,"0,0","-1141421818,43",,413515,Total pasivo + patrimonio,Patrimonio,Utilidad o perdida del ejercicio,Ingresos ordinarios,Diferencia en cambio,,,,
282,FCP TC LATAM - COMPARTIMENTO G,419595030,OTROS INGRESOS EJERCICIOS ANTERIORES,,,1,99,PESOS,"0,0","-285727704,0",,419595,Total pasivo + patrimonio,Patrimonio,Utilidad o perdida del ejercicio,Ingresos ordinarios,Valoración Propiedades de Inversión,,,,
282,FCP TC LATAM - COMPARTIMENTO G,511325010,COMISION CUSTODIA FIJA                  ,,,1,99,PESOS,"0,0","4262659,74",,511325,Total pasivo + patrimonio,Patrimonio,Utilidad o perdida del ejercicio,Costos y gastos,Gastos de operaciones,Comisión custodia fija,,,
282,FCP TC LATAM - COMPARTIMENTO G,513015003,REVISORIA FISCAL                        ,,,1,99,PESOS,"0,0","3274587,0",,513015,Total pasivo + patrimonio,Patrimonio,Utilidad o perdida del ejercicio,Costos y gastos,Gastos de operaciones,Revisoría Fiscal,,,
282,FCP TC LATAM - COMPARTIMENTO G,513095090,OTROS HONORARIOS,,,1,99,PESOS,"0,0","823524041,26",,513095,Total pasivo + patrimonio,Patrimonio,Utilidad o perdida del ejercicio,Costos y gastos,Gastos de operaciones,Otros honorarios,,,
282,FCP TC LATAM - COMPARTIMENTO G,513535010,POR REEXPRESION DE  OTROS ACTIVOS,,,1,99,PESOS,"0,0","1755997954,7",,513535,Total pasivo + patrimonio,Patrimonio,Utilidad o perdida del ejercicio,Costos y gastos,Gastos de operaciones,Reexpresion de Activos,,,
282,FCP TC LATAM - COMPARTIMENTO G,514005010,IMPUESTO A LOS MOVIMIENTOS FINANCIEROS  ,,,1,99,PESOS,"0,0","24417054,6",,514005,Total pasivo + patrimonio,Patrimonio,Utilidad o perdida del ejercicio,Costos y gastos,Gastos de operaciones,Gravamen a los movimientos financieros,Impuestos y tasas,,
282,FCP TC LATAM - COMPARTIMENTO G,590505010,CANCELACION DE INGRESOS RF,,,1,99,PESOS,"0,0","-21576715935,78",,590505,Total pasivo + patrimonio,Patrimonio,,,,,,,
282,FCP TC LATAM - COMPARTIMENTO G,590505015,CANCELACION DE INGRESOS RV,,,1,99,PESOS,"0,0","2468476506,11",,590505,Total pasivo + patrimonio,Patrimonio,,,,,,,
282,FCP TC LATAM - COMPARTIMENTO G,590505020,UTILIDAD/PERDIDA PAGADA EN REDENCIÓN,,,1,99,PESOS,"0,0","20072862600,48",,590505,Total pasivo + patrimonio,Patrimonio,,,,,,,
282,FCP TC LATAM - COMPARTIMENTO G,829595999,OTRAS CUENTAS DE ORDEN ACREEDORAS USD,,,1,99,DOLARES,"-411606473516,94","-387294605266,14",,829595,,,,,,,,,
282,FCP TC LATAM - COMPARTIMENTO G,830505010,DEUDORAS POR CONTRA,,,1,99,PESOS,"-113213102646,86","-110024754306,87",,,,,,,,,,,
282,FCP TC LATAM - COMPARTIMENTO G,840505999,OTRAS CUENTAS DE ORDEN ACREEDORAS USD,,,1,99,PESOS,"411606473516,94","387294605266,14",,840505,,,,,,,,,
284,FCP MALLPLAZA COMPARTIMENTO UNO,111505005,(M1) BANCOLOMBIA Cta. No.03191346156,,,1,99,PESOS,"23809545882,17","23710637871,34",,111505,Activo,,Activo Corriente,Efectivo y equivales de efectivo,Bancos nacionales,,,Disponible,
284,FCP MALLPLAZA COMPARTIMENTO UNO,130205300,EMISORES  NACIONALES,,,1,99,PESOS,"642680208,98","692556166,87",,130205,Activo,,Activo no corriente,Inversiones a valor razonable con efectos en resultados,Instrumentos de patrimonio,,,Inversiones,
284,FCP MALLPLAZA COMPARTIMENTO UNO,136000010,INVERSIONES DERECHOS FIDUCIARIOS,,,1,99,PESOS,"1554905857744,44","0,0",,136000,Activo,,Activo no corriente,Inversiones a valor razonable con efectos en resultados,Inversiones derechos fiduciarios,,,Inversiones,
284,FCP MALLPLAZA COMPARTIMENTO UNO,161695001,(M1) SCOTIABANK Cta No.92097629,,,1,99,PESOS,"54537168,81","114827842,32",,161695,Activo,,Activo Corriente,Cuentas por cobrar,Deudores,,,,
284,FCP MALLPLAZA COMPARTIMENTO UNO,161695005,(M1) BANCOLOMBIA Cau No.03191346156,,,1,99,PESOS,"10234688,2","9490434,28",,161695,Activo,,Activo Corriente,Cuentas por cobrar,Deudores,,,,
284,FCP MALLPLAZA COMPARTIMENTO UNO,243505010,CREDITOS,,,1,99,PESOS,"-398610000000,0","-398610000000,0",,243505,Total pasivo + patrimonio,Pasivo,Pasivo Corriente,Créditos de bancos y otras obligaciones financieras,Otras obligaciones financieras,,,,
284,FCP MALLPLAZA COMPARTIMENTO UNO,250110015,COMISION DE ADMINISTRACION,,,1,99,PESOS,"0,0","-70310172,25",,250110,Total pasivo + patrimonio,Pasivo,Pasivo Corriente,Cuentas por pagar,Comision de administracion.,,,,
284,FCP MALLPLAZA COMPARTIMENTO UNO,253105110,CUENTA COMPENSACION,,,1,99,PESOS,"-13813240744,0","-12199723641,25",,253105,Total pasivo + patrimonio,Pasivo,Pasivo Corriente,Cuentas por pagar,Acreedores varios,,,,
284,FCP MALLPLAZA COMPARTIMENTO UNO,410805300,EMISORES NACIONALES,,,1,99,PESOS,"0,0","-142087228932,02",,410805,Total pasivo + patrimonio,Patrimonio,Utilidad o perdida del ejercicio,Ingresos ordinarios,Por aumento en el valor de mercado Inst. de Pat.,,,,
284,FCP MALLPLAZA COMPARTIMENTO UNO,411495999,OTROS,,,1,99,PESOS,"0,0","-1344640555,4",,411495,Total pasivo + patrimonio,Patrimonio,Utilidad o perdida del ejercicio,Ingresos ordinarios,Otros rendimientos financieros,,,,
284,FCP MALLPLAZA COMPARTIMENTO UNO,513015003,REVISORIA FISCAL                        ,,,1,99,PESOS,"0,0","3579919,0",,513015,Total pasivo + patrimonio,Patrimonio,Utilidad o perdida del ejercicio,Costos y gastos,Gastos de operaciones,Revisoría Fiscal,,,
284,FCP MALLPLAZA COMPARTIMENTO UNO,514005011,IMPOVENTAS                              ,,,1,99,PESOS,"0,0","42537540,04",,514005,Total pasivo + patrimonio,Patrimonio,Utilidad o perdida del ejercicio,Costos y gastos,Gastos de operaciones,Gravamen a los movimientos financieros,Impuestos y tasas,,
284,FCP MALLPLAZA COMPARTIMENTO UNO,519095999,OTROS,,,1,99,PESOS,"0,0","2,97",,519095,Total pasivo + patrimonio,Patrimonio,Utilidad o perdida del ejercicio,Costos y gastos,Gastos de operaciones,Otros gastos de operación,,,
284,FCP MALLPLAZA COMPARTIMENTO UNO,590505010,CANCELACION DE INGRESOS RF,,,1,99,PESOS,"0,0","-1432100685,33",,590505,Total pasivo + patrimonio,Patrimonio,,,,,,,
284,FCP MALLPLAZA COMPARTIMENTO UNO,590505015,CANCELACION DE INGRESOS RV,,,1,99,PESOS,"0,0","142051109830,62",,590505,Total pasivo + patrimonio,Patrimonio,,,,,,,
284,FCP MALLPLAZA COMPARTIMENTO UNO,830505010,DEUDORAS POR CONTRA,,,1,99,PESOS,"-1668446136590,44","-1792221644865,88",,,,,,,,,,,
285,FCP MALLPLAZA COMPARTIMENTO FARO INMOBILIARIO,111505008,(MFI) BANCOLOMBIA Cta No.03191346172,,,1,99,PESOS,"28541751,41","20199343,01",,111505,Activo,,Activo Corriente,Efectivo y equivales de efectivo,Bancos nacionales,,,Disponible,
302,FIC DIVERSIFICADO INTERNACIONAL,412917010,FUTUROS DE MONEDAS,,,1,99,PESOS,"0,0","-337894500,0",,412917,Total pasivo + patrimonio,Patrimonio,Utilidad o perdida del ejercicio,Ingresos ordinarios,,,,,
302,FIC DIVERSIFICADO INTERNACIONAL,413535010,DIFERENCIA EN CAMBIO,,,1,99,PESOS,"0,0","-3686219,04",,413535,Total pasivo + patrimonio,Patrimonio,Utilidad o perdida del ejercicio,Ingresos ordinarios,Por reexpresion de otros pasivos,,,,
302,FIC DIVERSIFICADO INTERNACIONAL,413535015,UT/PER REEXPRESIÓN OTROS PASIVOS (OBL VE,,,1,99,PESOS,"0,0","-7884800,0",,413535,Total pasivo + patrimonio,Patrimonio,Utilidad o perdida del ejercicio,Ingresos ordinarios,Por reexpresion de otros pasivos,,,,
302,FIC DIVERSIFICADO INTERNACIONAL,510805200,EMISORES EXTRANJEROS,,,1,99,PESOS,"0,0","1476983242,33",,510805,Total pasivo + patrimonio,Patrimonio,Utilidad o perdida del ejercicio,Costos y gastos,Gastos de operaciones,Disminución en el valor de mercado Inst. de Pat.,,,
302,FIC DIVERSIFICADO INTERNACIONAL,511325002,COMISION CUSTODIA VARIABLE              ,,,1,99,PESOS,"0,0","3011676,33",,511325,Total pasivo + patrimonio,Patrimonio,Utilidad o perdida del ejercicio,Costos y gastos,Gastos de operaciones,Comisión custodia fija,,,
302,FIC DIVERSIFICADO INTERNACIONAL,511325010,COMISION CUSTODIA FIJA                  ,,,1,99,PESOS,"0,0","165053,73",,511325,Total pasivo + patrimonio,Patrimonio,Utilidad o perdida del ejercicio,Costos y gastos,Gastos de operaciones,Comisión custodia fija,,,
302,FIC DIVERSIFICADO INTERNACIONAL,511512010,GASTOS BANCARIOS                        ,,,1,99,PESOS,"0,0","2525412,64",,511512,Total pasivo + patrimonio,Patrimonio,Utilidad o perdida del ejercicio,Costos y gastos,Gastos de operaciones,Gastos bancarios,,,
302,FIC DIVERSIFICADO INTERNACIONAL,511595070,COMISIONES OP DEL EXTERIOR,,,1,99,PESOS,"0,0","3938511,96",,511595,Total pasivo + patrimonio,Patrimonio,Utilidad o perdida del ejercicio,Costos y gastos,Gastos de operaciones,Comisión Bursatil,,,
302,FIC DIVERSIFICADO INTERNACIONAL,513015003,REVISORIA FISCAL                        ,,,1,99,PESOS,"0,0","1361709,94",,513015,Total pasivo + patrimonio,Patrimonio,Utilidad o perdida del ejercicio,Costos y gastos,Gastos de operaciones,Revisoría Fiscal,,,
302,FIC DIVERSIFICADO INTERNACIONAL,513535010,POR REEXPRESION DE OTROS ACTIVOS,,,1,99,PESOS,"0,0","231482476,11",,513535,Total pasivo + patrimonio,Patrimonio,Utilidad o perdida del ejercicio,Costos y gastos,Gastos de operaciones,Reexpresion de Activos,,,
302,FIC DIVERSIFICADO INTERNACIONAL,514005010,IMPUESTO A LOS MOVIMIENTOS FINANCIEROS  ,,,1,99,PESOS,"0,0","9877,18",,514005,Total pasivo + patrimonio,Patrimonio,Utilidad o perdida del ejercicio,Costos y gastos,Gastos de operaciones,Gravamen a los movimientos financieros,Impuestos y tasas,,
302,FIC DIVERSIFICADO INTERNACIONAL,590505015,CANCELACION DE INGRESOS RV,,,1,99,PESOS,"0,0","-741887859,49",,590505,Total pasivo + patrimonio,Patrimonio,,,,,,,
305,FCP TC LATAM - COMPARTIMENTO F,111505006,(LT) BANCOLOMBIA Cta No.69000002519,,,1,99,PESOS,"0,0","1972,62",,111505,Activo,,Activo Corriente,Efectivo y equivales de efectivo,Bancos nacionales,,,Disponible,
305,FCP TC LATAM - COMPARTIMENTO F,111505009,(LF) BANCOLOMBIA Cta No.03173150449,,,1,99,PESOS,"174099029,46","336236295,56",,111505,Activo,,Activo Corriente,Efectivo y equivales de efectivo,Bancos nacionales,,,Disponible,
305,FCP TC LATAM - COMPARTIMENTO F,130210300,EMISORES EXTRANJEROS,,,1,99,PESOS,"27459121037,54","0,0",,130210,Activo,,Activo no corriente,Inversiones a valor razonable con efectos en resultados,Instrumentos de patrimonio,,,Inversiones,
305,FCP TC LATAM - COMPARTIMENTO F,139005010,INSTRUMENTOS DE DEUDA,,,1,99,PESOS,"0,0","-15557234887,45",,139005,Activo,,Activo no corriente,Inversiones a valor razonable con efectos en resultados,Deterioro inversiones,,,Inversiones,
305,FCP TC LATAM - COMPARTIMENTO F,139010010,INSTRUMENTOS DE PATRIMONIO,,,1,99,PESOS,"-15557234887,45","0,0",,139010,Activo,,Activo no corriente,Inversiones a valor razonable con efectos en resultados,Deterioro inversiones,,,Inversiones,
305,FCP TC LATAM - COMPARTIMENTO F,161695009,(LF) BANCOLOMBIA Cta No.03173150449,,,1,99,PESOS,"116817,65","108383,41",,161695,Activo,,Activo Corriente,Cuentas por cobrar,Deudores,,,,
305,FCP TC LATAM - COMPARTIMENTO F,163035010,IVA DESCONTABLE 19%,,,1,99,PESOS,"1564828,96","307184,1",,163035,Activo,,Activo Corriente,Cuentas por cobrar,Deudores,,,,
305,FCP TC LATAM - COMPARTIMENTO F,250110015,COMISION DE ADMINISTRACION,,,1,99,PESOS,"0,0","-102634120,85",,250110,Total pasivo + patrimonio,Pasivo,Pasivo Corriente,Cuentas por pagar,Comision de administracion.,,,,
305,FCP TC LATAM - COMPARTIMENTO F,253105110,CUENTA COMPENSACION,,,1,99,PESOS,"0,0","-249937606,03",,253105,Total pasivo + patrimonio,Pasivo,Pasivo Corriente,Cuentas por pagar,Acreedores varios,,,,
305,FCP TC LATAM - COMPARTIMENTO F,411495999,OTROS,,,1,99,PESOS,"0,0","-0,11",,411495,Total pasivo + patrimonio,Patrimonio,Utilidad o perdida del ejercicio,Ingresos ordinarios,Otros rendimientos financieros,,,,
305,FCP TC LATAM - COMPARTIMENTO F,414515010,ARRENDAMIENTO INMUEBLES IVA 19%,,,1,99,PESOS,"0,0","-78621440,11",,414515,Total pasivo + patrimonio,Patrimonio,Utilidad o perdida del ejercicio,Ingresos ordinarios,Arrendamientos,,,,
305,FCP TC LATAM - COMPARTIMENTO F,414515020,ARRENDAMIENTO INMUEBLES EXCLUIDO,,,1,99,PESOS,"0,0","-2160926,36",,414515,Total pasivo + patrimonio,Patrimonio,Utilidad o perdida del ejercicio,Ingresos ordinarios,Arrendamientos,,,,
305,FCP TC LATAM - COMPARTIMENTO F,510605115,OTROS EMISORES NACIONALES,,,1,99,PESOS,"0,0","251912828,11",,510605,Total pasivo + patrimonio,Patrimonio,Utilidad o perdida del ejercicio,Costos y gastos,Gastos de operaciones,Disminucion en el Valor Razonables inst. de Deuda,,,
305,FCP TC LATAM - COMPARTIMENTO F,511548010,COMISION DE ADMINISTRACION R.F.         ,,,1,99,PESOS,"0,0","102634120,85",,511548,Total pasivo + patrimonio,Patrimonio,Utilidad o perdida del ejercicio,Costos y gastos,Gastos de operaciones,Comisión administración,,,
305,FCP TC LATAM - COMPARTIMENTO F,511595015,OTRAS COMISIONES,,,1,99,PESOS,"0,0","14949618,4",,511595,Total pasivo + patrimonio,Patrimonio,Utilidad o perdida del ejercicio,Costos y gastos,Gastos de operaciones,Comisión Bursatil,,,
305,FCP TC LATAM - COMPARTIMENTO F,513015003,REVISORIA FISCAL                        ,,,1,99,PESOS,"0,0","3274587,0",,513015,Total pasivo + patrimonio,Patrimonio,Utilidad o perdida del ejercicio,Costos y gastos,Gastos de operaciones,Revisoría Fiscal,,,
305,FCP TC LATAM - COMPARTIMENTO F,514005011,IMPOVENTAS                              ,,,1,99,PESOS,"0,0","1448060,19",,514005,Total pasivo + patrimonio,Patrimonio,Utilidad o perdida del ejercicio,Costos y gastos,Gastos de operaciones,Gravamen a los movimientos financieros,Impuestos y tasas,,
305,FCP TC LATAM - COMPARTIMENTO F,514005020,IMPUESTOS ASUMIDOS,,,1,99,PESOS,"0,0","5296813,4",,514005,Total pasivo + patrimonio,Patrimonio,Utilidad o perdida del ejercicio,Costos y gastos,Gastos de operaciones,Gravamen a los movimientos financieros,Impuestos y tasas,,
305,FCP TC LATAM - COMPARTIMENTO F,516060010,MANTENIMIENTO Y REPARACIONES,,,1,99,PESOS,"0,0","18979092,2",,516060,Total pasivo + patrimonio,Patrimonio,Utilidad o perdida del ejercicio,Costos y gastos,Gastos de operaciones,Mantenimiento y Reparaciones,,,
305,FCP TC LATAM - COMPARTIMENTO F,519095045,OTROS GTOS OPERACIONALES,,,1,99,PESOS,"0,0","23770,25",,519095,Total pasivo + patrimonio,Patrimonio,Utilidad o perdida del ejercicio,Costos y gastos,Gastos de operaciones,Otros gastos de operación,,,
305,FCP TC LATAM - COMPARTIMENTO F,519095999,OTROS,,,1,99,PESOS,"0,0","0,02",,519095,Total pasivo + patrimonio,Patrimonio,Utilidad o perdida del ejercicio,Costos y gastos,Gastos de operaciones,Otros gastos de operación,,,
305,FCP TC LATAM - COMPARTIMENTO F,590505010,CANCELACION DE INGRESOS RF,,,1,99,PESOS,"0,0","-359944214,15",,590505,Total pasivo + patrimonio,Patrimonio,,,,,,,
305,FCP TC LATAM - COMPARTIMENTO F,590505015,CANCELACION DE INGRESOS RV,,,1,99,PESOS,"0,0","-1442697120,94",,590505,Total pasivo + patrimonio,Patrimonio,,,,,,,
305,FCP TC LATAM - COMPARTIMENTO F,810505120,EMISORES EXTRANJEROS,,,1,99,PESOS,"27459121037,54","0,0",,810505,,,,,,,,,
305,FCP TC LATAM - COMPARTIMENTO F,829595999,OTRAS CUENTAS DE ORDEN ACREEDORAS USD,,,1,99,DOLAR,"-124007343750,0","-116682750000,0",,829595,,,,,,,,,
305,FCP TC LATAM - COMPARTIMENTO F,830505010,DEUDORAS POR CONTRA,,,1,99,PESOS,"-27459121037,54","-29124696204,57",,,,,,,,,,,
313,FONDO DE INVERSION COLECTIVA RENTA FIJA LARGO PLAZO,111505005,(RF) DAVIVIENDA Cta No. 482800007171,,,1,99,PESOS,"2817968,37","50414098,89",,111505,Activo,,Activo Corriente,Efectivo y equivales de efectivo,Bancos nacionales,,,Disponible,
313,FONDO DE INVERSION COLECTIVA RENTA FIJA LARGO PLAZO,111505017,(LP) DAVIVIENDA Cta No. 482800036055,,,1,99,PESOS,"31227796,78","46096727,4",,111505,Activo,,Activo Corriente,Efectivo y equivales de efectivo,Bancos nacionales,,,Disponible,
313,FONDO DE INVERSION COLECTIVA RENTA FIJA LARGO PLAZO,111505018,(LP) BANCOLOMBIA Cta No. 69000008142,,,1,99,PESOS,"1196208962,04","429326383,83",,111505,Activo,,Activo Corriente,Efectivo y equivales de efectivo,Bancos nacionales,,,Disponible,
313,FONDO DE INVERSION COLECTIVA RENTA FIJA LARGO PLAZO,111505020,(LP) BANCO COLPATRIA Cta No.0072967713,,,1,99,PESOS,"209914838,94","199947820,62",,111505,Activo,,Activo Corriente,Efectivo y equivales de efectivo,Bancos nacionales,,,Disponible,
313,FONDO DE INVERSION COLECTIVA RENTA FIJA LARGO PLAZO,111505050,(RF) DAVIVIENDA Cta No. 5069992237,,,1,99,PESOS,"70961585,12","70959022,24",,111505,Activo,,Activo Corriente,Efectivo y equivales de efectivo,Bancos nacionales,,,Disponible,
313,FONDO DE INVERSION COLECTIVA RENTA FIJA LARGO PLAZO,130105105,TÍTULOS DE TESORERÍA -TES               ,,,1,99,PESOS,"28398762870,59","23015760186,82",,130105,Activo,,Activo no corriente,Inversiones a valor razonable con efectos en resultados,Instrumentos de Deuda,,,Inversiones,
285,FCP MALLPLAZA COMPARTIMENTO FARO INMOBILIARIO,111505009,(MFA) BANCOLOMBIA Cta No.69000001720,,,1,99,PESOS,"38965,28","40395,74",,111505,Activo,,Activo Corriente,Efectivo y equivales de efectivo,Bancos nacionales,,,Disponible,
285,FCP MALLPLAZA COMPARTIMENTO FARO INMOBILIARIO,136000010,INVERSIONES DERECHOS FIDUCIARIOS,,,1,99,PESOS,"15348086847,6","0,0",,136000,Activo,,Activo no corriente,Inversiones a valor razonable con efectos en resultados,Inversiones derechos fiduciarios,,,Inversiones,
285,FCP MALLPLAZA COMPARTIMENTO FARO INMOBILIARIO,136000300,INVERSIONES DERECHOS FIDUCIARIOS,,,1,99,PESOS,"0,0","18883074960,67",,136000,Activo,,Activo no corriente,Inversiones a valor razonable con efectos en resultados,Inversiones derechos fiduciarios,,,Inversiones,
285,FCP MALLPLAZA COMPARTIMENTO FARO INMOBILIARIO,161695008,(MFI) BANCOLOMBIA Cau No.03191346172,,,1,99,PESOS,"13594,21","16955,98",,161695,Activo,,Activo Corriente,Cuentas por cobrar,Deudores,,,,
285,FCP MALLPLAZA COMPARTIMENTO FARO INMOBILIARIO,161695009,(MFA) BANCOLOMBIA Cau No.69000001720,,,1,99,PESOS,"117,1","2696,78",,161695,Activo,,Activo Corriente,Cuentas por cobrar,Deudores,,,,
285,FCP MALLPLAZA COMPARTIMENTO FARO INMOBILIARIO,253105110,CUENTA COMPENSACION,,,1,99,PESOS,"-0,5","-0,62",,253105,Total pasivo + patrimonio,Pasivo,Pasivo Corriente,Cuentas por pagar,Acreedores varios,,,,
285,FCP MALLPLAZA COMPARTIMENTO FARO INMOBILIARIO,411495999,OTROS,,,1,99,PESOS,"0,0","-0,08",,411495,Total pasivo + patrimonio,Patrimonio,Utilidad o perdida del ejercicio,Ingresos ordinarios,Otros rendimientos financieros,,,,
285,FCP MALLPLAZA COMPARTIMENTO FARO INMOBILIARIO,511548010,COMISION DE ADMINISTRACION R.F.         ,,,1,99,PESOS,"0,0","4183729,94",,511548,Total pasivo + patrimonio,Patrimonio,Utilidad o perdida del ejercicio,Costos y gastos,Gastos de operaciones,Comisión administración,,,
285,FCP MALLPLAZA COMPARTIMENTO FARO INMOBILIARIO,514005011,IMPOVENTAS                              ,,,1,99,PESOS,"0,0","863081,44",,514005,Total pasivo + patrimonio,Patrimonio,Utilidad o perdida del ejercicio,Costos y gastos,Gastos de operaciones,Gravamen a los movimientos financieros,Impuestos y tasas,,
285,FCP MALLPLAZA COMPARTIMENTO FARO INMOBILIARIO,519095999,OTROS,,,1,99,PESOS,"0,0","0,2",,519095,Total pasivo + patrimonio,Patrimonio,Utilidad o perdida del ejercicio,Costos y gastos,Gastos de operaciones,Otros gastos de operación,,,
285,FCP MALLPLAZA COMPARTIMENTO FARO INMOBILIARIO,590505010,CANCELACION DE INGRESOS RF,,,1,99,PESOS,"0,0","-7636716,07",,590505,Total pasivo + patrimonio,Patrimonio,,,,,,,
285,FCP MALLPLAZA COMPARTIMENTO FARO INMOBILIARIO,590505015,CANCELACION DE INGRESOS RV,,,1,99,PESOS,"0,0","3533415493,03",,590505,Total pasivo + patrimonio,Patrimonio,,,,,,,
285,FCP MALLPLAZA COMPARTIMENTO FARO INMOBILIARIO,829595998,OTRAS CUENTAS DE ORDEN ACREEDORAS PESOS,,,1,99,PESOS,"-53840362603,93","-53840362603,93",,829595,,,,,,,,,
285,FCP MALLPLAZA COMPARTIMENTO FARO INMOBILIARIO,830505010,DEUDORAS POR CONTRA,,,1,99,PESOS,"-15348086847,6","-18883074960,67",,,,,,,,,,,
285,FCP MALLPLAZA COMPARTIMENTO FARO INMOBILIARIO,840505998,ACREEDORAS POR CONTRA PESOS,,,1,99,PESOS,"53840362603,93","53840362603,93",,840505,,,,,,,,,
286,FCP MALLPLAZA COMPARTIMENTO AS CONSTRUCCIONES,136000010,INVERSIONES DERECHOS FIDUCIARIOS,,,1,99,PESOS,"119645276312,77","0,0",,136000,Activo,,Activo no corriente,Inversiones a valor razonable con efectos en resultados,Inversiones derechos fiduciarios,,,Inversiones,
286,FCP MALLPLAZA COMPARTIMENTO AS CONSTRUCCIONES,136000300,INVERSIONES DERECHOS FIDUCIARIOS,,,1,99,PESOS,"0,0","130780514485,22",,136000,Activo,,Activo no corriente,Inversiones a valor razonable con efectos en resultados,Inversiones derechos fiduciarios,,,Inversiones,
286,FCP MALLPLAZA COMPARTIMENTO AS CONSTRUCCIONES,243505010,CREDITOS,,,1,99,PESOS,"-70567921951,64","-67538666853,78",,243505,Total pasivo + patrimonio,Pasivo,Pasivo Corriente,Créditos de bancos y otras obligaciones financieras,Otras obligaciones financieras,,,,
286,FCP MALLPLAZA COMPARTIMENTO AS CONSTRUCCIONES,253105110,CUENTA COMPENSACION,,,1,99,PESOS,"-1357999999,5","-885639425,49",,253105,Total pasivo + patrimonio,Pasivo,Pasivo Corriente,Cuentas por pagar,Acreedores varios,,,,
286,FCP MALLPLAZA COMPARTIMENTO AS CONSTRUCCIONES,411495999,OTROS,,,1,99,PESOS,"0,0","-0,02",,411495,Total pasivo + patrimonio,Patrimonio,Utilidad o perdida del ejercicio,Ingresos ordinarios,Otros rendimientos financieros,,,,
286,FCP MALLPLAZA COMPARTIMENTO AS CONSTRUCCIONES,511548010,COMISION DE ADMINISTRACION R.F.         ,,,1,99,PESOS,"0,0","13370926,18",,511548,Total pasivo + patrimonio,Patrimonio,Utilidad o perdida del ejercicio,Costos y gastos,Gastos de operaciones,Comisión administración,,,
286,FCP MALLPLAZA COMPARTIMENTO AS CONSTRUCCIONES,514005011,IMPOVENTAS                              ,,,1,99,PESOS,"0,0","1939612,52",,514005,Total pasivo + patrimonio,Patrimonio,Utilidad o perdida del ejercicio,Costos y gastos,Gastos de operaciones,Gravamen a los movimientos financieros,Impuestos y tasas,,
286,FCP MALLPLAZA COMPARTIMENTO AS CONSTRUCCIONES,519095999,OTROS,,,1,99,PESOS,"0,0","0,53",,519095,Total pasivo + patrimonio,Patrimonio,Utilidad o perdida del ejercicio,Costos y gastos,Gastos de operaciones,Otros gastos de operación,,,
286,FCP MALLPLAZA COMPARTIMENTO AS CONSTRUCCIONES,590505010,CANCELACION DE INGRESOS RF,,,1,99,PESOS,"0,0","-2995810002,18",,590505,Total pasivo + patrimonio,Patrimonio,,,,,,,
286,FCP MALLPLAZA COMPARTIMENTO AS CONSTRUCCIONES,810505205,EMISORES NACIONALES,,,1,99,PESOS,"119645276312,77","130780514485,22",,810505,,,,,,,,,
286,FCP MALLPLAZA COMPARTIMENTO AS CONSTRUCCIONES,830505010,DEUDORAS POR CONTRA,,,1,99,PESOS,"-119645276312,77","-130780514485,22",,,,,,,,,,,
286,FCP MALLPLAZA COMPARTIMENTO AS CONSTRUCCIONES,840505998,ACREEDORAS POR CONTRA PESOS,,,1,99,PESOS,"66865672611,9","66865672611,9",,840505,,,,,,,,,
292,FCP PALADIN REALTY COLOMBIA - COMPARTIMENTO A,130205300,EMISORES  NACIONALES,,,1,99,PESOS,"179172055,14","157117875,21",,130205,Activo,,Activo no corriente,Inversiones a valor razonable con efectos en resultados,Instrumentos de patrimonio,,,Inversiones,
292,FCP PALADIN REALTY COLOMBIA - COMPARTIMENTO A,130210300,EMISORES EXTRANJEROS,,,1,99,PESOS,"3475106667,82","3237145069,25",,130210,Activo,,Activo no corriente,Inversiones a valor razonable con efectos en resultados,Instrumentos de patrimonio,,,Inversiones,
292,FCP PALADIN REALTY COLOMBIA - COMPARTIMENTO A,136000010,INVERSIONES DERECHOS FIDUCIARIOS,,,1,99,PESOS,"1378314333,99","0,0",,136000,Activo,,Activo no corriente,Inversiones a valor razonable con efectos en resultados,Inversiones derechos fiduciarios,,,Inversiones,
292,FCP PALADIN REALTY COLOMBIA - COMPARTIMENTO A,161695005,BANCOLOMBIA Cau No.03183435387,,,1,99,PESOS,"440217,6","223496,21",,161695,Activo,,Activo Corriente,Cuentas por cobrar,Deudores,,,,
292,FCP PALADIN REALTY COLOMBIA - COMPARTIMENTO A,192595030,AMORTIZACION COMISION DE ADMON,,,1,99,PESOS,"0,0","1146503,65",,192595,Activo,,Activo Corriente,Otros activos,Gatos pagados por anticipados,,,,
292,FCP PALADIN REALTY COLOMBIA - COMPARTIMENTO A,411495005,BANCOLOMBIA Cau No.03183435387,,,1,99,PESOS,"0,0","-15812181,35",,411495,Total pasivo + patrimonio,Patrimonio,Utilidad o perdida del ejercicio,Ingresos ordinarios,Otros rendimientos financieros,,,,
292,FCP PALADIN REALTY COLOMBIA - COMPARTIMENTO A,511595015,OTRAS COMISIONES,,,1,99,PESOS,"0,0","272867,88",,511595,Total pasivo + patrimonio,Patrimonio,Utilidad o perdida del ejercicio,Costos y gastos,Gastos de operaciones,Comisión Bursatil,,,
292,FCP PALADIN REALTY COLOMBIA - COMPARTIMENTO A,513015003,REVISORIA FISCAL                        ,,,1,99,PESOS,"0,0","463119,51",,513015,Total pasivo + patrimonio,Patrimonio,Utilidad o perdida del ejercicio,Costos y gastos,Gastos de operaciones,Revisoría Fiscal,,,
292,FCP PALADIN REALTY COLOMBIA - COMPARTIMENTO A,514005011,IMPOVENTAS                              ,,,1,99,PESOS,"0,0","346875,62",,514005,Total pasivo + patrimonio,Patrimonio,Utilidad o perdida del ejercicio,Costos y gastos,Gastos de operaciones,Gravamen a los movimientos financieros,Impuestos y tasas,,
292,FCP PALADIN REALTY COLOMBIA - COMPARTIMENTO A,590505010,CANCELACION DE INGRESOS RF,,,1,99,PESOS,"0,0","-32199745,7",,590505,Total pasivo + patrimonio,Patrimonio,,,,,,,
292,FCP PALADIN REALTY COLOMBIA - COMPARTIMENTO A,590505015,CANCELACION DE INGRESOS RV,,,1,99,PESOS,"0,0","-272379694,6",,590505,Total pasivo + patrimonio,Patrimonio,,,,,,,
292,FCP PALADIN REALTY COLOMBIA - COMPARTIMENTO A,810505210,EMISORES EXTRANJEROS,,,1,99,PESOS,"3475106667,82","3237145069,25",,810505,,,,,,,,,
292,FCP PALADIN REALTY COLOMBIA - COMPARTIMENTO A,830505010,DEUDORAS POR CONTRA,,,1,99,PESOS,"-5043083495,62","-4682561817,19",,,,,,,,,,,
293,FCP PALADIN REALTY COLOMBIA - COMPARTIMENTO B,130205300,EMISORES  NACIONALES,,,1,99,PESOS,"9406532894,77","8248688448,44",,130205,Activo,,Activo no corriente,Inversiones a valor razonable con efectos en resultados,Instrumentos de patrimonio,,,Inversiones,
293,FCP PALADIN REALTY COLOMBIA - COMPARTIMENTO B,136000010,INVERSIONES DERECHOS FIDUCIARIOS,,,1,99,PESOS,"72370350252,03","0,0",,136000,Activo,,Activo no corriente,Inversiones a valor razonable con efectos en resultados,Inversiones derechos fiduciarios,,,Inversiones,
293,FCP PALADIN REALTY COLOMBIA - COMPARTIMENTO B,136000300,INVERSIONES DERECHOS FIDUCIARIOS,,,1,99,PESOS,"0,0","67093790505,89",,136000,Activo,,Activo no corriente,Inversiones a valor razonable con efectos en resultados,Inversiones derechos fiduciarios,,,Inversiones,
293,FCP PALADIN REALTY COLOMBIA - COMPARTIMENTO B,161695006,BANCOLOMBIA Cta No.03183435808,,,1,99,PESOS,"609076,71","152126,13",,161695,Activo,,Activo Corriente,Cuentas por cobrar,Deudores,,,,
293,FCP PALADIN REALTY COLOMBIA - COMPARTIMENTO B,161695045,CUENTA CORRIENTE                        ,,,1,99,PESOS,"87309306,39","824642668,39",,161695,Activo,,Activo Corriente,Cuentas por cobrar,Deudores,,,,
293,FCP PALADIN REALTY COLOMBIA - COMPARTIMENTO B,192595030,AMORTIZACION COMISION DE ADMON,,,1,99,PESOS,"0,0","18005839,96",,192595,Activo,,Activo Corriente,Otros activos,Gatos pagados por anticipados,,,,
293,FCP PALADIN REALTY COLOMBIA - COMPARTIMENTO B,253105110,CUENTA COMPENSACION,,,1,99,PESOS,"-17650492328,16","-12668196014,82",,253105,Total pasivo + patrimonio,Pasivo,Pasivo Corriente,Cuentas por pagar,Acreedores varios,,,,
293,FCP PALADIN REALTY COLOMBIA - COMPARTIMENTO B,511548010,COMISION DE ADMINISTRACION R.F.         ,,,1,99,PESOS,"0,0","86604373,26",,511548,Total pasivo + patrimonio,Patrimonio,Utilidad o perdida del ejercicio,Costos y gastos,Gastos de operaciones,Comisión administración,,,
293,FCP PALADIN REALTY COLOMBIA - COMPARTIMENTO B,511595011,COMISION GESTOR PROFESIONAL             ,,,1,99,PESOS,"0,0","963758394,67",,511595,Total pasivo + patrimonio,Patrimonio,Utilidad o perdida del ejercicio,Costos y gastos,Gastos de operaciones,Comisión Bursatil,,,
293,FCP PALADIN REALTY COLOMBIA - COMPARTIMENTO B,511595015,OTRAS COMISIONES,,,1,99,PESOS,"0,0","4285389,99",,511595,Total pasivo + patrimonio,Patrimonio,Utilidad o perdida del ejercicio,Costos y gastos,Gastos de operaciones,Comisión Bursatil,,,
293,FCP PALADIN REALTY COLOMBIA - COMPARTIMENTO B,514005011,IMPOVENTAS                              ,,,1,99,PESOS,"0,0","5445954,57",,514005,Total pasivo + patrimonio,Patrimonio,Utilidad o perdida del ejercicio,Costos y gastos,Gastos de operaciones,Gravamen a los movimientos financieros,Impuestos y tasas,,
293,FCP PALADIN REALTY COLOMBIA - COMPARTIMENTO B,590505010,CANCELACION DE INGRESOS RF,,,1,99,PESOS,"0,0","-779076685,64",,590505,Total pasivo + patrimonio,Patrimonio,,,,,,,
293,FCP PALADIN REALTY COLOMBIA - COMPARTIMENTO B,590505015,CANCELACION DE INGRESOS RV,,,1,99,PESOS,"0,0","-776933634,6",,590505,Total pasivo + patrimonio,Patrimonio,,,,,,,
293,FCP PALADIN REALTY COLOMBIA - COMPARTIMENTO B,829595998,OTRAS CUENTAS DE ORDEN ACREEDORAS USD,,,1,99,DÓLAR,"-138491401500,0","-130311295200,0",,829595,,,,,,,,,
293,FCP PALADIN REALTY COLOMBIA - COMPARTIMENTO B,830505010,DEUDORAS POR CONTRA,,,1,99,PESOS,"-82327631176,94","-75893226984,47",,,,,,,,,,,
294,FCP PALADIN REALTY COLOMBIA - COMPARTIMENTO C,130115115,OTROS EMISORES NACIONALES,,,1,99,PESOS,"20131298,71","20131298,71",,130115,Activo,,Activo no corriente,Inversiones a valor razonable con efectos en resultados,Instrumentos de Deuda,,,Inversiones,
294,FCP PALADIN REALTY COLOMBIA - COMPARTIMENTO C,130205300,EMISORES  NACIONALES,,,1,99,PESOS,"343833682,22","301511402,18",,130205,Activo,,Activo no corriente,Inversiones a valor razonable con efectos en resultados,Instrumentos de patrimonio,,,Inversiones,
294,FCP PALADIN REALTY COLOMBIA - COMPARTIMENTO C,130210300,EMISORES EXTRANJEROS,,,1,99,PESOS,"6668778347,05","6212126707,93",,130210,Activo,,Activo no corriente,Inversiones a valor razonable con efectos en resultados,Instrumentos de patrimonio,,,Inversiones,
294,FCP PALADIN REALTY COLOMBIA - COMPARTIMENTO C,136000010,INVERSIONES DERECHOS FIDUCIARIOS,,,1,99,PESOS,"2645217390,48","0,0",,136000,Activo,,Activo no corriente,Inversiones a valor razonable con efectos en resultados,Inversiones derechos fiduciarios,,,Inversiones,
294,FCP PALADIN REALTY COLOMBIA - COMPARTIMENTO C,136000300,INVERSIONES DERECHOS FIDUCIARIOS,,,1,99,PESOS,"0,0","2452345165,12",,136000,Activo,,Activo no corriente,Inversiones a valor razonable con efectos en resultados,Inversiones derechos fiduciarios,,,Inversiones,
294,FCP PALADIN REALTY COLOMBIA - COMPARTIMENTO C,161695045,CUENTA CORRIENTE                        ,,,1,99,PESOS,"103868794,34","1104245498,65",,161695,Activo,,Activo Corriente,Cuentas por cobrar,Deudores,,,,
294,FCP PALADIN REALTY COLOMBIA - COMPARTIMENTO C,192595030,AMORTIZACION COMISION DE ADMON,,,1,99,PESOS,"0,0","2200156,38",,192595,Activo,,Activo Corriente,Otros activos,Gatos pagados por anticipados,,,,
294,FCP PALADIN REALTY COLOMBIA - COMPARTIMENTO C,253105110,CUENTA COMPENSACION,,,1,99,PESOS,"-659923380,68","-128677290,52",,253105,Total pasivo + patrimonio,Pasivo,Pasivo Corriente,Cuentas por pagar,Acreedores varios,,,,
294,FCP PALADIN REALTY COLOMBIA - COMPARTIMENTO C,411495012,BANCOLOMBIA Cta No. 03198020221,,,1,99,PESOS,"0,0","-28219280,03",,411495,Total pasivo + patrimonio,Patrimonio,Utilidad o perdida del ejercicio,Ingresos ordinarios,Otros rendimientos financieros,,,,
294,FCP PALADIN REALTY COLOMBIA - COMPARTIMENTO C,411495999,OTROS,,,1,99,PESOS,"0,0","-0,76",,411495,Total pasivo + patrimonio,Patrimonio,Utilidad o perdida del ejercicio,Ingresos ordinarios,Otros rendimientos financieros,,,,
294,FCP PALADIN REALTY COLOMBIA - COMPARTIMENTO C,510805010,POR DISMINUCION EN EL VALOR RAZONABLE,,,1,99,PESOS,"0,0","466075792,92",,510805,Total pasivo + patrimonio,Patrimonio,Utilidad o perdida del ejercicio,Costos y gastos,Gastos de operaciones,Disminución en el valor de mercado Inst. de Pat.,,,
294,FCP PALADIN REALTY COLOMBIA - COMPARTIMENTO C,511512010,GASTOS BANCARIOS                        ,,,1,99,PESOS,"0,0","1129,31",,511512,Total pasivo + patrimonio,Patrimonio,Utilidad o perdida del ejercicio,Costos y gastos,Gastos de operaciones,Gastos bancarios,,,
294,FCP PALADIN REALTY COLOMBIA - COMPARTIMENTO C,511548010,COMISION DE ADMINISTRACION R.F.         ,,,1,99,PESOS,"0,0","10801460,78",,511548,Total pasivo + patrimonio,Patrimonio,Utilidad o perdida del ejercicio,Costos y gastos,Gastos de operaciones,Comisión administración,,,
294,FCP PALADIN REALTY COLOMBIA - COMPARTIMENTO C,511595011,COMISION GESTOR PROFESIONAL             ,,,1,99,PESOS,"0,0","85441575,34",,511595,Total pasivo + patrimonio,Patrimonio,Utilidad o perdida del ejercicio,Costos y gastos,Gastos de operaciones,Comisión Bursatil,,,
294,FCP PALADIN REALTY COLOMBIA - COMPARTIMENTO C,511595015,OTRAS COMISIONES,,,1,99,PESOS,"0,0","523637,14",,511595,Total pasivo + patrimonio,Patrimonio,Utilidad o perdida del ejercicio,Costos y gastos,Gastos de operaciones,Comisión Bursatil,,,
294,FCP PALADIN REALTY COLOMBIA - COMPARTIMENTO C,514005011,IMPOVENTAS                              ,,,1,99,PESOS,"0,0","665445,79",,514005,Total pasivo + patrimonio,Patrimonio,Utilidad o perdida del ejercicio,Costos y gastos,Gastos de operaciones,Gravamen a los movimientos financieros,Impuestos y tasas,,
294,FCP PALADIN REALTY COLOMBIA - COMPARTIMENTO C,514005015,IVA COMISION GESTOR PROFESIONAL,,,1,99,PESOS,"0,0","16233899,32",,514005,Total pasivo + patrimonio,Patrimonio,Utilidad o perdida del ejercicio,Costos y gastos,Gastos de operaciones,Gravamen a los movimientos financieros,Impuestos y tasas,,
294,FCP PALADIN REALTY COLOMBIA - COMPARTIMENTO C,590505010,CANCELACION DE INGRESOS RF,,,1,99,PESOS,"0,0","-50697414,17",,590505,Total pasivo + patrimonio,Patrimonio,,,,,,,
294,FCP PALADIN REALTY COLOMBIA - COMPARTIMENTO C,810505210,EMISORES EXTRANJEROS,,,1,99,PESOS,"6668778347,05","6212126707,93",,810505,,,,,,,,,
294,FCP PALADIN REALTY COLOMBIA - COMPARTIMENTO C,829595998,OTRAS CUENTAS DE ORDEN ACREEDORAS USD,,,1,99,DÓLAR,"-16922436747,05","-15922899375,44",,829595,,,,,,,,,
294,FCP PALADIN REALTY COLOMBIA - COMPARTIMENTO C,830505010,DEUDORAS POR CONTRA,,,1,99,PESOS,"-9677960718,46","-8986114573,94",,,,,,,,,,,
302,FIC DIVERSIFICADO INTERNACIONAL,111505008,(BG) Occidente cta cte No 288859861,,,1,99,PESOS,"137168,0","177168,0",,111505,Activo,,Activo Corriente,Efectivo y equivales de efectivo,Bancos nacionales,,,Disponible,
302,FIC DIVERSIFICADO INTERNACIONAL,111505009,(BG) Bco República cta cte No 62257266,,,1,99,PESOS,"987702,75","987702,75",,111505,Activo,,Activo Corriente,Efectivo y equivales de efectivo,Bancos nacionales,,,Disponible,
302,FIC DIVERSIFICADO INTERNACIONAL,111505011,(DI) Davivienda cta aho No 482800036048,,,1,99,PESOS,"667410673,4","165899106,97",,111505,Activo,,Activo Corriente,Efectivo y equivales de efectivo,Bancos nacionales,,,Disponible,
302,FIC DIVERSIFICADO INTERNACIONAL,111505013,(DI) Bco Occidente cta aho No 219885910,,,1,99,PESOS,"47382293,37","477499176,39",,111505,Activo,,Activo Corriente,Efectivo y equivales de efectivo,Bancos nacionales,,,Disponible,
302,FIC DIVERSIFICADO INTERNACIONAL,111505015,(BG) Bancolombia cta cte No 03100017334,,,1,99,PESOS,"7566805,95","7566805,97",,111505,Activo,,Activo Corriente,Efectivo y equivales de efectivo,Bancos nacionales,,,Disponible,
302,FIC DIVERSIFICADO INTERNACIONAL,111510140,BANCO DE BOGOTA MIAMI CTA: 79673,,,1,99,DOLARES,"22420527,75","28875091,2",,111510,Activo,,Activo Corriente,Efectivo y equivales de efectivo,Bancos del Exterior,,,Disponible,
302,FIC DIVERSIFICADO INTERNACIONAL,130205300,EMISORES  NACIONALES,,,1,99,PESOS,"5013459,88","201246571,1",,130205,Activo,,Activo no corriente,Inversiones a valor razonable con efectos en resultados,Instrumentos de patrimonio,,,Inversiones,
313,FONDO DE INVERSION COLECTIVA RENTA FIJA LARGO PLAZO,161695003,(RF) BANCOLOMBIA Cta No. 03100010541,,,1,99,PESOS,"9699,35","7083,42",,161695,Activo,,Activo Corriente,Cuentas por cobrar,Deudores,,,,
313,FONDO DE INVERSION COLECTIVA RENTA FIJA LARGO PLAZO,161695010,(RF) OCCIDENTE Cta cau No. 288860091,,,1,99,PESOS,"253647,93","267603,19",,161695,Activo,,Activo Corriente,Cuentas por cobrar,Deudores,,,,
313,FONDO DE INVERSION COLECTIVA RENTA FIJA LARGO PLAZO,161695017,(LP) DAVIVIENDA Cta No. 482800036055,,,1,99,PESOS,"13124,04","18923,42",,161695,Activo,,Activo Corriente,Cuentas por cobrar,Deudores,,,,
313,FONDO DE INVERSION COLECTIVA RENTA FIJA LARGO PLAZO,161695019,(LP) OCCIDENTE Cta No. 219886801,,,1,99,PESOS,"2858422,43","742206,98",,161695,Activo,,Activo Corriente,Cuentas por cobrar,Deudores,,,,
313,FONDO DE INVERSION COLECTIVA RENTA FIJA LARGO PLAZO,250105040,CALIFICADORA DE VALORES,,,1,99,PESOS,"0,0","-4007027,04",,250105,Total pasivo + patrimonio,Pasivo,Pasivo Corriente,Cuentas por pagar,Comision de administracion.,,,,
313,FONDO DE INVERSION COLECTIVA RENTA FIJA LARGO PLAZO,250110015,COMISION DE ADMINISTRACION              ,,,1,99,PESOS,"-11355215,5","-8709591,64",,250110,Total pasivo + patrimonio,Pasivo,Pasivo Corriente,Cuentas por pagar,Comision de administracion.,,,,
313,FONDO DE INVERSION COLECTIVA RENTA FIJA LARGO PLAZO,250305011,RENDIMIENTOS FINANCIEROS CAPITALIZADOS  ,,,1,99,PESOS,"-714105,0","0,0",,250305,Total pasivo + patrimonio,Pasivo,Pasivo Corriente,Cuentas por pagar,Impuestos,,,,
313,FONDO DE INVERSION COLECTIVA RENTA FIJA LARGO PLAZO,253105110,CUENTA COMPENSACION,,,1,99,PESOS,"-161354040,71","-127852,18",,253105,Total pasivo + patrimonio,Pasivo,Pasivo Corriente,Cuentas por pagar,Acreedores varios,,,,
313,FONDO DE INVERSION COLECTIVA RENTA FIJA LARGO PLAZO,410705105,TÍTULOS DE TESORERÍA -TES               ,,,1,99,PESOS,"0,0","-141429436,86",,410705,Total pasivo + patrimonio,Patrimonio,Utilidad o perdida del ejercicio,Ingresos ordinarios,Valoracion Intrumentos de Deuda,,,,
313,FONDO DE INVERSION COLECTIVA RENTA FIJA LARGO PLAZO,410705115,OTROS EMISORES NACIONALES               ,,,1,99,PESOS,"0,0","-368940617,6",,410705,Total pasivo + patrimonio,Patrimonio,Utilidad o perdida del ejercicio,Ingresos ordinarios,Valoracion Intrumentos de Deuda,,,,
313,FONDO DE INVERSION COLECTIVA RENTA FIJA LARGO PLAZO,411495003,(RF) BANCOLOMBIA Cta No. 03100010541,,,1,99,PESOS,"0,0","-325911,78",,411495,Total pasivo + patrimonio,Patrimonio,Utilidad o perdida del ejercicio,Ingresos ordinarios,Otros rendimientos financieros,,,,
313,FONDO DE INVERSION COLECTIVA RENTA FIJA LARGO PLAZO,411495013,(LP) BANCOLOMBIA Cta No. 69000008142,,,1,99,PESOS,"0,0","-7842954,52",,411495,Total pasivo + patrimonio,Patrimonio,Utilidad o perdida del ejercicio,Ingresos ordinarios,Otros rendimientos financieros,,,,
313,FONDO DE INVERSION COLECTIVA RENTA FIJA LARGO PLAZO,411495016,(LP) DAVIVIENDA Cta No.482800017154,,,1,99,PESOS,"0,0","-6685268,82",,411495,Total pasivo + patrimonio,Patrimonio,Utilidad o perdida del ejercicio,Ingresos ordinarios,Otros rendimientos financieros,,,,
313,FONDO DE INVERSION COLECTIVA RENTA FIJA LARGO PLAZO,411495019,(LP) OCCIDENTE Cta No. 219886801,,,1,99,PESOS,"0,0","-86794132,24",,411495,Total pasivo + patrimonio,Patrimonio,Utilidad o perdida del ejercicio,Ingresos ordinarios,Otros rendimientos financieros,,,,
313,FONDO DE INVERSION COLECTIVA RENTA FIJA LARGO PLAZO,411495020,(LP) BANCO COLPATRIA Cta No.0072967713,,,1,99,PESOS,"0,0","-4889542,0",,411495,Total pasivo + patrimonio,Patrimonio,Utilidad o perdida del ejercicio,Ingresos ordinarios,Otros rendimientos financieros,,,,
313,FONDO DE INVERSION COLECTIVA RENTA FIJA LARGO PLAZO,411495999,OTROS,,,1,99,PESOS,"0,0","-415,79",,411495,Total pasivo + patrimonio,Patrimonio,Utilidad o perdida del ejercicio,Ingresos ordinarios,Otros rendimientos financieros,,,,
313,FONDO DE INVERSION COLECTIVA RENTA FIJA LARGO PLAZO,412505115,OTROS EMISORES NACIONALES,,,1,99,PESOS,"0,0","-822027600,0",,412505,Total pasivo + patrimonio,Patrimonio,Utilidad o perdida del ejercicio,Ingresos ordinarios,A valor Razonable Instrumentos de Deuda.,,,,
313,FONDO DE INVERSION COLECTIVA RENTA FIJA LARGO PLAZO,419595025,PENALIZACIONES,,,1,99,PESOS,"0,0","-32209311,8",,419595,Total pasivo + patrimonio,Patrimonio,Utilidad o perdida del ejercicio,Ingresos ordinarios,Valoración Propiedades de Inversión,,,,
313,FONDO DE INVERSION COLECTIVA RENTA FIJA LARGO PLAZO,510605115,OTROS EMISORES NACIONALES,,,1,99,PESOS,"0,0","958722812,24",,510605,Total pasivo + patrimonio,Patrimonio,Utilidad o perdida del ejercicio,Costos y gastos,Gastos de operaciones,Disminucion en el Valor Razonables inst. de Deuda,,,
313,FONDO DE INVERSION COLECTIVA RENTA FIJA LARGO PLAZO,512505105,TÍTULOS DE TESORERÍA -TES,,,1,99,PESOS,"0,0","970055179,35",,512505,Total pasivo + patrimonio,Patrimonio,Utilidad o perdida del ejercicio,Costos y gastos,Gastos de operaciones,Otras Emisores Nacionales,,,
313,FONDO DE INVERSION COLECTIVA RENTA FIJA LARGO PLAZO,513015003,REVISORIA FISCAL                        ,,,1,99,PESOS,"0,0","2207244,78",,513015,Total pasivo + patrimonio,Patrimonio,Utilidad o perdida del ejercicio,Costos y gastos,Gastos de operaciones,Revisoría Fiscal,,,
313,FONDO DE INVERSION COLECTIVA RENTA FIJA LARGO PLAZO,514005011,IMPOVENTAS,,,1,99,PESOS,"0,0","419376,5",,514005,Total pasivo + patrimonio,Patrimonio,Utilidad o perdida del ejercicio,Costos y gastos,Gastos de operaciones,Gravamen a los movimientos financieros,Impuestos y tasas,,
313,FONDO DE INVERSION COLECTIVA RENTA FIJA LARGO PLAZO,590505010,CANCELACION DE INGRESOS RF,,,1,99,PESOS,"0,0","-993092539,81",,590505,Total pasivo + patrimonio,Patrimonio,,,,,,,
313,FONDO DE INVERSION COLECTIVA RENTA FIJA LARGO PLAZO,590505020,UTILIDAD/PERDIDA PAGADA EN REDENCIONES,,,1,99,PESOS,"0,0","5523593778,79",,590505,Total pasivo + patrimonio,Patrimonio,,,,,,,
313,FONDO DE INVERSION COLECTIVA RENTA FIJA LARGO PLAZO,810505105,TÍTULOS DE TESORERÍA -TES               ,,,1,99,PESOS,"28398762870,59","23015760186,82",,810505,,,,,,,,,
313,FONDO DE INVERSION COLECTIVA RENTA FIJA LARGO PLAZO,830505010,DEUDORAS POR CONTRA,,,1,99,PESOS,"-151076537437,59","-119491665449,62",,,,,,,,,,,
340,FCP SUMATORIA DEUDA GLOBAL,111505005,(DG) BANCOLOMBIA Cta No. 03103633183,,,1,99,PESOS,"355625120,12","77870705,53",,111505,Activo,,Activo Corriente,Efectivo y equivales de efectivo,Bancos nacionales,,,Disponible,
340,FCP SUMATORIA DEUDA GLOBAL,111505006,(SDG) BANCOLOMBIA Cta No.69000001724,,,1,99,PESOS,"1311,92","1333,06",,111505,Activo,,Activo Corriente,Efectivo y equivales de efectivo,Bancos nacionales,,,Disponible,
340,FCP SUMATORIA DEUDA GLOBAL,130210300,EMISORES EXTRANJEROS,,,1,99,PESOS,"202448679557,0","196967386963,61",,130210,Activo,,Activo no corriente,Inversiones a valor razonable con efectos en resultados,Instrumentos de patrimonio,,,Inversiones,
340,FCP SUMATORIA DEUDA GLOBAL,253105110,CUENTA COMPENSACION,,,1,99,PESOS,"0,0","-5693999,94",,253105,Total pasivo + patrimonio,Pasivo,Pasivo Corriente,Cuentas por pagar,Acreedores varios,,,,
340,FCP SUMATORIA DEUDA GLOBAL,411495999,OTROS,,,1,99,PESOS,"0,0","-0,54",,411495,Total pasivo + patrimonio,Patrimonio,Utilidad o perdida del ejercicio,Ingresos ordinarios,Otros rendimientos financieros,,,,
340,FCP SUMATORIA DEUDA GLOBAL,510805010,POR DISMINUCION EN EL VALOR RAZONABLE,,,1,99,PESOS,"0,0","7413627013,0",,510805,Total pasivo + patrimonio,Patrimonio,Utilidad o perdida del ejercicio,Costos y gastos,Gastos de operaciones,Disminución en el valor de mercado Inst. de Pat.,,,
340,FCP SUMATORIA DEUDA GLOBAL,511548010,COMISION DE ADMINISTRACION R.F.         ,,,1,99,PESOS,"0,0","99645000,0",,511548,Total pasivo + patrimonio,Patrimonio,Utilidad o perdida del ejercicio,Costos y gastos,Gastos de operaciones,Comisión administración,,,
340,FCP SUMATORIA DEUDA GLOBAL,511595011,COMISION GESTOR PROFESIONAL             ,,,1,99,PESOS,"0,0","685840243,41",,511595,Total pasivo + patrimonio,Patrimonio,Utilidad o perdida del ejercicio,Costos y gastos,Gastos de operaciones,Comisión Bursatil,,,
340,FCP SUMATORIA DEUDA GLOBAL,514005011,IMPOVENTAS                              ,,,1,99,PESOS,"0,0","5591705,0",,514005,Total pasivo + patrimonio,Patrimonio,Utilidad o perdida del ejercicio,Costos y gastos,Gastos de operaciones,Gravamen a los movimientos financieros,Impuestos y tasas,,
340,FCP SUMATORIA DEUDA GLOBAL,514005015,IVA COMISION GESTOR PROFESIONAL,,,1,99,PESOS,"0,0","130309646,24",,514005,Total pasivo + patrimonio,Patrimonio,Utilidad o perdida del ejercicio,Costos y gastos,Gastos de operaciones,Gravamen a los movimientos financieros,Impuestos y tasas,,
340,FCP SUMATORIA DEUDA GLOBAL,519095999,OTROS,,,1,99,PESOS,"0,0","0,43",,519095,Total pasivo + patrimonio,Patrimonio,Utilidad o perdida del ejercicio,Costos y gastos,Gastos de operaciones,Otros gastos de operación,,,
340,FCP SUMATORIA DEUDA GLOBAL,590505010,CANCELACION DE INGRESOS RF,,,1,99,PESOS,"0,0","670465052,78",,590505,Total pasivo + patrimonio,Patrimonio,,,,,,,
340,FCP SUMATORIA DEUDA GLOBAL,830505010,EMISORES EXTRANJEROS,,,1,99,PESOS,"-202448679557,0","-196967386963,62",,,,,,,,,,,
360,FONDO DE INVERSION COLECTIVA CERRADO FACTURAS 120,111505006,(ALT) Occidente Cta AH 219861242,,,1,99,PESOS,"470278802,12","73914206,51",,111505,Activo,,Activo Corriente,Efectivo y equivales de efectivo,Bancos nacionales,,,Disponible,
360,FONDO DE INVERSION COLECTIVA CERRADO FACTURAS 120,111505008,(ALT) Sudameris Cta AH 91000016710,,,1,99,PESOS,"2719755052,74","2116057025,23",,111505,Activo,,Activo Corriente,Efectivo y equivales de efectivo,Bancos nacionales,,,Disponible,
302,FIC DIVERSIFICADO INTERNACIONAL,135115200,DERECHO DE COMPRA TITULOS,,,1,99,DOLARES,"1896525326,1","0,0",,135115,Activo,,Activo no corriente,Inversiones a valor razonable con efectos en resultados,,,,Inversiones,
302,FIC DIVERSIFICADO INTERNACIONAL,135305015,OBLIGACION DERIVADOS DE MONEDAS,,,1,99,PESOS,"-6094032000,0","-5697188000,0",,135305,Activo,,Activo no corriente,Inversiones a valor razonable con efectos en resultados,,,,Inversiones,
302,FIC DIVERSIFICADO INTERNACIONAL,161695002,(BG) Bancolombia Cta cau No. 03196256902,,,1,99,PESOS,"406656,76","211944,04",,161695,Activo,,Activo Corriente,Cuentas por cobrar,Deudores,,,,
302,FIC DIVERSIFICADO INTERNACIONAL,161695006,(DI) Bco Occidente cta aho No 219885910,,,1,99,PESOS,"52351,67","307503,33",,161695,Activo,,Activo Corriente,Cuentas por cobrar,Deudores,,,,
302,FIC DIVERSIFICADO INTERNACIONAL,161695007,(BG) Occidente cta cau No. 288859887,,,1,99,PESOS,"1196132,35","688327,55",,161695,Activo,,Activo Corriente,Cuentas por cobrar,Deudores,,,,
302,FIC DIVERSIFICADO INTERNACIONAL,161695012,(DI) Davivienda cta aho No 482800036048,,,1,99,PESOS,"286556,44","69125,48",,161695,Activo,,Activo Corriente,Cuentas por cobrar,Deudores,,,,
302,FIC DIVERSIFICADO INTERNACIONAL,161695014,(DI) Bancolombia cta Ah No. 69000008141,,,1,99,PESOS,"280485,47","25408,33",,161695,Activo,,Activo Corriente,Cuentas por cobrar,Deudores,,,,
302,FIC DIVERSIFICADO INTERNACIONAL,161695130,ALL FUNDS Cau. 1150500576002 CTE,,,1,99,DOLARES,"28874194,55","27488249,79",,161695,Activo,,Activo Corriente,Cuentas por cobrar,Deudores,,,,
302,FIC DIVERSIFICADO INTERNACIONAL,161695201,(BG) BCOLOMBIA CTA No. 80100007496,,,1,99,DOLARES,"128736,62","159059,63",,161695,Activo,,Activo Corriente,Cuentas por cobrar,Deudores,,,,
302,FIC DIVERSIFICADO INTERNACIONAL,250110033,COMISION CUSTODIO,,,1,99,PESOS,"0,0","-20053,73",,250110,Total pasivo + patrimonio,Pasivo,Pasivo Corriente,Cuentas por pagar,Comision de administracion.,,,,
302,FIC DIVERSIFICADO INTERNACIONAL,253105110,CUENTA COMPENSACION,,,1,99,PESOS,"-34796062,52","-183932272,96",,253105,Total pasivo + patrimonio,Pasivo,Pasivo Corriente,Cuentas por pagar,Acreedores varios,,,,
302,FIC DIVERSIFICADO INTERNACIONAL,410355010,RENDIMIENTOS EN OPE SIMULTANEAS ACTIVAS ,,,1,99,PESOS,"0,0","-1912388,0",,410355,Total pasivo + patrimonio,Patrimonio,Utilidad o perdida del ejercicio,Ingresos ordinarios,Otros rendimientos financieros,,,,
302,FIC DIVERSIFICADO INTERNACIONAL,410805200,EMISORES EXTRANJEROS,,,1,99,PESOS,"0,0","-1158244526,52",,410805,Total pasivo + patrimonio,Patrimonio,Utilidad o perdida del ejercicio,Ingresos ordinarios,Por aumento en el valor de mercado Inst. de Pat.,,,,
302,FIC DIVERSIFICADO INTERNACIONAL,411415020,DIVIDENDOS                              ,,,1,99,PESOS,"0,0","-15773039,01",,411415,Total pasivo + patrimonio,Patrimonio,Utilidad o perdida del ejercicio,Ingresos ordinarios,Dividendos,,,,
302,FIC DIVERSIFICADO INTERNACIONAL,411495004,(BG) Davivienda Cta cau No. 005070376248,,,1,99,PESOS,"0,0","-2314,39",,411495,Total pasivo + patrimonio,Patrimonio,Utilidad o perdida del ejercicio,Ingresos ordinarios,Otros rendimientos financieros,,,,
302,FIC DIVERSIFICADO INTERNACIONAL,411495006,(DI) Bco Occidente cta aho No 219885910,,,1,99,PESOS,"0,0","-8666301,28",,411495,Total pasivo + patrimonio,Patrimonio,Utilidad o perdida del ejercicio,Ingresos ordinarios,Otros rendimientos financieros,,,,
302,FIC DIVERSIFICADO INTERNACIONAL,411495007,(BG) Occidente cta cau No 288859887,,,1,99,PESOS,"0,0","-12720943,33",,411495,Total pasivo + patrimonio,Patrimonio,Utilidad o perdida del ejercicio,Ingresos ordinarios,Otros rendimientos financieros,,,,
302,FIC DIVERSIFICADO INTERNACIONAL,411495010,(BG) Bogotá cta aho No 049285885,,,1,99,PESOS,"0,0","-14519,45",,411495,Total pasivo + patrimonio,Patrimonio,Utilidad o perdida del ejercicio,Ingresos ordinarios,Otros rendimientos financieros,,,,
302,FIC DIVERSIFICADO INTERNACIONAL,411495012,(DI) Davivienda cta aho No 482800036048,,,1,99,PESOS,"0,0","-9508558,98",,411495,Total pasivo + patrimonio,Patrimonio,Utilidad o perdida del ejercicio,Ingresos ordinarios,Otros rendimientos financieros,,,,
302,FIC DIVERSIFICADO INTERNACIONAL,411495015,RENDIMIENTOS INVERSIONES EN FICS,,,1,99,PESOS,"0,0","3766888,77",,411495,Total pasivo + patrimonio,Patrimonio,Utilidad o perdida del ejercicio,Ingresos ordinarios,Otros rendimientos financieros,,,,
302,FIC DIVERSIFICADO INTERNACIONAL,411495145,OCCIDENTAL BANK BARBADOS Cau. 509060 CTE,,,1,99,DOLARES,"0,0","-82227,83",,411495,Total pasivo + patrimonio,Patrimonio,Utilidad o perdida del ejercicio,Ingresos ordinarios,Otros rendimientos financieros,,,,
302,FIC DIVERSIFICADO INTERNACIONAL,411495201,CAUS  BANCOLOMBIA PANAMA 80100007496 AHO,,,1,99,DOLARES,"0,0","-69951,97",,411495,Total pasivo + patrimonio,Patrimonio,Utilidad o perdida del ejercicio,Ingresos ordinarios,Otros rendimientos financieros,,,,
302,FIC DIVERSIFICADO INTERNACIONAL,411495999,OTROS,,,1,99,PESOS,"0,0","-807,27",,411495,Total pasivo + patrimonio,Patrimonio,Utilidad o perdida del ejercicio,Ingresos ordinarios,Otros rendimientos financieros,,,,
302,FIC DIVERSIFICADO INTERNACIONAL,412510200,EMISORES EXTRANJEROS,,,1,99,PESOS,"0,0","-287190320,77",,412510,Total pasivo + patrimonio,Patrimonio,Utilidad o perdida del ejercicio,Ingresos ordinarios,A valor Razonable Instrumentos de Pat.,,,,
302,FIC DIVERSIFICADO INTERNACIONAL,412917020,UTILIDAD DERIVADOS DE MONEDA,,,1,99,PESOS,"0,0","-647849000,0",,412917,Total pasivo + patrimonio,Patrimonio,Utilidad o perdida del ejercicio,Ingresos ordinarios,,,,,
302,FIC DIVERSIFICADO INTERNACIONAL,413515010,POR REEXPRESION DE OTROS ACTIVOS,,,1,99,PESOS,"0,0","-203930083,04",,413515,Total pasivo + patrimonio,Patrimonio,Utilidad o perdida del ejercicio,Ingresos ordinarios,Diferencia en cambio,,,,
302,FIC DIVERSIFICADO INTERNACIONAL,413515015,UT/PER REEXPRESIÓN OTROS ACTIVOS (DER CO,,,1,99,PESOS,"0,0","-64860,0",,413515,Total pasivo + patrimonio,Patrimonio,Utilidad o perdida del ejercicio,Ingresos ordinarios,Diferencia en cambio,,,,
302,FIC DIVERSIFICADO INTERNACIONAL,511548010,COMISION DE ADMINISTRACION R.F.         ,,,1,99,PESOS,"0,0","150162381,78",,511548,Total pasivo + patrimonio,Patrimonio,Utilidad o perdida del ejercicio,Costos y gastos,Gastos de operaciones,Comisión administración,,,
302,FIC DIVERSIFICADO INTERNACIONAL,512510200,EMISORES EXTRANJEROS,,,1,99,PESOS,"0,0","410814616,85",,512510,Total pasivo + patrimonio,Patrimonio,Utilidad o perdida del ejercicio,Costos y gastos,Gastos de operaciones,,,,
302,FIC DIVERSIFICADO INTERNACIONAL,512917020,VALORACION FUTUROS DE MONEDAS,,,1,99,PESOS,"0,0","453570500,0",,512917,Total pasivo + patrimonio,Patrimonio,Utilidad o perdida del ejercicio,Costos y gastos,Gastos de operaciones,,,,
302,FIC DIVERSIFICADO INTERNACIONAL,514005011,IMPOVENTAS,,,1,99,PESOS,"0,0","258724,89",,514005,Total pasivo + patrimonio,Patrimonio,Utilidad o perdida del ejercicio,Costos y gastos,Gastos de operaciones,Gravamen a los movimientos financieros,Impuestos y tasas,,
302,FIC DIVERSIFICADO INTERNACIONAL,519095006,CUENTA DE DEPOSITO (CUD),,,1,99,PESOS,"0,0","35000,0",,519095,Total pasivo + patrimonio,Patrimonio,Utilidad o perdida del ejercicio,Costos y gastos,Gastos de operaciones,Otros gastos de operación,,,
302,FIC DIVERSIFICADO INTERNACIONAL,519095999,OTROS,,,1,99,PESOS,"0,0","318,36",,519095,Total pasivo + patrimonio,Patrimonio,Utilidad o perdida del ejercicio,Costos y gastos,Gastos de operaciones,Otros gastos de operación,,,
302,FIC DIVERSIFICADO INTERNACIONAL,590505010,CANCELACION DE INGRESOS RF,,,1,99,PESOS,"0,0","469328766,58",,590505,Total pasivo + patrimonio,Patrimonio,,,,,,,
302,FIC DIVERSIFICADO INTERNACIONAL,590505020,UTILIDAD/PERDIDA PAGADA EN REDENCIONES,,,1,99,PESOS,"0,0","250282579,17",,590505,Total pasivo + patrimonio,Patrimonio,,,,,,,
302,FIC DIVERSIFICADO INTERNACIONAL,810505210,EMISORES EXTRANJEROS,,,1,99,PESOS,"18650728444,18","18214242603,06",,810505,,,,,,,,,
302,FIC DIVERSIFICADO INTERNACIONAL,830505010,DEUDORAS POR CONTRA,,,1,99,PESOS,"-18650728444,18","-18214242603,06",,,,,,,,,,,
305,FCP TC LATAM - COMPARTIMENTO F,130115115,OTROS EMISORES NACIONALES,,,1,99,PESOS,"0,0","29124696204,57",,130115,Activo,,Activo no corriente,Inversiones a valor razonable con efectos en resultados,Instrumentos de Deuda,,,Inversiones,
305,FCP TC LATAM - COMPARTIMENTO F,161695006,(LT) BANCOLOMBIA Cta No.69000002519,,,1,99,PESOS,"0,0","5,38",,161695,Activo,,Activo Corriente,Cuentas por cobrar,Deudores,,,,
305,FCP TC LATAM - COMPARTIMENTO F,161695045,CUENTA CORRIENTE                        ,,,1,99,PESOS,"3287470292,34","0,0",,161695,Activo,,Activo Corriente,Cuentas por cobrar,Deudores,,,,
305,FCP TC LATAM - COMPARTIMENTO F,182705010,PROPIEDADES DE INVERSION,,,1,99,PESOS,"2500927741,0","2500927741,0",,182705,Activo,,Activo no corriente,Activos Materiales,Propiedades de Inversión,,,,
305,FCP TC LATAM - COMPARTIMENTO F,250340010,SOBRE LAS VENTAS POR PAGAR 19%,,,1,99,PESOS,"-13765671,2","-2813319,1",,250340,Total pasivo + patrimonio,Pasivo,Pasivo Corriente,Cuentas por pagar,Acreedores varios,,,,
305,FCP TC LATAM - COMPARTIMENTO F,352505010,PARTICIPACIONES EN FDO DE INVERSIÓN COLE,,,1,99,PESOS,"-17852299188,3","-16049657853,21",,352505,Total pasivo + patrimonio,Patrimonio,,Patrimonio especiales,Participaciones en fondos de inversión colectiva,,,,
305,FCP TC LATAM - COMPARTIMENTO F,411495006,(LT) BANCOLOMBIA Cta No.69000002519,,,1,99,PESOS,"0,0","-1978,08",,411495,Total pasivo + patrimonio,Patrimonio,Utilidad o perdida del ejercicio,Ingresos ordinarios,Otros rendimientos financieros,,,,
305,FCP TC LATAM - COMPARTIMENTO F,411495009,(LF) BANCOLOMBIA Cta No.03173150449,,,1,99,PESOS,"0,0","-3775539,93",,411495,Total pasivo + patrimonio,Patrimonio,Utilidad o perdida del ejercicio,Ingresos ordinarios,Otros rendimientos financieros,,,,
305,FCP TC LATAM - COMPARTIMENTO F,510805010,POR DISMINUCION EN EL VALOR RAZONABLE,,,1,99,PESOS,"0,0","1369982297,22",,510805,Total pasivo + patrimonio,Patrimonio,Utilidad o perdida del ejercicio,Costos y gastos,Gastos de operaciones,Disminución en el valor de mercado Inst. de Pat.,,,
305,FCP TC LATAM - COMPARTIMENTO F,511325010,COMISION CUSTODIA FIJA                  ,,,1,99,PESOS,"0,0","2674409,15",,511325,Total pasivo + patrimonio,Patrimonio,Utilidad o perdida del ejercicio,Costos y gastos,Gastos de operaciones,Comisión custodia fija,,,
305,FCP TC LATAM - COMPARTIMENTO F,511512010,GASTOS BANCARIOS                        ,,,1,99,PESOS,"0,0","25632,6",,511512,Total pasivo + patrimonio,Patrimonio,Utilidad o perdida del ejercicio,Costos y gastos,Gastos de operaciones,Gastos bancarios,,,
305,FCP TC LATAM - COMPARTIMENTO F,511805010,NOTARIALES,,,1,99,PESOS,"0,0","96559839,81",,511805,Total pasivo + patrimonio,Patrimonio,Utilidad o perdida del ejercicio,Costos y gastos,Gastos de operaciones,Gastos legales,,,
305,FCP TC LATAM - COMPARTIMENTO F,513095090,OTROS HONORARIOS,,,1,99,PESOS,"0,0","8334954,9",,513095,Total pasivo + patrimonio,Patrimonio,Utilidad o perdida del ejercicio,Costos y gastos,Gastos de operaciones,Otros honorarios,,,
305,FCP TC LATAM - COMPARTIMENTO F,514005010,IMPUESTO A LOS MOVIMIENTOS FINANCIEROS  ,,,1,99,PESOS,"0,0","1069640,82",,514005,Total pasivo + patrimonio,Patrimonio,Utilidad o perdida del ejercicio,Costos y gastos,Gastos de operaciones,Gravamen a los movimientos financieros,Impuestos y tasas,,
305,FCP TC LATAM - COMPARTIMENTO F,519095010,ADMINISTRACION DE ARRENDAMIENTOS,,,1,99,PESOS,"0,0","10035554,76",,519095,Total pasivo + patrimonio,Patrimonio,Utilidad o perdida del ejercicio,Costos y gastos,Gastos de operaciones,Otros gastos de operación,,,
305,FCP TC LATAM - COMPARTIMENTO F,810505115,OTROS EMISORES NACIONALES,,,1,99,PESOS,"0,0","29124696204,57",,810505,,,,,,,,,
305,FCP TC LATAM - COMPARTIMENTO F,840505999,OTRAS CUENTAS DE ORDEN ACREEDORAS USD,,,1,99,PESOS,"124007343750,0","116682750000,0",,840505,,,,,,,,,
313,FONDO DE INVERSION COLECTIVA RENTA FIJA LARGO PLAZO,111505003,(RF) BANCOLOMBIA Cta No. 03100010541,,,1,99,PESOS,"18096353,04","21981373,45",,111505,Activo,,Activo Corriente,Efectivo y equivales de efectivo,Bancos nacionales,,,Disponible,
313,FONDO DE INVERSION COLECTIVA RENTA FIJA LARGO PLAZO,111505004,(RF) BANCOLOMBIA Cta No. 03100010329,,,1,99,PESOS,"4620,01","0,0",,111505,Activo,,Activo Corriente,Efectivo y equivales de efectivo,Bancos nacionales,,,Disponible,
313,FONDO DE INVERSION COLECTIVA RENTA FIJA LARGO PLAZO,111505006,(RF) DAVIVIENDA Cta No. 482869993451,,,1,99,PESOS,"0,0","2000000,0",,111505,Activo,,Activo Corriente,Efectivo y equivales de efectivo,Bancos nacionales,,,Disponible,
313,FONDO DE INVERSION COLECTIVA RENTA FIJA LARGO PLAZO,111505007,(RF) REPUBLICA Cta No. 62257274,,,1,99,PESOS,"3649010,48","3649010,46",,111505,Activo,,Activo Corriente,Efectivo y equivales de efectivo,Bancos nacionales,,,Disponible,
313,FONDO DE INVERSION COLECTIVA RENTA FIJA LARGO PLAZO,111505010,(RF) OCCIDENTE Cta No. 288860091,,,1,99,PESOS,"4897819,37","33986214,27",,111505,Activo,,Activo Corriente,Efectivo y equivales de efectivo,Bancos nacionales,,,Disponible,
313,FONDO DE INVERSION COLECTIVA RENTA FIJA LARGO PLAZO,111505012,(RF)  BANCOLOMBIA Cta No. 3100017680,,,1,99,PESOS,"176107832,81","578101556,83",,111505,Activo,,Activo Corriente,Efectivo y equivales de efectivo,Bancos nacionales,,,Disponible,
313,FONDO DE INVERSION COLECTIVA RENTA FIJA LARGO PLAZO,111505016,(LP) DAVIVIENDA Cta No.482800017154,,,1,99,PESOS,"338814090,08","142386698,62",,111505,Activo,,Activo Corriente,Efectivo y equivales de efectivo,Bancos nacionales,,,Disponible,
313,FONDO DE INVERSION COLECTIVA RENTA FIJA LARGO PLAZO,111505019,(LP) OCCIDENTE Cta No. 219886801,,,1,99,PESOS,"2587091575,02","1152580487,12",,111505,Activo,,Activo Corriente,Efectivo y equivales de efectivo,Bancos nacionales,,,Disponible,
313,FONDO DE INVERSION COLECTIVA RENTA FIJA LARGO PLAZO,130115115,OTROS EMISORES NACIONALES               ,,,1,99,PESOS,"122677774567,0","96475905262,8",,130115,Activo,,Activo no corriente,Inversiones a valor razonable con efectos en resultados,Instrumentos de Deuda,,,Inversiones,
313,FONDO DE INVERSION COLECTIVA RENTA FIJA LARGO PLAZO,161695005,(RF) DAVIVIENDA Cta cau No. 482800007171,,,1,99,PESOS,"1209,92","21006,14",,161695,Activo,,Activo Corriente,Cuentas por cobrar,Deudores,,,,
313,FONDO DE INVERSION COLECTIVA RENTA FIJA LARGO PLAZO,161695013,(LP) BANCOLOMBIA Cta No. 69000008142,,,1,99,PESOS,"656792,47","138972,22",,161695,Activo,,Activo Corriente,Cuentas por cobrar,Deudores,,,,
313,FONDO DE INVERSION COLECTIVA RENTA FIJA LARGO PLAZO,161695014,(RF) COLPATRIA Cta cau No. 0062513022,,,1,99,PESOS,"23782518,7","23782518,7",,161695,Activo,,Activo Corriente,Cuentas por cobrar,Deudores,,,,
313,FONDO DE INVERSION COLECTIVA RENTA FIJA LARGO PLAZO,161695016,(LP) DAVIVIENDA Cta No.482800017154,,,1,99,PESOS,"366013,39","278673,67",,161695,Activo,,Activo Corriente,Cuentas por cobrar,Deudores,,,,
313,FONDO DE INVERSION COLECTIVA RENTA FIJA LARGO PLAZO,161695020,(LP) BANCO COLPATRIA Cta No.0072967713,,,1,99,PESOS,"9125512,59","13949976,19",,161695,Activo,,Activo Corriente,Cuentas por cobrar,Deudores,,,,
313,FONDO DE INVERSION COLECTIVA RENTA FIJA LARGO PLAZO,161695045,CUENTA CORRIENTE                        ,,,1,99,PESOS,"395459,31","0,0",,161695,Activo,,Activo Corriente,Cuentas por cobrar,Deudores,,,,
313,FONDO DE INVERSION COLECTIVA RENTA FIJA LARGO PLAZO,162825010,EN GARANTIA,,,1,99,PESOS,"150000000,0","150000000,0",,162825,Activo,,Activo Corriente,Cuentas por cobrar,Deudores,,,,
313,FONDO DE INVERSION COLECTIVA RENTA FIJA LARGO PLAZO,250105035,REVISORIA FISCAL,,,1,99,PESOS,"0,0","-22035,13",,250105,Total pasivo + patrimonio,Pasivo,Pasivo Corriente,Cuentas por pagar,Comision de administracion.,,,,
313,FONDO DE INVERSION COLECTIVA RENTA FIJA LARGO PLAZO,250110033,COMISION CUSTODIO,,,1,99,PESOS,"-4129163,08","-3463408,35",,250110,Total pasivo + patrimonio,Pasivo,Pasivo Corriente,Cuentas por pagar,Comision de administracion.,,,,
313,FONDO DE INVERSION COLECTIVA RENTA FIJA LARGO PLAZO,352505010,PARTICIPACIONES EN FDO DE INVERSIÓN COLE,,,1,99,PESOS,"-155700026842,48","-122395769120,36",,352505,Total pasivo + patrimonio,Patrimonio,,Patrimonio especiales,Participaciones en fondos de inversión colectiva,,,,
313,FONDO DE INVERSION COLECTIVA RENTA FIJA LARGO PLAZO,352510010,PARTICIPACIONES POR IDENTIFICAR,,,1,99,PESOS,"-26212923,01","-202772,58",,352510,Total pasivo + patrimonio,Patrimonio,,Patrimonio especiales,Participaciones en fondos de inversión colectiva,,,,
313,FONDO DE INVERSION COLECTIVA RENTA FIJA LARGO PLAZO,411405015,INGRESO POR OP REPO,,,1,99,PESOS,"0,0","-3609521,62",,411405,Total pasivo + patrimonio,Patrimonio,Utilidad o perdida del ejercicio,Ingresos ordinarios,,,,,
313,FONDO DE INVERSION COLECTIVA RENTA FIJA LARGO PLAZO,411495005,(RF) DAVIVIENDA Cta No. 482800007171,,,1,99,PESOS,"0,0","-2225980,74",,411495,Total pasivo + patrimonio,Patrimonio,Utilidad o perdida del ejercicio,Ingresos ordinarios,Otros rendimientos financieros,,,,
313,FONDO DE INVERSION COLECTIVA RENTA FIJA LARGO PLAZO,411495010,(RF) OCCIDENTE Cta No. 288860091,,,1,99,PESOS,"0,0","-4620248,71",,411495,Total pasivo + patrimonio,Patrimonio,Utilidad o perdida del ejercicio,Ingresos ordinarios,Otros rendimientos financieros,,,,
313,FONDO DE INVERSION COLECTIVA RENTA FIJA LARGO PLAZO,411495017,(LP) DAVIVIENDA Cta No. 482800036055,,,1,99,PESOS,"0,0","-4281556,05",,411495,Total pasivo + patrimonio,Patrimonio,Utilidad o perdida del ejercicio,Ingresos ordinarios,Otros rendimientos financieros,,,,
313,FONDO DE INVERSION COLECTIVA RENTA FIJA LARGO PLAZO,411495300,INTERESES TÍTULOS,,,1,99,PESOS,"0,0","-6060489667,76",,411495,Total pasivo + patrimonio,Patrimonio,Utilidad o perdida del ejercicio,Ingresos ordinarios,Otros rendimientos financieros,,,,
313,FONDO DE INVERSION COLECTIVA RENTA FIJA LARGO PLAZO,510440010,COMPDE TRANSFERENCIA EN OPER REPO       ,,,1,99,PESOS,"0,0","63000,0",,510440,Total pasivo + patrimonio,Patrimonio,Utilidad o perdida del ejercicio,Costos y gastos,Gastos de operaciones,,,,
313,FONDO DE INVERSION COLECTIVA RENTA FIJA LARGO PLAZO,510605105,TITULOS DE TESORERIA - TES,,,1,99,PESOS,"0,0","65087089,2",,510605,Total pasivo + patrimonio,Patrimonio,Utilidad o perdida del ejercicio,Costos y gastos,Gastos de operaciones,Disminucion en el Valor Razonables inst. de Deuda,,,
313,FONDO DE INVERSION COLECTIVA RENTA FIJA LARGO PLAZO,511325010,COMISION CUSTODIA FIJA                  ,,,1,99,PESOS,"0,0","14972444,92",,511325,Total pasivo + patrimonio,Patrimonio,Utilidad o perdida del ejercicio,Costos y gastos,Gastos de operaciones,Comisión custodia fija,,,
313,FONDO DE INVERSION COLECTIVA RENTA FIJA LARGO PLAZO,511512010,GASTOS BANCARIOS                        ,,,1,99,PESOS,"0,0","3400898,35",,511512,Total pasivo + patrimonio,Patrimonio,Utilidad o perdida del ejercicio,Costos y gastos,Gastos de operaciones,Gastos bancarios,,,
313,FONDO DE INVERSION COLECTIVA RENTA FIJA LARGO PLAZO,511548010,COMISION DE ADMINISTRACION R.F.         ,,,1,99,PESOS,"0,0","744279665,37",,511548,Total pasivo + patrimonio,Patrimonio,Utilidad o perdida del ejercicio,Costos y gastos,Gastos de operaciones,Comisión administración,,,
360,FONDO DE INVERSION COLECTIVA CERRADO FACTURAS 120,111505014,(ALT) Davivienda Cta cte 482869984757,,,1,99,PESOS,"8151886,49","8149520,73",,111505,Activo,,Activo Corriente,Efectivo y equivales de efectivo,Bancos nacionales,,,Disponible,
360,FONDO DE INVERSION COLECTIVA CERRADO FACTURAS 120,111505015,(ALT) Davivienda Cta AH 482800015836,,,1,99,PESOS,"6276654,11","6482462,76",,111505,Activo,,Activo Corriente,Efectivo y equivales de efectivo,Bancos nacionales,,,Disponible,
360,FONDO DE INVERSION COLECTIVA CERRADO FACTURAS 120,111505016,(ALT) Davivienda Cta AH 482800036063,,,1,99,PESOS,"3645846,56","43194543,05",,111505,Activo,,Activo Corriente,Efectivo y equivales de efectivo,Bancos nacionales,,,Disponible,
360,FONDO DE INVERSION COLECTIVA CERRADO FACTURAS 120,111505018,(ALT) BANCOLOMBIA Cta AH 69000008143,,,1,99,PESOS,"1191672,77","1034993,33",,111505,Activo,,Activo Corriente,Efectivo y equivales de efectivo,Bancos nacionales,,,Disponible,
360,FONDO DE INVERSION COLECTIVA CERRADO FACTURAS 120,111505019,(ALT) BCO OCCIDENTE Cta. AH 219886819,,,1,99,PESOS,"104905,7","156758,97",,111505,Activo,,Activo Corriente,Efectivo y equivales de efectivo,Bancos nacionales,,,Disponible,
360,FONDO DE INVERSION COLECTIVA CERRADO FACTURAS 120,130115010,FACTURAS,,,1,99,PESOS,"89275790127,78","95346602518,4",,130115,Activo,,Activo no corriente,Inversiones a valor razonable con efectos en resultados,Instrumentos de Deuda,,,Inversiones,
360,FONDO DE INVERSION COLECTIVA CERRADO FACTURAS 120,161695002,(ALT) Bancolombia cau cta AH 03100001464,,,1,99,PESOS,"1605138,33","1777295,95",,161695,Activo,,Activo Corriente,Cuentas por cobrar,Deudores,,,,
360,FONDO DE INVERSION COLECTIVA CERRADO FACTURAS 120,161695005,(ALT) Davivienda Cta AH 482800036063,,,1,99,PESOS,"1565,36","17997,94",,161695,Activo,,Activo Corriente,Cuentas por cobrar,Deudores,,,,
360,FONDO DE INVERSION COLECTIVA CERRADO FACTURAS 120,161695006,(ALT) Occidente Cau aho 219861242,,,1,99,PESOS,"2574881,02","2102879,79",,161695,Activo,,Activo Corriente,Cuentas por cobrar,Deudores,,,,
360,FONDO DE INVERSION COLECTIVA CERRADO FACTURAS 120,161695008,(ALT) Sudameris Cau aho 91000016710,,,1,99,PESOS,"27364286,48","15629768,52",,161695,Activo,,Activo Corriente,Cuentas por cobrar,Deudores,,,,
360,FONDO DE INVERSION COLECTIVA CERRADO FACTURAS 120,161695017,(ALT) Davivienda Cta AH 482800015836,,,1,99,PESOS,"2859,57","2865,71",,161695,Activo,,Activo Corriente,Cuentas por cobrar,Deudores,,,,
360,FONDO DE INVERSION COLECTIVA CERRADO FACTURAS 120,161695018,(ALT) Bco Bogotá Cta AH 049335094,,,1,99,PESOS,"1451678,8","5395,52",,161695,Activo,,Activo Corriente,Cuentas por cobrar,Deudores,,,,
360,FONDO DE INVERSION COLECTIVA CERRADO FACTURAS 120,161695019,(ALT) BCO OCCIDENTE Cta. AH 219886819,,,1,99,PESOS,"115,9","100,95",,161695,Activo,,Activo Corriente,Cuentas por cobrar,Deudores,,,,
360,FONDO DE INVERSION COLECTIVA CERRADO FACTURAS 120,161695021,(ALT) BCO DAVIVIENDA Cta. AH 48280003877,,,1,99,PESOS,"56349,76","1345310,2",,161695,Activo,,Activo Corriente,Cuentas por cobrar,Deudores,,,,
360,FONDO DE INVERSION COLECTIVA CERRADO FACTURAS 120,250110015,COMISION DE ADMINISTRACION,,,1,99,PESOS,"-9453731,73","-11870614,56",,250110,Total pasivo + patrimonio,Pasivo,Pasivo Corriente,Cuentas por pagar,Comision de administracion.,,,,
360,FONDO DE INVERSION COLECTIVA CERRADO FACTURAS 120,250205006,PLAT. DE NEGOCIACIÓN CAP ESTRATEGICO,,,1,99,PESOS,"-17781670,69","-25331670,7",,250205,Total pasivo + patrimonio,Pasivo,Pasivo Corriente,Cuentas por pagar,Servicios,,,,
360,FONDO DE INVERSION COLECTIVA CERRADO FACTURAS 120,250205007,PLAT. DE NEGOCIACIÓN COLFIMAX,,,1,99,PESOS,"-4329530,97","-4380242,73",,250205,Total pasivo + patrimonio,Pasivo,Pasivo Corriente,Cuentas por pagar,Servicios,,,,
360,FONDO DE INVERSION COLECTIVA CERRADO FACTURAS 120,250205009,PLAT. DE NEGOCIACIÓN SERFICOMEX,,,1,99,PESOS,"-121614212,91","-65785067,68",,250205,Total pasivo + patrimonio,Pasivo,Pasivo Corriente,Cuentas por pagar,Servicios,,,,
360,FONDO DE INVERSION COLECTIVA CERRADO FACTURAS 120,250205011,PLAT. DE NEGOCIACIÓN RED CAPITAL,,,1,99,PESOS,"-223760012,41","-252879350,37",,250205,Total pasivo + patrimonio,Pasivo,Pasivo Corriente,Cuentas por pagar,Servicios,,,,
360,FONDO DE INVERSION COLECTIVA CERRADO FACTURAS 120,250205012,PLAT. DE NEG INVESTMENT FACTORING,,,1,99,PESOS,"-355710,88","-355710,88",,250205,Total pasivo + patrimonio,Pasivo,Pasivo Corriente,Cuentas por pagar,Servicios,,,,
360,FONDO DE INVERSION COLECTIVA CERRADO FACTURAS 120,352505010,PARTICIPACIONES EN FDO DE INVERSIÓN COLE,,,1,99,PESOS,"-99470591690,2","-124330031463,32",,352505,Total pasivo + patrimonio,Patrimonio,,Patrimonio especiales,Participaciones en fondos de inversión colectiva,,,,
360,FONDO DE INVERSION COLECTIVA CERRADO FACTURAS 120,411495002,(FIR) Bancolombia CTA AH 03100001464,,,1,99,PESOS,"0,0","-32891985,37",,411495,Total pasivo + patrimonio,Patrimonio,Utilidad o perdida del ejercicio,Ingresos ordinarios,Otros rendimientos financieros,,,,
360,FONDO DE INVERSION COLECTIVA CERRADO FACTURAS 120,411495010,(ALT) Bogota Cau aho 049301179,,,1,99,PESOS,"0,0","-157118573,31",,411495,Total pasivo + patrimonio,Patrimonio,Utilidad o perdida del ejercicio,Ingresos ordinarios,Otros rendimientos financieros,,,,
360,FONDO DE INVERSION COLECTIVA CERRADO FACTURAS 120,411495013,(ALT) BANCOLOMBIA Cta AH 69000008143,,,1,99,PESOS,"0,0","-68025,26",,411495,Total pasivo + patrimonio,Patrimonio,Utilidad o perdida del ejercicio,Ingresos ordinarios,Otros rendimientos financieros,,,,
360,FONDO DE INVERSION COLECTIVA CERRADO FACTURAS 120,411495018,(ALT) Bco Bogotá Cta AH 049335094,,,1,99,PESOS,"0,0","-4647601,72",,411495,Total pasivo + patrimonio,Patrimonio,Utilidad o perdida del ejercicio,Ingresos ordinarios,Otros rendimientos financieros,,,,
360,FONDO DE INVERSION COLECTIVA CERRADO FACTURAS 120,411495019,(ALT) BCO OCCIDENTE Cta. AH 219886819,,,1,99,PESOS,"0,0","-4614,99",,411495,Total pasivo + patrimonio,Patrimonio,Utilidad o perdida del ejercicio,Ingresos ordinarios,Otros rendimientos financieros,,,,
360,FONDO DE INVERSION COLECTIVA CERRADO FACTURAS 120,511512010,GASTOS BANCARIOS                        ,,,1,99,PESOS,"0,0","122667,54",,511512,Total pasivo + patrimonio,Patrimonio,Utilidad o perdida del ejercicio,Costos y gastos,Gastos de operaciones,Gastos bancarios,,,
360,FONDO DE INVERSION COLECTIVA CERRADO FACTURAS 120,513015003,REVISORIA FISCAL                        ,,,1,99,PESOS,"0,0","2394952,59",,513015,Total pasivo + patrimonio,Patrimonio,Utilidad o perdida del ejercicio,Costos y gastos,Gastos de operaciones,Revisoría Fiscal,,,
360,FONDO DE INVERSION COLECTIVA CERRADO FACTURAS 120,514005010,IMPUESTO A LOS MOVIMIENTOS FINANCIEROS  ,,,1,99,PESOS,"0,0","2636030,71",,514005,Total pasivo + patrimonio,Patrimonio,Utilidad o perdida del ejercicio,Costos y gastos,Gastos de operaciones,Gravamen a los movimientos financieros,Impuestos y tasas,,
360,FONDO DE INVERSION COLECTIVA CERRADO FACTURAS 120,517040010,DE INVERSIONES,,,1,99,PESOS,"0,0","2213524,56",,517040,Total pasivo + patrimonio,Patrimonio,Utilidad o perdida del ejercicio,Costos y gastos,Gastos de operaciones,Deterioro deudores,,,
360,FONDO DE INVERSION COLECTIVA CERRADO FACTURAS 120,519095035,SERVICIO DE NEGOCIACION JAM FINANCIAL,,,1,99,PESOS,"0,0","34187321,46",,519095,Total pasivo + patrimonio,Patrimonio,Utilidad o perdida del ejercicio,Costos y gastos,Gastos de operaciones,Otros gastos de operación,,,
360,FONDO DE INVERSION COLECTIVA CERRADO FACTURAS 120,519095036,SERVICIO DE NEGOCIACION RED CAPITAL,,,1,99,PESOS,"0,0","308669546,39",,519095,Total pasivo + patrimonio,Patrimonio,Utilidad o perdida del ejercicio,Costos y gastos,Gastos de operaciones,Otros gastos de operación,,,
360,FONDO DE INVERSION COLECTIVA CERRADO FACTURAS 120,590505020,UTILIDAD/PERDIDA PAGADA EN REDENCIÓN,,,1,99,PESOS,"0,0","1869161690,74",,590505,Total pasivo + patrimonio,Patrimonio,,,,,,,
360,FONDO DE INVERSION COLECTIVA CERRADO FACTURAS 120,810505010,FACTURAS,,,1,99,PESOS,"89275790127,78","95346602518,4",,810505,,,,,,,,,
396,FCP TC LATAM ESTRUCTURAS INMOBILIARIAS COMP I,111505001,(EI) BANCOLOMBIA Cta No.69000002480,,,1,99,PESOS,"208852765,51","30436381,49",,111505,Activo,,Activo Corriente,Efectivo y equivales de efectivo,Bancos nacionales,,,Disponible,
396,FCP TC LATAM ESTRUCTURAS INMOBILIARIAS COMP I,130205300,EMISORES  NACIONALES,,,1,99,PESOS,"18261218,4","18973646,57",,130205,Activo,,Activo no corriente,Inversiones a valor razonable con efectos en resultados,Instrumentos de patrimonio,,,Inversiones,
396,FCP TC LATAM ESTRUCTURAS INMOBILIARIAS COMP I,352505010,PARTICIPACIONES EN FDO DE INVERSIÓN COLE,,,1,99,PESOS,"-59329364293,54","-58333083545,99",,352505,Total pasivo + patrimonio,Patrimonio,,Patrimonio especiales,Participaciones en fondos de inversión colectiva,,,,
396,FCP TC LATAM ESTRUCTURAS INMOBILIARIAS COMP I,410805300,EMISORES NACIONALES,,,1,99,PESOS,"0,0","-4080738836,63",,410805,Total pasivo + patrimonio,Patrimonio,Utilidad o perdida del ejercicio,Ingresos ordinarios,Por aumento en el valor de mercado Inst. de Pat.,,,,
396,FCP TC LATAM ESTRUCTURAS INMOBILIARIAS COMP I,411495001,(EI) BANCOLOMBIA Cau No.69000002480,,,1,99,PESOS,"0,0","-20937261,0",,411495,Total pasivo + patrimonio,Patrimonio,Utilidad o perdida del ejercicio,Ingresos ordinarios,Otros rendimientos financieros,,,,
396,FCP TC LATAM ESTRUCTURAS INMOBILIARIAS COMP I,419595030,OTROS,,,1,99,PESOS,"0,0","-3453307,01",,419595,Total pasivo + patrimonio,Patrimonio,Utilidad o perdida del ejercicio,Ingresos ordinarios,Valoración Propiedades de Inversión,,,,
313,FONDO DE INVERSION COLECTIVA RENTA FIJA LARGO PLAZO,512505115,OTROS EMISORES NACIONALES,,,1,99,PESOS,"0,0","251794650,0",,512505,Total pasivo + patrimonio,Patrimonio,Utilidad o perdida del ejercicio,Costos y gastos,Gastos de operaciones,Otras Emisores Nacionales,,,
313,FONDO DE INVERSION COLECTIVA RENTA FIJA LARGO PLAZO,513095010,CALIFICADORA DE VALORES,,,1,99,PESOS,"0,0","4007027,04",,513095,Total pasivo + patrimonio,Patrimonio,Utilidad o perdida del ejercicio,Costos y gastos,Gastos de operaciones,Otros honorarios,,,
313,FONDO DE INVERSION COLECTIVA RENTA FIJA LARGO PLAZO,514005010,IMPUESTO A LOS MOVIMIENTOS FINANCIEROS  ,,,1,99,PESOS,"0,0","861539,56",,514005,Total pasivo + patrimonio,Patrimonio,Utilidad o perdida del ejercicio,Costos y gastos,Gastos de operaciones,Gravamen a los movimientos financieros,Impuestos y tasas,,
313,FONDO DE INVERSION COLECTIVA RENTA FIJA LARGO PLAZO,810505115,OTROS EMISORES NACIONALES               ,,,1,99,PESOS,"122677774567,0","96475905262,8",,810505,,,,,,,,,
340,FCP SUMATORIA DEUDA GLOBAL,161695005,(DG) BANCOLOMBIA Cau No. 03103633183,,,1,99,PESOS,"187607,87","83678,88",,161695,Activo,,Activo Corriente,Cuentas por cobrar,Deudores,,,,
340,FCP SUMATORIA DEUDA GLOBAL,161695006,(SDG) BANCOLOMBIA Cau No.69000001724,,,1,99,PESOS,"4,24","4,25",,161695,Activo,,Activo Corriente,Cuentas por cobrar,Deudores,,,,
340,FCP SUMATORIA DEUDA GLOBAL,161695493,(AL) BANCOLOMBIA Cau No.04872906865,,,1,99,PESOS,"0,01","0,0",,161695,Activo,,Activo Corriente,Cuentas por cobrar,Deudores,,,,
340,FCP SUMATORIA DEUDA GLOBAL,192595015,COMISION DE GESTION,,,1,99,PESOS,"476302859,59","687247043,94",,192595,Activo,,Activo Corriente,Otros activos,Gatos pagados por anticipados,,,,
340,FCP SUMATORIA DEUDA GLOBAL,250110015,COMISION DE ADMINISTRACION              ,,,1,99,PESOS,"-18200000,0","-19929000,0",,250110,Total pasivo + patrimonio,Pasivo,Pasivo Corriente,Cuentas por pagar,Comision de administracion.,,,,
340,FCP SUMATORIA DEUDA GLOBAL,352505010,PARTICIPACIONES EN FDO DE INVERSIÓN COLE,,,1,99,PESOS,"-203262596460,75","-197706966729,33",,352505,Total pasivo + patrimonio,Patrimonio,,Patrimonio especiales,Participaciones en fondos de inversión colectiva,,,,
340,FCP SUMATORIA DEUDA GLOBAL,411495005,(DG) BANCOLOMBIA Cau No. 03103633183,,,1,99,PESOS,"0,0","-9697276,34",,411495,Total pasivo + patrimonio,Patrimonio,Utilidad o perdida del ejercicio,Ingresos ordinarios,Otros rendimientos financieros,,,,
340,FCP SUMATORIA DEUDA GLOBAL,411495006,(SDG) BANCOLOMBIA Cau No.69000001724,,,1,99,PESOS,"0,0","-21,14",,411495,Total pasivo + patrimonio,Patrimonio,Utilidad o perdida del ejercicio,Ingresos ordinarios,Otros rendimientos financieros,,,,
340,FCP SUMATORIA DEUDA GLOBAL,511325010,COMISION CUSTODIA FIJA                  ,,,1,99,PESOS,"0,0","18922744,0",,511325,Total pasivo + patrimonio,Patrimonio,Utilidad o perdida del ejercicio,Costos y gastos,Gastos de operaciones,Comisión custodia fija,,,
340,FCP SUMATORIA DEUDA GLOBAL,513015003,REVISORIA FISCAL                        ,,,1,99,PESOS,"0,0","2989913,0",,513015,Total pasivo + patrimonio,Patrimonio,Utilidad o perdida del ejercicio,Costos y gastos,Gastos de operaciones,Revisoría Fiscal,,,
340,FCP SUMATORIA DEUDA GLOBAL,513095090,OTROS HONORARIOS,,,1,99,PESOS,"0,0","40889723,24",,513095,Total pasivo + patrimonio,Patrimonio,Utilidad o perdida del ejercicio,Costos y gastos,Gastos de operaciones,Otros honorarios,,,
340,FCP SUMATORIA DEUDA GLOBAL,514005010,IMPUESTO A LOS MOVIMIENTOS FINANCIEROS  ,,,1,99,PESOS,"0,0","12085201,14",,514005,Total pasivo + patrimonio,Patrimonio,Utilidad o perdida del ejercicio,Costos y gastos,Gastos de operaciones,Gravamen a los movimientos financieros,Impuestos y tasas,,
340,FCP SUMATORIA DEUDA GLOBAL,590505015,CANCELACION DE INGRESOS RV,,,1,99,PESOS,"0,0","-9070668944,22",,590505,Total pasivo + patrimonio,Patrimonio,,,,,,,
340,FCP SUMATORIA DEUDA GLOBAL,810505210,OTROS                                   ,,,1,99,PESOS,"202448679557,0","196967386963,62",,810505,,,,,,,,,
340,FCP SUMATORIA DEUDA GLOBAL,829595999,OTRAS CUENTAS DE ORDEN ACREEDORAS USD,,,1,99,DOLARES,"-69086720028,45","-65006057202,96",,829595,,,,,,,,,
340,FCP SUMATORIA DEUDA GLOBAL,840505999,OTRAS CUENTAS DE ORDEN ACREEDORAS USD,,,1,99,PESOS,"69086720028,45","65006057202,96",,840505,,,,,,,,,
360,FONDO DE INVERSION COLECTIVA CERRADO FACTURAS 120,111505001,(ALT) Bancolombia Cta cte 03100001465,,,1,99,PESOS,"2494897,63","2494897,59",,111505,Activo,,Activo Corriente,Efectivo y equivales de efectivo,Bancos nacionales,,,Disponible,
360,FONDO DE INVERSION COLECTIVA CERRADO FACTURAS 120,111505002,(ALT) Bancolombia Cta AH 03100001464,,,1,99,PESOS,"2306491399,22","3107524173,6",,111505,Activo,,Activo Corriente,Efectivo y equivales de efectivo,Bancos nacionales,,,Disponible,
360,FONDO DE INVERSION COLECTIVA CERRADO FACTURAS 120,111505003,(ALT) Davivienda Cta 482869987610,,,1,99,PESOS,"138111,93","0,0",,111505,Activo,,Activo Corriente,Efectivo y equivales de efectivo,Bancos nacionales,,,Disponible,
360,FONDO DE INVERSION COLECTIVA CERRADO FACTURAS 120,111505004,(ALT) Davivienda Cta aho 482800014888,,,1,99,PESOS,"2013755782,96","5503651558,94",,111505,Activo,,Activo Corriente,Efectivo y equivales de efectivo,Bancos nacionales,,,Disponible,
360,FONDO DE INVERSION COLECTIVA CERRADO FACTURAS 120,111505010,(ALT) Bogota Cta AH 049301179,,,1,99,PESOS,"6414139,0","72083976,0",,111505,Activo,,Activo Corriente,Efectivo y equivales de efectivo,Bancos nacionales,,,Disponible,
360,FONDO DE INVERSION COLECTIVA CERRADO FACTURAS 120,111505011,(ALT) Bcolombia Cta AH 69000000789,,,1,99,PESOS,"895863,33","924696,47",,111505,Activo,,Activo Corriente,Efectivo y equivales de efectivo,Bancos nacionales,,,Disponible,
360,FONDO DE INVERSION COLECTIVA CERRADO FACTURAS 120,111505013,(ALT) Bancolombia Cta cte 69000000874,,,1,99,PESOS,"479711,66","767324,95",,111505,Activo,,Activo Corriente,Efectivo y equivales de efectivo,Bancos nacionales,,,Disponible,
360,FONDO DE INVERSION COLECTIVA CERRADO FACTURAS 120,111505017,(ALT) Bco Bogotá Cta AH 049335094,,,1,99,PESOS,"203834505,92","928390,92",,111505,Activo,,Activo Corriente,Efectivo y equivales de efectivo,Bancos nacionales,,,Disponible,
360,FONDO DE INVERSION COLECTIVA CERRADO FACTURAS 120,111505021,(ALT) BCO DAVIVIENDA Cta.AH 482800038770,,,1,99,PESOS,"131242662,79","3228704596,24",,111505,Activo,,Activo Corriente,Efectivo y equivales de efectivo,Bancos nacionales,,,Disponible,
360,FONDO DE INVERSION COLECTIVA CERRADO FACTURAS 120,130205300,EMISORES  NACIONALES,,,1,99,PESOS,"5361702847,98","23920884299,93",,130205,Activo,,Activo no corriente,Inversiones a valor razonable con efectos en resultados,Instrumentos de patrimonio,,,Inversiones,
360,FONDO DE INVERSION COLECTIVA CERRADO FACTURAS 120,139005010,INSTRUMENTOS DE DEUDA,,,1,99,PESOS,"-2634273804,38","-2636487328,94",,139005,Activo,,Activo no corriente,Inversiones a valor razonable con efectos en resultados,Deterioro inversiones,,,Inversiones,
360,FONDO DE INVERSION COLECTIVA CERRADO FACTURAS 120,161695004,(LD) BCO DAVIVIENDA cta No.482800025215,,,1,99,PESOS,"627585,78","2057823,66",,161695,Activo,,Activo Corriente,Cuentas por cobrar,Deudores,,,,
360,FONDO DE INVERSION COLECTIVA CERRADO FACTURAS 120,161695010,(ALT) Bogota Cau aho 049301179,,,1,99,PESOS,"82225,06","530961,37",,161695,Activo,,Activo Corriente,Cuentas por cobrar,Deudores,,,,
360,FONDO DE INVERSION COLECTIVA CERRADO FACTURAS 120,161695013,(ALT) BANCOLOMBIA Cta AH 69000008143,,,1,99,PESOS,"2599,44","1312,8",,161695,Activo,,Activo Corriente,Cuentas por cobrar,Deudores,,,,
360,FONDO DE INVERSION COLECTIVA CERRADO FACTURAS 120,250205005,PLAT. DE NEGOCIACIÓN LIBERA,,,1,99,PESOS,"-9895835,27","-14702851,46",,250205,Total pasivo + patrimonio,Pasivo,Pasivo Corriente,Cuentas por pagar,Servicios,,,,
360,FONDO DE INVERSION COLECTIVA CERRADO FACTURAS 120,250205008,PLAT. DE NEGOCIACIÓN FINNECTA,,,1,99,PESOS,"-8075530,38","-4536349,22",,250205,Total pasivo + patrimonio,Pasivo,Pasivo Corriente,Cuentas por pagar,Servicios,,,,
360,FONDO DE INVERSION COLECTIVA CERRADO FACTURAS 120,250205010,PLAT. DE NEGOCIACIÓN JAM FINANCIAL,,,1,99,PESOS,"-34817759,64","-18193993,1",,250205,Total pasivo + patrimonio,Pasivo,Pasivo Corriente,Cuentas por pagar,Servicios,,,,
360,FONDO DE INVERSION COLECTIVA CERRADO FACTURAS 120,250205013,PLAT. DE NEG BILLY,,,1,99,PESOS,"0,0","-366115,0",,250205,Total pasivo + patrimonio,Pasivo,Pasivo Corriente,Cuentas por pagar,Servicios,,,,
360,FONDO DE INVERSION COLECTIVA CERRADO FACTURAS 120,253105110,CUENTA COMPENSACION,,,1,99,PESOS,"-11464666,73","-6092106898,07",,253105,Total pasivo + patrimonio,Pasivo,Pasivo Corriente,Cuentas por pagar,Acreedores varios,,,,
360,FONDO DE INVERSION COLECTIVA CERRADO FACTURAS 120,410705115,OTROS EMISORES NACIONALES               ,,,1,99,PESOS,"0,0","-4564203410,98",,410705,Total pasivo + patrimonio,Patrimonio,Utilidad o perdida del ejercicio,Ingresos ordinarios,Valoracion Intrumentos de Deuda,,,,
360,FONDO DE INVERSION COLECTIVA CERRADO FACTURAS 120,411495004,(ALT) Davivienda Cau aho 482800014888,,,1,99,PESOS,"0,0","-171174095,03",,411495,Total pasivo + patrimonio,Patrimonio,Utilidad o perdida del ejercicio,Ingresos ordinarios,Otros rendimientos financieros,,,,
396,FCP TC LATAM ESTRUCTURAS INMOBILIARIAS COMP I,513015003,REVISORIA FISCAL                        ,,,1,99,PESOS,"0,0","3074812,0",,513015,Total pasivo + patrimonio,Patrimonio,Utilidad o perdida del ejercicio,Costos y gastos,Gastos de operaciones,Revisoría Fiscal,,,
396,FCP TC LATAM ESTRUCTURAS INMOBILIARIAS COMP I,514005011,IMPOVENTAS                              ,,,1,99,PESOS,"0,0","15693936,0",,514005,Total pasivo + patrimonio,Patrimonio,Utilidad o perdida del ejercicio,Costos y gastos,Gastos de operaciones,Gravamen a los movimientos financieros,Impuestos y tasas,,
396,FCP TC LATAM ESTRUCTURAS INMOBILIARIAS COMP I,590505010,CANCELACION DE INGRESOS RF,,,1,99,PESOS,"0,0","1567391298,74",,590505,Total pasivo + patrimonio,Patrimonio,,,,,,,
396,FCP TC LATAM ESTRUCTURAS INMOBILIARIAS COMP I,590505015,CANCELACION DE INGRESOS RV,,,1,99,PESOS,"0,0","2336327953,71",,590505,Total pasivo + patrimonio,Patrimonio,,,,,,,
396,FCP TC LATAM ESTRUCTURAS INMOBILIARIAS COMP I,830505010,DEUDORAS POR CONTRA,,,1,99,PESOS,"-64102177813,81","-63282916649,8",,,,,,,,,,,
416,FONDO DE INVERSION COLECTIVA ABIERTO LIQUIDEZ DÓLAR,111505005,(LD) BCO DAVIVIENDA cta No.482800025223,,,1,99,PESOS,"676467,25","9642182,37",,111505,Activo,,Activo Corriente,Efectivo y equivales de efectivo,Bancos nacionales,,,Disponible,
416,FONDO DE INVERSION COLECTIVA ABIERTO LIQUIDEZ DÓLAR,111505006,(LD) BANCOLOMBIA cta No. 69000003824,,,1,99,PESOS,"16748482,15","66727,02",,111505,Activo,,Activo Corriente,Efectivo y equivales de efectivo,Bancos nacionales,,,Disponible,
416,FONDO DE INVERSION COLECTIVA ABIERTO LIQUIDEZ DÓLAR,111505008,(LD) BANCOLOMBIA cta No. 69000003827,,,1,99,PESOS,"2033221,7","2033221,71",,111505,Activo,,Activo Corriente,Efectivo y equivales de efectivo,Bancos nacionales,,,Disponible,
416,FONDO DE INVERSION COLECTIVA ABIERTO LIQUIDEZ DÓLAR,111505010,(LD) BCO DE OCCIDENTE cta No. 219870078,,,1,99,PESOS,"79311475,85","19655097,68",,111505,Activo,,Activo Corriente,Efectivo y equivales de efectivo,Bancos nacionales,,,Disponible,
416,FONDO DE INVERSION COLECTIVA ABIERTO LIQUIDEZ DÓLAR,111505014,(LD) BCO DAVIVIENDA cta No.482800036089,,,1,99,PESOS,"32587525,5","28765605,84",,111505,Activo,,Activo Corriente,Efectivo y equivales de efectivo,Bancos nacionales,,,Disponible,
416,FONDO DE INVERSION COLECTIVA ABIERTO LIQUIDEZ DÓLAR,111505015,(LD) BCO DAVIVIENDA cta No.482869978932,,,1,99,PESOS,"7563369,0","0,0",,111505,Activo,,Activo Corriente,Efectivo y equivales de efectivo,Bancos nacionales,,,Disponible,
416,FONDO DE INVERSION COLECTIVA ABIERTO LIQUIDEZ DÓLAR,111505017,(LD) Bco Bogotá cta No. 049335128,,,1,99,PESOS,"483346461,59","35800628,59",,111505,Activo,,Activo Corriente,Efectivo y equivales de efectivo,Bancos nacionales,,,Disponible,
416,FONDO DE INVERSION COLECTIVA ABIERTO LIQUIDEZ DÓLAR,111505018,(LD) OCCIDENTE CTA AHO No. 219885944,,,1,99,PESOS,"38436525,52","21970691,05",,111505,Activo,,Activo Corriente,Efectivo y equivales de efectivo,Bancos nacionales,,,Disponible,
416,FONDO DE INVERSION COLECTIVA ABIERTO LIQUIDEZ DÓLAR,111510013,(LD) BCLOMBIA PANAMA CTA No: 80100022561,,,1,99,PESOS,"26656045,43","25311382,22",,111510,Activo,,Activo Corriente,Efectivo y equivales de efectivo,Bancos del Exterior,,,Disponible,
416,FONDO DE INVERSION COLECTIVA ABIERTO LIQUIDEZ DÓLAR,111510015,(LD) OCCIDENTAL BANK Cta No: 000512214,,,1,99,PESOS,"26785586,25","24373730,0",,111510,Activo,,Activo Corriente,Efectivo y equivales de efectivo,Bancos del Exterior,,,Disponible,
416,FONDO DE INVERSION COLECTIVA ABIERTO LIQUIDEZ DÓLAR,111510018,(LD) BOGOTA MIAMI Cta No: 96750,,,1,99,PESOS,"21160128,13","19287980,04",,111510,Activo,,Activo Corriente,Efectivo y equivales de efectivo,Bancos del Exterior,,,Disponible,
416,FONDO DE INVERSION COLECTIVA ABIERTO LIQUIDEZ DÓLAR,135305015,OBLIGACION DERIVADOS DE MONEDAS,,,1,99,PESOS,"-441448000,0","-830696000,0",,135305,Activo,,Activo no corriente,Inversiones a valor razonable con efectos en resultados,,,,Inversiones,
416,FONDO DE INVERSION COLECTIVA ABIERTO LIQUIDEZ DÓLAR,161695001,(LD) BANCO DE BOGOTA Cta No.049313844,,,1,99,PESOS,"681377,52","101225,6",,161695,Activo,,Activo Corriente,Cuentas por cobrar,Deudores,,,,
416,FONDO DE INVERSION COLECTIVA ABIERTO LIQUIDEZ DÓLAR,161695007,(LD) Bco Bogotá cta No. 049335128,,,1,99,PESOS,"774181,34","247812,58",,161695,Activo,,Activo Corriente,Cuentas por cobrar,Deudores,,,,
416,FONDO DE INVERSION COLECTIVA ABIERTO LIQUIDEZ DÓLAR,161695013,(LD) BCLOMBIA PANAMA CTA No. 80100022561,,,1,99,PESOS,"63220,74","63153,04",,161695,Activo,,Activo Corriente,Cuentas por cobrar,Deudores,,,,
416,FONDO DE INVERSION COLECTIVA ABIERTO LIQUIDEZ DÓLAR,161695045,CUENTA CORRIENTE                        ,,,1,99,PESOS,"0,53","1740,18",,161695,Activo,,Activo Corriente,Cuentas por cobrar,Deudores,,,,
416,FONDO DE INVERSION COLECTIVA ABIERTO LIQUIDEZ DÓLAR,225040011,OBLIGACION DE COMPRA SOBRE TITULOS,,,1,99,PESOS,"-224431907,81","0,0",,225040,Total pasivo + patrimonio,Pasivo,Pasivo Corriente,,,,,,
416,FONDO DE INVERSION COLECTIVA ABIERTO LIQUIDEZ DÓLAR,225040200,OBLIGACION DE COMPRA DE TITULOS,,,1,99,DOLARES,"0,0","-83236041,1",,225040,Total pasivo + patrimonio,Pasivo,Pasivo Corriente,,,,,,
416,FONDO DE INVERSION COLECTIVA ABIERTO LIQUIDEZ DÓLAR,250110033,COMISION CUSTODIO,,,1,99,PESOS,"-180520,09","-240682,83",,250110,Total pasivo + patrimonio,Pasivo,Pasivo Corriente,Cuentas por pagar,Comision de administracion.,,,,
416,FONDO DE INVERSION COLECTIVA ABIERTO LIQUIDEZ DÓLAR,253105110,CUENTA COMPENSACION,,,1,99,PESOS,"0,0","-29769,09",,253105,Total pasivo + patrimonio,Pasivo,Pasivo Corriente,Cuentas por pagar,Acreedores varios,,,,
416,FONDO DE INVERSION COLECTIVA ABIERTO LIQUIDEZ DÓLAR,410805200,EMISORES EXTRANJEROS,,,1,99,PESOS,"0,0","-234773430,23",,410805,Total pasivo + patrimonio,Patrimonio,Utilidad o perdida del ejercicio,Ingresos ordinarios,Por aumento en el valor de mercado Inst. de Pat.,,,,
416,FONDO DE INVERSION COLECTIVA ABIERTO LIQUIDEZ DÓLAR,411405015,INGRESO POR OP REPO,,,1,99,PESOS,"0,0","-1383613,88",,411405,Total pasivo + patrimonio,Patrimonio,Utilidad o perdida del ejercicio,Ingresos ordinarios,,,,,
416,FONDO DE INVERSION COLECTIVA ABIERTO LIQUIDEZ DÓLAR,411415020,DIVIDENDOS                              ,,,1,99,PESOS,"0,0","-8930529,88",,411415,Total pasivo + patrimonio,Patrimonio,Utilidad o perdida del ejercicio,Ingresos ordinarios,Dividendos,,,,
416,FONDO DE INVERSION COLECTIVA ABIERTO LIQUIDEZ DÓLAR,411495001,(LD) BANCO DE BOGOTA Cta No.049313844,,,1,99,PESOS,"0,0","-1245759,08",,411495,Total pasivo + patrimonio,Patrimonio,Utilidad o perdida del ejercicio,Ingresos ordinarios,Otros rendimientos financieros,,,,
416,FONDO DE INVERSION COLECTIVA ABIERTO LIQUIDEZ DÓLAR,411495005,(LD) BCO DAVIVIENDA cta No.482800025223,,,1,99,PESOS,"0,0","-206073,3",,411495,Total pasivo + patrimonio,Patrimonio,Utilidad o perdida del ejercicio,Ingresos ordinarios,Otros rendimientos financieros,,,,
416,FONDO DE INVERSION COLECTIVA ABIERTO LIQUIDEZ DÓLAR,411495006,(LD) Davivienda Panamá Cta. 10001015158,,,1,99,PESOS,"0,0","-340141,42",,411495,Total pasivo + patrimonio,Patrimonio,Utilidad o perdida del ejercicio,Ingresos ordinarios,Otros rendimientos financieros,,,,
416,FONDO DE INVERSION COLECTIVA ABIERTO LIQUIDEZ DÓLAR,411495009,(LD) BANCOLOMBIA cta No. 69000003828,,,1,99,PESOS,"0,0","-183757,81",,411495,Total pasivo + patrimonio,Patrimonio,Utilidad o perdida del ejercicio,Ingresos ordinarios,Otros rendimientos financieros,,,,
416,FONDO DE INVERSION COLECTIVA ABIERTO LIQUIDEZ DÓLAR,411495010,(LD) BCO DE OCCIDENTE cta No. 219870078,,,1,99,PESOS,"0,0","-1968989,87",,411495,Total pasivo + patrimonio,Patrimonio,Utilidad o perdida del ejercicio,Ingresos ordinarios,Otros rendimientos financieros,,,,
416,FONDO DE INVERSION COLECTIVA ABIERTO LIQUIDEZ DÓLAR,411495013,(LD) BCLOMBIA PANAMA CTA No. 80100022561,,,1,99,PESOS,"0,0","-56689,83",,411495,Total pasivo + patrimonio,Patrimonio,Utilidad o perdida del ejercicio,Ingresos ordinarios,Otros rendimientos financieros,,,,
416,FONDO DE INVERSION COLECTIVA ABIERTO LIQUIDEZ DÓLAR,411495014,(LD) BCO DAVIVIENDA cta No.482800036089,,,1,99,PESOS,"0,0","-1034499,59",,411495,Total pasivo + patrimonio,Patrimonio,Utilidad o perdida del ejercicio,Ingresos ordinarios,Otros rendimientos financieros,,,,
416,FONDO DE INVERSION COLECTIVA ABIERTO LIQUIDEZ DÓLAR,411495018,(LD) OCCIDENTE CTA AHO No. 219885944,,,1,99,PESOS,"0,0","-9339566,17",,411495,Total pasivo + patrimonio,Patrimonio,Utilidad o perdida del ejercicio,Ingresos ordinarios,Otros rendimientos financieros,,,,
416,FONDO DE INVERSION COLECTIVA ABIERTO LIQUIDEZ DÓLAR,411495019,(LD) BANCOLOMBIA CTA AHO No. 69000008145,,,1,99,PESOS,"0,0","-1699793,4",,411495,Total pasivo + patrimonio,Patrimonio,Utilidad o perdida del ejercicio,Ingresos ordinarios,Otros rendimientos financieros,,,,
416,FONDO DE INVERSION COLECTIVA ABIERTO LIQUIDEZ DÓLAR,411495999,OTROS,,,1,99,PESOS,"0,0","-66530,83",,411495,Total pasivo + patrimonio,Patrimonio,Utilidad o perdida del ejercicio,Ingresos ordinarios,Otros rendimientos financieros,,,,
416,FONDO DE INVERSION COLECTIVA ABIERTO LIQUIDEZ DÓLAR,412510200,EMISORES EXTRANJEROS,,,1,99,PESOS,"0,0","-52503215,52",,412510,Total pasivo + patrimonio,Patrimonio,Utilidad o perdida del ejercicio,Ingresos ordinarios,A valor Razonable Instrumentos de Pat.,,,,
360,FONDO DE INVERSION COLECTIVA CERRADO FACTURAS 120,411495005,(ALT) Davivienda Cta AH 482800036063,,,1,99,PESOS,"0,0","-139167,53",,411495,Total pasivo + patrimonio,Patrimonio,Utilidad o perdida del ejercicio,Ingresos ordinarios,Otros rendimientos financieros,,,,
360,FONDO DE INVERSION COLECTIVA CERRADO FACTURAS 120,411495006,(ALT) Occidente Cau aho 219861242,,,1,99,PESOS,"0,0","-16982966,16",,411495,Total pasivo + patrimonio,Patrimonio,Utilidad o perdida del ejercicio,Ingresos ordinarios,Otros rendimientos financieros,,,,
360,FONDO DE INVERSION COLECTIVA CERRADO FACTURAS 120,411495008,(ALT) Sudameris Cau aho 91000016710,,,1,99,PESOS,"0,0","-84567454,53",,411495,Total pasivo + patrimonio,Patrimonio,Utilidad o perdida del ejercicio,Ingresos ordinarios,Otros rendimientos financieros,,,,
360,FONDO DE INVERSION COLECTIVA CERRADO FACTURAS 120,411495011,(ALT) Bcolombia Cta AH 69000000789,,,1,99,PESOS,"0,0","-29730,45",,411495,Total pasivo + patrimonio,Patrimonio,Utilidad o perdida del ejercicio,Ingresos ordinarios,Otros rendimientos financieros,,,,
360,FONDO DE INVERSION COLECTIVA CERRADO FACTURAS 120,411495015,RENDIMIENTOS INVERSIONES EN FICS,,,1,99,PESOS,"0,0","-459181451,96",,411495,Total pasivo + patrimonio,Patrimonio,Utilidad o perdida del ejercicio,Ingresos ordinarios,Otros rendimientos financieros,,,,
360,FONDO DE INVERSION COLECTIVA CERRADO FACTURAS 120,411495017,(ALT) Davivienda Cta AH 482800015836,,,1,99,PESOS,"0,0","-205814,79",,411495,Total pasivo + patrimonio,Patrimonio,Utilidad o perdida del ejercicio,Ingresos ordinarios,Otros rendimientos financieros,,,,
360,FONDO DE INVERSION COLECTIVA CERRADO FACTURAS 120,411495021,(ALT) BCO DAVIVIENDA Cta. AH 48280003877,,,1,99,PESOS,"0,0","-53581217,55",,411495,Total pasivo + patrimonio,Patrimonio,Utilidad o perdida del ejercicio,Ingresos ordinarios,Otros rendimientos financieros,,,,
360,FONDO DE INVERSION COLECTIVA CERRADO FACTURAS 120,411495999,OTROS,,,1,99,PESOS,"0,0","-293,87",,411495,Total pasivo + patrimonio,Patrimonio,Utilidad o perdida del ejercicio,Ingresos ordinarios,Otros rendimientos financieros,,,,
360,FONDO DE INVERSION COLECTIVA CERRADO FACTURAS 120,511548010,COMISION DE ADMINISTRACION,,,1,99,PESOS,"0,0","819781306,11",,511548,Total pasivo + patrimonio,Patrimonio,Utilidad o perdida del ejercicio,Costos y gastos,Gastos de operaciones,Comisión administración,,,
360,FONDO DE INVERSION COLECTIVA CERRADO FACTURAS 120,514005011,IMPOVENTAS                              ,,,1,99,PESOS,"0,0","455041,0",,514005,Total pasivo + patrimonio,Patrimonio,Utilidad o perdida del ejercicio,Costos y gastos,Gastos de operaciones,Gravamen a los movimientos financieros,Impuestos y tasas,,
360,FONDO DE INVERSION COLECTIVA CERRADO FACTURAS 120,519095030,SERVICIO DE NEGOCIACION LIBERA,,,1,99,PESOS,"0,0","37479891,19",,519095,Total pasivo + patrimonio,Patrimonio,Utilidad o perdida del ejercicio,Costos y gastos,Gastos de operaciones,Otros gastos de operación,,,
360,FONDO DE INVERSION COLECTIVA CERRADO FACTURAS 120,519095031,SERVICIO DE NEGOCIACION CAP ESTRATEGICO,,,1,99,PESOS,"0,0","7550000,01",,519095,Total pasivo + patrimonio,Patrimonio,Utilidad o perdida del ejercicio,Costos y gastos,Gastos de operaciones,Otros gastos de operación,,,
360,FONDO DE INVERSION COLECTIVA CERRADO FACTURAS 120,519095032,SERVICIO DE NEGOCIACION COLFIMAX,,,1,99,PESOS,"0,0","1378022,76",,519095,Total pasivo + patrimonio,Patrimonio,Utilidad o perdida del ejercicio,Costos y gastos,Gastos de operaciones,Otros gastos de operación,,,
360,FONDO DE INVERSION COLECTIVA CERRADO FACTURAS 120,519095033,SERVICIO DE NEGOCIACION FINNECTA,,,1,99,PESOS,"0,0","16189873,82",,519095,Total pasivo + patrimonio,Patrimonio,Utilidad o perdida del ejercicio,Costos y gastos,Gastos de operaciones,Otros gastos de operación,,,
360,FONDO DE INVERSION COLECTIVA CERRADO FACTURAS 120,519095034,SERVICIO DE NEGOCIACION SERFICOMEX,,,1,99,PESOS,"0,0","97425843,77",,519095,Total pasivo + patrimonio,Patrimonio,Utilidad o perdida del ejercicio,Costos y gastos,Gastos de operaciones,Otros gastos de operación,,,
360,FONDO DE INVERSION COLECTIVA CERRADO FACTURAS 120,519095038,PLAT. DE NEG BILLY,,,1,99,PESOS,"0,0","366115,0",,519095,Total pasivo + patrimonio,Patrimonio,Utilidad o perdida del ejercicio,Costos y gastos,Gastos de operaciones,Otros gastos de operación,,,
360,FONDO DE INVERSION COLECTIVA CERRADO FACTURAS 120,519095999,OTROS,,,1,99,PESOS,"0,0","11,12",,519095,Total pasivo + patrimonio,Patrimonio,Utilidad o perdida del ejercicio,Costos y gastos,Gastos de operaciones,Otros gastos de operación,,,
360,FONDO DE INVERSION COLECTIVA CERRADO FACTURAS 120,590505010,CANCELACION DE INGRESOS RF,,,1,99,PESOS,"0,0","2112105012,7",,590505,Total pasivo + patrimonio,Patrimonio,,,,,,,
360,FONDO DE INVERSION COLECTIVA CERRADO FACTURAS 120,590505015,CANCELACION DE INGRESOS RV,,,1,99,PESOS,"0,0","232679552,03",,590505,Total pasivo + patrimonio,Patrimonio,,,,,,,
360,FONDO DE INVERSION COLECTIVA CERRADO FACTURAS 120,830505010,DEUDORAS POR CONTRA,,,1,99,PESOS,"-89275790127,78","-95346602518,4",,,,,,,,,,,
396,FCP TC LATAM ESTRUCTURAS INMOBILIARIAS COMP I,111505003,(EI) BANCOLOMBIA Cta No. 69000002962,,,1,99,PESOS,"1621,81","1648,5",,111505,Activo,,Activo Corriente,Efectivo y equivales de efectivo,Bancos nacionales,,,Disponible,
396,FCP TC LATAM ESTRUCTURAS INMOBILIARIAS COMP I,136000300,INVERSIONES DERECHOS FIDUCIARIOS,,,1,99,PESOS,"64102177813,81","63282916649,8",,136000,Activo,,Activo no corriente,Inversiones a valor razonable con efectos en resultados,Inversiones derechos fiduciarios,,,Inversiones,
396,FCP TC LATAM ESTRUCTURAS INMOBILIARIAS COMP I,161695001,(EI) BANCOLOMBIA Cau No.69000002480,,,1,99,PESOS,"70867,01","9949,12",,161695,Activo,,Activo Corriente,Cuentas por cobrar,Deudores,,,,
396,FCP TC LATAM ESTRUCTURAS INMOBILIARIAS COMP I,161695003,(EI) BANCOLOMBIA Cta No. 69000002962,,,1,99,PESOS,"7,48","0,0",,161695,Activo,,Activo Corriente,Cuentas por cobrar,Deudores,,,,
396,FCP TC LATAM ESTRUCTURAS INMOBILIARIAS COMP I,253105110,CUENTA COMPENSACION,,,1,99,PESOS,"-5000000000,48","-4999254729,49",,253105,Total pasivo + patrimonio,Pasivo,Pasivo Corriente,Cuentas por pagar,Acreedores varios,,,,
396,FCP TC LATAM ESTRUCTURAS INMOBILIARIAS COMP I,411495003,(EI) BANCOLOMBIA Cta No. 69000002962,,,1,99,PESOS,"0,0","-19,21",,411495,Total pasivo + patrimonio,Patrimonio,Utilidad o perdida del ejercicio,Ingresos ordinarios,Otros rendimientos financieros,,,,
396,FCP TC LATAM ESTRUCTURAS INMOBILIARIAS COMP I,411495015,RENDIMIENTOS INVERSIONES EN FICS,,,1,99,PESOS,"0,0","-712428,15",,411495,Total pasivo + patrimonio,Patrimonio,Utilidad o perdida del ejercicio,Ingresos ordinarios,Otros rendimientos financieros,,,,
396,FCP TC LATAM ESTRUCTURAS INMOBILIARIAS COMP I,411495999,OTROS,,,1,99,PESOS,"0,0","-0,39",,411495,Total pasivo + patrimonio,Patrimonio,Utilidad o perdida del ejercicio,Ingresos ordinarios,Otros rendimientos financieros,,,,
396,FCP TC LATAM ESTRUCTURAS INMOBILIARIAS COMP I,511325010,COMISION CUSTODIA FIJA                  ,,,1,99,PESOS,"0,0","13178038,0",,511325,Total pasivo + patrimonio,Patrimonio,Utilidad o perdida del ejercicio,Costos y gastos,Gastos de operaciones,Comisión custodia fija,,,
396,FCP TC LATAM ESTRUCTURAS INMOBILIARIAS COMP I,511512010,GASTOS BANCARIOS                        ,,,1,99,PESOS,"0,0","609085,54",,511512,Total pasivo + patrimonio,Patrimonio,Utilidad o perdida del ejercicio,Costos y gastos,Gastos de operaciones,Gastos bancarios,,,
396,FCP TC LATAM ESTRUCTURAS INMOBILIARIAS COMP I,511548010,COMISION DE ADMINISTRACION R.F.         ,,,1,99,PESOS,"0,0","71175000,0",,511548,Total pasivo + patrimonio,Patrimonio,Utilidad o perdida del ejercicio,Costos y gastos,Gastos de operaciones,Comisión administración,,,
396,FCP TC LATAM ESTRUCTURAS INMOBILIARIAS COMP I,511595011,COMISION GESTOR PROFESIONAL             ,,,1,99,PESOS,"0,0","671703,39",,511595,Total pasivo + patrimonio,Patrimonio,Utilidad o perdida del ejercicio,Costos y gastos,Gastos de operaciones,Comisión Bursatil,,,
396,FCP TC LATAM ESTRUCTURAS INMOBILIARIAS COMP I,513095090,OTROS HONORARIOS,,,1,99,PESOS,"0,0","78481219,0",,513095,Total pasivo + patrimonio,Patrimonio,Utilidad o perdida del ejercicio,Costos y gastos,Gastos de operaciones,Otros honorarios,,,
396,FCP TC LATAM ESTRUCTURAS INMOBILIARIAS COMP I,514005010,IMPUESTO A LOS MOVIMIENTOS FINANCIEROS  ,,,1,99,PESOS,"0,0","1237999,39",,514005,Total pasivo + patrimonio,Patrimonio,Utilidad o perdida del ejercicio,Costos y gastos,Gastos de operaciones,Gravamen a los movimientos financieros,Impuestos y tasas,,
396,FCP TC LATAM ESTRUCTURAS INMOBILIARIAS COMP I,514005015,IVA COMISION GESTOR PROFESIONAL         ,,,1,99,PESOS,"0,0","127623,66",,514005,Total pasivo + patrimonio,Patrimonio,Utilidad o perdida del ejercicio,Costos y gastos,Gastos de operaciones,Gravamen a los movimientos financieros,Impuestos y tasas,,
396,FCP TC LATAM ESTRUCTURAS INMOBILIARIAS COMP I,519095050,GASTOS REEMBOLSABLES,,,1,99,PESOS,"0,0","17873182,02",,519095,Total pasivo + patrimonio,Patrimonio,Utilidad o perdida del ejercicio,Costos y gastos,Gastos de operaciones,Otros gastos de operación,,,
396,FCP TC LATAM ESTRUCTURAS INMOBILIARIAS COMP I,519095999,OTROS,,,1,99,PESOS,"0,0","0,94",,519095,Total pasivo + patrimonio,Patrimonio,Utilidad o perdida del ejercicio,Costos y gastos,Gastos de operaciones,Otros gastos de operación,,,
396,FCP TC LATAM ESTRUCTURAS INMOBILIARIAS COMP I,810505205,EMISORES NACIONALES                     ,,,1,99,PESOS,"64102177813,81","63282916649,8",,810505,,,,,,,,,
416,FONDO DE INVERSION COLECTIVA ABIERTO LIQUIDEZ DÓLAR,111505001,(LD) BANCO DE BOGOTA Cta No.049313844,,,1,99,PESOS,"92797187,0","14620578,0",,111505,Activo,,Activo Corriente,Efectivo y equivales de efectivo,Bancos nacionales,,,Disponible,
416,FONDO DE INVERSION COLECTIVA ABIERTO LIQUIDEZ DÓLAR,111505009,(LD) BANCOLOMBIA cta No. 69000003828,,,1,99,PESOS,"6851444,47","8765440,92",,111505,Activo,,Activo Corriente,Efectivo y equivales de efectivo,Bancos nacionales,,,Disponible,
416,FONDO DE INVERSION COLECTIVA ABIERTO LIQUIDEZ DÓLAR,413515015,UT/PER REEXPRESIÓN OTROS ACTIVOS (DER CO,,,1,99,PESOS,"0,0","-167080,0",,413515,Total pasivo + patrimonio,Patrimonio,Utilidad o perdida del ejercicio,Ingresos ordinarios,Diferencia en cambio,,,,
416,FONDO DE INVERSION COLECTIVA ABIERTO LIQUIDEZ DÓLAR,511512010,GASTOS BANCARIOS                        ,,,1,99,PESOS,"0,0","10661870,65",,511512,Total pasivo + patrimonio,Patrimonio,Utilidad o perdida del ejercicio,Costos y gastos,Gastos de operaciones,Gastos bancarios,,,
416,FONDO DE INVERSION COLECTIVA ABIERTO LIQUIDEZ DÓLAR,511548010,COMISION DE ADMINISTRACION R.F.         ,,,1,99,PESOS,"0,0","68536487,72",,511548,Total pasivo + patrimonio,Patrimonio,Utilidad o perdida del ejercicio,Costos y gastos,Gastos de operaciones,Comisión administración,,,
416,FONDO DE INVERSION COLECTIVA ABIERTO LIQUIDEZ DÓLAR,512510200,EMISORES EXTRANJEROS,,,1,99,PESOS,"0,0","132430443,59",,512510,Total pasivo + patrimonio,Patrimonio,Utilidad o perdida del ejercicio,Costos y gastos,Gastos de operaciones,,,,
416,FONDO DE INVERSION COLECTIVA ABIERTO LIQUIDEZ DÓLAR,512917010,FUTURO EN MONEDAS,,,1,99,PESOS,"0,0","21002500,0",,512917,Total pasivo + patrimonio,Patrimonio,Utilidad o perdida del ejercicio,Costos y gastos,Gastos de operaciones,,,,
416,FONDO DE INVERSION COLECTIVA ABIERTO LIQUIDEZ DÓLAR,512917020,PERDIDA FUTUROS DE MONEDAS,,,1,99,PESOS,"0,0","18650700,0",,512917,Total pasivo + patrimonio,Patrimonio,Utilidad o perdida del ejercicio,Costos y gastos,Gastos de operaciones,,,,
416,FONDO DE INVERSION COLECTIVA ABIERTO LIQUIDEZ DÓLAR,514005011,IMPOVENTAS,,,1,99,PESOS,"0,0","321069,2",,514005,Total pasivo + patrimonio,Patrimonio,Utilidad o perdida del ejercicio,Costos y gastos,Gastos de operaciones,Gravamen a los movimientos financieros,Impuestos y tasas,,
416,FONDO DE INVERSION COLECTIVA ABIERTO LIQUIDEZ DÓLAR,519095999,OTROS,,,1,99,PESOS,"0,0","136,86",,519095,Total pasivo + patrimonio,Patrimonio,Utilidad o perdida del ejercicio,Costos y gastos,Gastos de operaciones,Otros gastos de operación,,,
416,FONDO DE INVERSION COLECTIVA ABIERTO LIQUIDEZ DÓLAR,590505020,UTILIDAD/PERDIDA PAGADA EN REDENCIONES,,,1,99,PESOS,"0,0","197284496,55",,590505,Total pasivo + patrimonio,Patrimonio,,,,,,,
416,FONDO DE INVERSION COLECTIVA ABIERTO LIQUIDEZ DÓLAR,810505210,EMISORES EXTRANJEROS,,,1,99,PESOS,"9849122356,07","10276651150,55",,810505,,,,,,,,,
416,FONDO DE INVERSION COLECTIVA ABIERTO LIQUIDEZ DÓLAR,840505010,ACREEDORAS POR CONTRA,,,1,99,PESOS,"0,0","572564580,0",,840505,,,,,,,,,
433,FIC DIVERSIFICADO CONSERVADOR,111505001,(DC) DAVIVIENDA Cta No.482800029811,,,1,99,PESOS,"34359761,46","68985867,54",,111505,Activo,,Activo Corriente,Efectivo y equivales de efectivo,Bancos nacionales,,,Disponible,
433,FIC DIVERSIFICADO CONSERVADOR,111505002,(DC) DAVIVIENDA Cta No.482869978916,,,1,99,PESOS,"296378183,76","296067829,22",,111505,Activo,,Activo Corriente,Efectivo y equivales de efectivo,Bancos nacionales,,,Disponible,
433,FIC DIVERSIFICADO CONSERVADOR,111505007,(DC) BOGOTA Cta No.049322787,,,1,99,PESOS,"6944744,0","7183988,0",,111505,Activo,,Activo Corriente,Efectivo y equivales de efectivo,Bancos nacionales,,,Disponible,
433,FIC DIVERSIFICADO CONSERVADOR,111505015,(DC) BCO BOGOTÁ Cta No.049335110,,,1,99,PESOS,"531421024,3","1033889186,3",,111505,Activo,,Activo Corriente,Efectivo y equivales de efectivo,Bancos nacionales,,,Disponible,
433,FIC DIVERSIFICADO CONSERVADOR,111505016,(DC) BCO OCCIDENTE Cta. No. 219885928,,,1,99,PESOS,"151963937,24","3991344602,79",,111505,Activo,,Activo Corriente,Efectivo y equivales de efectivo,Bancos nacionales,,,Disponible,
433,FIC DIVERSIFICADO CONSERVADOR,111510014,(DC) ALLFUNDS CTA: 110001120500576008,,,1,99,DOLARES,"29043952,88","27328448,38",,111510,Activo,,Activo Corriente,Efectivo y equivales de efectivo,Bancos del Exterior,,,Disponible,
433,FIC DIVERSIFICADO CONSERVADOR,111510017,(DC) CITIBANK NEW YORK CTA: 14742842,,,1,99,DOLARES,"62785414,17","10415112,64",,111510,Activo,,Activo Corriente,Efectivo y equivales de efectivo,Bancos del Exterior,,,Disponible,
433,FIC DIVERSIFICADO CONSERVADOR,111510019,(DC) BCO BOGOTA MIAMI CTA: 98533,,,1,99,DOLARES,"42085336,75","39080942,4",,111510,Activo,,Activo Corriente,Efectivo y equivales de efectivo,Bancos del Exterior,,,Disponible,
433,FIC DIVERSIFICADO CONSERVADOR,111510022,(DC) OCCIDENTAL BANK BARB CTA: 512583,,,1,99,DOLARES,"30533363,75","891663646,0",,111510,Activo,,Activo Corriente,Efectivo y equivales de efectivo,Bancos del Exterior,,,Disponible,
433,FIC DIVERSIFICADO CONSERVADOR,130115115,OTROS EMISORES NACIONALES               ,,,1,99,PESOS,"46058017150,0","47047980800,0",,130115,Activo,,Activo no corriente,Inversiones a valor razonable con efectos en resultados,Instrumentos de Deuda,,,Inversiones,
433,FIC DIVERSIFICADO CONSERVADOR,135110010,DERECHO DE VENTA SOBRE DIVISAS,,,1,99,PESOS,"0,0","865696000,0",,,,,,,,,,,
433,FIC DIVERSIFICADO CONSERVADOR,135135010,OBLIGACIÓN DE VENTA SOBRE DIVISAS,,,1,99,DOLARES,"0,0","-862933760,0",,,,,,,,,,,
433,FIC DIVERSIFICADO CONSERVADOR,135305010,DERECHO DE MONEDAS,,,1,99,PESOS,"4635204000,0","3530458000,0",,135305,Activo,,Activo no corriente,Inversiones a valor razonable con efectos en resultados,,,,Inversiones,
433,FIC DIVERSIFICADO CONSERVADOR,135305015,OBLIGACION DE MONEDAS,,,1,99,PESOS,"-4635204000,0","-3530458000,0",,135305,Activo,,Activo no corriente,Inversiones a valor razonable con efectos en resultados,,,,Inversiones,
433,FIC DIVERSIFICADO CONSERVADOR,161695001,(DC) DAVIVIENDA Cta No.482800029811,,,1,99,PESOS,"14752,56","28744,46",,161695,Activo,,Activo Corriente,Cuentas por cobrar,Deudores,,,,
433,FIC DIVERSIFICADO CONSERVADOR,161695003,(DC) BANCOLOMBIA Cta No. 69000006135,,,1,99,PESOS,"115172,25","82433,55",,161695,Activo,,Activo Corriente,Cuentas por cobrar,Deudores,,,,
433,FIC DIVERSIFICADO CONSERVADOR,161695014,(DC) DAVIVIENDA Cta No.482800036071,,,1,99,PESOS,"15916,82","340893,66",,161695,Activo,,Activo Corriente,Cuentas por cobrar,Deudores,,,,
433,FIC DIVERSIFICADO CONSERVADOR,161695045,CUENTA CORRIENTE                        ,,,1,99,PESOS,"0,0","25895180,05",,161695,Activo,,Activo Corriente,Cuentas por cobrar,Deudores,,,,
433,FIC DIVERSIFICADO CONSERVADOR,250110033,COMISION CUSTODIO,,,1,99,PESOS,"-1715233,21","-1765983,63",,250110,Total pasivo + patrimonio,Pasivo,Pasivo Corriente,Cuentas por pagar,Comision de administracion.,,,,
433,FIC DIVERSIFICADO CONSERVADOR,253105110,CUENTA COMPENSACION,,,1,99,PESOS,"-310981312,01","0,0",,253105,Total pasivo + patrimonio,Pasivo,Pasivo Corriente,Cuentas por pagar,Acreedores varios,,,,
433,FIC DIVERSIFICADO CONSERVADOR,410705115,OTROS EMISORES NACIONALES               ,,,1,99,PESOS,"0,0","-391667000,0",,410705,Total pasivo + patrimonio,Patrimonio,Utilidad o perdida del ejercicio,Ingresos ordinarios,Valoracion Intrumentos de Deuda,,,,
433,FIC DIVERSIFICADO CONSERVADOR,410805200,EMISORES EXTRANJEROS,,,1,99,PESOS,"0,0","-247141674,13",,410805,Total pasivo + patrimonio,Patrimonio,Utilidad o perdida del ejercicio,Ingresos ordinarios,Por aumento en el valor de mercado Inst. de Pat.,,,,
433,FIC DIVERSIFICADO CONSERVADOR,411405015,INGRESO POR OP REPO,,,1,99,PESOS,"0,0","-9078821,32",,411405,Total pasivo + patrimonio,Patrimonio,Utilidad o perdida del ejercicio,Ingresos ordinarios,,,,,
433,FIC DIVERSIFICADO CONSERVADOR,411415020,DIVIDENDOS                              ,,,1,99,PESOS,"0,0","-38340709,37",,411415,Total pasivo + patrimonio,Patrimonio,Utilidad o perdida del ejercicio,Ingresos ordinarios,Dividendos,,,,
433,FIC DIVERSIFICADO CONSERVADOR,411495002,(DC) Davivienda Panamá Cta. 10001015155,,,1,99,PESOS,"0,0","-6433845,05",,411495,Total pasivo + patrimonio,Patrimonio,Utilidad o perdida del ejercicio,Ingresos ordinarios,Otros rendimientos financieros,,,,
433,FIC DIVERSIFICADO CONSERVADOR,411495003,(DC) BANCOLOMBIA Cta No. 69000006135,,,1,99,PESOS,"0,0","-1293715,71",,411495,Total pasivo + patrimonio,Patrimonio,Utilidad o perdida del ejercicio,Ingresos ordinarios,Otros rendimientos financieros,,,,
433,FIC DIVERSIFICADO CONSERVADOR,411495004,(DC) BANCOLOMBIA Cta. No. 69000008144,,,1,99,PESOS,"0,0","-25071664,94",,411495,Total pasivo + patrimonio,Patrimonio,Utilidad o perdida del ejercicio,Ingresos ordinarios,Otros rendimientos financieros,,,,
433,FIC DIVERSIFICADO CONSERVADOR,411495005,(DC) OCCIDENTE Cta No.219876323,,,1,99,PESOS,"0,0","-9736306,6",,411495,Total pasivo + patrimonio,Patrimonio,Utilidad o perdida del ejercicio,Ingresos ordinarios,Otros rendimientos financieros,,,,
433,FIC DIVERSIFICADO CONSERVADOR,411495014,(DC) DAVIVIENDA Cta No.482800036071,,,1,99,PESOS,"0,0","-12605546,38",,411495,Total pasivo + patrimonio,Patrimonio,Utilidad o perdida del ejercicio,Ingresos ordinarios,Otros rendimientos financieros,,,,
433,FIC DIVERSIFICADO CONSERVADOR,411495015,RENDIMIENTOS INVERSIONES EN FICS,,,1,99,PESOS,"0,0","-239716639,49",,411495,Total pasivo + patrimonio,Patrimonio,Utilidad o perdida del ejercicio,Ingresos ordinarios,Otros rendimientos financieros,,,,
433,FIC DIVERSIFICADO CONSERVADOR,411495016,(DC) BCO OCCIDENTE Cta. No. 219885928,,,1,99,PESOS,"0,0","-87228162,0",,411495,Total pasivo + patrimonio,Patrimonio,Utilidad o perdida del ejercicio,Ingresos ordinarios,Otros rendimientos financieros,,,,
433,FIC DIVERSIFICADO CONSERVADOR,411495300,INTERESES TÍTULOS,,,1,99,PESOS,"0,0","-2147948928,55",,411495,Total pasivo + patrimonio,Patrimonio,Utilidad o perdida del ejercicio,Ingresos ordinarios,Otros rendimientos financieros,,,,
416,FONDO DE INVERSION COLECTIVA ABIERTO LIQUIDEZ DÓLAR,111505019,(LD) BANCOLOMBIA CTA AHO No. 69000008145,,,1,99,PESOS,"27135344,86","550322413,73",,111505,Activo,,Activo Corriente,Efectivo y equivales de efectivo,Bancos nacionales,,,Disponible,
416,FONDO DE INVERSION COLECTIVA ABIERTO LIQUIDEZ DÓLAR,111510001,(LD) Davivienda Panamá Cta: 10001015158,,,1,99,DOLARES,"25549040,13","24376136,23",,111510,Activo,,Activo Corriente,Efectivo y equivales de efectivo,Bancos del Exterior,,,Disponible,
416,FONDO DE INVERSION COLECTIVA ABIERTO LIQUIDEZ DÓLAR,111510016,(LD) ALLFUNDS Cta No: 110001140500576004,,,1,99,PESOS,"18976849,32","9394071,19",,111510,Activo,,Activo Corriente,Efectivo y equivales de efectivo,Bancos del Exterior,,,Disponible,
416,FONDO DE INVERSION COLECTIVA ABIERTO LIQUIDEZ DÓLAR,111510017,(LD) CITIBANK Cta No: 27249400,,,1,99,PESOS,"460838802,48","87929091,8",,111510,Activo,,Activo Corriente,Efectivo y equivales de efectivo,Bancos del Exterior,,,Disponible,
416,FONDO DE INVERSION COLECTIVA ABIERTO LIQUIDEZ DÓLAR,122005010,COMP DE TRANSF DE INV EN OP. SIM,,,1,99,PESOS,"0,0","572675742,85",,,,,,,,,,,
416,FONDO DE INVERSION COLECTIVA ABIERTO LIQUIDEZ DÓLAR,130210200,EMISORES EXTRANJEROS,,,1,99,DOLARES,"9849122356,05","10276651150,52",,130210,Activo,,Activo no corriente,Inversiones a valor razonable con efectos en resultados,Instrumentos de patrimonio,,,Inversiones,
416,FONDO DE INVERSION COLECTIVA ABIERTO LIQUIDEZ DÓLAR,135305010,DERECHO DERIVADOS DE MONEDAS,,,1,99,PESOS,"441448000,0","830696000,0",,135305,Activo,,Activo no corriente,Inversiones a valor razonable con efectos en resultados,,,,Inversiones,
416,FONDO DE INVERSION COLECTIVA ABIERTO LIQUIDEZ DÓLAR,161695004,(LD) BCO DAVIVIENDA cta No.482800025215,,,1,99,PESOS,"208175,7","208175,7",,161695,Activo,,Activo Corriente,Cuentas por cobrar,Deudores,,,,
416,FONDO DE INVERSION COLECTIVA ABIERTO LIQUIDEZ DÓLAR,161695005,(LD) BCO DAVIVIENDA cta No.482800025223,,,1,99,PESOS,"29029,62","32756,8",,161695,Activo,,Activo Corriente,Cuentas por cobrar,Deudores,,,,
416,FONDO DE INVERSION COLECTIVA ABIERTO LIQUIDEZ DÓLAR,161695006,(LD) Davivienda Panamá Cta. 10001015158,,,1,99,PESOS,"0,0","-796,23",,161695,Activo,,Activo Corriente,Cuentas por cobrar,Deudores,,,,
416,FONDO DE INVERSION COLECTIVA ABIERTO LIQUIDEZ DÓLAR,161695009,(LD) BANCOLOMBIA cta No. 69000003828,,,1,99,PESOS,"19143,74","37387,26",,161695,Activo,,Activo Corriente,Cuentas por cobrar,Deudores,,,,
416,FONDO DE INVERSION COLECTIVA ABIERTO LIQUIDEZ DÓLAR,161695010,(LD) BCO DE OCCIDENTE cta No. 219870078,,,1,99,PESOS,"160089,31","96687,67",,161695,Activo,,Activo Corriente,Cuentas por cobrar,Deudores,,,,
416,FONDO DE INVERSION COLECTIVA ABIERTO LIQUIDEZ DÓLAR,161695014,(LD) BCO DAVIVIENDA cta No.482800036089,,,1,99,PESOS,"39581,27","37575,45",,161695,Activo,,Activo Corriente,Cuentas por cobrar,Deudores,,,,
416,FONDO DE INVERSION COLECTIVA ABIERTO LIQUIDEZ DÓLAR,161695018,(LD) OCCIDENTE CTA AHO No. 219885944,,,1,99,PESOS,"42467,69","136999,82",,161695,Activo,,Activo Corriente,Cuentas por cobrar,Deudores,,,,
416,FONDO DE INVERSION COLECTIVA ABIERTO LIQUIDEZ DÓLAR,161695019,(LD) BANCOLOMBIA CTA AHO No. 69000008145,,,1,99,PESOS,"15021,49","133187,29",,161695,Activo,,Activo Corriente,Cuentas por cobrar,Deudores,,,,
416,FONDO DE INVERSION COLECTIVA ABIERTO LIQUIDEZ DÓLAR,161795020,OTROS,,,1,99,PESOS,"523000,0","4174000,0",,161795,Activo,,Activo Corriente,Cuentas por cobrar,Deudores,,,,
416,FONDO DE INVERSION COLECTIVA ABIERTO LIQUIDEZ DÓLAR,162825010,EN GARANTIA,,,1,99,PESOS,"45721667,0","84515861,0",,162825,Activo,,Activo Corriente,Cuentas por cobrar,Deudores,,,,
416,FONDO DE INVERSION COLECTIVA ABIERTO LIQUIDEZ DÓLAR,225015200,DERECHO DE COMPRA DE TITULOS,,,1,99,DOLARES,"224405232,45","83182708,48",,225015,Total pasivo + patrimonio,Pasivo,Pasivo Corriente,,,,,,
416,FONDO DE INVERSION COLECTIVA ABIERTO LIQUIDEZ DÓLAR,250110015,COMISION DE ADMINISTRACION              ,,,1,99,PESOS,"-918098,87","-942987,92",,250110,Total pasivo + patrimonio,Pasivo,Pasivo Corriente,Cuentas por pagar,Comision de administracion.,,,,
416,FONDO DE INVERSION COLECTIVA ABIERTO LIQUIDEZ DÓLAR,253105220,CUENTA COMPENSACION DIVISAS,,,1,99,DOLARES,"-44477,86","-16655,06",,253105,Total pasivo + patrimonio,Pasivo,Pasivo Corriente,Cuentas por pagar,Acreedores varios,,,,
416,FONDO DE INVERSION COLECTIVA ABIERTO LIQUIDEZ DÓLAR,352505010,PARTICIPACIONES EN FDO DE INVERSIÓN COLE,,,1,99,PESOS,"-11263683496,45","-11820144210,4",,352505,Total pasivo + patrimonio,Patrimonio,,Patrimonio especiales,Participaciones en fondos de inversión colectiva,,,,
416,FONDO DE INVERSION COLECTIVA ABIERTO LIQUIDEZ DÓLAR,410355010,RENDIMIENTOS EN OPE SIMULTANEAS ACTIVAS ,,,1,99,PESOS,"0,0","-9770949,85",,410355,Total pasivo + patrimonio,Patrimonio,Utilidad o perdida del ejercicio,Ingresos ordinarios,Otros rendimientos financieros,,,,
416,FONDO DE INVERSION COLECTIVA ABIERTO LIQUIDEZ DÓLAR,411495007,(LD) Bco Bogotá cta No. 049335128,,,1,99,PESOS,"0,0","-3221931,24",,411495,Total pasivo + patrimonio,Patrimonio,Utilidad o perdida del ejercicio,Ingresos ordinarios,Otros rendimientos financieros,,,,
416,FONDO DE INVERSION COLECTIVA ABIERTO LIQUIDEZ DÓLAR,412917010,FUTURO EN MONEDAS,,,1,99,PESOS,"0,0","-11324000,0",,412917,Total pasivo + patrimonio,Patrimonio,Utilidad o perdida del ejercicio,Ingresos ordinarios,,,,,
416,FONDO DE INVERSION COLECTIVA ABIERTO LIQUIDEZ DÓLAR,412917020,UTILIDAD FUTUROS DE MONEDAS,,,1,99,PESOS,"0,0","-9228250,0",,412917,Total pasivo + patrimonio,Patrimonio,Utilidad o perdida del ejercicio,Ingresos ordinarios,,,,,
416,FONDO DE INVERSION COLECTIVA ABIERTO LIQUIDEZ DÓLAR,413515010,POR REEXPRESION DE OTROS ACTIVOS,,,1,99,PESOS,"0,0","-75254517,2",,413515,Total pasivo + patrimonio,Patrimonio,Utilidad o perdida del ejercicio,Ingresos ordinarios,Diferencia en cambio,,,,
416,FONDO DE INVERSION COLECTIVA ABIERTO LIQUIDEZ DÓLAR,510805200,EMISORES EXTRANJEROS,,,1,99,PESOS,"0,0","507804696,72",,510805,Total pasivo + patrimonio,Patrimonio,Utilidad o perdida del ejercicio,Costos y gastos,Gastos de operaciones,Disminución en el valor de mercado Inst. de Pat.,,,
416,FONDO DE INVERSION COLECTIVA ABIERTO LIQUIDEZ DÓLAR,511325002,COMISION CUSTODIA VARIABLE              ,,,1,99,PESOS,"0,0","3037458,72",,511325,Total pasivo + patrimonio,Patrimonio,Utilidad o perdida del ejercicio,Costos y gastos,Gastos de operaciones,Comisión custodia fija,,,
416,FONDO DE INVERSION COLECTIVA ABIERTO LIQUIDEZ DÓLAR,511325010,COMISION CUSTODIA FIJA                  ,,,1,99,PESOS,"0,0","1481822,74",,511325,Total pasivo + patrimonio,Patrimonio,Utilidad o perdida del ejercicio,Costos y gastos,Gastos de operaciones,Comisión custodia fija,,,
416,FONDO DE INVERSION COLECTIVA ABIERTO LIQUIDEZ DÓLAR,511595070,COMISIONES OP DEL EXTERIOR,,,1,99,PESOS,"0,0","1478633,72",,511595,Total pasivo + patrimonio,Patrimonio,Utilidad o perdida del ejercicio,Costos y gastos,Gastos de operaciones,Comisión Bursatil,,,
416,FONDO DE INVERSION COLECTIVA ABIERTO LIQUIDEZ DÓLAR,513015003,REVISORIA FISCAL                        ,,,1,99,PESOS,"0,0","1689837,9",,513015,Total pasivo + patrimonio,Patrimonio,Utilidad o perdida del ejercicio,Costos y gastos,Gastos de operaciones,Revisoría Fiscal,,,
416,FONDO DE INVERSION COLECTIVA ABIERTO LIQUIDEZ DÓLAR,513515010,POR REEXPRESION DE OTROS PASIVOS,,,1,99,PESOS,"0,0","664,29",,513515,Total pasivo + patrimonio,Patrimonio,Utilidad o perdida del ejercicio,Costos y gastos,Gastos de operaciones,Reexpresion de Activos,,,
416,FONDO DE INVERSION COLECTIVA ABIERTO LIQUIDEZ DÓLAR,513535010,POR REEXPRESION DE OTROS ACTIVOS,,,1,99,PESOS,"0,0","118461179,12",,513535,Total pasivo + patrimonio,Patrimonio,Utilidad o perdida del ejercicio,Costos y gastos,Gastos de operaciones,Reexpresion de Activos,,,
416,FONDO DE INVERSION COLECTIVA ABIERTO LIQUIDEZ DÓLAR,514005010,IMPUESTO A LOS MOVIMIENTOS FINANCIEROS  ,,,1,99,PESOS,"0,0","9818,72",,514005,Total pasivo + patrimonio,Patrimonio,Utilidad o perdida del ejercicio,Costos y gastos,Gastos de operaciones,Gravamen a los movimientos financieros,Impuestos y tasas,,
416,FONDO DE INVERSION COLECTIVA ABIERTO LIQUIDEZ DÓLAR,590505010,CANCELACION DE INGRESOS RF,,,1,99,PESOS,"0,0","-88592508,6",,590505,Total pasivo + patrimonio,Patrimonio,,,,,,,
416,FONDO DE INVERSION COLECTIVA ABIERTO LIQUIDEZ DÓLAR,590505015,CANCELACION DE INGRESOS RV,,,1,99,PESOS,"0,0","-571559988,8",,590505,Total pasivo + patrimonio,Patrimonio,,,,,,,
416,FONDO DE INVERSION COLECTIVA ABIERTO LIQUIDEZ DÓLAR,821505010,EN TITULOS DE TESORERIA - TES,,,1,99,PESOS,"0,0","-572564580,0",,,,,,,,,,,
416,FONDO DE INVERSION COLECTIVA ABIERTO LIQUIDEZ DÓLAR,830505010,DEUDORAS POR CONTRA,,,1,99,PESOS,"-9849122356,07","-10276651150,55",,,,,,,,,,,
433,FIC DIVERSIFICADO CONSERVADOR,111505003,(DC) BANCOLOMBIA Cta No. 69000006135,,,1,99,PESOS,"34575126,94","85240627,12",,111505,Activo,,Activo Corriente,Efectivo y equivales de efectivo,Bancos nacionales,,,Disponible,
433,FIC DIVERSIFICADO CONSERVADOR,411495999,OTROS,,,1,99,PESOS,"0,0","-84,89",,411495,Total pasivo + patrimonio,Patrimonio,Utilidad o perdida del ejercicio,Ingresos ordinarios,Otros rendimientos financieros,,,,
433,FIC DIVERSIFICADO CONSERVADOR,412505010,OTROS EMISORES NACIONALES,,,1,99,PESOS,"0,0","-753938,77",,412505,Total pasivo + patrimonio,Patrimonio,Utilidad o perdida del ejercicio,Ingresos ordinarios,A valor Razonable Instrumentos de Deuda.,,,,
433,FIC DIVERSIFICADO CONSERVADOR,412917010,FUTUROS DE MONEDAS,,,1,99,PESOS,"0,0","-244291000,0",,412917,Total pasivo + patrimonio,Patrimonio,Utilidad o perdida del ejercicio,Ingresos ordinarios,,,,,
433,FIC DIVERSIFICADO CONSERVADOR,413515015,UT/PER REEXPRESIÓN OTROS ACTIVOS (DER CO,,,1,99,PESOS,"0,0","-2348500,0",,413515,Total pasivo + patrimonio,Patrimonio,Utilidad o perdida del ejercicio,Ingresos ordinarios,Diferencia en cambio,,,,
433,FIC DIVERSIFICADO CONSERVADOR,510605010,POR DISMINUCION EN EL VALOR RAZONABLE,,,1,99,PESOS,"0,0","34998,71",,510605,Total pasivo + patrimonio,Patrimonio,Utilidad o perdida del ejercicio,Costos y gastos,Gastos de operaciones,Disminucion en el Valor Razonables inst. de Deuda,,,
433,FIC DIVERSIFICADO CONSERVADOR,510605105,TÍTULOS DE TESORERÍA -TES,,,1,99,PESOS,"0,0","88818401,05",,510605,Total pasivo + patrimonio,Patrimonio,Utilidad o perdida del ejercicio,Costos y gastos,Gastos de operaciones,Disminucion en el Valor Razonables inst. de Deuda,,,
433,FIC DIVERSIFICADO CONSERVADOR,511325010,COMISION CUSTODIA FIJA                  ,,,1,99,PESOS,"0,0","7439706,35",,511325,Total pasivo + patrimonio,Patrimonio,Utilidad o perdida del ejercicio,Costos y gastos,Gastos de operaciones,Comisión custodia fija,,,
433,FIC DIVERSIFICADO CONSERVADOR,511512010,GASTOS BANCARIOS                        ,,,1,99,PESOS,"0,0","4290235,43",,511512,Total pasivo + patrimonio,Patrimonio,Utilidad o perdida del ejercicio,Costos y gastos,Gastos de operaciones,Gastos bancarios,,,
433,FIC DIVERSIFICADO CONSERVADOR,511548010,COMISION DE ADMINISTRACION R.F.         ,,,1,99,PESOS,"0,0","571472121,71",,511548,Total pasivo + patrimonio,Patrimonio,Utilidad o perdida del ejercicio,Costos y gastos,Gastos de operaciones,Comisión administración,,,
433,FIC DIVERSIFICADO CONSERVADOR,512505115,OTROS EMISORES NACIONALES               ,,,1,99,PESOS,"0,0","188877102,0",,512505,Total pasivo + patrimonio,Patrimonio,Utilidad o perdida del ejercicio,Costos y gastos,Gastos de operaciones,Otras Emisores Nacionales,,,
433,FIC DIVERSIFICADO CONSERVADOR,512510200,EMISORES EXTRANJEROS,,,1,99,PESOS,"0,0","2381514,8",,512510,Total pasivo + patrimonio,Patrimonio,Utilidad o perdida del ejercicio,Costos y gastos,Gastos de operaciones,,,,
433,FIC DIVERSIFICADO CONSERVADOR,513535010,POR REEXPRESION DE OTROS ACTIVOS,,,1,99,PESOS,"0,0","297143921,44",,513535,Total pasivo + patrimonio,Patrimonio,Utilidad o perdida del ejercicio,Costos y gastos,Gastos de operaciones,Reexpresion de Activos,,,
433,FIC DIVERSIFICADO CONSERVADOR,514005011,IMPOVENTAS,,,1,99,PESOS,"0,0","395333,78",,514005,Total pasivo + patrimonio,Patrimonio,Utilidad o perdida del ejercicio,Costos y gastos,Gastos de operaciones,Gravamen a los movimientos financieros,Impuestos y tasas,,
433,FIC DIVERSIFICADO CONSERVADOR,519095999,OTROS,,,1,99,PESOS,"0,0","828,35",,519095,Total pasivo + patrimonio,Patrimonio,Utilidad o perdida del ejercicio,Costos y gastos,Gastos de operaciones,Otros gastos de operación,,,
433,FIC DIVERSIFICADO CONSERVADOR,590505020,UTILIDAD/PERDIDA PAGADA EN REDENCIONES,,,1,99,PESOS,"0,0","1085630236,09",,590505,Total pasivo + patrimonio,Patrimonio,,,,,,,
433,FIC DIVERSIFICADO CONSERVADOR,810505210,EMISORES EXTRANJEROS,,,1,99,PESOS,"8804154344,52","8411880781,72",,810505,,,,,,,,,
437,FCP DAVIVIENDA CORREDORES DEUDA COMPARTIMENTO I,111505003,(FD) BANCOLOMBIA Cta No. 69000006729,,,1,99,PESOS,"131550506,77","78079278,22",,111505,Activo,,Activo Corriente,Efectivo y equivales de efectivo,Bancos nacionales,,,Disponible,
437,FCP DAVIVIENDA CORREDORES DEUDA COMPARTIMENTO I,130205300,EMISORES  NACIONALES,,,1,99,PESOS,"1799821598,3","523796349,14",,130205,Activo,,Activo no corriente,Inversiones a valor razonable con efectos en resultados,Instrumentos de patrimonio,,,Inversiones,
437,FCP DAVIVIENDA CORREDORES DEUDA COMPARTIMENTO I,139005115,INSTRUMENTOS DE DEUDA,,,1,99,PESOS,"-2082135578,86","-3976579449,22",,139005,Activo,,Activo no corriente,Inversiones a valor razonable con efectos en resultados,Deterioro inversiones,,,Inversiones,
437,FCP DAVIVIENDA CORREDORES DEUDA COMPARTIMENTO I,161695001,(FD) BCO DAVIVIENDA Cta No. 482800031262,,,1,99,PESOS,"1300809,9","2675042,12",,161695,Activo,,Activo Corriente,Cuentas por cobrar,Deudores,,,,
437,FCP DAVIVIENDA CORREDORES DEUDA COMPARTIMENTO I,352505010,PARTICIPACIONES EN FDO DE INVERSIÓN COLE,,,1,99,PESOS,"-294194878601,11","-330441000054,6",,352505,Total pasivo + patrimonio,Patrimonio,,Patrimonio especiales,Participaciones en fondos de inversión colectiva,,,,
437,FCP DAVIVIENDA CORREDORES DEUDA COMPARTIMENTO I,411495004,(FD) BANCOLOMBIA Cta Ah No.03100015563,,,1,99,PESOS,"0,0","-6473489,99",,411495,Total pasivo + patrimonio,Patrimonio,Utilidad o perdida del ejercicio,Ingresos ordinarios,Otros rendimientos financieros,,,,
437,FCP DAVIVIENDA CORREDORES DEUDA COMPARTIMENTO I,511325010,COMISION CUSTODIA FIJA                  ,,,1,99,PESOS,"0,0","13988000,0",,511325,Total pasivo + patrimonio,Patrimonio,Utilidad o perdida del ejercicio,Costos y gastos,Gastos de operaciones,Comisión custodia fija,,,
437,FCP DAVIVIENDA CORREDORES DEUDA COMPARTIMENTO I,513015003,REVISORIA FISCAL                        ,,,1,99,PESOS,"0,0","3697586,67",,513015,Total pasivo + patrimonio,Patrimonio,Utilidad o perdida del ejercicio,Costos y gastos,Gastos de operaciones,Revisoría Fiscal,,,
437,FCP DAVIVIENDA CORREDORES DEUDA COMPARTIMENTO I,513095090,OTROS HONORARIOS,,,1,99,PESOS,"0,0","48892000,0",,513095,Total pasivo + patrimonio,Patrimonio,Utilidad o perdida del ejercicio,Costos y gastos,Gastos de operaciones,Otros honorarios,,,
437,FCP DAVIVIENDA CORREDORES DEUDA COMPARTIMENTO I,514005010,IMPUESTO A LOS MOVIMIENTOS FINANCIEROS  ,,,1,99,PESOS,"0,0","124310074,44",,514005,Total pasivo + patrimonio,Patrimonio,Utilidad o perdida del ejercicio,Costos y gastos,Gastos de operaciones,Gravamen a los movimientos financieros,Impuestos y tasas,,
437,FCP DAVIVIENDA CORREDORES DEUDA COMPARTIMENTO I,590505010,CANCELACION DE INGRESOS RF,,,1,99,PESOS,"0,0","12705364775,07",,590505,Total pasivo + patrimonio,Patrimonio,,,,,,,
437,FCP DAVIVIENDA CORREDORES DEUDA COMPARTIMENTO I,590505015,CANCELACION DE INGRESOS RV,,,1,99,PESOS,"0,0","40756678,42",,590505,Total pasivo + patrimonio,Patrimonio,,,,,,,
437,FCP DAVIVIENDA CORREDORES DEUDA COMPARTIMENTO I,810505115,OTROS EMISORES NACIONALES,,,1,99,PESOS,"289348837328,39","327401784405,04",,810505,,,,,,,,,
437,FCP DAVIVIENDA CORREDORES DEUDA COMPARTIMENTO I,829595998,OTRAS CUENTAS DE ORDEN ACREEDORAS PESOS,,,1,99,PESOS,"-980000000000,0","-980000000000,0",,829595,,,,,,,,,
437,FCP DAVIVIENDA CORREDORES DEUDA COMPARTIMENTO I,830505010,DEUDORAS POR CONTRA,,,1,99,PESOS,"-289348837328,39","-327401784405,04",,,,,,,,,,,
439,FIC CDO INTELIGENCIA ARTIFICIAL CON CAP. PROTEGIDO,111505006,(IA) DAVIVIENDA Cta No. 482800032773,,,1,99,PESOS,"34336313,99","35462189,46",,111505,Activo,,Activo Corriente,Efectivo y equivales de efectivo,Bancos nacionales,,,Disponible,
439,FIC CDO INTELIGENCIA ARTIFICIAL CON CAP. PROTEGIDO,111505007,(IA) BANCOLOMBIA Cta No. 69000007235,,,1,99,PESOS,"0,03","29920,04",,111505,Activo,,Activo Corriente,Efectivo y equivales de efectivo,Bancos nacionales,,,Disponible,
439,FIC CDO INTELIGENCIA ARTIFICIAL CON CAP. PROTEGIDO,111505009,(IA) BANCOLOMBIA CTA. 69000007233,,,1,99,PESOS,"16400100,03","14084782,68",,111505,Activo,,Activo Corriente,Efectivo y equivales de efectivo,Bancos nacionales,,,Disponible,
439,FIC CDO INTELIGENCIA ARTIFICIAL CON CAP. PROTEGIDO,161695009,(IA) BANCOLOMBIA CTA. 69000007233,,,1,99,PESOS,"132071,26","126510,81",,161695,Activo,,Activo Corriente,Cuentas por cobrar,Deudores,,,,
439,FIC CDO INTELIGENCIA ARTIFICIAL CON CAP. PROTEGIDO,250110015,COMISION DE ADMINISTRACION              ,,,1,99,PESOS,"-1362910,2","-1362089,64",,250110,Total pasivo + patrimonio,Pasivo,Pasivo Corriente,Cuentas por pagar,Comision de administracion.,,,,
439,FIC CDO INTELIGENCIA ARTIFICIAL CON CAP. PROTEGIDO,410355010,REND X COMPROMISOS DE TRANSF OP SIM,,,1,99,PESOS,"0,0","-25118,0",,410355,Total pasivo + patrimonio,Patrimonio,Utilidad o perdida del ejercicio,Ingresos ordinarios,Otros rendimientos financieros,,,,
439,FIC CDO INTELIGENCIA ARTIFICIAL CON CAP. PROTEGIDO,410705120,EMISORES EXTRANJEROS                    ,,,1,99,PESOS,"0,0","-213793210,0",,410705,Total pasivo + patrimonio,Patrimonio,Utilidad o perdida del ejercicio,Ingresos ordinarios,Valoracion Intrumentos de Deuda,,,,
439,FIC CDO INTELIGENCIA ARTIFICIAL CON CAP. PROTEGIDO,411495006,(IA) DAVIVIENDA Cta No. 482800032773,,,1,99,PESOS,"0,0","-1126358,87",,411495,Total pasivo + patrimonio,Patrimonio,Utilidad o perdida del ejercicio,Ingresos ordinarios,Otros rendimientos financieros,,,,
439,FIC CDO INTELIGENCIA ARTIFICIAL CON CAP. PROTEGIDO,411495017,(IA) BANCO DE OCCIDENTE CTA. 219881570,,,1,99,PESOS,"0,0","-26966781,61",,411495,Total pasivo + patrimonio,Patrimonio,Utilidad o perdida del ejercicio,Ingresos ordinarios,Otros rendimientos financieros,,,,
439,FIC CDO INTELIGENCIA ARTIFICIAL CON CAP. PROTEGIDO,511325002,COMISION CUSTODIA VARIABLE              ,,,1,99,PESOS,"0,0","1260551,01",,511325,Total pasivo + patrimonio,Patrimonio,Utilidad o perdida del ejercicio,Costos y gastos,Gastos de operaciones,Comisión custodia fija,,,
433,FIC DIVERSIFICADO CONSERVADOR,111505004,(DC) BANCOLOMBIA Cta No.69000006136,,,1,99,PESOS,"250836604,42","250836604,43",,111505,Activo,,Activo Corriente,Efectivo y equivales de efectivo,Bancos nacionales,,,Disponible,
433,FIC DIVERSIFICADO CONSERVADOR,111505005,(DC) OCCIDENTE Cta No.219876323,,,1,99,PESOS,"88621213,72","403528359,19",,111505,Activo,,Activo Corriente,Efectivo y equivales de efectivo,Bancos nacionales,,,Disponible,
433,FIC DIVERSIFICADO CONSERVADOR,111505009,(DC) REPUBLICA Cta No.62257279,,,1,99,PESOS,"0,04","0,04",,111505,Activo,,Activo Corriente,Efectivo y equivales de efectivo,Bancos nacionales,,,Disponible,
433,FIC DIVERSIFICADO CONSERVADOR,111505013,(DC) DAVIVIENDA Cta No.482800036071,,,1,99,PESOS,"36563536,17","806926162,92",,111505,Activo,,Activo Corriente,Efectivo y equivales de efectivo,Bancos nacionales,,,Disponible,
433,FIC DIVERSIFICADO CONSERVADOR,111505017,(DC) BANCOLOMBIA Cta. No. 69000008144,,,1,99,PESOS,"900340529,68","4354760657,09",,111505,Activo,,Activo Corriente,Efectivo y equivales de efectivo,Bancos nacionales,,,Disponible,
433,FIC DIVERSIFICADO CONSERVADOR,111510001,(DC) Davivienda Panamá Cta: 10001015155,,,1,99,DOLARES,"490023539,51","467437651,47",,111510,Activo,,Activo Corriente,Efectivo y equivales de efectivo,Bancos del Exterior,,,Disponible,
433,FIC DIVERSIFICADO CONSERVADOR,111510013,(DC) BANCOLOMBIA PANAMA CTA: 80100029383,,,1,99,DOLARES,"48758276,63","45935250,13",,111510,Activo,,Activo Corriente,Efectivo y equivales de efectivo,Bancos del Exterior,,,Disponible,
433,FIC DIVERSIFICADO CONSERVADOR,130105105,TÍTULOS DE TESORERÍA -TES               ,,,1,99,PESOS,"15450185515,44","17253216850,0",,130105,Activo,,Activo no corriente,Inversiones a valor razonable con efectos en resultados,Instrumentos de Deuda,,,Inversiones,
433,FIC DIVERSIFICADO CONSERVADOR,130205300,EMISORES  NACIONALES,,,1,99,PESOS,"5727061670,94","5966778310,4",,130205,Activo,,Activo no corriente,Inversiones a valor razonable con efectos en resultados,Instrumentos de patrimonio,,,Inversiones,
433,FIC DIVERSIFICADO CONSERVADOR,130210200,EMISORES EXTRANJEROS,,,1,99,DOLARES,"8804154344,52","8411880781,72",,130210,Activo,,Activo no corriente,Inversiones a valor razonable con efectos en resultados,Instrumentos de patrimonio,,,Inversiones,
433,FIC DIVERSIFICADO CONSERVADOR,161695002,(DC) Davivienda Panamá Cta. 10001015155,,,1,99,PESOS,"-12145,54","-28168,87",,161695,Activo,,Activo Corriente,Cuentas por cobrar,Deudores,,,,
433,FIC DIVERSIFICADO CONSERVADOR,161695004,(LD) BCO DAVIVIENDA cta No.482800025215,,,1,99,PESOS,"746414,24","1411232,11",,161695,Activo,,Activo Corriente,Cuentas por cobrar,Deudores,,,,
433,FIC DIVERSIFICADO CONSERVADOR,161695005,(DC) OCCIDENTE Cta No.219876323,,,1,99,PESOS,"172022,92","311238,89",,161695,Activo,,Activo Corriente,Cuentas por cobrar,Deudores,,,,
433,FIC DIVERSIFICADO CONSERVADOR,161695007,(DC) BOGOTA Cta No.049322787,,,1,99,PESOS,"627940,33","628240,62",,161695,Activo,,Activo Corriente,Cuentas por cobrar,Deudores,,,,
433,FIC DIVERSIFICADO CONSERVADOR,161695011,BANCOLOMBIA PANAMA CTA. 80100029383,,,1,99,PESOS,"152706,58","33167,52",,161695,Activo,,Activo Corriente,Cuentas por cobrar,Deudores,,,,
433,FIC DIVERSIFICADO CONSERVADOR,161695013,(DC) BANCOLOMBIA PANAMA CTA.80100029383,,,1,99,PESOS,"-112900,4","0,0",,161695,Activo,,Activo Corriente,Cuentas por cobrar,Deudores,,,,
433,FIC DIVERSIFICADO CONSERVADOR,161695016,(DC) BCO OCCIDENTE Cta. No. 219885928,,,1,99,PESOS,"167901,72","2811620,51",,161695,Activo,,Activo Corriente,Cuentas por cobrar,Deudores,,,,
433,FIC DIVERSIFICADO CONSERVADOR,161695018,(DC) BCO BOGOTÁ Cta No.049335110,,,1,99,PESOS,"3664203,15","5989085,06",,161695,Activo,,Activo Corriente,Cuentas por cobrar,Deudores,,,,
433,FIC DIVERSIFICADO CONSERVADOR,162825010,EN GARANTIA,,,1,99,PESOS,"325021667,0","437513333,0",,162825,Activo,,Activo Corriente,Cuentas por cobrar,Deudores,,,,
433,FIC DIVERSIFICADO CONSERVADOR,250105035,REVISORIA FISCAL,,,1,99,PESOS,"0,0","-28806,61",,250105,Total pasivo + patrimonio,Pasivo,Pasivo Corriente,Cuentas por pagar,Comision de administracion.,,,,
433,FIC DIVERSIFICADO CONSERVADOR,250110015,COMISION DE ADMINISTRACION              ,,,1,99,PESOS,"-7531347,87","-8728972,68",,250110,Total pasivo + patrimonio,Pasivo,Pasivo Corriente,Cuentas por pagar,Comision de administracion.,,,,
433,FIC DIVERSIFICADO CONSERVADOR,250305011,RENDIMIENTOS FINANCIEROS CAPITALIZADOS  ,,,1,99,PESOS,"-162076,0","0,0",,250305,Total pasivo + patrimonio,Pasivo,Pasivo Corriente,Cuentas por pagar,Impuestos,,,,
433,FIC DIVERSIFICADO CONSERVADOR,253105135,LIQUIDACION DERIVADOS,,,1,99,PESOS,"-5491500,0","-49773000,0",,253105,Total pasivo + patrimonio,Pasivo,Pasivo Corriente,Cuentas por pagar,Acreedores varios,,,,
433,FIC DIVERSIFICADO CONSERVADOR,352505010,PARTICIPACIONES EN FDO DE INVERSIÓN COLE,,,1,99,PESOS,"-79079345408,86","-91877964155,42",,352505,Total pasivo + patrimonio,Patrimonio,,Patrimonio especiales,Participaciones en fondos de inversión colectiva,,,,
433,FIC DIVERSIFICADO CONSERVADOR,410705010,POR AUMENTO EN EL VALOR RAZONABLE,,,1,99,PESOS,"0,0","-110215,97",,410705,Total pasivo + patrimonio,Patrimonio,Utilidad o perdida del ejercicio,Ingresos ordinarios,Valoracion Intrumentos de Deuda,,,,
433,FIC DIVERSIFICADO CONSERVADOR,410705105,TÍTULOS DE TESORERÍA -TES               ,,,1,99,PESOS,"0,0","-85479379,29",,410705,Total pasivo + patrimonio,Patrimonio,Utilidad o perdida del ejercicio,Ingresos ordinarios,Valoracion Intrumentos de Deuda,,,,
433,FIC DIVERSIFICADO CONSERVADOR,411495001,(DC) DAVIVIENDA Cta No.482800029811,,,1,99,PESOS,"0,0","-1540097,98",,411495,Total pasivo + patrimonio,Patrimonio,Utilidad o perdida del ejercicio,Ingresos ordinarios,Otros rendimientos financieros,,,,
433,FIC DIVERSIFICADO CONSERVADOR,411495007,(DC) BOGOTA Cta No.049322787,,,1,99,PESOS,"0,0","-239544,29",,411495,Total pasivo + patrimonio,Patrimonio,Utilidad o perdida del ejercicio,Ingresos ordinarios,Otros rendimientos financieros,,,,
433,FIC DIVERSIFICADO CONSERVADOR,411495011,BANCOLOMBIA PANAMA CTA. 80100029383,,,1,99,PESOS,"0,0","-51244,84",,411495,Total pasivo + patrimonio,Patrimonio,Utilidad o perdida del ejercicio,Ingresos ordinarios,Otros rendimientos financieros,,,,
433,FIC DIVERSIFICADO CONSERVADOR,411495018,(DC) BCO BOGOTÁ Cta No.049335110,,,1,99,PESOS,"0,0","-14798185,91",,411495,Total pasivo + patrimonio,Patrimonio,Utilidad o perdida del ejercicio,Ingresos ordinarios,Otros rendimientos financieros,,,,
433,FIC DIVERSIFICADO CONSERVADOR,412505105,TÍTULOS DE TESORERÍA -TES               ,,,1,99,PESOS,"0,0","-134672886,23",,412505,Total pasivo + patrimonio,Patrimonio,Utilidad o perdida del ejercicio,Ingresos ordinarios,A valor Razonable Instrumentos de Deuda.,,,,
433,FIC DIVERSIFICADO CONSERVADOR,412505115,OTROS EMISORES NACIONALES               ,,,1,99,PESOS,"0,0","-86393900,0",,412505,Total pasivo + patrimonio,Patrimonio,Utilidad o perdida del ejercicio,Ingresos ordinarios,A valor Razonable Instrumentos de Deuda.,,,,
433,FIC DIVERSIFICADO CONSERVADOR,412510200,EMISORES EXTRANJEROS,,,1,99,PESOS,"0,0","-354596350,63",,412510,Total pasivo + patrimonio,Patrimonio,Utilidad o perdida del ejercicio,Ingresos ordinarios,A valor Razonable Instrumentos de Pat.,,,,
433,FIC DIVERSIFICADO CONSERVADOR,412917020,UTILIDAD DERIVADOS DE MONEDA,,,1,99,PESOS,"0,0","-569741000,0",,412917,Total pasivo + patrimonio,Patrimonio,Utilidad o perdida del ejercicio,Ingresos ordinarios,,,,,
433,FIC DIVERSIFICADO CONSERVADOR,413515010,POR REEXPRESION DE OTROS ACTIVOS,,,1,99,PESOS,"0,0","-182137869,44",,413515,Total pasivo + patrimonio,Patrimonio,Utilidad o perdida del ejercicio,Ingresos ordinarios,Diferencia en cambio,,,,
433,FIC DIVERSIFICADO CONSERVADOR,413535010,REEXPRESIÓN OTROS PASIVOS (OBL VENTA DIV,,,1,99,PESOS,"0,0","-2762240,0",,413535,Total pasivo + patrimonio,Patrimonio,Utilidad o perdida del ejercicio,Ingresos ordinarios,Por reexpresion de otros pasivos,,,,
433,FIC DIVERSIFICADO CONSERVADOR,419595030,OTROS,,,1,99,PESOS,"0,0","-7406013,77",,419595,Total pasivo + patrimonio,Patrimonio,Utilidad o perdida del ejercicio,Ingresos ordinarios,Valoración Propiedades de Inversión,,,,
433,FIC DIVERSIFICADO CONSERVADOR,510440010,COMP DE TRANSFERENCIA EN OPER REPO,,,1,99,PESOS,"0,0","64200,0",,510440,Total pasivo + patrimonio,Patrimonio,Utilidad o perdida del ejercicio,Costos y gastos,Gastos de operaciones,,,,
433,FIC DIVERSIFICADO CONSERVADOR,510605115,OTROS EMISORES NACIONALES,,,1,99,PESOS,"0,0","63973200,0",,510605,Total pasivo + patrimonio,Patrimonio,Utilidad o perdida del ejercicio,Costos y gastos,Gastos de operaciones,Disminucion en el Valor Razonables inst. de Deuda,,,
433,FIC DIVERSIFICADO CONSERVADOR,510805200,EMISORES EXTRANJEROS,,,1,99,PESOS,"0,0","251360604,5",,510805,Total pasivo + patrimonio,Patrimonio,Utilidad o perdida del ejercicio,Costos y gastos,Gastos de operaciones,Disminución en el valor de mercado Inst. de Pat.,,,
433,FIC DIVERSIFICADO CONSERVADOR,511325002,COMISION CUSTODIA VARIABLE              ,,,1,99,PESOS,"0,0","1494754,87",,511325,Total pasivo + patrimonio,Patrimonio,Utilidad o perdida del ejercicio,Costos y gastos,Gastos de operaciones,Comisión custodia fija,,,
433,FIC DIVERSIFICADO CONSERVADOR,511595070,COMISIONES OP DEL EXTERIOR,,,1,99,PESOS,"0,0","860985,74",,511595,Total pasivo + patrimonio,Patrimonio,Utilidad o perdida del ejercicio,Costos y gastos,Gastos de operaciones,Comisión Bursatil,,,
433,FIC DIVERSIFICADO CONSERVADOR,512505010,OTROS TIT EMI POR EL GOBIERNO NACIONAL,,,1,99,PESOS,"0,0","6453504,73",,512505,Total pasivo + patrimonio,Patrimonio,Utilidad o perdida del ejercicio,Costos y gastos,Gastos de operaciones,Otras Emisores Nacionales,,,
433,FIC DIVERSIFICADO CONSERVADOR,512917020,VALORACION FUTUROS DE MONEDAS,,,1,99,PESOS,"0,0","321241000,0",,512917,Total pasivo + patrimonio,Patrimonio,Utilidad o perdida del ejercicio,Costos y gastos,Gastos de operaciones,,,,
439,FIC CDO INTELIGENCIA ARTIFICIAL CON CAP. PROTEGIDO,511548010,COMISION DE ADMINISTRACION R.F.         ,,,1,99,PESOS,"0,0","100688745,61",,511548,Total pasivo + patrimonio,Patrimonio,Utilidad o perdida del ejercicio,Costos y gastos,Gastos de operaciones,Comisión administración,,,
439,FIC CDO INTELIGENCIA ARTIFICIAL CON CAP. PROTEGIDO,513535010,REEXPRESION ACTIVOS,,,1,99,PESOS,"0,0","463235,14",,513535,Total pasivo + patrimonio,Patrimonio,Utilidad o perdida del ejercicio,Costos y gastos,Gastos de operaciones,Reexpresion de Activos,,,
439,FIC CDO INTELIGENCIA ARTIFICIAL CON CAP. PROTEGIDO,514005011,IMPOVENTAS,,,1,99,PESOS,"0,0","337870,57",,514005,Total pasivo + patrimonio,Patrimonio,Utilidad o perdida del ejercicio,Costos y gastos,Gastos de operaciones,Gravamen a los movimientos financieros,Impuestos y tasas,,
439,FIC CDO INTELIGENCIA ARTIFICIAL CON CAP. PROTEGIDO,519095999,OTROS,,,1,99,PESOS,"0,0","81,72",,519095,Total pasivo + patrimonio,Patrimonio,Utilidad o perdida del ejercicio,Costos y gastos,Gastos de operaciones,Otros gastos de operación,,,
439,FIC CDO INTELIGENCIA ARTIFICIAL CON CAP. PROTEGIDO,590505010,CANCELACION DE INGRESOS RF,,,1,99,PESOS,"0,0","137261965,1",,590505,Total pasivo + patrimonio,Patrimonio,,,,,,,
439,FIC CDO INTELIGENCIA ARTIFICIAL CON CAP. PROTEGIDO,590505015,CANCELACION DE INGRESOS RV,,,1,99,PESOS,"0,0","329,51",,590505,Total pasivo + patrimonio,Patrimonio,,,,,,,
439,FIC CDO INTELIGENCIA ARTIFICIAL CON CAP. PROTEGIDO,810505120,EMISORES EXTRANJEROS,,,1,99,PESOS,"32470006928,4","32683800138,4",,810505,,,,,,,,,
439,FIC CDO INTELIGENCIA ARTIFICIAL CON CAP. PROTEGIDO,830505010,DEUDORAS POR CONTRA,,,1,99,PESOS,"-32470006928,4","-32683800138,4",,,,,,,,,,,
447,FCP PEGASUS COLOMBIA FONDO II - COMPARTIMENTO IRIS,111505002,(PII) BANCOLOMBIA AH CTA.  69000009074,,,1,99,PESOS,"76008014,3","160086290,68",,111505,Activo,,Activo Corriente,Efectivo y equivales de efectivo,Bancos nacionales,,,Disponible,
447,FCP PEGASUS COLOMBIA FONDO II - COMPARTIMENTO IRIS,161695002,(PII) BANCOLOMBIA AH CTA.  69000009074,,,1,99,PESOS,"48982,82","138162,21",,161695,Activo,,Activo Corriente,Cuentas por cobrar,Deudores,,,,
447,FCP PEGASUS COLOMBIA FONDO II - COMPARTIMENTO IRIS,170530010,INMUEBLES,,,1,99,PESOS,"17689000000,0","17689000000,0",,170530,Activo,,Activo Corriente,Otros activos,Activos no corrientes mantenidos para la venta,,,,
447,FCP PEGASUS COLOMBIA FONDO II - COMPARTIMENTO IRIS,192595030,AMORTIZACION COMISION DE ADMON,,,1,99,PESOS,"0,0","8310502,29",,192595,Activo,,Activo Corriente,Otros activos,Gatos pagados por anticipados,,,,
447,FCP PEGASUS COLOMBIA FONDO II - COMPARTIMENTO IRIS,253105110,CUENTA COMPENSACION,,,1,99,PESOS,"0,0","-1423498,06",,253105,Total pasivo + patrimonio,Pasivo,Pasivo Corriente,Cuentas por pagar,Acreedores varios,,,,
447,FCP PEGASUS COLOMBIA FONDO II - COMPARTIMENTO IRIS,513015003,REVISORIA FISCAL                        ,,,1,99,PESOS,"0,0","10108332,0",,513015,Total pasivo + patrimonio,Patrimonio,Utilidad o perdida del ejercicio,Costos y gastos,Gastos de operaciones,Revisoría Fiscal,,,
447,FCP PEGASUS COLOMBIA FONDO II - COMPARTIMENTO IRIS,513095090,OTROS,,,1,99,PESOS,"0,0","6890333,0",,513095,Total pasivo + patrimonio,Patrimonio,Utilidad o perdida del ejercicio,Costos y gastos,Gastos de operaciones,Otros honorarios,,,
447,FCP PEGASUS COLOMBIA FONDO II - COMPARTIMENTO IRIS,514005011,IMPOVENTAS                              ,,,1,99,PESOS,"0,0","6621768,0",,514005,Total pasivo + patrimonio,Patrimonio,Utilidad o perdida del ejercicio,Costos y gastos,Gastos de operaciones,Gravamen a los movimientos financieros,Impuestos y tasas,,
447,FCP PEGASUS COLOMBIA FONDO II - COMPARTIMENTO IRIS,519095999,OTROS,,,1,99,PESOS,"0,0","0,04",,519095,Total pasivo + patrimonio,Patrimonio,Utilidad o perdida del ejercicio,Costos y gastos,Gastos de operaciones,Otros gastos de operación,,,
447,FCP PEGASUS COLOMBIA FONDO II - COMPARTIMENTO IRIS,590505010,CANCELACION DE INGRESOS RF,,,1,99,PESOS,"0,0","-208994315,0",,590505,Total pasivo + patrimonio,Patrimonio,,,,,,,
448,FIC FINCA RAÍZ INTERNACIONAL,111505001,(FR) BANCOLOMBIA Cta Ah No. 69000009513,,,1,99,PESOS,"10000054,76","337037699,56",,111505,Activo,,Activo Corriente,Efectivo y equivales de efectivo,Bancos nacionales,,,Disponible,
448,FIC FINCA RAÍZ INTERNACIONAL,111505007,(FR) DAVIVIENDA Cta Ah No.482800043127,,,1,99,PESOS,"0,0","49424392,06",,111505,Activo,,Activo Corriente,Efectivo y equivales de efectivo,Bancos nacionales,,,Disponible,
448,FIC FINCA RAÍZ INTERNACIONAL,111505011,(FR) BANCOLOMBIA Cta Ah No. 69000009672,,,1,99,PESOS,"0,0","114802455,83",,111505,Activo,,Activo Corriente,Efectivo y equivales de efectivo,Bancos nacionales,,,Disponible,
448,FIC FINCA RAÍZ INTERNACIONAL,111510001,(FR) CITIBANK NEW YORk Cta: 27362200,,,1,99,DÓLAR,"0,0","194421548,34",,111510,Activo,,Activo Corriente,Efectivo y equivales de efectivo,Bancos del Exterior,,,Disponible,
448,FIC FINCA RAÍZ INTERNACIONAL,111510005,(FR) ALLFUNDS CTA: ES9000110001190500576,,,1,99,DÓLAR,"0,0","207026562,82",,111510,Activo,,Activo Corriente,Efectivo y equivales de efectivo,Bancos del Exterior,,,Disponible,
448,FIC FINCA RAÍZ INTERNACIONAL,130205300,EMISORES  NACIONALES,,,1,99,PESOS,"0,0","10463128,22",,130205,Activo,,Activo no corriente,Inversiones a valor razonable con efectos en resultados,Instrumentos de patrimonio,,,Inversiones,
448,FIC FINCA RAÍZ INTERNACIONAL,135140200,OBLIGACION DE COMPRA TITULOS,,,1,99,DÓLAR,"0,0","-577493534,88",,135140,Activo,,Activo no corriente,Inversiones a valor razonable con efectos en resultados,,,,Inversiones,
448,FIC FINCA RAÍZ INTERNACIONAL,161695001,(FR) Bancolombia Ah No. 69000009513,,,1,99,PESOS,"26865,0","141039,37",,161695,Activo,,Activo Corriente,Cuentas por cobrar,Deudores,,,,
448,FIC FINCA RAÍZ INTERNACIONAL,161695015,GASTOS VARIOS DE ADMON,,,1,99,PESOS,"0,0","5216768,0",,161695,Activo,,Activo Corriente,Cuentas por cobrar,Deudores,,,,
448,FIC FINCA RAÍZ INTERNACIONAL,161695045,CUENTA CORRIENTE                        ,,,1,99,PESOS,"0,0","709575000,4",,161695,Activo,,Activo Corriente,Cuentas por cobrar,Deudores,,,,
448,FIC FINCA RAÍZ INTERNACIONAL,225030010,OBLIGACIÓN DE COMPRA SOBRE DIVISAS,,,1,99,PESOS,"0,0","-709575000,0",,,,,,,,,,,
448,FIC FINCA RAÍZ INTERNACIONAL,250110033,COMISION CUSTODIO,,,1,99,PESOS,"0,0","-230000,01",,250110,Total pasivo + patrimonio,Pasivo,Pasivo Corriente,Cuentas por pagar,Comision de administracion.,,,,
448,FIC FINCA RAÍZ INTERNACIONAL,410355010,REND X COMPROMISOS DE TRANSF OP SIM,,,1,99,PESOS,"0,0","-1074191,0",,410355,Total pasivo + patrimonio,Patrimonio,Utilidad o perdida del ejercicio,Ingresos ordinarios,Otros rendimientos financieros,,,,
448,FIC FINCA RAÍZ INTERNACIONAL,410805200,EMISORES EXTRANJEROS,,,1,99,PESOS,"0,0","-81139499,51",,410805,Total pasivo + patrimonio,Patrimonio,Utilidad o perdida del ejercicio,Ingresos ordinarios,Por aumento en el valor de mercado Inst. de Pat.,,,,
448,FIC FINCA RAÍZ INTERNACIONAL,411415020,DIVIDENDOS                              ,,,1,99,PESOS,"0,0","-2107730,72",,411415,Total pasivo + patrimonio,Patrimonio,Utilidad o perdida del ejercicio,Ingresos ordinarios,Dividendos,,,,
448,FIC FINCA RAÍZ INTERNACIONAL,411495001,(FR) Bancolombia Ah No. 69000009513,,,1,99,PESOS,"0,0","-1724584,45",,411495,Total pasivo + patrimonio,Patrimonio,Utilidad o perdida del ejercicio,Ingresos ordinarios,Otros rendimientos financieros,,,,
448,FIC FINCA RAÍZ INTERNACIONAL,411495012,(AA) Davivienda Panam Ah Cta.10001015157,,,1,99,PESOS,"0,0","-277022,78",,411495,Total pasivo + patrimonio,Patrimonio,Utilidad o perdida del ejercicio,Ingresos ordinarios,Otros rendimientos financieros,,,,
448,FIC FINCA RAÍZ INTERNACIONAL,411495015,RENDIMIENTOS INVERSIONES EN FICS,,,1,99,PESOS,"0,0","-344554,43",,411495,Total pasivo + patrimonio,Patrimonio,Utilidad o perdida del ejercicio,Ingresos ordinarios,Otros rendimientos financieros,,,,
448,FIC FINCA RAÍZ INTERNACIONAL,411495999,OTROS,,,1,99,PESOS,"0,0","-343,91",,411495,Total pasivo + patrimonio,Patrimonio,Utilidad o perdida del ejercicio,Ingresos ordinarios,Otros rendimientos financieros,,,,
448,FIC FINCA RAÍZ INTERNACIONAL,412510200,EMISORES EXTRANJEROS,,,1,99,PESOS,"0,0","-182407,03",,412510,Total pasivo + patrimonio,Patrimonio,Utilidad o perdida del ejercicio,Ingresos ordinarios,A valor Razonable Instrumentos de Pat.,,,,
448,FIC FINCA RAÍZ INTERNACIONAL,511548010,COMISION DE ADMINISTRACION R.F.         ,,,1,99,PESOS,"0,0","1171233,82",,511548,Total pasivo + patrimonio,Patrimonio,Utilidad o perdida del ejercicio,Costos y gastos,Gastos de operaciones,Comisión administración,,,
448,FIC FINCA RAÍZ INTERNACIONAL,514005011,IMPOVENTAS,,,1,99,PESOS,"0,0","1923172,93",,514005,Total pasivo + patrimonio,Patrimonio,Utilidad o perdida del ejercicio,Costos y gastos,Gastos de operaciones,Gravamen a los movimientos financieros,Impuestos y tasas,,
448,FIC FINCA RAÍZ INTERNACIONAL,519095999,OTROS,,,1,99,PESOS,"0,0","330,66",,519095,Total pasivo + patrimonio,Patrimonio,Utilidad o perdida del ejercicio,Costos y gastos,Gastos de operaciones,Otros gastos de operación,,,
448,FIC FINCA RAÍZ INTERNACIONAL,590505010,CANCELACION DE INGRESOS RF,,,1,99,PESOS,"0,0","-31992779,55",,590505,Total pasivo + patrimonio,Patrimonio,,,,,,,
448,FIC FINCA RAÍZ INTERNACIONAL,810505210,EMISORES EXTRANJEROS,,,1,99,PESOS,"0,0","4403656612,0",,810505,,,,,,,,,
433,FIC DIVERSIFICADO CONSERVADOR,513015003,REVISORIA FISCAL                        ,,,1,99,PESOS,"0,0","2080704,03",,513015,Total pasivo + patrimonio,Patrimonio,Utilidad o perdida del ejercicio,Costos y gastos,Gastos de operaciones,Revisoría Fiscal,,,
433,FIC DIVERSIFICADO CONSERVADOR,514005010,IMPUESTO A LOS MOVIMIENTOS FINANCIEROS  ,,,1,99,PESOS,"0,0","148324,37",,514005,Total pasivo + patrimonio,Patrimonio,Utilidad o perdida del ejercicio,Costos y gastos,Gastos de operaciones,Gravamen a los movimientos financieros,Impuestos y tasas,,
433,FIC DIVERSIFICADO CONSERVADOR,590505010,CANCELACION DE INGRESOS RF,,,1,99,PESOS,"0,0","1803300367,95",,590505,Total pasivo + patrimonio,Patrimonio,,,,,,,
433,FIC DIVERSIFICADO CONSERVADOR,590505015,CANCELACION DE INGRESOS RV,,,1,99,PESOS,"0,0","206123419,65",,590505,Total pasivo + patrimonio,Patrimonio,,,,,,,
433,FIC DIVERSIFICADO CONSERVADOR,810505105,TÍTULOS DE TESORERÍA -TES               ,,,1,99,PESOS,"15450185515,44","17253216850,0",,810505,,,,,,,,,
433,FIC DIVERSIFICADO CONSERVADOR,810505115,OTROS EMISORES NACIONALES               ,,,1,99,PESOS,"46058017150,0","47047980800,0",,810505,,,,,,,,,
433,FIC DIVERSIFICADO CONSERVADOR,830505010,DEUDORAS POR CONTRA,,,1,99,PESOS,"-70312357009,96","-72713078431,72",,,,,,,,,,,
437,FCP DAVIVIENDA CORREDORES DEUDA COMPARTIMENTO I,111505001,(FD) BCO DAVIVIENDA Cta No. 482800031262,,,1,99,PESOS,"2921721625,92","6420261731,49",,111505,Activo,,Activo Corriente,Efectivo y equivales de efectivo,Bancos nacionales,,,Disponible,
437,FCP DAVIVIENDA CORREDORES DEUDA COMPARTIMENTO I,130115115,OTROS EMISORES NACIONALES,,,1,99,PESOS,"291430972907,25","327401784404,94",,130115,Activo,,Activo no corriente,Inversiones a valor razonable con efectos en resultados,Instrumentos de Deuda,,,Inversiones,
437,FCP DAVIVIENDA CORREDORES DEUDA COMPARTIMENTO I,161695003,(FD) BANCOLOMBIA Cta No. 69000006729,,,1,99,PESOS,"70731,9","33549,37",,161695,Activo,,Activo Corriente,Cuentas por cobrar,Deudores,,,,
437,FCP DAVIVIENDA CORREDORES DEUDA COMPARTIMENTO I,161695045,CUENTA CORRIENTE                        ,,,1,99,PESOS,"0,0","572008,54",,161695,Activo,,Activo Corriente,Cuentas por cobrar,Deudores,,,,
437,FCP DAVIVIENDA CORREDORES DEUDA COMPARTIMENTO I,250105010,HONORARIOS,,,1,99,PESOS,"-8424000,0","0,0",,250105,Total pasivo + patrimonio,Pasivo,Pasivo Corriente,Cuentas por pagar,Comision de administracion.,,,,
437,FCP DAVIVIENDA CORREDORES DEUDA COMPARTIMENTO I,253105110,CUENTA COMPENSACION,,,1,99,PESOS,"-0,07","-9622860,0",,253105,Total pasivo + patrimonio,Pasivo,Pasivo Corriente,Cuentas por pagar,Acreedores varios,,,,
437,FCP DAVIVIENDA CORREDORES DEUDA COMPARTIMENTO I,410495010,INGRESOS FINANCIEROS INVERSIONES,,,1,99,PESOS,"0,0","-10323570384,0",,410495,Total pasivo + patrimonio,Patrimonio,Utilidad o perdida del ejercicio,Ingresos ordinarios,Otros rendimientos financieros,,,,
437,FCP DAVIVIENDA CORREDORES DEUDA COMPARTIMENTO I,410705115,OTROS EMISORES NACIONALES               ,,,1,99,PESOS,"0,0","-4970811496,93",,410705,Total pasivo + patrimonio,Patrimonio,Utilidad o perdida del ejercicio,Ingresos ordinarios,Valoracion Intrumentos de Deuda,,,,
437,FCP DAVIVIENDA CORREDORES DEUDA COMPARTIMENTO I,411495001,(FD) BCO DAVIVIENDA Cta No. 482800031262,,,1,99,PESOS,"0,0","-124026338,79",,411495,Total pasivo + patrimonio,Patrimonio,Utilidad o perdida del ejercicio,Ingresos ordinarios,Otros rendimientos financieros,,,,
437,FCP DAVIVIENDA CORREDORES DEUDA COMPARTIMENTO I,411495015,RENDIMIENTOS INVERSIONES EN FICS,,,1,99,PESOS,"0,0","-43974750,88",,411495,Total pasivo + patrimonio,Patrimonio,Utilidad o perdida del ejercicio,Ingresos ordinarios,Otros rendimientos financieros,,,,
437,FCP DAVIVIENDA CORREDORES DEUDA COMPARTIMENTO I,511512010,GASTOS BANCARIOS                        ,,,1,99,PESOS,"0,0","2258,62",,511512,Total pasivo + patrimonio,Patrimonio,Utilidad o perdida del ejercicio,Costos y gastos,Gastos de operaciones,Gastos bancarios,,,
437,FCP DAVIVIENDA CORREDORES DEUDA COMPARTIMENTO I,511548010,COMISION DE ADMINISTRACION R.F.         ,,,1,99,PESOS,"0,0","625833334,0",,511548,Total pasivo + patrimonio,Patrimonio,Utilidad o perdida del ejercicio,Costos y gastos,Gastos de operaciones,Comisión administración,,,
437,FCP DAVIVIENDA CORREDORES DEUDA COMPARTIMENTO I,514005011,IMPOVENTAS                              ,,,1,99,PESOS,"0,0","11567883,0",,514005,Total pasivo + patrimonio,Patrimonio,Utilidad o perdida del ejercicio,Costos y gastos,Gastos de operaciones,Gravamen a los movimientos financieros,Impuestos y tasas,,
437,FCP DAVIVIENDA CORREDORES DEUDA COMPARTIMENTO I,517040115,DE INVERSIONES,,,1,99,PESOS,"0,0","1894443870,36",,517040,Total pasivo + patrimonio,Patrimonio,Utilidad o perdida del ejercicio,Costos y gastos,Gastos de operaciones,Deterioro deudores,,,
437,FCP DAVIVIENDA CORREDORES DEUDA COMPARTIMENTO I,519095999,OTROS,,,1,99,PESOS,"0,0","0,01",,519095,Total pasivo + patrimonio,Patrimonio,Utilidad o perdida del ejercicio,Costos y gastos,Gastos de operaciones,Otros gastos de operación,,,
437,FCP DAVIVIENDA CORREDORES DEUDA COMPARTIMENTO I,840505998,ACREEDORAS POR CONTRA PESOS,,,1,99,PESOS,"980000000000,0","980000000000,0",,840505,,,,,,,,,
439,FIC CDO INTELIGENCIA ARTIFICIAL CON CAP. PROTEGIDO,111505015,(IA) BANCO DE OCCIDENTE CTA. 219881570,,,1,99,PESOS,"883843076,83","810055171,51",,111505,Activo,,Activo Corriente,Efectivo y equivales de efectivo,Bancos nacionales,,,Disponible,
439,FIC CDO INTELIGENCIA ARTIFICIAL CON CAP. PROTEGIDO,111510015,OCCIDENTAL BANK BARBADOS CTA No: 512877,,,1,99,DÓLAR,"5812361,98","4846742,13",,111510,Activo,,Activo Corriente,Efectivo y equivales de efectivo,Bancos del Exterior,,,Disponible,
439,FIC CDO INTELIGENCIA ARTIFICIAL CON CAP. PROTEGIDO,111510017,CITIBANK NEW YORK CTA No: 27722800,,,1,99,DÓLAR,"2203913,63","2073737,7",,111510,Activo,,Activo Corriente,Efectivo y equivales de efectivo,Bancos del Exterior,,,Disponible,
439,FIC CDO INTELIGENCIA ARTIFICIAL CON CAP. PROTEGIDO,130120120,EMISORES EXTRANJEROS,,,1,99,PESOS,"32470006928,4","32683800138,4",,130120,Activo,,Activo no corriente,Inversiones a valor razonable con efectos en resultados,Instrumentos de Deuda,,,Inversiones,
439,FIC CDO INTELIGENCIA ARTIFICIAL CON CAP. PROTEGIDO,161695006,(IA) DAVIVIENDA Cta No. 482800032773,,,1,99,PESOS,"14742,48","15225,88",,161695,Activo,,Activo Corriente,Cuentas por cobrar,Deudores,,,,
439,FIC CDO INTELIGENCIA ARTIFICIAL CON CAP. PROTEGIDO,161695017,(IA) BANCO DE OCCIDENTE CTA. 219881570,,,1,99,PESOS,"977014,56","522140,25",,161695,Activo,,Activo Corriente,Cuentas por cobrar,Deudores,,,,
439,FIC CDO INTELIGENCIA ARTIFICIAL CON CAP. PROTEGIDO,161695045,CUENTA CORRIENTE                        ,,,1,99,PESOS,"2,11","1,31",,161695,Activo,,Activo Corriente,Cuentas por cobrar,Deudores,,,,
439,FIC CDO INTELIGENCIA ARTIFICIAL CON CAP. PROTEGIDO,250105035,Revisoria Fiscal,,,1,99,PESOS,"0,0","-28560,82",,250105,Total pasivo + patrimonio,Pasivo,Pasivo Corriente,Cuentas por pagar,Comision de administracion.,,,,
439,FIC CDO INTELIGENCIA ARTIFICIAL CON CAP. PROTEGIDO,352505010,PARTICIPACIONES EN FDO DE INVERSIÓN COLE,,,1,99,PESOS,"-33412363615,1","-33549625909,71",,352505,Total pasivo + patrimonio,Patrimonio,,Patrimonio especiales,Participaciones en fondos de inversión colectiva,,,,
439,FIC CDO INTELIGENCIA ARTIFICIAL CON CAP. PROTEGIDO,411495009,(IA) BANCOLOMBIA CTA. 69000007233,,,1,99,PESOS,"0,0","-811902,96",,411495,Total pasivo + patrimonio,Patrimonio,Utilidad o perdida del ejercicio,Ingresos ordinarios,Otros rendimientos financieros,,,,
439,FIC CDO INTELIGENCIA ARTIFICIAL CON CAP. PROTEGIDO,511325010,COMISION CUSTODIA FIJA                  ,,,1,99,PESOS,"0,0","90000,0",,511325,Total pasivo + patrimonio,Patrimonio,Utilidad o perdida del ejercicio,Costos y gastos,Gastos de operaciones,Comisión custodia fija,,,
439,FIC CDO INTELIGENCIA ARTIFICIAL CON CAP. PROTEGIDO,511512010,GASTOS BANCARIOS                        ,,,1,99,PESOS,"0,0","833567,01",,511512,Total pasivo + patrimonio,Patrimonio,Utilidad o perdida del ejercicio,Costos y gastos,Gastos de operaciones,Gastos bancarios,,,
439,FIC CDO INTELIGENCIA ARTIFICIAL CON CAP. PROTEGIDO,513015003,REVISORIA FISCAL                        ,,,1,99,PESOS,"0,0","1778266,08",,513015,Total pasivo + patrimonio,Patrimonio,Utilidad o perdida del ejercicio,Costos y gastos,Gastos de operaciones,Revisoría Fiscal,,,
439,FIC CDO INTELIGENCIA ARTIFICIAL CON CAP. PROTEGIDO,514005010,IMPUESTO A LOS MOVIMIENTOS FINANCIEROS  ,,,1,99,PESOS,"0,0","8759,69",,514005,Total pasivo + patrimonio,Patrimonio,Utilidad o perdida del ejercicio,Costos y gastos,Gastos de operaciones,Gravamen a los movimientos financieros,Impuestos y tasas,,
447,FCP PEGASUS COLOMBIA FONDO II - COMPARTIMENTO IRIS,182705010,PROPIEDADES DE INVERSION,,,1,99,PESOS,"566000000,0","566000000,0",,182705,Activo,,Activo no corriente,Activos Materiales,Propiedades de Inversión,,,,
447,FCP PEGASUS COLOMBIA FONDO II - COMPARTIMENTO IRIS,352505010,PARTICIPACIONES EN FDO DE INVERSIÓN COLE,,,1,99,PESOS,"-18331056997,12","-18422111457,12",,352505,Total pasivo + patrimonio,Patrimonio,,Patrimonio especiales,Participaciones en fondos de inversión colectiva,,,,
447,FCP PEGASUS COLOMBIA FONDO II - COMPARTIMENTO IRIS,411495002,(PII) BANCOLOMBIA AH CTA.  69000009074,,,1,99,PESOS,"0,0","-1720880,81",,411495,Total pasivo + patrimonio,Patrimonio,Utilidad o perdida del ejercicio,Ingresos ordinarios,Otros rendimientos financieros,,,,
447,FCP PEGASUS COLOMBIA FONDO II - COMPARTIMENTO IRIS,511325010,COMISION CUSTODIA FIJA                  ,,,1,99,PESOS,"0,0","13988000,0",,511325,Total pasivo + patrimonio,Patrimonio,Utilidad o perdida del ejercicio,Costos y gastos,Gastos de operaciones,Comisión custodia fija,,,
447,FCP PEGASUS COLOMBIA FONDO II - COMPARTIMENTO IRIS,511512010,GASTOS BANCARIOS                        ,,,1,99,PESOS,"0,0","1129,31",,511512,Total pasivo + patrimonio,Patrimonio,Utilidad o perdida del ejercicio,Costos y gastos,Gastos de operaciones,Gastos bancarios,,,
447,FCP PEGASUS COLOMBIA FONDO II - COMPARTIMENTO IRIS,511548010,COMISION DE ADMINISTRACION,,,1,99,PESOS,"0,0","41278538,8",,511548,Total pasivo + patrimonio,Patrimonio,Utilidad o perdida del ejercicio,Costos y gastos,Gastos de operaciones,Comisión administración,,,
447,FCP PEGASUS COLOMBIA FONDO II - COMPARTIMENTO IRIS,511595011,COMISION GESTOR PROFESIONAL,,,1,99,PESOS,"0,0","76898858,0",,511595,Total pasivo + patrimonio,Patrimonio,Utilidad o perdida del ejercicio,Costos y gastos,Gastos de operaciones,Comisión Bursatil,,,
447,FCP PEGASUS COLOMBIA FONDO II - COMPARTIMENTO IRIS,513025010,ASESORIAS LEGALES Y/O JURIDICAS,,,1,99,PESOS,"0,0","6711750,0",,513025,Total pasivo + patrimonio,Patrimonio,Utilidad o perdida del ejercicio,Costos y gastos,Gastos de operaciones,Asesoria Legal o Jurídica,,,
447,FCP PEGASUS COLOMBIA FONDO II - COMPARTIMENTO IRIS,514005010,IMPUESTO A LOS MOVIMIENTOS FINANCIEROS  ,,,1,99,PESOS,"0,0","669370,64",,514005,Total pasivo + patrimonio,Patrimonio,Utilidad o perdida del ejercicio,Costos y gastos,Gastos de operaciones,Gravamen a los movimientos financieros,Impuestos y tasas,,
447,FCP PEGASUS COLOMBIA FONDO II - COMPARTIMENTO IRIS,514005015,IVA COMISION GESTOR PROFESIONAL         ,,,1,99,PESOS,"0,0","14610783,02",,514005,Total pasivo + patrimonio,Patrimonio,Utilidad o perdida del ejercicio,Costos y gastos,Gastos de operaciones,Gravamen a los movimientos financieros,Impuestos y tasas,,
447,FCP PEGASUS COLOMBIA FONDO II - COMPARTIMENTO IRIS,514005020,IMPUESTOS PREDIAL,,,1,99,PESOS,"0,0","31848994,0",,514005,Total pasivo + patrimonio,Patrimonio,Utilidad o perdida del ejercicio,Costos y gastos,Gastos de operaciones,Gravamen a los movimientos financieros,Impuestos y tasas,,
447,FCP PEGASUS COLOMBIA FONDO II - COMPARTIMENTO IRIS,515525010,SEGURO DE RESPONSABILIDAD CIVIL,,,1,99,PESOS,"0,0","1087339,0",,515525,Total pasivo + patrimonio,Patrimonio,Utilidad o perdida del ejercicio,Costos y gastos,Gastos de operaciones,Seguros,,,
448,FIC FINCA RAÍZ INTERNACIONAL,111505004,(FR) BCO BOGOTA Cta Ah No. 003102241,,,1,99,PESOS,"0,0","253965193,0",,111505,Activo,,Activo Corriente,Efectivo y equivales de efectivo,Bancos nacionales,,,Disponible,
448,FIC FINCA RAÍZ INTERNACIONAL,111505006,(FR) BANCOLOMBIA Cta cte No. 69000009563,,,1,99,PESOS,"0,0","27000000,03",,111505,Activo,,Activo Corriente,Efectivo y equivales de efectivo,Bancos nacionales,,,Disponible,
448,FIC FINCA RAÍZ INTERNACIONAL,111505010,(FR) DAVIVIENDA Cta Ah No. 482800044182,,,1,99,PESOS,"0,0","56230779,81",,111505,Activo,,Activo Corriente,Efectivo y equivales de efectivo,Bancos nacionales,,,Disponible,
448,FIC FINCA RAÍZ INTERNACIONAL,111510002,(FR) BANCOLOMBIA PANAMA Cta: 80100033818,,,1,99,DÓLAR,"0,0","22561942,49",,111510,Activo,,Activo Corriente,Efectivo y equivales de efectivo,Bancos del Exterior,,,Disponible,
448,FIC FINCA RAÍZ INTERNACIONAL,111510003,(FR) BANCO BOGOTA MIAMI CTA: 101808,,,1,99,DÓLAR,"0,0","25701320,4",,111510,Activo,,Activo Corriente,Efectivo y equivales de efectivo,Bancos del Exterior,,,Disponible,
448,FIC FINCA RAÍZ INTERNACIONAL,130210200,EMISORES EXTRANJEROS,,,1,99,DÓLAR,"0,0","4403656612,0",,130210,Activo,,Activo no corriente,Inversiones a valor razonable con efectos en resultados,Instrumentos de patrimonio,,,Inversiones,
448,FIC FINCA RAÍZ INTERNACIONAL,135115200,DERECHO DE COMPRA TITULOS,,,1,99,DÓLAR,"0,0","581489996,87",,135115,Activo,,Activo no corriente,Inversiones a valor razonable con efectos en resultados,,,,Inversiones,
448,FIC FINCA RAÍZ INTERNACIONAL,161695004,(LD) BCO DAVIVIENDA cta No.482800025215,,,1,99,PESOS,"0,0","1809283,22",,161695,Activo,,Activo Corriente,Cuentas por cobrar,Deudores,,,,
448,FIC FINCA RAÍZ INTERNACIONAL,161695007,(FR) DAVIVIENDA Cta Ah No.482800043127,,,1,99,PESOS,"0,0","89150,63",,161695,Activo,,Activo Corriente,Cuentas por cobrar,Deudores,,,,
448,FIC FINCA RAÍZ INTERNACIONAL,161695010,(FR) DAVIVIENDA Cta Ah No. 482800044182,,,1,99,PESOS,"0,0","45029,36",,161695,Activo,,Activo Corriente,Cuentas por cobrar,Deudores,,,,
448,FIC FINCA RAÍZ INTERNACIONAL,161695011,(FR) BANCOLOMBIA Cta Ah No. 69000009672,,,1,99,PESOS,"0,0","61620,93",,161695,Activo,,Activo Corriente,Cuentas por cobrar,Deudores,,,,
448,FIC FINCA RAÍZ INTERNACIONAL,161695012,(AA) Davivienda Panam Ah Cta.10001015157,,,1,99,PESOS,"0,0","1127,78",,161695,Activo,,Activo Corriente,Cuentas por cobrar,Deudores,,,,
448,FIC FINCA RAÍZ INTERNACIONAL,161695014,(FR) BANCOLOMBIA PANAMA Cta.80100033818,,,1,99,DÓLAR,"0,0","82,65",,161695,Activo,,Activo Corriente,Cuentas por cobrar,Deudores,,,,
448,FIC FINCA RAÍZ INTERNACIONAL,225005010,DERECHO DE COMPRA SOBRE DIVISAS,,,1,99,PESOS,"0,0","709431120,0",,,,,,,,,,,
448,FIC FINCA RAÍZ INTERNACIONAL,250105035,Revisoria Fiscal,,,1,99,PESOS,"0,0","-29308,87",,250105,Total pasivo + patrimonio,Pasivo,Pasivo Corriente,Cuentas por pagar,Comision de administracion.,,,,
448,FIC FINCA RAÍZ INTERNACIONAL,250110015,COMISION DE ADMINISTRACION              ,,,1,99,PESOS,"0,0","-139099,13",,250110,Total pasivo + patrimonio,Pasivo,Pasivo Corriente,Cuentas por pagar,Comision de administracion.,,,,
448,FIC FINCA RAÍZ INTERNACIONAL,253105220,CUENTA DE COMPENSACION DIVISAS,,,1,99,DÓLAR,"0,0","-48436,64",,253105,Total pasivo + patrimonio,Pasivo,Pasivo Corriente,Cuentas por pagar,Acreedores varios,,,,
448,FIC FINCA RAÍZ INTERNACIONAL,352505010,PARTICIPACIONES EN FDO DE INVERSIÓN COLE,,,1,99,PESOS,"-10026919,76","-6422636474,24",,352505,Total pasivo + patrimonio,Patrimonio,,Patrimonio especiales,Participaciones en fondos de inversión colectiva,,,,
448,FIC FINCA RAÍZ INTERNACIONAL,411495004,(FR) BCO BOGOTA Cta Ah No. 003102241,,,1,99,PESOS,"0,0","-2421184,22",,411495,Total pasivo + patrimonio,Patrimonio,Utilidad o perdida del ejercicio,Ingresos ordinarios,Otros rendimientos financieros,,,,
448,FIC FINCA RAÍZ INTERNACIONAL,411495007,(FR) DAVIVIENDA Cta Ah No.482800043127,,,1,99,PESOS,"0,0","-1372442,69",,411495,Total pasivo + patrimonio,Patrimonio,Utilidad o perdida del ejercicio,Ingresos ordinarios,Otros rendimientos financieros,,,,
448,FIC FINCA RAÍZ INTERNACIONAL,411495010,(FR) DAVIVIENDA Cta Ah No. 482800044182,,,1,99,PESOS,"0,0","-232655,35",,411495,Total pasivo + patrimonio,Patrimonio,Utilidad o perdida del ejercicio,Ingresos ordinarios,Otros rendimientos financieros,,,,
448,FIC FINCA RAÍZ INTERNACIONAL,411495011,(FR) BANCOLOMBIA Cta Ah No. 69000009672,,,1,99,PESOS,"0,0","-861985,32",,411495,Total pasivo + patrimonio,Patrimonio,Utilidad o perdida del ejercicio,Ingresos ordinarios,Otros rendimientos financieros,,,,
448,FIC FINCA RAÍZ INTERNACIONAL,411495014,(FR) BANCOLOMBIA PANAMA Cta.80100033818,,,1,99,DÓLAR,"0,0","-9712,07",,411495,Total pasivo + patrimonio,Patrimonio,Utilidad o perdida del ejercicio,Ingresos ordinarios,Otros rendimientos financieros,,,,
448,FIC FINCA RAÍZ INTERNACIONAL,411495156,(FA) OCCIDENTE Cau No.288845886,,,1,99,PESOS,"0,0","-0,01",,411495,Total pasivo + patrimonio,Patrimonio,Utilidad o perdida del ejercicio,Ingresos ordinarios,Otros rendimientos financieros,,,,
448,FIC FINCA RAÍZ INTERNACIONAL,413515010,REEXPRESION DE ACTIVOS,,,1,99,PESOS,"0,0","-37338840,38",,413515,Total pasivo + patrimonio,Patrimonio,Utilidad o perdida del ejercicio,Ingresos ordinarios,Diferencia en cambio,,,,
448,FIC FINCA RAÍZ INTERNACIONAL,413515015,UT/PER REEXPRESIÓN OTROS ACTIVOS (DER CO,,,1,99,PESOS,"0,0","-5040110,0",,413515,Total pasivo + patrimonio,Patrimonio,Utilidad o perdida del ejercicio,Ingresos ordinarios,Diferencia en cambio,,,,
448,FIC FINCA RAÍZ INTERNACIONAL,510805200,EMISORES EXTRANJEROS,,,1,99,PESOS,"0,0","91745229,97",,510805,Total pasivo + patrimonio,Patrimonio,Utilidad o perdida del ejercicio,Costos y gastos,Gastos de operaciones,Disminución en el valor de mercado Inst. de Pat.,,,
448,FIC FINCA RAÍZ INTERNACIONAL,511325002,COMISION CUSTODIA VARIABLE              ,,,1,99,PESOS,"0,0","457694,67",,511325,Total pasivo + patrimonio,Patrimonio,Utilidad o perdida del ejercicio,Costos y gastos,Gastos de operaciones,Comisión custodia fija,,,
448,FIC FINCA RAÍZ INTERNACIONAL,511325010,COMISION CUSTODIA FIJA                  ,,,1,99,PESOS,"0,0","290000,01",,511325,Total pasivo + patrimonio,Patrimonio,Utilidad o perdida del ejercicio,Costos y gastos,Gastos de operaciones,Comisión custodia fija,,,
448,FIC FINCA RAÍZ INTERNACIONAL,511512010,GASTOS BANCARIOS                        ,,,1,99,PESOS,"0,0","3657436,75",,511512,Total pasivo + patrimonio,Patrimonio,Utilidad o perdida del ejercicio,Costos y gastos,Gastos de operaciones,Gastos bancarios,,,
448,FIC FINCA RAÍZ INTERNACIONAL,511595070,COMISIONES OP DEL EXTERIOR,,,1,99,PESOS,"0,0","917797,95",,511595,Total pasivo + patrimonio,Patrimonio,Utilidad o perdida del ejercicio,Costos y gastos,Gastos de operaciones,Comisión Bursatil,,,
448,FIC FINCA RAÍZ INTERNACIONAL,513015003,REVISORIA FISCAL                        ,,,1,99,PESOS,"0,0","10121962,78",,513015,Total pasivo + patrimonio,Patrimonio,Utilidad o perdida del ejercicio,Costos y gastos,Gastos de operaciones,Revisoría Fiscal,,,
448,FIC FINCA RAÍZ INTERNACIONAL,513535010,REEXPRESION ACTIVOS,,,1,99,PESOS,"0,0","66506254,99",,513535,Total pasivo + patrimonio,Patrimonio,Utilidad o perdida del ejercicio,Costos y gastos,Gastos de operaciones,Reexpresion de Activos,,,
448,FIC FINCA RAÍZ INTERNACIONAL,514005010,IMPUESTO A LOS MOVIMIENTOS FINANCIEROS  ,,,1,99,PESOS,"0,0","49314,81",,514005,Total pasivo + patrimonio,Patrimonio,Utilidad o perdida del ejercicio,Costos y gastos,Gastos de operaciones,Gravamen a los movimientos financieros,Impuestos y tasas,,
448,FIC FINCA RAÍZ INTERNACIONAL,590505015,CANCELACION DE INGRESOS RV,,,1,99,PESOS,"0,0","-10720385,92",,590505,Total pasivo + patrimonio,Patrimonio,,,,,,,
449,FIC CERRADO NOTA ESTRUCTURADA ORO CON CAPITAL PROTEGIDO,111505001,(OC) Bancolombia Cta Ah No. 69000009629,,,1,99,PESOS,"420838353,57","190815855,54",,111505,Activo,,Activo Corriente,Efectivo y equivales de efectivo,Bancos nacionales,,,Disponible,
449,FIC CERRADO NOTA ESTRUCTURADA ORO CON CAPITAL PROTEGIDO,111505007,(OC) BCO BOGOTA Cta Ah No.003119609,,,1,99,PESOS,"2187926566,7","2330034131,0",,111505,Activo,,Activo Corriente,Efectivo y equivales de efectivo,Bancos nacionales,,,Disponible,
449,FIC CERRADO NOTA ESTRUCTURADA ORO CON CAPITAL PROTEGIDO,111510001,(OC) CITIBANK NEW YORK CTA: 28177700,,,1,99,DÓLAR,"69991783603,46","8676757,46",,111510,Activo,,Activo Corriente,Efectivo y equivales de efectivo,Bancos del Exterior,,,Disponible,
449,FIC CERRADO NOTA ESTRUCTURADA ORO CON CAPITAL PROTEGIDO,161695001,(OC) Bancolombia Cta Ah No. 69000009629,,,1,99,PESOS,"2793430,9","61679,61",,161695,Activo,,Activo Corriente,Cuentas por cobrar,Deudores,,,,
449,FIC CERRADO NOTA ESTRUCTURADA ORO CON CAPITAL PROTEGIDO,161695004,(LD) BCO DAVIVIENDA cta No.482800025215,,,1,99,PESOS,"386895,73","129379,18",,161695,Activo,,Activo Corriente,Cuentas por cobrar,Deudores,,,,
449,FIC CERRADO NOTA ESTRUCTURADA ORO CON CAPITAL PROTEGIDO,161695007,(OC) BCO BOGOTA Cta Ah No.003119609,,,1,99,PESOS,"81538198,98","16132015,29",,161695,Activo,,Activo Corriente,Cuentas por cobrar,Deudores,,,,
449,FIC CERRADO NOTA ESTRUCTURADA ORO CON CAPITAL PROTEGIDO,250105035,Revisoria Fiscal,,,1,99,PESOS,"0,0","-29309,71",,250105,Total pasivo + patrimonio,Pasivo,Pasivo Corriente,Cuentas por pagar,Comision de administracion.,,,,
449,FIC CERRADO NOTA ESTRUCTURADA ORO CON CAPITAL PROTEGIDO,250110015,COMISION DE ADMINISTRACION              ,,,1,99,PESOS,"-2612045,92","-3080877,98",,250110,Total pasivo + patrimonio,Pasivo,Pasivo Corriente,Cuentas por pagar,Comision de administracion.,,,,
449,FIC CERRADO NOTA ESTRUCTURADA ORO CON CAPITAL PROTEGIDO,352505010,PARTICIPACIONES EN FDO DE INVERSIÓN COLE,,,1,99,PESOS,"-72983045814,85","-86384465775,08",,352505,Total pasivo + patrimonio,Patrimonio,,Patrimonio especiales,Participaciones en fondos de inversión colectiva,,,,
449,FIC CERRADO NOTA ESTRUCTURADA ORO CON CAPITAL PROTEGIDO,411495004,(OC) DAVIVIENDA Cta AH No. 482800043564,,,1,99,PESOS,"0,0","-9857847,49",,411495,Total pasivo + patrimonio,Patrimonio,Utilidad o perdida del ejercicio,Ingresos ordinarios,Otros rendimientos financieros,,,,
449,FIC CERRADO NOTA ESTRUCTURADA ORO CON CAPITAL PROTEGIDO,413515010,REEXPRESION DE ACTIVOS,,,1,99,PESOS,"0,0","-87693,66",,413515,Total pasivo + patrimonio,Patrimonio,Utilidad o perdida del ejercicio,Ingresos ordinarios,Diferencia en cambio,,,,
449,FIC CERRADO NOTA ESTRUCTURADA ORO CON CAPITAL PROTEGIDO,511325002,COMISION CUSTODIA VARIABLE              ,,,1,99,PESOS,"0,0","4857456,94",,511325,Total pasivo + patrimonio,Patrimonio,Utilidad o perdida del ejercicio,Costos y gastos,Gastos de operaciones,Comisión custodia fija,,,
449,FIC CERRADO NOTA ESTRUCTURADA ORO CON CAPITAL PROTEGIDO,511325010,COMISION CUSTODIA FIJA                  ,,,1,99,PESOS,"0,0","60000,0",,511325,Total pasivo + patrimonio,Patrimonio,Utilidad o perdida del ejercicio,Costos y gastos,Gastos de operaciones,Comisión custodia fija,,,
449,FIC CERRADO NOTA ESTRUCTURADA ORO CON CAPITAL PROTEGIDO,513015003,REVISORIA FISCAL                        ,,,1,99,PESOS,"0,0","10121962,78",,513015,Total pasivo + patrimonio,Patrimonio,Utilidad o perdida del ejercicio,Costos y gastos,Gastos de operaciones,Revisoría Fiscal,,,
449,FIC CERRADO NOTA ESTRUCTURADA ORO CON CAPITAL PROTEGIDO,513535010,REEXPRESION ACTIVOS,,,1,99,PESOS,"0,0","1042954548,91",,513535,Total pasivo + patrimonio,Patrimonio,Utilidad o perdida del ejercicio,Costos y gastos,Gastos de operaciones,Reexpresion de Activos,,,
449,FIC CERRADO NOTA ESTRUCTURADA ORO CON CAPITAL PROTEGIDO,514005010,IMPUESTO A LOS MOVIMIENTOS FINANCIEROS  ,,,1,99,PESOS,"0,0","49314,81",,514005,Total pasivo + patrimonio,Patrimonio,Utilidad o perdida del ejercicio,Costos y gastos,Gastos de operaciones,Gravamen a los movimientos financieros,Impuestos y tasas,,
449,FIC CERRADO NOTA ESTRUCTURADA ORO CON CAPITAL PROTEGIDO,590505015,CANCELACION DE INGRESOS RV,,,1,99,PESOS,"0,0","193710632,52",,590505,Total pasivo + patrimonio,Patrimonio,,,,,,,
449,FIC CERRADO NOTA ESTRUCTURADA ORO CON CAPITAL PROTEGIDO,810505120,EMISORES EXTRANJEROS,,,1,99,PESOS,"0,0","83531219968,68",,810505,,,,,,,,,
448,FIC FINCA RAÍZ INTERNACIONAL,830505010,DEUDORAS POR CONTRA,,,1,99,PESOS,"0,0","-4403656612,0",,,,,,,,,,,
449,FIC CERRADO NOTA ESTRUCTURADA ORO CON CAPITAL PROTEGIDO,111505004,(OC) DAVIVIENDA Cta AH No. 482800043564,,,1,99,PESOS,"300390811,94","310506175,98",,111505,Activo,,Activo Corriente,Efectivo y equivales de efectivo,Bancos nacionales,,,Disponible,
449,FIC CERRADO NOTA ESTRUCTURADA ORO CON CAPITAL PROTEGIDO,130120120,EMISORES EXTRANJEROS,,,1,99,PESOS,"0,0","83531219968,68",,130120,Activo,,Activo no corriente,Inversiones a valor razonable con efectos en resultados,Instrumentos de Deuda,,,Inversiones,
449,FIC CERRADO NOTA ESTRUCTURADA ORO CON CAPITAL PROTEGIDO,161695045,CUENTA CORRIENTE                        ,,,1,99,PESOS,"0,0","0,03",,161695,Activo,,Activo Corriente,Cuentas por cobrar,Deudores,,,,
449,FIC CERRADO NOTA ESTRUCTURADA ORO CON CAPITAL PROTEGIDO,253105110,CUENTA COMPENSACION,,,1,99,PESOS,"-0,51","0,0",,253105,Total pasivo + patrimonio,Pasivo,Pasivo Corriente,Cuentas por pagar,Acreedores varios,,,,
449,FIC CERRADO NOTA ESTRUCTURADA ORO CON CAPITAL PROTEGIDO,410705120,EMISORES EXTRANJEROS                    ,,,1,99,PESOS,"0,0","-14590979977,9",,410705,Total pasivo + patrimonio,Patrimonio,Utilidad o perdida del ejercicio,Ingresos ordinarios,Valoracion Intrumentos de Deuda,,,,
449,FIC CERRADO NOTA ESTRUCTURADA ORO CON CAPITAL PROTEGIDO,411495001,(OC) Bancolombia Cta Ah No. 69000009629,,,1,99,PESOS,"0,0","-2867659,01",,411495,Total pasivo + patrimonio,Patrimonio,Utilidad o perdida del ejercicio,Ingresos ordinarios,Otros rendimientos financieros,,,,
449,FIC CERRADO NOTA ESTRUCTURADA ORO CON CAPITAL PROTEGIDO,411495007,(OC) BCO BOGOTA Cta Ah No.003119609,,,1,99,PESOS,"0,0","-76910912,28",,411495,Total pasivo + patrimonio,Patrimonio,Utilidad o perdida del ejercicio,Ingresos ordinarios,Otros rendimientos financieros,,,,
449,FIC CERRADO NOTA ESTRUCTURADA ORO CON CAPITAL PROTEGIDO,411495999,OTROS,,,1,99,PESOS,"0,0","-0,83",,411495,Total pasivo + patrimonio,Patrimonio,Utilidad o perdida del ejercicio,Ingresos ordinarios,Otros rendimientos financieros,,,,
449,FIC CERRADO NOTA ESTRUCTURADA ORO CON CAPITAL PROTEGIDO,511512010,GASTOS BANCARIOS                        ,,,1,99,PESOS,"0,0","210506,61",,511512,Total pasivo + patrimonio,Patrimonio,Utilidad o perdida del ejercicio,Costos y gastos,Gastos de operaciones,Gastos bancarios,,,
449,FIC CERRADO NOTA ESTRUCTURADA ORO CON CAPITAL PROTEGIDO,511548010,COMISION DE ADMINISTRACION R.F.         ,,,1,99,PESOS,"0,0","219107164,39",,511548,Total pasivo + patrimonio,Patrimonio,Utilidad o perdida del ejercicio,Costos y gastos,Gastos de operaciones,Comisión administración,,,
449,FIC CERRADO NOTA ESTRUCTURADA ORO CON CAPITAL PROTEGIDO,514005011,IMPOVENTAS,,,1,99,PESOS,"0,0","1923172,93",,514005,Total pasivo + patrimonio,Patrimonio,Utilidad o perdida del ejercicio,Costos y gastos,Gastos de operaciones,Gravamen a los movimientos financieros,Impuestos y tasas,,
449,FIC CERRADO NOTA ESTRUCTURADA ORO CON CAPITAL PROTEGIDO,519095999,OTROS,,,1,99,PESOS,"0,0","3,57",,519095,Total pasivo + patrimonio,Patrimonio,Utilidad o perdida del ejercicio,Costos y gastos,Gastos de operaciones,Otros gastos de operación,,,
449,FIC CERRADO NOTA ESTRUCTURADA ORO CON CAPITAL PROTEGIDO,590505010,CANCELACION DE INGRESOS RF,,,1,99,PESOS,"0,0","13207709327,71",,590505,Total pasivo + patrimonio,Patrimonio,,,,,,,
449,FIC CERRADO NOTA ESTRUCTURADA ORO CON CAPITAL PROTEGIDO,830505010,DEUDORAS POR CONTRA,,,1,99,PESOS,"0,0","-83531219968,68",,,,,,,,,,,
